timestamp_us;raw_adc;filtered_val;rhythm;class_code
0;512.81;512.81;PAC;PAC
2000;512.07;512.07;PAC;PAC
4000;512.16;512.15;PAC;PAC
6000;510.11;510.09;PAC;PAC
8000;512.06;512.04;PAC;PAC
10000;512.37;512.35;PAC;PAC
12000;512.43;512.41;PAC;PAC
14000;510.36;510.32;PAC;PAC
16000;514.04;514.00;PAC;PAC
18000;513.32;513.28;PAC;PAC
20000;512.92;512.87;PAC;PAC
22000;512.08;512.03;PAC;PAC
24000;511.66;511.60;PAC;PAC
26000;510.57;510.51;PAC;PAC
28000;510.36;510.29;PAC;PAC
30000;510.74;510.66;PAC;PAC
32000;511.89;511.82;PAC;PAC
34000;511.18;511.10;PAC;PAC
36000;511.34;511.25;PAC;PAC
38000;511.81;511.72;PAC;PAC
40000;512.31;512.21;PAC;PAC
42000;512.30;512.20;PAC;PAC
44000;513.78;513.67;PAC;PAC
46000;510.67;510.56;PAC;PAC
48000;511.39;511.28;PAC;PAC
50000;513.59;513.47;PAC;PAC
52000;513.14;513.02;PAC;PAC
54000;511.49;511.37;PAC;PAC
56000;513.28;513.15;PAC;PAC
58000;512.92;512.79;PAC;PAC
60000;511.97;511.83;PAC;PAC
62000;514.00;513.85;PAC;PAC
64000;511.00;510.85;PAC;PAC
66000;511.60;511.44;PAC;PAC
68000;513.60;513.44;PAC;PAC
70000;512.73;512.56;PAC;PAC
72000;512.09;511.92;PAC;PAC
74000;512.94;512.76;PAC;PAC
76000;513.18;513.00;PAC;PAC
78000;513.34;513.16;PAC;PAC
80000;514.72;514.53;PAC;PAC
82000;514.02;513.83;PAC;PAC
84000;512.26;512.06;PAC;PAC
86000;510.90;510.70;PAC;PAC
88000;513.81;513.60;PAC;PAC
90000;515.79;515.58;PAC;PAC
92000;513.33;513.12;PAC;PAC
94000;512.10;511.88;PAC;PAC
96000;513.86;513.64;PAC;PAC
98000;513.82;513.59;PAC;PAC
100000;512.25;512.02;PAC;PAC
102000;511.25;511.01;PAC;PAC
104000;510.42;510.17;PAC;PAC
106000;513.25;513.00;PAC;PAC
108000;511.57;511.32;PAC;PAC
110000;511.64;511.38;PAC;PAC
112000;512.58;512.32;PAC;PAC
114000;513.81;513.55;PAC;PAC
116000;511.18;510.90;PAC;PAC
118000;510.32;510.04;PAC;PAC
120000;510.84;510.56;PAC;PAC
122000;513.02;512.74;PAC;PAC
124000;513.06;512.77;PAC;PAC
126000;512.09;511.79;PAC;PAC
128000;513.11;512.81;PAC;PAC
130000;512.93;512.62;PAC;PAC
132000;513.00;512.70;PAC;PAC
134000;511.32;511.01;PAC;PAC
136000;510.90;510.58;PAC;PAC
138000;513.24;512.92;PAC;PAC
140000;512.45;512.12;PAC;PAC
142000;512.59;512.26;PAC;PAC
144000;512.51;512.17;PAC;PAC
146000;511.71;511.37;PAC;PAC
148000;513.22;512.88;PAC;PAC
150000;510.88;510.53;PAC;PAC
152000;510.46;510.10;PAC;PAC
154000;514.27;513.91;PAC;PAC
156000;512.92;512.56;PAC;PAC
158000;514.98;514.61;PAC;PAC
160000;510.63;510.26;PAC;PAC
162000;512.71;512.33;PAC;PAC
164000;512.45;512.07;PAC;PAC
166000;511.32;510.93;PAC;PAC
168000;513.04;512.65;PAC;PAC
170000;512.58;512.19;PAC;PAC
172000;513.96;513.56;PAC;PAC
174000;511.06;510.65;PAC;PAC
176000;511.19;510.78;PAC;PAC
178000;512.86;512.45;PAC;PAC
180000;513.35;512.93;PAC;PAC
182000;511.73;511.30;PAC;PAC
184000;514.15;513.72;PAC;PAC
186000;512.03;511.60;PAC;PAC
188000;514.93;514.50;PAC;PAC
190000;511.78;511.34;PAC;PAC
192000;509.89;509.44;PAC;PAC
194000;510.43;509.98;PAC;PAC
196000;511.41;510.95;PAC;PAC
198000;512.01;511.55;PAC;PAC
200000;513.44;512.97;PAC;PAC
202000;512.56;512.09;PAC;PAC
204000;512.60;512.13;PAC;PAC
206000;514.12;513.64;PAC;PAC
208000;510.84;510.36;PAC;PAC
210000;514.61;514.12;PAC;PAC
212000;511.76;511.26;PAC;PAC
214000;512.38;511.89;PAC;PAC
216000;513.44;512.94;PAC;PAC
218000;511.11;510.61;PAC;PAC
220000;514.86;514.35;PAC;PAC
222000;511.19;510.68;PAC;PAC
224000;514.08;513.56;PAC;PAC
226000;511.55;511.03;PAC;PAC
228000;512.24;511.72;PAC;PAC
230000;513.64;513.11;PAC;PAC
232000;512.12;511.59;PAC;PAC
234000;512.40;511.86;PAC;PAC
236000;513.10;512.56;PAC;PAC
238000;514.84;514.29;PAC;PAC
240000;512.18;511.63;PAC;PAC
242000;513.97;513.41;PAC;PAC
244000;512.97;512.41;PAC;PAC
246000;514.36;513.79;PAC;PAC
248000;512.58;512.01;PAC;PAC
250000;513.53;512.95;PAC;PAC
252000;511.77;511.19;PAC;PAC
254000;513.02;512.43;PAC;PAC
256000;511.79;511.21;PAC;PAC
258000;513.10;512.51;PAC;PAC
260000;513.37;512.78;PAC;PAC
262000;513.93;513.33;PAC;PAC
264000;514.43;513.82;PAC;PAC
266000;511.54;510.93;PAC;PAC
268000;511.86;511.25;PAC;PAC
270000;512.46;511.85;PAC;PAC
272000;512.24;511.62;PAC;PAC
274000;511.82;511.19;PAC;PAC
276000;514.08;513.45;PAC;PAC
278000;512.80;512.16;PAC;PAC
280000;514.72;514.09;PAC;PAC
282000;512.44;511.80;PAC;PAC
284000;512.80;512.15;PAC;PAC
286000;515.49;514.84;PAC;PAC
288000;511.27;510.61;PAC;PAC
290000;513.60;512.94;PAC;PAC
292000;512.41;511.74;PAC;PAC
294000;512.34;511.68;PAC;PAC
296000;513.81;513.14;PAC;PAC
298000;513.44;512.76;PAC;PAC
300000;512.68;512.00;PAC;PAC
302000;513.21;512.52;PAC;PAC
304000;514.55;513.86;PAC;PAC
306000;513.91;513.22;PAC;PAC
308000;512.90;512.20;PAC;PAC
310000;509.85;509.15;PAC;PAC
312000;512.64;511.93;PAC;PAC
314000;514.16;513.45;PAC;PAC
316000;511.73;511.01;PAC;PAC
318000;511.38;510.66;PAC;PAC
320000;514.45;513.72;PAC;PAC
322000;511.67;510.94;PAC;PAC
324000;512.75;512.02;PAC;PAC
326000;512.77;512.03;PAC;PAC
328000;512.51;511.77;PAC;PAC
330000;514.12;513.37;PAC;PAC
332000;511.74;510.99;PAC;PAC
334000;512.34;511.58;PAC;PAC
336000;511.88;511.12;PAC;PAC
338000;511.20;510.44;PAC;PAC
340000;512.85;512.08;PAC;PAC
342000;514.01;513.25;PAC;PAC
344000;513.95;513.18;PAC;PAC
346000;511.20;510.42;PAC;PAC
348000;512.11;511.33;PAC;PAC
350000;513.40;512.61;PAC;PAC
352000;512.45;511.66;PAC;PAC
354000;512.68;511.89;PAC;PAC
356000;511.64;510.85;PAC;PAC
358000;511.82;511.02;PAC;PAC
360000;513.65;512.85;PAC;PAC
362000;509.29;508.48;PAC;PAC
364000;511.39;510.58;PAC;PAC
366000;513.56;512.75;PAC;PAC
368000;511.50;510.68;PAC;PAC
370000;514.34;513.52;PAC;PAC
372000;512.47;511.64;PAC;PAC
374000;513.46;512.63;PAC;PAC
376000;512.41;511.57;PAC;PAC
378000;511.93;511.09;PAC;PAC
380000;514.48;513.64;PAC;PAC
382000;511.41;510.57;PAC;PAC
384000;512.54;511.69;PAC;PAC
386000;512.42;511.56;PAC;PAC
388000;512.65;511.79;PAC;PAC
390000;513.34;512.48;PAC;PAC
392000;515.45;514.58;PAC;PAC
394000;512.35;511.48;PAC;PAC
396000;512.39;511.51;PAC;PAC
398000;513.39;512.52;PAC;PAC
400000;513.08;512.20;PAC;PAC
402000;511.46;510.57;PAC;PAC
404000;512.16;511.27;PAC;PAC
406000;512.83;511.93;PAC;PAC
408000;513.46;512.56;PAC;PAC
410000;514.60;513.70;PAC;PAC
412000;512.37;511.46;PAC;PAC
414000;512.18;511.27;PAC;PAC
416000;510.58;509.67;PAC;PAC
418000;512.75;511.83;PAC;PAC
420000;515.01;514.09;PAC;PAC
422000;514.04;513.11;PAC;PAC
424000;512.01;511.08;PAC;PAC
426000;512.54;511.61;PAC;PAC
428000;512.51;511.57;PAC;PAC
430000;510.66;509.72;PAC;PAC
432000;511.62;510.68;PAC;PAC
434000;514.04;513.10;PAC;PAC
436000;514.34;513.39;PAC;PAC
438000;513.76;512.81;PAC;PAC
440000;511.76;510.80;PAC;PAC
442000;512.77;511.81;PAC;PAC
444000;511.73;510.77;PAC;PAC
446000;515.34;514.37;PAC;PAC
448000;514.91;513.94;PAC;PAC
450000;511.12;510.14;PAC;PAC
452000;513.40;512.42;PAC;PAC
454000;511.13;510.15;PAC;PAC
456000;512.76;511.77;PAC;PAC
458000;513.26;512.27;PAC;PAC
460000;511.85;510.85;PAC;PAC
462000;513.81;512.81;PAC;PAC
464000;511.85;510.85;PAC;PAC
466000;512.12;511.11;PAC;PAC
468000;511.80;510.79;PAC;PAC
470000;512.72;511.71;PAC;PAC
472000;513.52;512.51;PAC;PAC
474000;512.87;511.85;PAC;PAC
476000;514.79;513.77;PAC;PAC
478000;513.12;512.10;PAC;PAC
480000;513.17;512.14;PAC;PAC
482000;512.90;511.86;PAC;PAC
484000;512.06;511.03;PAC;PAC
486000;515.17;514.13;PAC;PAC
488000;514.89;513.85;PAC;PAC
490000;512.33;511.29;PAC;PAC
492000;513.37;512.33;PAC;PAC
494000;513.34;512.29;PAC;PAC
496000;511.35;510.30;PAC;PAC
498000;511.27;510.22;PAC;PAC
500000;512.89;511.83;PAC;PAC
502000;511.72;510.66;PAC;PAC
504000;512.13;511.06;PAC;PAC
506000;513.20;512.13;PAC;PAC
508000;513.22;512.15;PAC;PAC
510000;512.56;511.48;PAC;PAC
512000;514.01;512.92;PAC;PAC
514000;511.72;510.63;PAC;PAC
516000;509.11;508.02;PAC;PAC
518000;512.29;511.20;PAC;PAC
520000;510.65;509.55;PAC;PAC
522000;512.80;511.70;PAC;PAC
524000;512.01;510.91;PAC;PAC
526000;512.45;511.35;PAC;PAC
528000;513.40;512.29;PAC;PAC
530000;513.59;512.48;PAC;PAC
532000;512.79;511.68;PAC;PAC
534000;512.57;511.45;PAC;PAC
536000;513.28;512.17;PAC;PAC
538000;512.25;511.12;PAC;PAC
540000;512.51;511.39;PAC;PAC
542000;514.19;513.06;PAC;PAC
544000;512.67;511.54;PAC;PAC
546000;513.11;511.98;PAC;PAC
548000;514.36;513.23;PAC;PAC
550000;514.50;513.36;PAC;PAC
552000;512.62;511.48;PAC;PAC
554000;513.33;512.18;PAC;PAC
556000;515.07;513.92;PAC;PAC
558000;513.68;512.53;PAC;PAC
560000;511.50;510.35;PAC;PAC
562000;514.03;512.87;PAC;PAC
564000;512.89;511.73;PAC;PAC
566000;513.23;512.06;PAC;PAC
568000;513.47;512.30;PAC;PAC
570000;513.13;511.96;PAC;PAC
572000;512.18;511.00;PAC;PAC
574000;513.95;512.77;PAC;PAC
576000;513.26;512.08;PAC;PAC
578000;511.10;509.92;PAC;PAC
580000;515.05;513.87;PAC;PAC
582000;511.28;510.09;PAC;PAC
584000;512.83;511.64;PAC;PAC
586000;513.31;512.11;PAC;PAC
588000;513.12;511.93;PAC;PAC
590000;513.63;512.43;PAC;PAC
592000;510.36;509.16;PAC;PAC
594000;512.70;511.49;PAC;PAC
596000;512.65;511.44;PAC;PAC
598000;512.09;510.88;PAC;PAC
600000;512.91;511.69;PAC;PAC
602000;513.42;512.21;PAC;PAC
604000;514.06;512.84;PAC;PAC
606000;513.62;512.40;PAC;PAC
608000;513.37;512.14;PAC;PAC
610000;511.45;510.22;PAC;PAC
612000;510.80;509.57;PAC;PAC
614000;514.38;513.15;PAC;PAC
616000;513.86;512.62;PAC;PAC
618000;515.37;514.14;PAC;PAC
620000;513.60;512.36;PAC;PAC
622000;514.18;512.94;PAC;PAC
624000;513.21;511.96;PAC;PAC
626000;514.68;513.43;PAC;PAC
628000;513.48;512.23;PAC;PAC
630000;513.64;512.38;PAC;PAC
632000;513.04;511.79;PAC;PAC
634000;511.65;510.39;PAC;PAC
636000;513.60;512.34;PAC;PAC
638000;514.71;513.44;PAC;PAC
640000;512.60;511.34;PAC;PAC
642000;511.95;510.68;PAC;PAC
644000;513.66;512.39;PAC;PAC
646000;513.62;512.35;PAC;PAC
648000;513.27;511.99;PAC;PAC
650000;513.03;511.75;PAC;PAC
652000;514.16;512.88;PAC;PAC
654000;512.02;510.74;PAC;PAC
656000;514.13;512.85;PAC;PAC
658000;512.68;511.39;PAC;PAC
660000;513.39;512.10;PAC;PAC
662000;515.49;514.20;PAC;PAC
664000;514.27;512.97;PAC;PAC
666000;511.94;510.64;PAC;PAC
668000;514.23;512.93;PAC;PAC
670000;513.24;511.94;PAC;PAC
672000;511.82;510.51;PAC;PAC
674000;512.27;510.96;PAC;PAC
676000;514.27;512.96;PAC;PAC
678000;512.42;511.11;PAC;PAC
680000;514.21;512.90;PAC;PAC
682000;511.87;510.55;PAC;PAC
684000;511.74;510.42;PAC;PAC
686000;512.69;511.37;PAC;PAC
688000;511.97;510.65;PAC;PAC
690000;512.87;511.55;PAC;PAC
692000;513.76;512.43;PAC;PAC
694000;513.00;511.67;PAC;PAC
696000;512.98;511.65;PAC;PAC
698000;513.20;511.86;PAC;PAC
700000;514.14;512.81;PAC;PAC
702000;512.20;510.86;PAC;PAC
704000;516.49;515.15;PAC;PAC
706000;513.28;511.94;PAC;PAC
708000;512.12;510.77;PAC;PAC
710000;512.64;511.30;PAC;PAC
712000;512.71;511.36;PAC;PAC
714000;513.59;512.24;PAC;PAC
716000;513.63;512.27;PAC;PAC
718000;513.17;511.82;PAC;PAC
720000;513.91;512.55;PAC;PAC
722000;512.90;511.54;PAC;PAC
724000;513.60;512.24;PAC;PAC
726000;513.24;511.87;PAC;PAC
728000;513.99;512.63;PAC;PAC
730000;514.54;513.17;PAC;PAC
732000;511.70;510.33;PAC;PAC
734000;513.74;512.37;PAC;PAC
736000;514.51;513.14;PAC;PAC
738000;511.98;510.61;PAC;PAC
740000;515.36;513.99;PAC;PAC
742000;512.12;510.74;PAC;PAC
744000;514.41;513.03;PAC;PAC
746000;514.03;512.65;PAC;PAC
748000;514.32;512.94;PAC;PAC
750000;513.56;512.17;PAC;PAC
752000;514.64;513.25;PAC;PAC
754000;513.45;512.06;PAC;PAC
756000;512.72;511.32;PAC;PAC
758000;511.61;510.21;PAC;PAC
760000;515.92;514.52;PAC;PAC
762000;511.81;510.42;PAC;PAC
764000;515.18;513.78;PAC;PAC
766000;513.47;512.07;PAC;PAC
768000;514.78;513.37;PAC;PAC
770000;514.47;513.07;PAC;PAC
772000;512.39;510.99;PAC;PAC
774000;513.72;512.32;PAC;PAC
776000;512.47;511.06;PAC;PAC
778000;514.01;512.60;PAC;PAC
780000;512.20;510.79;PAC;PAC
782000;511.70;510.29;PAC;PAC
784000;511.91;510.50;PAC;PAC
786000;513.25;511.83;PAC;PAC
788000;514.26;512.84;PAC;PAC
790000;514.30;512.88;PAC;PAC
792000;512.26;510.84;PAC;PAC
794000;511.59;510.16;PAC;PAC
796000;513.45;512.02;PAC;PAC
798000;512.24;510.82;PAC;PAC
800000;511.84;510.41;PAC;PAC
802000;514.97;513.54;PAC;PAC
804000;511.10;509.67;PAC;PAC
806000;510.83;509.40;PAC;PAC
808000;514.97;513.54;PAC;PAC
810000;512.83;511.40;PAC;PAC
812000;514.71;513.27;PAC;PAC
814000;514.20;512.76;PAC;PAC
816000;513.25;511.81;PAC;PAC
818000;512.73;511.29;PAC;PAC
820000;514.65;513.21;PAC;PAC
822000;513.72;512.28;PAC;PAC
824000;513.11;511.67;PAC;PAC
826000;512.48;511.03;PAC;PAC
828000;511.80;510.36;PAC;PAC
830000;512.33;510.88;PAC;PAC
832000;514.24;512.79;PAC;PAC
834000;512.44;510.99;PAC;PAC
836000;514.63;513.18;PAC;PAC
838000;512.79;511.34;PAC;PAC
840000;512.77;511.32;PAC;PAC
842000;512.93;511.47;PAC;PAC
844000;513.66;512.20;PAC;PAC
846000;513.70;512.24;PAC;PAC
848000;513.06;511.60;PAC;PAC
850000;513.40;511.95;PAC;PAC
852000;514.28;512.82;PAC;PAC
854000;512.11;510.65;PAC;PAC
856000;513.72;512.26;PAC;PAC
858000;514.73;513.27;PAC;PAC
860000;513.70;512.24;PAC;PAC
862000;513.15;511.69;PAC;PAC
864000;512.36;510.90;PAC;PAC
866000;512.32;510.85;PAC;PAC
868000;512.99;511.52;PAC;PAC
870000;514.42;512.95;PAC;PAC
872000;513.26;511.79;PAC;PAC
874000;512.75;511.28;PAC;PAC
876000;512.87;511.39;PAC;PAC
878000;514.30;512.83;PAC;PAC
880000;511.43;509.95;PAC;PAC
882000;515.14;513.66;PAC;PAC
884000;512.44;510.96;PAC;PAC
886000;512.95;511.47;PAC;PAC
888000;513.92;512.45;PAC;PAC
890000;512.32;510.84;PAC;PAC
892000;512.23;510.75;PAC;PAC
894000;513.48;512.00;PAC;PAC
896000;514.20;512.72;PAC;PAC
898000;512.55;511.07;PAC;PAC
900000;512.93;511.45;PAC;PAC
902000;512.88;511.39;PAC;PAC
904000;511.23;509.75;PAC;PAC
906000;513.67;512.19;PAC;PAC
908000;510.75;509.27;PAC;PAC
910000;515.42;513.93;PAC;PAC
912000;513.64;512.16;PAC;PAC
914000;513.24;511.75;PAC;PAC
916000;514.08;512.59;PAC;PAC
918000;513.75;512.26;PAC;PAC
920000;514.82;513.33;PAC;PAC
922000;515.22;513.73;PAC;PAC
924000;512.44;510.95;PAC;PAC
926000;513.76;512.27;PAC;PAC
928000;514.48;512.99;PAC;PAC
930000;512.08;510.59;PAC;PAC
932000;514.17;512.67;PAC;PAC
934000;513.75;512.26;PAC;PAC
936000;513.48;511.98;PAC;PAC
938000;512.30;510.81;PAC;PAC
940000;513.90;512.41;PAC;PAC
942000;512.28;510.79;PAC;PAC
944000;511.97;510.47;PAC;PAC
946000;512.16;510.66;PAC;PAC
948000;514.11;512.62;PAC;PAC
950000;513.16;511.67;PAC;PAC
952000;513.33;511.83;PAC;PAC
954000;514.39;512.89;PAC;PAC
956000;514.06;512.56;PAC;PAC
958000;515.53;514.04;PAC;PAC
960000;513.83;512.33;PAC;PAC
962000;514.01;512.51;PAC;PAC
964000;514.58;513.08;PAC;PAC
966000;512.49;510.99;PAC;PAC
968000;514.96;513.46;PAC;PAC
970000;511.70;510.20;PAC;PAC
972000;512.54;511.04;PAC;PAC
974000;514.04;512.54;PAC;PAC
976000;514.16;512.66;PAC;PAC
978000;512.28;510.78;PAC;PAC
980000;514.42;512.92;PAC;PAC
982000;513.78;512.28;PAC;PAC
984000;514.12;512.62;PAC;PAC
986000;511.53;510.03;PAC;PAC
988000;513.11;511.61;PAC;PAC
990000;513.55;512.05;PAC;PAC
992000;513.11;511.61;PAC;PAC
994000;512.33;510.83;PAC;PAC
996000;513.77;512.27;PAC;PAC
998000;514.02;512.52;PAC;PAC
1000000;513.61;512.11;PAC;PAC
1002000;512.60;511.10;PAC;PAC
1004000;515.38;513.88;PAC;PAC
1006000;514.04;512.54;PAC;PAC
1008000;513.78;512.28;PAC;PAC
1010000;512.59;511.09;PAC;PAC
1012000;511.91;510.41;PAC;PAC
1014000;515.33;513.83;PAC;PAC
1016000;511.19;509.69;PAC;PAC
1018000;513.94;512.45;PAC;PAC
1020000;513.04;511.54;PAC;PAC
1022000;515.19;513.69;PAC;PAC
1024000;514.79;513.29;PAC;PAC
1026000;513.68;512.18;PAC;PAC
1028000;514.92;513.42;PAC;PAC
1030000;515.42;513.92;PAC;PAC
1032000;513.21;511.71;PAC;PAC
1034000;514.16;512.66;PAC;PAC
1036000;512.03;510.54;PAC;PAC
1038000;511.90;510.41;PAC;PAC
1040000;514.19;512.70;PAC;PAC
1042000;512.77;511.28;PAC;PAC
1044000;514.14;512.64;PAC;PAC
1046000;513.43;511.93;PAC;PAC
1048000;512.47;510.98;PAC;PAC
1050000;513.98;512.49;PAC;PAC
1052000;512.76;511.26;PAC;PAC
1054000;513.32;511.83;PAC;PAC
1056000;513.77;512.28;PAC;PAC
1058000;511.69;510.20;PAC;PAC
1060000;514.21;512.72;PAC;PAC
1062000;515.42;513.93;PAC;PAC
1064000;513.95;512.45;PAC;PAC
1066000;513.28;511.79;PAC;PAC
1068000;513.17;511.67;PAC;PAC
1070000;512.71;511.22;PAC;PAC
1072000;511.23;509.74;PAC;PAC
1074000;512.88;511.39;PAC;PAC
1076000;511.42;509.93;PAC;PAC
1078000;512.34;510.85;PAC;PAC
1080000;515.03;513.54;PAC;PAC
1082000;514.84;513.35;PAC;PAC
1084000;513.43;511.95;PAC;PAC
1086000;513.36;511.88;PAC;PAC
1088000;514.45;512.97;PAC;PAC
1090000;513.21;511.72;PAC;PAC
1092000;511.43;509.94;PAC;PAC
1094000;514.78;513.29;PAC;PAC
1096000;514.33;512.85;PAC;PAC
1098000;512.22;510.73;PAC;PAC
1100000;513.08;511.60;PAC;PAC
1102000;512.84;511.36;PAC;PAC
1104000;513.56;512.08;PAC;PAC
1106000;513.78;512.30;PAC;PAC
1108000;513.89;512.41;PAC;PAC
1110000;516.64;515.17;PAC;PAC
1112000;512.20;510.72;PAC;PAC
1114000;511.60;510.12;PAC;PAC
1116000;514.48;513.00;PAC;PAC
1118000;514.67;513.20;PAC;PAC
1120000;512.29;510.81;PAC;PAC
1122000;511.56;510.09;PAC;PAC
1124000;514.32;512.85;PAC;PAC
1126000;512.72;511.25;PAC;PAC
1128000;512.42;510.95;PAC;PAC
1130000;512.89;511.42;PAC;PAC
1132000;513.91;512.44;PAC;PAC
1134000;512.73;511.27;PAC;PAC
1136000;513.27;511.80;PAC;PAC
1138000;514.03;512.56;PAC;PAC
1140000;512.34;510.88;PAC;PAC
1142000;513.57;512.11;PAC;PAC
1144000;513.06;511.59;PAC;PAC
1146000;512.82;511.36;PAC;PAC
1148000;513.86;512.40;PAC;PAC
1150000;514.41;512.95;PAC;PAC
1152000;512.73;511.27;PAC;PAC
1154000;514.23;512.77;PAC;PAC
1156000;513.84;512.38;PAC;PAC
1158000;511.12;509.66;PAC;PAC
1160000;511.86;510.41;PAC;PAC
1162000;512.90;511.44;PAC;PAC
1164000;513.33;511.88;PAC;PAC
1166000;512.97;511.52;PAC;PAC
1168000;513.33;511.89;PAC;PAC
1170000;512.24;510.79;PAC;PAC
1172000;512.64;511.20;PAC;PAC
1174000;515.75;514.30;PAC;PAC
1176000;513.00;511.55;PAC;PAC
1178000;513.13;511.69;PAC;PAC
1180000;513.22;511.78;PAC;PAC
1182000;515.37;513.93;PAC;PAC
1184000;517.03;515.59;PAC;PAC
1186000;513.37;511.93;PAC;PAC
1188000;512.69;511.26;PAC;PAC
1190000;513.97;512.54;PAC;PAC
1192000;513.30;511.86;PAC;PAC
1194000;515.00;513.57;PAC;PAC
1196000;513.95;512.52;PAC;PAC
1198000;513.79;512.36;PAC;PAC
1200000;513.90;512.47;PAC;PAC
1202000;512.73;511.31;PAC;PAC
1204000;512.99;511.56;PAC;PAC
1206000;513.48;512.06;PAC;PAC
1208000;512.97;511.54;PAC;PAC
1210000;513.50;512.08;PAC;PAC
1212000;515.42;514.01;PAC;PAC
1214000;513.68;512.27;PAC;PAC
1216000;513.70;512.28;PAC;PAC
1218000;513.60;512.19;PAC;PAC
1220000;513.97;512.56;PAC;PAC
1222000;513.25;511.84;PAC;PAC
1224000;514.30;512.89;PAC;PAC
1226000;512.24;510.84;PAC;PAC
1228000;515.04;513.63;PAC;PAC
1230000;511.76;510.36;PAC;PAC
1232000;512.79;511.39;PAC;PAC
1234000;514.35;512.95;PAC;PAC
1236000;515.69;514.29;PAC;PAC
1238000;513.40;512.00;PAC;PAC
1240000;510.61;509.22;PAC;PAC
1242000;515.23;513.84;PAC;PAC
1244000;514.44;513.05;PAC;PAC
1246000;511.84;510.45;PAC;PAC
1248000;513.07;511.68;PAC;PAC
1250000;513.56;512.18;PAC;PAC
1252000;513.60;512.21;PAC;PAC
1254000;514.63;513.25;PAC;PAC
1256000;513.82;512.44;PAC;PAC
1258000;512.71;511.33;PAC;PAC
1260000;512.63;511.25;PAC;PAC
1262000;512.30;510.92;PAC;PAC
1264000;513.17;511.79;PAC;PAC
1266000;514.40;513.03;PAC;PAC
1268000;513.49;512.12;PAC;PAC
1270000;514.92;513.55;PAC;PAC
1272000;516.69;515.33;PAC;PAC
1274000;512.64;511.28;PAC;PAC
1276000;513.04;511.67;PAC;PAC
1278000;513.88;512.52;PAC;PAC
1280000;512.67;511.31;PAC;PAC
1282000;513.23;511.88;PAC;PAC
1284000;510.66;509.31;PAC;PAC
1286000;512.76;511.41;PAC;PAC
1288000;512.44;511.09;PAC;PAC
1290000;513.51;512.16;PAC;PAC
1292000;512.24;510.90;PAC;PAC
1294000;511.79;510.45;PAC;PAC
1296000;511.24;509.90;PAC;PAC
1298000;513.93;512.59;PAC;PAC
1300000;512.37;511.04;PAC;PAC
1302000;515.06;513.72;PAC;PAC
1304000;512.99;511.66;PAC;PAC
1306000;511.88;510.55;PAC;PAC
1308000;513.62;512.30;PAC;PAC
1310000;514.17;512.84;PAC;PAC
1312000;514.04;512.72;PAC;PAC
1314000;513.84;512.52;PAC;PAC
1316000;514.08;512.76;PAC;PAC
1318000;513.10;511.79;PAC;PAC
1320000;515.48;514.17;PAC;PAC
1322000;511.82;510.51;PAC;PAC
1324000;513.31;512.00;PAC;PAC
1326000;514.07;512.76;PAC;PAC
1328000;512.37;511.06;PAC;PAC
1330000;513.49;512.18;PAC;PAC
1332000;514.60;513.30;PAC;PAC
1334000;512.26;510.96;PAC;PAC
1336000;515.33;514.03;PAC;PAC
1338000;514.69;513.39;PAC;PAC
1340000;515.47;514.18;PAC;PAC
1342000;513.99;512.70;PAC;PAC
1344000;511.91;510.63;PAC;PAC
1346000;515.42;514.13;PAC;PAC
1348000;513.26;511.98;PAC;PAC
1350000;513.80;512.52;PAC;PAC
1352000;513.74;512.47;PAC;PAC
1354000;513.87;512.59;PAC;PAC
1356000;510.89;509.62;PAC;PAC
1358000;513.03;511.77;PAC;PAC
1360000;512.07;510.80;PAC;PAC
1362000;513.53;512.26;PAC;PAC
1364000;511.82;510.56;PAC;PAC
1366000;511.61;510.35;PAC;PAC
1368000;513.23;511.97;PAC;PAC
1370000;512.74;511.48;PAC;PAC
1372000;512.96;511.70;PAC;PAC
1374000;511.58;510.33;PAC;PAC
1376000;513.39;512.14;PAC;PAC
1378000;511.66;510.42;PAC;PAC
1380000;510.83;509.59;PAC;PAC
1382000;514.18;512.95;PAC;PAC
1384000;513.79;512.56;PAC;PAC
1386000;510.78;509.55;PAC;PAC
1388000;512.36;511.13;PAC;PAC
1390000;514.66;513.43;PAC;PAC
1392000;513.97;512.74;PAC;PAC
1394000;513.67;512.44;PAC;PAC
1396000;511.78;510.56;PAC;PAC
1398000;513.27;512.05;PAC;PAC
1400000;513.85;512.64;PAC;PAC
1402000;513.28;512.07;PAC;PAC
1404000;513.19;511.98;PAC;PAC
1406000;512.82;511.61;PAC;PAC
1408000;513.64;512.44;PAC;PAC
1410000;511.60;510.40;PAC;PAC
1412000;511.29;510.09;PAC;PAC
1414000;513.56;512.37;PAC;PAC
1416000;514.27;513.08;PAC;PAC
1418000;514.58;513.39;PAC;PAC
1420000;511.89;510.71;PAC;PAC
1422000;513.15;511.96;PAC;PAC
1424000;513.99;512.81;PAC;PAC
1426000;510.37;509.19;PAC;PAC
1428000;512.62;511.44;PAC;PAC
1430000;513.11;511.94;PAC;PAC
1432000;513.19;512.02;PAC;PAC
1434000;511.86;510.69;PAC;PAC
1436000;513.70;512.53;PAC;PAC
1438000;513.78;512.62;PAC;PAC
1440000;510.47;509.31;PAC;PAC
1442000;513.66;512.51;PAC;PAC
1444000;512.90;511.75;PAC;PAC
1446000;513.92;512.78;PAC;PAC
1448000;513.23;512.09;PAC;PAC
1450000;510.41;509.27;PAC;PAC
1452000;510.58;509.44;PAC;PAC
1454000;513.09;511.95;PAC;PAC
1456000;512.59;511.46;PAC;PAC
1458000;513.08;511.95;PAC;PAC
1460000;514.54;513.41;PAC;PAC
1462000;513.84;512.72;PAC;PAC
1464000;511.97;510.85;PAC;PAC
1466000;510.45;509.33;PAC;PAC
1468000;514.24;513.13;PAC;PAC
1470000;512.32;511.21;PAC;PAC
1472000;515.26;514.15;PAC;PAC
1474000;514.54;513.44;PAC;PAC
1476000;514.54;513.44;PAC;PAC
1478000;513.66;512.56;PAC;PAC
1480000;512.32;511.22;PAC;PAC
1482000;512.48;511.39;PAC;PAC
1484000;513.20;512.11;PAC;PAC
1486000;511.59;510.51;PAC;PAC
1488000;513.25;512.17;PAC;PAC
1490000;513.17;512.09;PAC;PAC
1492000;513.31;512.23;PAC;PAC
1494000;512.41;511.34;PAC;PAC
1496000;514.17;513.10;PAC;PAC
1498000;513.43;512.37;PAC;PAC
1500000;513.15;512.09;PAC;PAC
1502000;512.49;511.43;PAC;PAC
1504000;513.34;512.29;PAC;PAC
1506000;511.73;510.68;PAC;PAC
1508000;512.54;511.49;PAC;PAC
1510000;513.78;512.74;PAC;PAC
1512000;513.29;512.24;PAC;PAC
1514000;513.50;512.46;PAC;PAC
1516000;511.42;510.39;PAC;PAC
1518000;513.08;512.05;PAC;PAC
1520000;513.65;512.62;PAC;PAC
1522000;511.85;510.83;PAC;PAC
1524000;512.09;511.07;PAC;PAC
1526000;514.43;513.42;PAC;PAC
1528000;511.26;510.24;PAC;PAC
1530000;513.58;512.57;PAC;PAC
1532000;511.59;510.59;PAC;PAC
1534000;511.05;510.04;PAC;PAC
1536000;512.89;511.90;PAC;PAC
1538000;512.80;511.81;PAC;PAC
1540000;512.05;511.05;PAC;PAC
1542000;511.86;510.87;PAC;PAC
1544000;514.19;513.21;PAC;PAC
1546000;512.86;511.88;PAC;PAC
1548000;511.57;510.59;PAC;PAC
1550000;512.13;511.16;PAC;PAC
1552000;512.06;511.09;PAC;PAC
1554000;513.16;512.20;PAC;PAC
1556000;514.28;513.31;PAC;PAC
1558000;513.18;512.22;PAC;PAC
1560000;512.06;511.11;PAC;PAC
1562000;512.56;511.61;PAC;PAC
1564000;514.41;513.46;PAC;PAC
1566000;513.13;512.19;PAC;PAC
1568000;513.50;512.55;PAC;PAC
1570000;514.20;513.26;PAC;PAC
1572000;512.69;511.76;PAC;PAC
1574000;513.60;512.67;PAC;PAC
1576000;515.22;514.29;PAC;PAC
1578000;511.62;510.70;PAC;PAC
1580000;512.43;511.51;PAC;PAC
1582000;514.42;513.51;PAC;PAC
1584000;512.90;511.99;PAC;PAC
1586000;511.22;510.31;PAC;PAC
1588000;512.69;511.79;PAC;PAC
1590000;513.30;512.40;PAC;PAC
1592000;510.94;510.04;PAC;PAC
1594000;514.17;513.28;PAC;PAC
1596000;512.52;511.63;PAC;PAC
1598000;513.85;512.97;PAC;PAC
1600000;512.94;512.06;PAC;PAC
1602000;513.01;512.13;PAC;PAC
1604000;513.27;512.39;PAC;PAC
1606000;514.28;513.41;PAC;PAC
1608000;510.94;510.08;PAC;PAC
1610000;511.62;510.75;PAC;PAC
1612000;513.88;513.02;PAC;PAC
1614000;512.41;511.56;PAC;PAC
1616000;513.90;513.05;PAC;PAC
1618000;513.10;512.25;PAC;PAC
1620000;514.69;513.84;PAC;PAC
1622000;514.04;513.20;PAC;PAC
1624000;512.69;511.85;PAC;PAC
1626000;511.52;510.69;PAC;PAC
1628000;511.31;510.48;PAC;PAC
1630000;513.61;512.79;PAC;PAC
1632000;513.67;512.85;PAC;PAC
1634000;512.16;511.35;PAC;PAC
1636000;513.19;512.37;PAC;PAC
1638000;512.75;511.94;PAC;PAC
1640000;511.79;510.98;PAC;PAC
1642000;511.60;510.80;PAC;PAC
1644000;512.24;511.44;PAC;PAC
1646000;512.81;512.01;PAC;PAC
1648000;512.02;511.23;PAC;PAC
1650000;513.44;512.65;PAC;PAC
1652000;514.60;513.82;PAC;PAC
1654000;513.77;512.99;PAC;PAC
1656000;511.78;511.00;PAC;PAC
1658000;511.07;510.30;PAC;PAC
1660000;511.24;510.47;PAC;PAC
1662000;513.21;512.45;PAC;PAC
1664000;511.74;510.98;PAC;PAC
1666000;514.80;514.05;PAC;PAC
1668000;512.62;511.87;PAC;PAC
1670000;512.60;511.86;PAC;PAC
1672000;512.18;511.44;PAC;PAC
1674000;510.73;510.00;PAC;PAC
1676000;515.86;515.13;PAC;PAC
1678000;514.06;513.33;PAC;PAC
1680000;512.25;511.53;PAC;PAC
1682000;512.98;512.26;PAC;PAC
1684000;511.48;510.76;PAC;PAC
1686000;511.80;511.09;PAC;PAC
1688000;512.57;511.86;PAC;PAC
1690000;513.26;512.56;PAC;PAC
1692000;513.45;512.75;PAC;PAC
1694000;511.90;511.21;PAC;PAC
1696000;515.13;514.44;PAC;PAC
1698000;511.68;511.00;PAC;PAC
1700000;512.28;511.59;PAC;PAC
1702000;513.09;512.41;PAC;PAC
1704000;514.00;513.32;PAC;PAC
1706000;513.02;512.35;PAC;PAC
1708000;513.57;512.91;PAC;PAC
1710000;511.43;510.77;PAC;PAC
1712000;511.18;510.53;PAC;PAC
1714000;513.38;512.73;PAC;PAC
1716000;513.37;512.72;PAC;PAC
1718000;513.38;512.73;PAC;PAC
1720000;513.98;513.34;PAC;PAC
1722000;513.44;512.80;PAC;PAC
1724000;509.43;508.80;PAC;PAC
1726000;513.45;512.83;PAC;PAC
1728000;512.93;512.31;PAC;PAC
1730000;512.83;512.22;PAC;PAC
1732000;512.34;511.73;PAC;PAC
1734000;511.24;510.63;PAC;PAC
1736000;512.98;512.38;PAC;PAC
1738000;513.17;512.57;PAC;PAC
1740000;512.67;512.08;PAC;PAC
1742000;512.67;512.08;PAC;PAC
1744000;512.97;512.38;PAC;PAC
1746000;512.79;512.21;PAC;PAC
1748000;513.08;512.51;PAC;PAC
1750000;513.30;512.73;PAC;PAC
1752000;512.85;512.28;PAC;PAC
1754000;514.44;513.88;PAC;PAC
1756000;513.77;513.21;PAC;PAC
1758000;512.03;511.47;PAC;PAC
1760000;511.81;511.26;PAC;PAC
1762000;514.08;513.53;PAC;PAC
1764000;514.47;513.93;PAC;PAC
1766000;510.61;510.07;PAC;PAC
1768000;512.12;511.59;PAC;PAC
1770000;512.90;512.37;PAC;PAC
1772000;513.24;512.72;PAC;PAC
1774000;512.39;511.87;PAC;PAC
1776000;512.54;512.02;PAC;PAC
1778000;514.98;514.47;PAC;PAC
1780000;513.08;512.57;PAC;PAC
1782000;513.42;512.92;PAC;PAC
1784000;513.68;513.18;PAC;PAC
1786000;512.40;511.91;PAC;PAC
1788000;514.07;513.58;PAC;PAC
1790000;510.58;510.10;PAC;PAC
1792000;512.95;512.46;PAC;PAC
1794000;510.95;510.48;PAC;PAC
1796000;513.13;512.65;PAC;PAC
1798000;512.31;511.85;PAC;PAC
1800000;512.00;511.53;PAC;PAC
1802000;511.84;511.38;PAC;PAC
1804000;513.05;512.59;PAC;PAC
1806000;512.59;512.14;PAC;PAC
1808000;513.29;512.84;PAC;PAC
1810000;510.54;510.10;PAC;PAC
1812000;512.64;512.21;PAC;PAC
1814000;515.21;514.78;PAC;PAC
1816000;513.49;513.07;PAC;PAC
1818000;512.85;512.42;PAC;PAC
1820000;513.85;513.43;PAC;PAC
1822000;515.61;515.19;PAC;PAC
1824000;510.53;510.12;PAC;PAC
1826000;513.09;512.69;PAC;PAC
1828000;512.27;511.87;PAC;PAC
1830000;511.23;510.83;PAC;PAC
1832000;512.45;512.06;PAC;PAC
1834000;512.52;512.14;PAC;PAC
1836000;512.00;511.62;PAC;PAC
1838000;511.56;511.18;PAC;PAC
1840000;511.88;511.51;PAC;PAC
1842000;510.49;510.12;PAC;PAC
1844000;512.35;511.98;PAC;PAC
1846000;511.83;511.47;PAC;PAC
1848000;512.19;511.83;PAC;PAC
1850000;511.62;511.27;PAC;PAC
1852000;511.90;511.56;PAC;PAC
1854000;512.81;512.47;PAC;PAC
1856000;511.81;511.47;PAC;PAC
1858000;512.08;511.75;PAC;PAC
1860000;512.56;512.23;PAC;PAC
1862000;512.82;512.50;PAC;PAC
1864000;512.55;512.24;PAC;PAC
1866000;513.29;512.97;PAC;PAC
1868000;514.04;513.73;PAC;PAC
1870000;511.28;510.98;PAC;PAC
1872000;513.57;513.27;PAC;PAC
1874000;509.31;509.01;PAC;PAC
1876000;511.93;511.64;PAC;PAC
1878000;509.84;509.55;PAC;PAC
1880000;511.83;511.55;PAC;PAC
1882000;512.59;512.32;PAC;PAC
1884000;515.15;514.88;PAC;PAC
1886000;512.59;512.32;PAC;PAC
1888000;512.14;511.88;PAC;PAC
1890000;513.41;513.15;PAC;PAC
1892000;511.64;511.39;PAC;PAC
1894000;513.68;513.43;PAC;PAC
1896000;513.58;513.34;PAC;PAC
1898000;514.22;513.98;PAC;PAC
1900000;512.09;511.85;PAC;PAC
1902000;511.98;511.75;PAC;PAC
1904000;513.08;512.85;PAC;PAC
1906000;512.08;511.86;PAC;PAC
1908000;511.75;511.53;PAC;PAC
1910000;510.86;510.65;PAC;PAC
1912000;511.83;511.62;PAC;PAC
1914000;511.85;511.65;PAC;PAC
1916000;511.07;510.87;PAC;PAC
1918000;511.04;510.85;PAC;PAC
1920000;514.19;514.00;PAC;PAC
1922000;513.92;513.74;PAC;PAC
1924000;511.67;511.49;PAC;PAC
1926000;513.28;513.10;PAC;PAC
1928000;513.74;513.57;PAC;PAC
1930000;512.42;512.25;PAC;PAC
1932000;509.13;508.97;PAC;PAC
1934000;513.52;513.37;PAC;PAC
1936000;512.82;512.67;PAC;PAC
1938000;512.73;512.59;PAC;PAC
1940000;513.50;513.36;PAC;PAC
1942000;512.34;512.20;PAC;PAC
1944000;512.37;512.23;PAC;PAC
1946000;512.91;512.78;PAC;PAC
1948000;512.60;512.48;PAC;PAC
1950000;512.09;511.97;PAC;PAC
1952000;511.80;511.68;PAC;PAC
1954000;513.90;513.79;PAC;PAC
1956000;511.62;511.52;PAC;PAC
1958000;512.19;512.09;PAC;PAC
1960000;512.03;511.93;PAC;PAC
1962000;512.86;512.77;PAC;PAC
1964000;512.01;511.92;PAC;PAC
1966000;513.47;513.39;PAC;PAC
1968000;512.19;512.12;PAC;PAC
1970000;511.98;511.91;PAC;PAC
1972000;511.86;511.79;PAC;PAC
1974000;513.46;513.39;PAC;PAC
1976000;510.29;510.23;PAC;PAC
1978000;513.87;513.82;PAC;PAC
1980000;511.90;511.86;PAC;PAC
1982000;512.10;512.06;PAC;PAC
1984000;512.30;512.26;PAC;PAC
1986000;512.94;512.91;PAC;PAC
1988000;511.13;511.10;PAC;PAC
1990000;511.72;511.69;PAC;PAC
1992000;511.63;511.62;PAC;PAC
1994000;512.08;512.07;PAC;PAC
1996000;512.81;512.80;PAC;PAC
1998000;513.20;513.20;PAC;PAC
2000000;510.79;510.79;PAC;PAC
2002000;510.29;510.30;PAC;PAC
2004000;512.25;512.26;PAC;PAC
2006000;511.72;511.73;PAC;PAC
2008000;512.70;512.72;PAC;PAC
2010000;512.51;512.53;PAC;PAC
2012000;513.86;513.89;PAC;PAC
2014000;510.96;511.00;PAC;PAC
2016000;512.70;512.74;PAC;PAC
2018000;510.23;510.27;PAC;PAC
2020000;512.39;512.44;PAC;PAC
2022000;512.23;512.28;PAC;PAC
2024000;511.50;511.56;PAC;PAC
2026000;509.83;509.89;PAC;PAC
2028000;511.25;511.31;PAC;PAC
2030000;510.35;510.42;PAC;PAC
2032000;512.90;512.98;PAC;PAC
2034000;513.61;513.69;PAC;PAC
2036000;512.35;512.44;PAC;PAC
2038000;511.97;512.06;PAC;PAC
2040000;510.91;511.01;PAC;PAC
2042000;510.83;510.93;PAC;PAC
2044000;510.49;510.59;PAC;PAC
2046000;511.15;511.26;PAC;PAC
2048000;512.31;512.42;PAC;PAC
2050000;511.01;511.13;PAC;PAC
2052000;513.04;513.16;PAC;PAC
2054000;511.32;511.44;PAC;PAC
2056000;509.21;509.34;PAC;PAC
2058000;513.35;513.49;PAC;PAC
2060000;511.61;511.75;PAC;PAC
2062000;513.74;513.89;PAC;PAC
2064000;511.53;511.68;PAC;PAC
2066000;511.10;511.26;PAC;PAC
2068000;513.55;513.71;PAC;PAC
2070000;513.08;513.25;PAC;PAC
2072000;512.66;512.83;PAC;PAC
2074000;509.71;509.88;PAC;PAC
2076000;511.59;511.76;PAC;PAC
2078000;514.75;514.94;PAC;PAC
2080000;512.30;512.49;PAC;PAC
2082000;512.18;512.37;PAC;PAC
2084000;509.66;509.86;PAC;PAC
2086000;511.91;512.11;PAC;PAC
2088000;512.25;512.46;PAC;PAC
2090000;510.76;510.97;PAC;PAC
2092000;512.37;512.59;PAC;PAC
2094000;509.20;509.42;PAC;PAC
2096000;512.36;512.59;PAC;PAC
2098000;512.16;512.39;PAC;PAC
2100000;510.61;510.84;PAC;PAC
2102000;510.93;511.17;PAC;PAC
2104000;511.23;511.48;PAC;PAC
2106000;508.58;508.83;PAC;PAC
2108000;510.18;510.43;PAC;PAC
2110000;512.61;512.86;PAC;PAC
2112000;511.72;511.98;PAC;PAC
2114000;512.16;512.42;PAC;PAC
2116000;510.21;510.48;PAC;PAC
2118000;512.74;513.02;PAC;PAC
2120000;512.71;512.99;PAC;PAC
2122000;511.75;512.03;PAC;PAC
2124000;511.53;511.82;PAC;PAC
2126000;509.91;510.20;PAC;PAC
2128000;510.68;510.98;PAC;PAC
2130000;509.92;510.22;PAC;PAC
2132000;509.74;510.05;PAC;PAC
2134000;510.66;510.97;PAC;PAC
2136000;511.87;512.19;PAC;PAC
2138000;510.66;510.98;PAC;PAC
2140000;511.53;511.86;PAC;PAC
2142000;508.92;509.26;PAC;PAC
2144000;511.06;511.39;PAC;PAC
2146000;512.54;512.88;PAC;PAC
2148000;514.11;514.45;PAC;PAC
2150000;511.58;511.93;PAC;PAC
2152000;508.64;508.99;PAC;PAC
2154000;511.24;511.60;PAC;PAC
2156000;513.93;514.29;PAC;PAC
2158000;510.14;510.51;PAC;PAC
2160000;510.30;510.67;PAC;PAC
2162000;511.24;511.62;PAC;PAC
2164000;509.53;509.91;PAC;PAC
2166000;511.03;511.42;PAC;PAC
2168000;512.24;512.63;PAC;PAC
2170000;514.51;514.91;PAC;PAC
2172000;511.04;511.44;PAC;PAC
2174000;511.36;511.76;PAC;PAC
2176000;512.82;513.23;PAC;PAC
2178000;510.33;510.74;PAC;PAC
2180000;511.23;511.65;PAC;PAC
2182000;513.21;513.63;PAC;PAC
2184000;513.89;514.32;PAC;PAC
2186000;512.44;512.87;PAC;PAC
2188000;512.02;512.46;PAC;PAC
2190000;510.93;511.37;PAC;PAC
2192000;511.31;511.76;PAC;PAC
2194000;510.46;510.91;PAC;PAC
2196000;510.33;510.79;PAC;PAC
2198000;509.72;510.18;PAC;PAC
2200000;514.33;514.79;PAC;PAC
2202000;511.70;512.17;PAC;PAC
2204000;511.00;511.48;PAC;PAC
2206000;510.99;511.47;PAC;PAC
2208000;509.75;510.23;PAC;PAC
2210000;512.44;512.93;PAC;PAC
2212000;512.60;513.09;PAC;PAC
2214000;513.61;514.11;PAC;PAC
2216000;509.88;510.38;PAC;PAC
2218000;511.75;512.26;PAC;PAC
2220000;512.20;512.71;PAC;PAC
2222000;510.74;511.25;PAC;PAC
2224000;510.93;511.45;PAC;PAC
2226000;509.80;510.32;PAC;PAC
2228000;511.14;511.66;PAC;PAC
2230000;511.57;512.10;PAC;PAC
2232000;511.16;511.69;PAC;PAC
2234000;511.35;511.89;PAC;PAC
2236000;510.50;511.05;PAC;PAC
2238000;512.00;512.55;PAC;PAC
2240000;510.79;511.34;PAC;PAC
2242000;512.51;513.07;PAC;PAC
2244000;511.46;512.02;PAC;PAC
2246000;510.92;511.49;PAC;PAC
2248000;510.86;511.43;PAC;PAC
2250000;509.52;510.09;PAC;PAC
2252000;511.56;512.14;PAC;PAC
2254000;512.16;512.74;PAC;PAC
2256000;513.70;514.29;PAC;PAC
2258000;509.47;510.06;PAC;PAC
2260000;510.82;511.42;PAC;PAC
2262000;512.90;513.50;PAC;PAC
2264000;510.60;511.21;PAC;PAC
2266000;514.69;515.30;PAC;PAC
2268000;511.94;512.55;PAC;PAC
2270000;510.33;510.95;PAC;PAC
2272000;510.50;511.12;PAC;PAC
2274000;513.01;513.63;PAC;PAC
2276000;511.45;512.08;PAC;PAC
2278000;510.51;511.15;PAC;PAC
2280000;511.07;511.71;PAC;PAC
2282000;509.07;509.71;PAC;PAC
2284000;511.87;512.52;PAC;PAC
2286000;511.36;512.01;PAC;PAC
2288000;510.56;511.22;PAC;PAC
2290000;513.24;513.89;PAC;PAC
2292000;512.56;513.22;PAC;PAC
2294000;508.60;509.27;PAC;PAC
2296000;511.24;511.91;PAC;PAC
2298000;511.79;512.47;PAC;PAC
2300000;510.26;510.94;PAC;PAC
2302000;510.91;511.59;PAC;PAC
2304000;509.92;510.61;PAC;PAC
2306000;512.15;512.84;PAC;PAC
2308000;509.97;510.66;PAC;PAC
2310000;510.03;510.73;PAC;PAC
2312000;507.76;508.46;PAC;PAC
2314000;510.93;511.64;PAC;PAC
2316000;511.82;512.54;PAC;PAC
2318000;510.66;511.38;PAC;PAC
2320000;511.41;512.14;PAC;PAC
2322000;513.60;514.32;PAC;PAC
2324000;511.78;512.51;PAC;PAC
2326000;508.79;509.53;PAC;PAC
2328000;511.55;512.29;PAC;PAC
2330000;511.83;512.57;PAC;PAC
2332000;512.30;513.05;PAC;PAC
2334000;508.96;509.71;PAC;PAC
2336000;511.76;512.51;PAC;PAC
2338000;510.87;511.63;PAC;PAC
2340000;512.44;513.21;PAC;PAC
2342000;510.32;511.08;PAC;PAC
2344000;510.61;511.38;PAC;PAC
2346000;510.21;510.98;PAC;PAC
2348000;509.62;510.40;PAC;PAC
2350000;511.44;512.22;PAC;PAC
2352000;510.76;511.55;PAC;PAC
2354000;512.50;513.30;PAC;PAC
2356000;512.00;512.80;PAC;PAC
2358000;511.82;512.62;PAC;PAC
2360000;510.01;510.82;PAC;PAC
2362000;510.72;511.53;PAC;PAC
2364000;511.21;512.02;PAC;PAC
2366000;510.42;511.24;PAC;PAC
2368000;511.01;511.83;PAC;PAC
2370000;510.40;511.22;PAC;PAC
2372000;511.24;512.07;PAC;PAC
2374000;513.61;514.44;PAC;PAC
2376000;509.48;510.31;PAC;PAC
2378000;509.07;509.91;PAC;PAC
2380000;513.21;514.05;PAC;PAC
2382000;509.55;510.40;PAC;PAC
2384000;511.32;512.17;PAC;PAC
2386000;510.23;511.09;PAC;PAC
2388000;510.92;511.78;PAC;PAC
2390000;512.88;513.74;PAC;PAC
2392000;511.55;512.42;PAC;PAC
2394000;512.32;513.19;PAC;PAC
2396000;510.61;511.49;PAC;PAC
2398000;509.61;510.49;PAC;PAC
2400000;509.95;510.83;PAC;PAC
2402000;511.76;512.65;PAC;PAC
2404000;513.25;514.14;PAC;PAC
2406000;511.90;512.79;PAC;PAC
2408000;509.58;510.48;PAC;PAC
2410000;511.68;512.58;PAC;PAC
2412000;511.71;512.62;PAC;PAC
2414000;509.58;510.49;PAC;PAC
2416000;510.61;511.52;PAC;PAC
2418000;511.57;512.49;PAC;PAC
2420000;509.70;510.62;PAC;PAC
2422000;512.29;513.22;PAC;PAC
2424000;512.78;513.70;PAC;PAC
2426000;513.79;514.72;PAC;PAC
2428000;511.02;511.95;PAC;PAC
2430000;512.94;513.88;PAC;PAC
2432000;512.00;512.94;PAC;PAC
2434000;510.00;510.94;PAC;PAC
2436000;512.38;513.33;PAC;PAC
2438000;511.08;512.03;PAC;PAC
2440000;510.56;511.52;PAC;PAC
2442000;511.07;512.03;PAC;PAC
2444000;511.99;512.95;PAC;PAC
2446000;510.39;511.36;PAC;PAC
2448000;509.72;510.69;PAC;PAC
2450000;512.39;513.37;PAC;PAC
2452000;509.30;510.28;PAC;PAC
2454000;510.29;511.27;PAC;PAC
2456000;512.17;513.15;PAC;PAC
2458000;511.04;512.03;PAC;PAC
2460000;511.05;512.04;PAC;PAC
2462000;510.82;511.82;PAC;PAC
2464000;510.68;511.68;PAC;PAC
2466000;511.78;512.79;PAC;PAC
2468000;511.46;512.46;PAC;PAC
2470000;510.77;511.78;PAC;PAC
2472000;511.53;512.54;PAC;PAC
2474000;511.04;512.06;PAC;PAC
2476000;509.51;510.53;PAC;PAC
2478000;512.63;513.65;PAC;PAC
2480000;511.97;513.00;PAC;PAC
2482000;510.93;511.96;PAC;PAC
2484000;512.74;513.77;PAC;PAC
2486000;510.73;511.77;PAC;PAC
2488000;511.18;512.22;PAC;PAC
2490000;511.50;512.54;PAC;PAC
2492000;511.42;512.47;PAC;PAC
2494000;512.40;513.45;PAC;PAC
2496000;510.41;511.46;PAC;PAC
2498000;511.19;512.24;PAC;PAC
2500000;511.11;512.17;PAC;PAC
2502000;511.97;513.04;PAC;PAC
2504000;510.21;511.28;PAC;PAC
2506000;510.08;511.15;PAC;PAC
2508000;511.55;512.63;PAC;PAC
2510000;510.19;511.27;PAC;PAC
2512000;512.66;513.74;PAC;PAC
2514000;511.76;512.85;PAC;PAC
2516000;511.62;512.71;PAC;PAC
2518000;511.41;512.50;PAC;PAC
2520000;509.95;511.04;PAC;PAC
2522000;512.79;513.88;PAC;PAC
2524000;509.80;510.90;PAC;PAC
2526000;510.21;511.31;PAC;PAC
2528000;512.78;513.88;PAC;PAC
2530000;510.39;511.49;PAC;PAC
2532000;509.24;510.36;PAC;PAC
2534000;511.07;512.19;PAC;PAC
2536000;510.11;511.22;PAC;PAC
2538000;512.32;513.45;PAC;PAC
2540000;508.86;509.98;PAC;PAC
2542000;511.55;512.68;PAC;PAC
2544000;511.12;512.25;PAC;PAC
2546000;510.19;511.33;PAC;PAC
2548000;509.34;510.48;PAC;PAC
2550000;509.60;510.74;PAC;PAC
2552000;510.91;512.06;PAC;PAC
2554000;509.36;510.50;PAC;PAC
2556000;511.92;513.07;PAC;PAC
2558000;509.95;511.11;PAC;PAC
2560000;511.99;513.15;PAC;PAC
2562000;509.78;510.94;PAC;PAC
2564000;511.22;512.38;PAC;PAC
2566000;510.65;511.82;PAC;PAC
2568000;510.85;512.02;PAC;PAC
2570000;510.84;512.01;PAC;PAC
2572000;511.17;512.34;PAC;PAC
2574000;509.91;511.09;PAC;PAC
2576000;512.71;513.89;PAC;PAC
2578000;510.85;512.04;PAC;PAC
2580000;511.95;513.13;PAC;PAC
2582000;509.43;510.61;PAC;PAC
2584000;509.52;510.71;PAC;PAC
2586000;510.85;512.04;PAC;PAC
2588000;511.17;512.37;PAC;PAC
2590000;510.03;511.23;PAC;PAC
2592000;509.90;511.10;PAC;PAC
2594000;511.66;512.86;PAC;PAC
2596000;508.08;509.29;PAC;PAC
2598000;508.74;509.95;PAC;PAC
2600000;510.60;511.82;PAC;PAC
2602000;511.31;512.53;PAC;PAC
2604000;509.27;510.49;PAC;PAC
2606000;511.59;512.81;PAC;PAC
2608000;511.96;513.18;PAC;PAC
2610000;511.44;512.67;PAC;PAC
2612000;510.98;512.21;PAC;PAC
2614000;509.75;510.98;PAC;PAC
2616000;508.33;509.57;PAC;PAC
2618000;511.84;513.08;PAC;PAC
2620000;510.77;512.01;PAC;PAC
2622000;509.06;510.30;PAC;PAC
2624000;509.04;510.28;PAC;PAC
2626000;512.87;514.12;PAC;PAC
2628000;510.62;511.87;PAC;PAC
2630000;511.02;512.27;PAC;PAC
2632000;510.07;511.33;PAC;PAC
2634000;510.30;511.56;PAC;PAC
2636000;511.52;512.78;PAC;PAC
2638000;511.24;512.51;PAC;PAC
2640000;509.33;510.60;PAC;PAC
2642000;512.15;513.42;PAC;PAC
2644000;509.28;510.55;PAC;PAC
2646000;510.33;511.60;PAC;PAC
2648000;508.05;509.33;PAC;PAC
2650000;511.31;512.59;PAC;PAC
2652000;510.21;511.49;PAC;PAC
2654000;511.76;513.04;PAC;PAC
2656000;511.25;512.54;PAC;PAC
2658000;509.02;510.31;PAC;PAC
2660000;510.58;511.87;PAC;PAC
2662000;512.11;513.40;PAC;PAC
2664000;512.42;513.71;PAC;PAC
2666000;508.85;510.15;PAC;PAC
2668000;509.94;511.24;PAC;PAC
2670000;509.56;510.86;PAC;PAC
2672000;512.40;513.71;PAC;PAC
2674000;511.17;512.48;PAC;PAC
2676000;513.15;514.46;PAC;PAC
2678000;511.78;513.09;PAC;PAC
2680000;512.83;514.15;PAC;PAC
2682000;508.81;510.13;PAC;PAC
2684000;511.88;513.20;PAC;PAC
2686000;510.83;512.15;PAC;PAC
2688000;509.17;510.49;PAC;PAC
2690000;510.11;511.43;PAC;PAC
2692000;512.38;513.70;PAC;PAC
2694000;510.18;511.51;PAC;PAC
2696000;509.74;511.08;PAC;PAC
2698000;511.22;512.55;PAC;PAC
2700000;513.27;514.61;PAC;PAC
2702000;511.08;512.42;PAC;PAC
2704000;512.22;513.56;PAC;PAC
2706000;511.04;512.38;PAC;PAC
2708000;510.74;512.08;PAC;PAC
2710000;512.46;513.80;PAC;PAC
2712000;509.00;510.35;PAC;PAC
2714000;510.08;511.43;PAC;PAC
2716000;508.12;509.48;PAC;PAC
2718000;510.96;512.32;PAC;PAC
2720000;509.35;510.71;PAC;PAC
2722000;510.26;511.62;PAC;PAC
2724000;512.04;513.40;PAC;PAC
2726000;510.94;512.30;PAC;PAC
2728000;511.73;513.10;PAC;PAC
2730000;510.33;511.70;PAC;PAC
2732000;509.85;511.22;PAC;PAC
2734000;510.53;511.90;PAC;PAC
2736000;511.34;512.71;PAC;PAC
2738000;511.32;512.70;PAC;PAC
2740000;511.07;512.45;PAC;PAC
2742000;509.38;510.76;PAC;PAC
2744000;507.86;509.24;PAC;PAC
2746000;510.61;511.99;PAC;PAC
2748000;512.98;514.37;PAC;PAC
2750000;511.45;512.84;PAC;PAC
2752000;509.83;511.22;PAC;PAC
2754000;512.35;513.74;PAC;PAC
2756000;511.31;512.70;PAC;PAC
2758000;510.61;512.00;PAC;PAC
2760000;510.01;511.40;PAC;PAC
2762000;511.07;512.46;PAC;PAC
2764000;512.49;513.88;PAC;PAC
2766000;509.82;511.22;PAC;PAC
2768000;509.62;511.02;PAC;PAC
2770000;511.20;512.60;PAC;PAC
2772000;510.40;511.81;PAC;PAC
2774000;509.89;511.29;PAC;PAC
2776000;511.75;513.16;PAC;PAC
2778000;509.40;510.81;PAC;PAC
2780000;510.87;512.29;PAC;PAC
2782000;507.74;509.15;PAC;PAC
2784000;510.32;511.73;PAC;PAC
2786000;509.30;510.72;PAC;PAC
2788000;512.26;513.68;PAC;PAC
2790000;510.61;512.02;PAC;PAC
2792000;511.53;512.95;PAC;PAC
2794000;511.80;513.22;PAC;PAC
2796000;510.89;512.32;PAC;PAC
2798000;509.59;511.01;PAC;PAC
2800000;510.93;512.35;PAC;PAC
2802000;510.48;511.91;PAC;PAC
2804000;510.93;512.36;PAC;PAC
2806000;511.64;513.07;PAC;PAC
2808000;510.75;512.18;PAC;PAC
2810000;510.48;511.92;PAC;PAC
2812000;509.97;511.40;PAC;PAC
2814000;511.34;512.78;PAC;PAC
2816000;511.74;513.17;PAC;PAC
2818000;510.94;512.38;PAC;PAC
2820000;510.40;511.84;PAC;PAC
2822000;509.65;511.09;PAC;PAC
2824000;511.66;513.10;PAC;PAC
2826000;509.60;511.05;PAC;PAC
2828000;510.43;511.88;PAC;PAC
2830000;512.10;513.55;PAC;PAC
2832000;509.70;511.15;PAC;PAC
2834000;510.46;511.91;PAC;PAC
2836000;512.64;514.09;PAC;PAC
2838000;511.05;512.50;PAC;PAC
2840000;510.34;511.80;PAC;PAC
2842000;511.08;512.53;PAC;PAC
2844000;508.83;510.29;PAC;PAC
2846000;510.68;512.14;PAC;PAC
2848000;511.07;512.53;PAC;PAC
2850000;511.66;513.11;PAC;PAC
2852000;512.78;514.24;PAC;PAC
2854000;510.94;512.40;PAC;PAC
2856000;510.51;511.97;PAC;PAC
2858000;510.20;511.66;PAC;PAC
2860000;510.23;511.69;PAC;PAC
2862000;509.96;511.43;PAC;PAC
2864000;511.49;512.96;PAC;PAC
2866000;512.03;513.50;PAC;PAC
2868000;508.46;509.93;PAC;PAC
2870000;509.50;510.97;PAC;PAC
2872000;510.87;512.34;PAC;PAC
2874000;509.95;511.43;PAC;PAC
2876000;511.33;512.80;PAC;PAC
2878000;511.57;513.04;PAC;PAC
2880000;511.25;512.72;PAC;PAC
2882000;509.74;511.21;PAC;PAC
2884000;513.04;514.51;PAC;PAC
2886000;510.47;511.95;PAC;PAC
2888000;510.79;512.27;PAC;PAC
2890000;510.69;512.17;PAC;PAC
2892000;511.35;512.83;PAC;PAC
2894000;511.40;512.88;PAC;PAC
2896000;509.87;511.35;PAC;PAC
2898000;508.85;510.33;PAC;PAC
2900000;510.34;511.82;PAC;PAC
2902000;510.16;511.64;PAC;PAC
2904000;510.99;512.47;PAC;PAC
2906000;512.01;513.50;PAC;PAC
2908000;509.21;510.69;PAC;PAC
2910000;509.73;511.21;PAC;PAC
2912000;507.97;509.45;PAC;PAC
2914000;512.49;513.98;PAC;PAC
2916000;512.79;514.28;PAC;PAC
2918000;509.62;511.11;PAC;PAC
2920000;511.74;513.23;PAC;PAC
2922000;510.68;512.17;PAC;PAC
2924000;514.21;515.70;PAC;PAC
2926000;508.64;510.13;PAC;PAC
2928000;510.41;511.90;PAC;PAC
2930000;510.80;512.29;PAC;PAC
2932000;509.92;511.42;PAC;PAC
2934000;512.45;513.94;PAC;PAC
2936000;510.96;512.45;PAC;PAC
2938000;511.17;512.67;PAC;PAC
2940000;511.35;512.84;PAC;PAC
2942000;508.61;510.10;PAC;PAC
2944000;510.18;511.68;PAC;PAC
2946000;512.72;514.22;PAC;PAC
2948000;509.72;511.22;PAC;PAC
2950000;509.60;511.10;PAC;PAC
2952000;510.68;512.18;PAC;PAC
2954000;509.46;510.95;PAC;PAC
2956000;510.96;512.46;PAC;PAC
2958000;510.76;512.26;PAC;PAC
2960000;510.34;511.83;PAC;PAC
2962000;507.21;508.70;PAC;PAC
2964000;509.79;511.29;PAC;PAC
2966000;511.14;512.64;PAC;PAC
2968000;508.69;510.19;PAC;PAC
2970000;512.26;513.75;PAC;PAC
2972000;513.41;514.91;PAC;PAC
2974000;511.69;513.19;PAC;PAC
2976000;508.63;510.13;PAC;PAC
2978000;510.30;511.80;PAC;PAC
2980000;511.50;513.00;PAC;PAC
2982000;512.16;513.66;PAC;PAC
2984000;511.08;512.58;PAC;PAC
2986000;510.00;511.50;PAC;PAC
2988000;508.58;510.08;PAC;PAC
2990000;510.00;511.50;PAC;PAC
2992000;511.98;513.48;PAC;PAC
2994000;509.39;510.89;PAC;PAC
2996000;510.40;511.90;PAC;PAC
2998000;512.39;513.89;PAC;PAC
3000000;509.40;510.90;PAC;PAC
3002000;509.61;511.11;PAC;PAC
3004000;509.14;510.64;PAC;PAC
3006000;510.83;512.33;PAC;PAC
3008000;510.29;511.79;PAC;PAC
3010000;509.64;511.14;PAC;PAC
3012000;511.19;512.69;PAC;PAC
3014000;510.46;511.96;PAC;PAC
3016000;510.83;512.33;PAC;PAC
3018000;511.40;512.90;PAC;PAC
3020000;512.35;513.85;PAC;PAC
3022000;510.52;512.01;PAC;PAC
3024000;509.12;510.62;PAC;PAC
3026000;510.39;511.89;PAC;PAC
3028000;511.46;512.96;PAC;PAC
3030000;509.18;510.67;PAC;PAC
3032000;509.44;510.94;PAC;PAC
3034000;511.31;512.81;PAC;PAC
3036000;508.30;509.80;PAC;PAC
3038000;509.77;511.26;PAC;PAC
3040000;511.26;512.76;PAC;PAC
3042000;511.36;512.86;PAC;PAC
3044000;511.77;513.26;PAC;PAC
3046000;511.24;512.74;PAC;PAC
3048000;509.62;511.11;PAC;PAC
3050000;511.60;513.09;PAC;PAC
3052000;512.92;514.42;PAC;PAC
3054000;509.84;511.34;PAC;PAC
3056000;510.88;512.37;PAC;PAC
3058000;509.55;511.05;PAC;PAC
3060000;509.20;510.69;PAC;PAC
3062000;512.46;513.95;PAC;PAC
3064000;510.16;511.66;PAC;PAC
3066000;511.09;512.59;PAC;PAC
3068000;510.66;512.16;PAC;PAC
3070000;510.80;512.29;PAC;PAC
3072000;511.66;513.16;PAC;PAC
3074000;510.03;511.52;PAC;PAC
3076000;510.87;512.36;PAC;PAC
3078000;508.53;510.02;PAC;PAC
3080000;510.19;511.68;PAC;PAC
3082000;509.72;511.20;PAC;PAC
3084000;509.29;510.78;PAC;PAC
3086000;509.49;510.97;PAC;PAC
3088000;509.36;510.85;PAC;PAC
3090000;512.78;514.27;PAC;PAC
3092000;508.84;510.33;PAC;PAC
3094000;507.03;508.51;PAC;PAC
3096000;511.23;512.71;PAC;PAC
3098000;513.83;515.31;PAC;PAC
3100000;511.35;512.83;PAC;PAC
3102000;509.32;510.80;PAC;PAC
3104000;511.81;513.29;PAC;PAC
3106000;509.87;511.35;PAC;PAC
3108000;511.56;513.04;PAC;PAC
3110000;509.51;510.99;PAC;PAC
3112000;510.76;512.24;PAC;PAC
3114000;511.09;512.57;PAC;PAC
3116000;511.79;513.27;PAC;PAC
3118000;509.90;511.37;PAC;PAC
3120000;511.14;512.61;PAC;PAC
3122000;512.45;513.92;PAC;PAC
3124000;510.66;512.14;PAC;PAC
3126000;508.71;510.18;PAC;PAC
3128000;508.53;510.00;PAC;PAC
3130000;511.19;512.66;PAC;PAC
3132000;510.24;511.71;PAC;PAC
3134000;510.99;512.45;PAC;PAC
3136000;512.75;514.22;PAC;PAC
3138000;510.71;512.18;PAC;PAC
3140000;511.38;512.84;PAC;PAC
3142000;509.50;510.96;PAC;PAC
3144000;510.82;512.28;PAC;PAC
3146000;510.50;511.97;PAC;PAC
3148000;510.14;511.60;PAC;PAC
3150000;509.88;511.34;PAC;PAC
3152000;510.60;512.06;PAC;PAC
3154000;509.95;511.41;PAC;PAC
3156000;511.53;512.98;PAC;PAC
3158000;508.62;510.08;PAC;PAC
3160000;510.12;511.58;PAC;PAC
3162000;511.46;512.91;PAC;PAC
3164000;511.97;513.42;PAC;PAC
3166000;511.52;512.97;PAC;PAC
3168000;511.77;513.21;PAC;PAC
3170000;510.93;512.37;PAC;PAC
3172000;508.79;510.23;PAC;PAC
3174000;512.36;513.80;PAC;PAC
3176000;511.60;513.04;PAC;PAC
3178000;511.61;513.05;PAC;PAC
3180000;511.02;512.46;PAC;PAC
3182000;510.90;512.34;PAC;PAC
3184000;509.85;511.29;PAC;PAC
3186000;508.82;510.26;PAC;PAC
3188000;510.18;511.62;PAC;PAC
3190000;508.52;509.96;PAC;PAC
3192000;509.68;511.11;PAC;PAC
3194000;510.02;511.45;PAC;PAC
3196000;511.26;512.68;PAC;PAC
3198000;511.76;513.19;PAC;PAC
3200000;511.18;512.61;PAC;PAC
3202000;509.41;510.83;PAC;PAC
3204000;512.05;513.47;PAC;PAC
3206000;509.41;510.83;PAC;PAC
3208000;511.90;513.32;PAC;PAC
3210000;511.54;512.96;PAC;PAC
3212000;510.29;511.71;PAC;PAC
3214000;511.41;512.83;PAC;PAC
3216000;509.62;511.03;PAC;PAC
3218000;510.61;512.02;PAC;PAC
3220000;511.73;513.14;PAC;PAC
3222000;509.23;510.64;PAC;PAC
3224000;511.32;512.72;PAC;PAC
3226000;510.05;511.46;PAC;PAC
3228000;509.60;511.01;PAC;PAC
3230000;511.88;513.28;PAC;PAC
3232000;508.75;510.15;PAC;PAC
3234000;511.06;512.46;PAC;PAC
3236000;512.43;513.82;PAC;PAC
3238000;510.57;511.97;PAC;PAC
3240000;512.08;513.48;PAC;PAC
3242000;510.40;511.79;PAC;PAC
3244000;511.03;512.42;PAC;PAC
3246000;508.38;509.77;PAC;PAC
3248000;508.91;510.29;PAC;PAC
3250000;511.24;512.62;PAC;PAC
3252000;509.84;511.22;PAC;PAC
3254000;509.99;511.37;PAC;PAC
3256000;511.47;512.85;PAC;PAC
3258000;511.05;512.43;PAC;PAC
3260000;511.81;513.18;PAC;PAC
3262000;512.19;513.56;PAC;PAC
3264000;509.00;510.38;PAC;PAC
3266000;509.79;511.16;PAC;PAC
3268000;509.04;510.41;PAC;PAC
3270000;510.76;512.13;PAC;PAC
3272000;509.17;510.53;PAC;PAC
3274000;509.28;510.64;PAC;PAC
3276000;510.05;511.42;PAC;PAC
3278000;511.57;512.93;PAC;PAC
3280000;511.48;512.84;PAC;PAC
3282000;513.34;514.69;PAC;PAC
3284000;510.25;511.60;PAC;PAC
3286000;511.53;512.88;PAC;PAC
3288000;510.51;511.86;PAC;PAC
3290000;509.13;510.47;PAC;PAC
3292000;510.77;512.12;PAC;PAC
3294000;510.36;511.70;PAC;PAC
3296000;510.06;511.40;PAC;PAC
3298000;511.21;512.55;PAC;PAC
3300000;511.87;513.21;PAC;PAC
3302000;510.35;511.68;PAC;PAC
3304000;509.95;511.29;PAC;PAC
3306000;510.18;511.51;PAC;PAC
3308000;514.15;515.47;PAC;PAC
3310000;510.59;511.92;PAC;PAC
3312000;509.69;511.01;PAC;PAC
3314000;511.46;512.78;PAC;PAC
3316000;510.22;511.53;PAC;PAC
3318000;510.49;511.81;PAC;PAC
3320000;510.24;511.55;PAC;PAC
3322000;510.08;511.40;PAC;PAC
3324000;511.49;512.80;PAC;PAC
3326000;511.14;512.45;PAC;PAC
3328000;511.83;513.14;PAC;PAC
3330000;510.95;512.26;PAC;PAC
3332000;508.87;510.17;PAC;PAC
3334000;511.80;513.10;PAC;PAC
3336000;509.13;510.42;PAC;PAC
3338000;509.40;510.69;PAC;PAC
3340000;508.83;510.12;PAC;PAC
3342000;510.40;511.69;PAC;PAC
3344000;510.01;511.30;PAC;PAC
3346000;507.23;508.51;PAC;PAC
3348000;511.09;512.38;PAC;PAC
3350000;511.78;513.05;PAC;PAC
3352000;511.00;512.27;PAC;PAC
3354000;511.70;512.98;PAC;PAC
3356000;509.65;510.92;PAC;PAC
3358000;511.91;513.18;PAC;PAC
3360000;510.46;511.73;PAC;PAC
3362000;512.10;513.36;PAC;PAC
3364000;511.14;512.40;PAC;PAC
3366000;511.56;512.81;PAC;PAC
3368000;508.62;509.88;PAC;PAC
3370000;509.87;511.12;PAC;PAC
3372000;509.20;510.45;PAC;PAC
3374000;510.19;511.44;PAC;PAC
3376000;509.15;510.39;PAC;PAC
3378000;510.17;511.41;PAC;PAC
3380000;511.20;512.44;PAC;PAC
3382000;510.16;511.40;PAC;PAC
3384000;511.26;512.49;PAC;PAC
3386000;511.44;512.67;PAC;PAC
3388000;509.58;510.81;PAC;PAC
3390000;509.38;510.60;PAC;PAC
3392000;511.15;512.37;PAC;PAC
3394000;511.63;512.86;PAC;PAC
3396000;509.67;510.89;PAC;PAC
3398000;510.60;511.81;PAC;PAC
3400000;508.97;510.19;PAC;PAC
3402000;508.70;509.91;PAC;PAC
3404000;509.53;510.74;PAC;PAC
3406000;510.34;511.54;PAC;PAC
3408000;512.29;513.49;PAC;PAC
3410000;509.67;510.87;PAC;PAC
3412000;511.83;513.03;PAC;PAC
3414000;510.23;511.42;PAC;PAC
3416000;511.39;512.58;PAC;PAC
3418000;510.56;511.75;PAC;PAC
3420000;510.67;511.86;PAC;PAC
3422000;510.55;511.73;PAC;PAC
3424000;511.32;512.50;PAC;PAC
3426000;510.82;511.99;PAC;PAC
3428000;510.17;511.35;PAC;PAC
3430000;511.10;512.27;PAC;PAC
3432000;510.16;511.32;PAC;PAC
3434000;510.64;511.80;PAC;PAC
3436000;510.83;512.00;PAC;PAC
3438000;509.00;510.16;PAC;PAC
3440000;511.03;512.18;PAC;PAC
3442000;510.52;511.67;PAC;PAC
3444000;509.95;511.10;PAC;PAC
3446000;511.43;512.58;PAC;PAC
3448000;511.17;512.31;PAC;PAC
3450000;513.01;514.15;PAC;PAC
3452000;508.65;509.78;PAC;PAC
3454000;511.16;512.29;PAC;PAC
3456000;510.33;511.47;PAC;PAC
3458000;509.97;511.10;PAC;PAC
3460000;512.53;513.66;PAC;PAC
3462000;511.59;512.72;PAC;PAC
3464000;509.58;510.70;PAC;PAC
3466000;510.25;511.36;PAC;PAC
3468000;508.68;509.79;PAC;PAC
3470000;511.26;512.36;PAC;PAC
3472000;513.01;514.12;PAC;PAC
3474000;510.25;511.35;PAC;PAC
3476000;510.90;512.00;PAC;PAC
3478000;509.50;510.60;PAC;PAC
3480000;513.18;514.27;PAC;PAC
3482000;511.29;512.38;PAC;PAC
3484000;510.45;511.54;PAC;PAC
3486000;513.24;514.33;PAC;PAC
3488000;511.32;512.40;PAC;PAC
3490000;512.14;513.22;PAC;PAC
3492000;510.06;511.13;PAC;PAC
3494000;511.24;512.32;PAC;PAC
3496000;512.19;513.26;PAC;PAC
3498000;512.68;513.74;PAC;PAC
3500000;510.78;511.84;PAC;PAC
3502000;510.14;511.20;PAC;PAC
3504000;508.95;510.01;PAC;PAC
3506000;511.23;512.28;PAC;PAC
3508000;510.59;511.63;PAC;PAC
3510000;512.00;513.04;PAC;PAC
3512000;510.11;511.15;PAC;PAC
3514000;510.38;511.42;PAC;PAC
3516000;511.95;512.98;PAC;PAC
3518000;512.01;513.04;PAC;PAC
3520000;512.37;513.40;PAC;PAC
3522000;512.07;513.09;PAC;PAC
3524000;511.76;512.78;PAC;PAC
3526000;510.34;511.36;PAC;PAC
3528000;510.15;511.16;PAC;PAC
3530000;511.32;512.33;PAC;PAC
3532000;513.12;514.12;PAC;PAC
3534000;508.68;509.69;PAC;PAC
3536000;511.28;512.28;PAC;PAC
3538000;510.63;511.62;PAC;PAC
3540000;510.34;511.34;PAC;PAC
3542000;512.59;513.58;PAC;PAC
3544000;511.43;512.42;PAC;PAC
3546000;512.04;513.02;PAC;PAC
3548000;511.63;512.61;PAC;PAC
3550000;512.11;513.08;PAC;PAC
3552000;511.16;512.14;PAC;PAC
3554000;510.94;511.91;PAC;PAC
3556000;510.53;511.50;PAC;PAC
3558000;509.95;510.91;PAC;PAC
3560000;513.05;514.01;PAC;PAC
3562000;509.98;510.94;PAC;PAC
3564000;511.18;512.13;PAC;PAC
3566000;510.80;511.75;PAC;PAC
3568000;510.16;511.11;PAC;PAC
3570000;509.47;510.41;PAC;PAC
3572000;512.21;513.14;PAC;PAC
3574000;511.36;512.29;PAC;PAC
3576000;509.66;510.59;PAC;PAC
3578000;508.95;509.87;PAC;PAC
3580000;510.62;511.54;PAC;PAC
3582000;511.68;512.59;PAC;PAC
3584000;511.91;512.82;PAC;PAC
3586000;512.86;513.77;PAC;PAC
3588000;511.64;512.55;PAC;PAC
3590000;510.38;511.28;PAC;PAC
3592000;512.01;512.91;PAC;PAC
3594000;512.47;513.37;PAC;PAC
3596000;508.36;509.25;PAC;PAC
3598000;513.58;514.47;PAC;PAC
3600000;510.38;511.26;PAC;PAC
3602000;509.75;510.63;PAC;PAC
3604000;511.83;512.70;PAC;PAC
3606000;510.05;510.92;PAC;PAC
3608000;512.53;513.40;PAC;PAC
3610000;511.81;512.68;PAC;PAC
3612000;510.98;511.84;PAC;PAC
3614000;512.04;512.89;PAC;PAC
3616000;508.99;509.84;PAC;PAC
3618000;510.39;511.24;PAC;PAC
3620000;510.36;511.21;PAC;PAC
3622000;510.80;511.64;PAC;PAC
3624000;511.68;512.52;PAC;PAC
3626000;512.03;512.86;PAC;PAC
3628000;510.97;511.80;PAC;PAC
3630000;512.94;513.77;PAC;PAC
3632000;511.21;512.03;PAC;PAC
3634000;509.30;510.12;PAC;PAC
3636000;511.03;511.84;PAC;PAC
3638000;511.06;511.87;PAC;PAC
3640000;513.60;514.40;PAC;PAC
3642000;509.22;510.02;PAC;PAC
3644000;511.59;512.39;PAC;PAC
3646000;510.34;511.13;PAC;PAC
3648000;510.05;510.84;PAC;PAC
3650000;513.10;513.89;PAC;PAC
3652000;509.63;510.40;PAC;PAC
3654000;510.94;511.71;PAC;PAC
3656000;511.53;512.30;PAC;PAC
3658000;511.08;511.84;PAC;PAC
3660000;512.09;512.85;PAC;PAC
3662000;512.20;512.96;PAC;PAC
3664000;512.71;513.47;PAC;PAC
3666000;512.43;513.18;PAC;PAC
3668000;511.77;512.51;PAC;PAC
3670000;509.48;510.23;PAC;PAC
3672000;509.79;510.52;PAC;PAC
3674000;511.82;512.55;PAC;PAC
3676000;510.38;511.11;PAC;PAC
3678000;513.05;513.77;PAC;PAC
3680000;512.81;513.53;PAC;PAC
3682000;511.18;511.90;PAC;PAC
3684000;511.88;512.59;PAC;PAC
3686000;512.70;513.41;PAC;PAC
3688000;511.43;512.13;PAC;PAC
3690000;509.70;510.41;PAC;PAC
3692000;512.23;512.93;PAC;PAC
3694000;511.05;511.74;PAC;PAC
3696000;511.70;512.39;PAC;PAC
3698000;510.98;511.66;PAC;PAC
3700000;509.61;510.29;PAC;PAC
3702000;510.92;511.59;PAC;PAC
3704000;509.63;510.30;PAC;PAC
3706000;508.60;509.27;PAC;PAC
3708000;510.17;510.84;PAC;PAC
3710000;513.17;513.83;PAC;PAC
3712000;512.56;513.22;PAC;PAC
3714000;510.79;511.45;PAC;PAC
3716000;510.94;511.59;PAC;PAC
3718000;511.48;512.12;PAC;PAC
3720000;512.16;512.80;PAC;PAC
3722000;511.57;512.21;PAC;PAC
3724000;512.40;513.03;PAC;PAC
3726000;512.28;512.91;PAC;PAC
3728000;511.85;512.47;PAC;PAC
3730000;512.45;513.07;PAC;PAC
3732000;510.58;511.19;PAC;PAC
3734000;510.41;511.02;PAC;PAC
3736000;511.66;512.26;PAC;PAC
3738000;511.43;512.03;PAC;PAC
3740000;514.12;514.71;PAC;PAC
3742000;511.28;511.87;PAC;PAC
3744000;511.68;512.27;PAC;PAC
3746000;512.47;513.05;PAC;PAC
3748000;511.29;511.87;PAC;PAC
3750000;512.99;513.57;PAC;PAC
3752000;510.36;510.93;PAC;PAC
3754000;511.74;512.31;PAC;PAC
3756000;510.49;511.06;PAC;PAC
3758000;512.14;512.70;PAC;PAC
3760000;512.47;513.02;PAC;PAC
3762000;511.56;512.11;PAC;PAC
3764000;511.19;511.73;PAC;PAC
3766000;513.53;514.07;PAC;PAC
3768000;511.86;512.39;PAC;PAC
3770000;511.65;512.18;PAC;PAC
3772000;511.39;511.92;PAC;PAC
3774000;510.36;510.88;PAC;PAC
3776000;511.10;511.62;PAC;PAC
3778000;512.29;512.80;PAC;PAC
3780000;510.94;511.45;PAC;PAC
3782000;510.50;511.00;PAC;PAC
3784000;510.61;511.11;PAC;PAC
3786000;510.21;510.70;PAC;PAC
3788000;512.18;512.67;PAC;PAC
3790000;509.30;509.79;PAC;PAC
3792000;511.96;512.44;PAC;PAC
3794000;510.32;510.80;PAC;PAC
3796000;511.63;512.10;PAC;PAC
3798000;510.66;511.12;PAC;PAC
3800000;511.03;511.49;PAC;PAC
3802000;513.00;513.46;PAC;PAC
3804000;511.73;512.18;PAC;PAC
3806000;512.75;513.20;PAC;PAC
3808000;513.27;513.71;PAC;PAC
3810000;508.43;508.87;PAC;PAC
3812000;510.89;511.33;PAC;PAC
3814000;510.56;510.99;PAC;PAC
3816000;510.66;511.09;PAC;PAC
3818000;508.40;508.82;PAC;PAC
3820000;510.52;510.93;PAC;PAC
3822000;512.51;512.92;PAC;PAC
3824000;511.02;511.42;PAC;PAC
3826000;511.56;511.96;PAC;PAC
3828000;510.83;511.23;PAC;PAC
3830000;510.35;510.75;PAC;PAC
3832000;513.57;513.96;PAC;PAC
3834000;509.17;509.55;PAC;PAC
3836000;511.59;511.98;PAC;PAC
3838000;512.03;512.41;PAC;PAC
3840000;512.54;512.91;PAC;PAC
3842000;511.73;512.10;PAC;PAC
3844000;509.82;510.18;PAC;PAC
3846000;511.98;512.34;PAC;PAC
3848000;512.16;512.52;PAC;PAC
3850000;510.53;510.88;PAC;PAC
3852000;512.11;512.46;PAC;PAC
3854000;509.37;509.71;PAC;PAC
3856000;511.97;512.30;PAC;PAC
3858000;514.59;514.92;PAC;PAC
3860000;511.68;512.01;PAC;PAC
3862000;511.97;512.29;PAC;PAC
3864000;510.57;510.89;PAC;PAC
3866000;512.14;512.46;PAC;PAC
3868000;512.60;512.91;PAC;PAC
3870000;512.44;512.74;PAC;PAC
3872000;513.19;513.49;PAC;PAC
3874000;512.38;512.68;PAC;PAC
3876000;513.13;513.42;PAC;PAC
3878000;510.71;511.00;PAC;PAC
3880000;510.04;510.32;PAC;PAC
3882000;512.31;512.59;PAC;PAC
3884000;511.32;511.59;PAC;PAC
3886000;510.48;510.75;PAC;PAC
3888000;510.30;510.56;PAC;PAC
3890000;512.26;512.51;PAC;PAC
3892000;512.76;513.01;PAC;PAC
3894000;513.92;514.17;PAC;PAC
3896000;512.16;512.41;PAC;PAC
3898000;511.61;511.84;PAC;PAC
3900000;512.06;512.30;PAC;PAC
3902000;512.40;512.63;PAC;PAC
3904000;510.69;510.91;PAC;PAC
3906000;512.58;512.80;PAC;PAC
3908000;510.28;510.50;PAC;PAC
3910000;512.56;512.77;PAC;PAC
3912000;510.46;510.67;PAC;PAC
3914000;511.12;511.32;PAC;PAC
3916000;512.82;513.01;PAC;PAC
3918000;512.48;512.67;PAC;PAC
3920000;512.84;513.03;PAC;PAC
3922000;512.88;513.07;PAC;PAC
3924000;511.44;511.62;PAC;PAC
3926000;511.76;511.93;PAC;PAC
3928000;512.90;513.07;PAC;PAC
3930000;514.14;514.30;PAC;PAC
3932000;510.44;510.60;PAC;PAC
3934000;512.16;512.32;PAC;PAC
3936000;511.29;511.44;PAC;PAC
3938000;508.66;508.81;PAC;PAC
3940000;511.93;512.07;PAC;PAC
3942000;511.73;511.87;PAC;PAC
3944000;513.77;513.90;PAC;PAC
3946000;510.91;511.04;PAC;PAC
3948000;511.70;511.82;PAC;PAC
3950000;510.06;510.18;PAC;PAC
3952000;513.82;513.93;PAC;PAC
3954000;511.53;511.64;PAC;PAC
3956000;511.92;512.02;PAC;PAC
3958000;509.82;509.92;PAC;PAC
3960000;514.03;514.12;PAC;PAC
3962000;512.97;513.06;PAC;PAC
3964000;509.74;509.82;PAC;PAC
3966000;511.44;511.52;PAC;PAC
3968000;513.45;513.52;PAC;PAC
3970000;510.47;510.54;PAC;PAC
3972000;512.10;512.16;PAC;PAC
3974000;511.74;511.80;PAC;PAC
3976000;514.81;514.86;PAC;PAC
3978000;511.57;511.63;PAC;PAC
3980000;512.31;512.36;PAC;PAC
3982000;509.62;509.67;PAC;PAC
3984000;512.88;512.92;PAC;PAC
3986000;513.17;513.20;PAC;PAC
3988000;510.33;510.36;PAC;PAC
3990000;510.75;510.78;PAC;PAC
3992000;513.05;513.07;PAC;PAC
3994000;511.42;511.44;PAC;PAC
3996000;513.06;513.07;PAC;PAC
3998000;511.26;511.26;PAC;PAC
4000000;510.93;510.93;PAC;PAC
4002000;510.19;510.18;PAC;PAC
4004000;512.83;512.82;PAC;PAC
4006000;511.37;511.35;PAC;PAC
4008000;512.87;512.85;PAC;PAC
4010000;511.22;511.19;PAC;PAC
4012000;512.77;512.74;PAC;PAC
4014000;511.50;511.47;PAC;PAC
4016000;512.95;512.91;PAC;PAC
4018000;513.98;513.94;PAC;PAC
4020000;512.34;512.30;PAC;PAC
4022000;510.17;510.12;PAC;PAC
4024000;511.77;511.71;PAC;PAC
4026000;513.24;513.18;PAC;PAC
4028000;510.37;510.30;PAC;PAC
4030000;513.09;513.02;PAC;PAC
4032000;512.36;512.29;PAC;PAC
4034000;509.36;509.28;PAC;PAC
4036000;513.62;513.54;PAC;PAC
4038000;512.52;512.43;PAC;PAC
4040000;510.31;510.22;PAC;PAC
4042000;510.54;510.44;PAC;PAC
4044000;511.36;511.26;PAC;PAC
4046000;511.23;511.12;PAC;PAC
4048000;513.29;513.18;PAC;PAC
4050000;511.28;511.16;PAC;PAC
4052000;514.31;514.19;PAC;PAC
4054000;512.76;512.64;PAC;PAC
4056000;513.27;513.14;PAC;PAC
4058000;514.22;514.08;PAC;PAC
4060000;512.32;512.18;PAC;PAC
4062000;511.14;511.00;PAC;PAC
4064000;513.29;513.14;PAC;PAC
4066000;511.38;511.22;PAC;PAC
4068000;512.55;512.39;PAC;PAC
4070000;512.46;512.29;PAC;PAC
4072000;512.58;512.42;PAC;PAC
4074000;511.58;511.41;PAC;PAC
4076000;512.98;512.81;PAC;PAC
4078000;513.63;513.45;PAC;PAC
4080000;512.24;512.05;PAC;PAC
4082000;511.78;511.59;PAC;PAC
4084000;513.46;513.27;PAC;PAC
4086000;511.13;510.93;PAC;PAC
4088000;509.64;509.44;PAC;PAC
4090000;512.42;512.21;PAC;PAC
4092000;511.43;511.22;PAC;PAC
4094000;511.56;511.34;PAC;PAC
4096000;512.62;512.40;PAC;PAC
4098000;513.67;513.44;PAC;PAC
4100000;511.59;511.35;PAC;PAC
4102000;512.91;512.67;PAC;PAC
4104000;512.14;511.90;PAC;PAC
4106000;513.76;513.52;PAC;PAC
4108000;509.81;509.56;PAC;PAC
4110000;512.56;512.30;PAC;PAC
4112000;513.29;513.03;PAC;PAC
4114000;512.06;511.79;PAC;PAC
4116000;511.30;511.03;PAC;PAC
4118000;511.58;511.30;PAC;PAC
4120000;511.72;511.44;PAC;PAC
4122000;509.37;509.08;PAC;PAC
4124000;510.25;509.96;PAC;PAC
4126000;510.02;509.72;PAC;PAC
4128000;512.34;512.04;PAC;PAC
4130000;511.49;511.19;PAC;PAC
4132000;513.10;512.79;PAC;PAC
4134000;511.72;511.40;PAC;PAC
4136000;511.82;511.50;PAC;PAC
4138000;513.26;512.94;PAC;PAC
4140000;513.90;513.58;PAC;PAC
4142000;514.15;513.82;PAC;PAC
4144000;511.84;511.50;PAC;PAC
4146000;513.45;513.11;PAC;PAC
4148000;514.74;514.39;PAC;PAC
4150000;511.40;511.05;PAC;PAC
4152000;514.52;514.16;PAC;PAC
4154000;511.60;511.24;PAC;PAC
4156000;512.52;512.16;PAC;PAC
4158000;511.17;510.80;PAC;PAC
4160000;511.72;511.34;PAC;PAC
4162000;512.99;512.62;PAC;PAC
4164000;512.90;512.52;PAC;PAC
4166000;511.37;510.98;PAC;PAC
4168000;512.25;511.86;PAC;PAC
4170000;512.54;512.14;PAC;PAC
4172000;510.78;510.38;PAC;PAC
4174000;514.41;514.01;PAC;PAC
4176000;511.12;510.71;PAC;PAC
4178000;513.94;513.52;PAC;PAC
4180000;514.35;513.93;PAC;PAC
4182000;512.20;511.77;PAC;PAC
4184000;511.53;511.10;PAC;PAC
4186000;510.42;509.99;PAC;PAC
4188000;511.31;510.88;PAC;PAC
4190000;511.86;511.41;PAC;PAC
4192000;512.87;512.43;PAC;PAC
4194000;512.94;512.49;PAC;PAC
4196000;511.74;511.29;PAC;PAC
4198000;513.60;513.14;PAC;PAC
4200000;511.29;510.83;PAC;PAC
4202000;513.36;512.89;PAC;PAC
4204000;513.60;513.13;PAC;PAC
4206000;512.28;511.80;PAC;PAC
4208000;512.55;512.07;PAC;PAC
4210000;512.68;512.19;PAC;PAC
4212000;511.11;510.62;PAC;PAC
4214000;510.62;510.12;PAC;PAC
4216000;515.65;515.15;PAC;PAC
4218000;510.15;509.64;PAC;PAC
4220000;514.69;514.18;PAC;PAC
4222000;512.14;511.63;PAC;PAC
4224000;513.75;513.24;PAC;PAC
4226000;512.94;512.41;PAC;PAC
4228000;511.57;511.05;PAC;PAC
4230000;513.03;512.50;PAC;PAC
4232000;512.11;511.57;PAC;PAC
4234000;511.90;511.37;PAC;PAC
4236000;514.39;513.84;PAC;PAC
4238000;513.32;512.78;PAC;PAC
4240000;511.84;511.29;PAC;PAC
4242000;514.19;513.64;PAC;PAC
4244000;513.66;513.10;PAC;PAC
4246000;512.74;512.18;PAC;PAC
4248000;511.95;511.38;PAC;PAC
4250000;512.04;511.47;PAC;PAC
4252000;512.33;511.75;PAC;PAC
4254000;513.51;512.92;PAC;PAC
4256000;511.49;510.91;PAC;PAC
4258000;511.63;511.04;PAC;PAC
4260000;512.45;511.86;PAC;PAC
4262000;513.22;512.62;PAC;PAC
4264000;511.25;510.65;PAC;PAC
4266000;511.78;511.17;PAC;PAC
4268000;513.44;512.83;PAC;PAC
4270000;512.77;512.15;PAC;PAC
4272000;512.32;511.70;PAC;PAC
4274000;513.06;512.43;PAC;PAC
4276000;513.71;513.08;PAC;PAC
4278000;515.31;514.68;PAC;PAC
4280000;514.08;513.44;PAC;PAC
4282000;512.99;512.35;PAC;PAC
4284000;509.34;508.69;PAC;PAC
4286000;513.98;513.33;PAC;PAC
4288000;512.80;512.14;PAC;PAC
4290000;513.89;513.23;PAC;PAC
4292000;513.20;512.54;PAC;PAC
4294000;515.16;514.49;PAC;PAC
4296000;513.31;512.64;PAC;PAC
4298000;510.52;509.84;PAC;PAC
4300000;511.30;510.62;PAC;PAC
4302000;513.54;512.86;PAC;PAC
4304000;512.03;511.34;PAC;PAC
4306000;511.31;510.62;PAC;PAC
4308000;510.81;510.11;PAC;PAC
4310000;511.13;510.43;PAC;PAC
4312000;511.26;510.56;PAC;PAC
4314000;511.30;510.59;PAC;PAC
4316000;513.44;512.73;PAC;PAC
4318000;511.99;511.27;PAC;PAC
4320000;510.99;510.27;PAC;PAC
4322000;512.55;511.83;PAC;PAC
4324000;513.83;513.10;PAC;PAC
4326000;511.95;511.22;PAC;PAC
4328000;513.84;513.10;PAC;PAC
4330000;511.30;510.56;PAC;PAC
4332000;513.38;512.64;PAC;PAC
4334000;511.09;510.33;PAC;PAC
4336000;513.95;513.19;PAC;PAC
4338000;513.70;512.94;PAC;PAC
4340000;514.19;513.43;PAC;PAC
4342000;512.45;511.68;PAC;PAC
4344000;515.48;514.71;PAC;PAC
4346000;515.03;514.26;PAC;PAC
4348000;515.03;514.25;PAC;PAC
4350000;515.00;514.22;PAC;PAC
4352000;512.82;512.03;PAC;PAC
4354000;514.06;513.26;PAC;PAC
4356000;514.38;513.59;PAC;PAC
4358000;512.65;511.85;PAC;PAC
4360000;510.87;510.07;PAC;PAC
4362000;513.53;512.72;PAC;PAC
4364000;512.65;511.84;PAC;PAC
4366000;514.03;513.22;PAC;PAC
4368000;512.73;511.91;PAC;PAC
4370000;513.39;512.57;PAC;PAC
4372000;513.07;512.24;PAC;PAC
4374000;512.40;511.57;PAC;PAC
4376000;514.00;513.16;PAC;PAC
4378000;512.49;511.65;PAC;PAC
4380000;514.25;513.40;PAC;PAC
4382000;512.39;511.55;PAC;PAC
4384000;513.91;513.06;PAC;PAC
4386000;512.99;512.14;PAC;PAC
4388000;509.70;508.84;PAC;PAC
4390000;511.60;510.74;PAC;PAC
4392000;510.28;509.41;PAC;PAC
4394000;513.31;512.44;PAC;PAC
4396000;513.66;512.79;PAC;PAC
4398000;513.38;512.50;PAC;PAC
4400000;513.32;512.44;PAC;PAC
4402000;509.29;508.41;PAC;PAC
4404000;514.23;513.34;PAC;PAC
4406000;511.89;511.00;PAC;PAC
4408000;514.18;513.28;PAC;PAC
4410000;513.08;512.18;PAC;PAC
4412000;513.12;512.22;PAC;PAC
4414000;513.57;512.66;PAC;PAC
4416000;513.33;512.42;PAC;PAC
4418000;512.53;511.61;PAC;PAC
4420000;513.54;512.62;PAC;PAC
4422000;513.51;512.58;PAC;PAC
4424000;513.74;512.81;PAC;PAC
4426000;510.92;509.99;PAC;PAC
4428000;511.63;510.69;PAC;PAC
4430000;513.17;512.24;PAC;PAC
4432000;511.17;510.22;PAC;PAC
4434000;513.39;512.45;PAC;PAC
4436000;512.70;511.75;PAC;PAC
4438000;513.19;512.24;PAC;PAC
4440000;512.82;511.86;PAC;PAC
4442000;510.44;509.48;PAC;PAC
4444000;512.14;511.17;PAC;PAC
4446000;512.07;511.10;PAC;PAC
4448000;514.38;513.41;PAC;PAC
4450000;512.38;511.41;PAC;PAC
4452000;512.35;511.38;PAC;PAC
4454000;512.41;511.43;PAC;PAC
4456000;511.95;510.97;PAC;PAC
4458000;516.46;515.47;PAC;PAC
4460000;513.67;512.67;PAC;PAC
4462000;511.81;510.81;PAC;PAC
4464000;512.54;511.54;PAC;PAC
4466000;514.13;513.13;PAC;PAC
4468000;512.88;511.87;PAC;PAC
4470000;515.95;514.95;PAC;PAC
4472000;513.47;512.45;PAC;PAC
4474000;510.49;509.47;PAC;PAC
4476000;513.98;512.96;PAC;PAC
4478000;513.27;512.25;PAC;PAC
4480000;514.87;513.84;PAC;PAC
4482000;514.88;513.85;PAC;PAC
4484000;512.50;511.47;PAC;PAC
4486000;513.13;512.10;PAC;PAC
4488000;513.50;512.46;PAC;PAC
4490000;510.72;509.67;PAC;PAC
4492000;513.93;512.88;PAC;PAC
4494000;512.09;511.04;PAC;PAC
4496000;512.37;511.31;PAC;PAC
4498000;515.08;514.02;PAC;PAC
4500000;510.94;509.88;PAC;PAC
4502000;513.32;512.26;PAC;PAC
4504000;513.67;512.60;PAC;PAC
4506000;513.87;512.80;PAC;PAC
4508000;511.70;510.63;PAC;PAC
4510000;514.46;513.38;PAC;PAC
4512000;512.57;511.49;PAC;PAC
4514000;510.09;509.01;PAC;PAC
4516000;511.22;510.13;PAC;PAC
4518000;514.48;513.39;PAC;PAC
4520000;513.94;512.85;PAC;PAC
4522000;512.93;511.83;PAC;PAC
4524000;513.79;512.69;PAC;PAC
4526000;512.16;511.05;PAC;PAC
4528000;511.96;510.85;PAC;PAC
4530000;513.54;512.43;PAC;PAC
4532000;514.34;513.23;PAC;PAC
4534000;511.70;510.59;PAC;PAC
4536000;512.90;511.78;PAC;PAC
4538000;512.93;511.81;PAC;PAC
4540000;515.38;514.26;PAC;PAC
4542000;514.87;513.74;PAC;PAC
4544000;513.45;512.32;PAC;PAC
4546000;513.23;512.10;PAC;PAC
4548000;510.71;509.58;PAC;PAC
4550000;512.26;511.12;PAC;PAC
4552000;511.49;510.35;PAC;PAC
4554000;514.64;513.49;PAC;PAC
4556000;510.27;509.12;PAC;PAC
4558000;512.28;511.12;PAC;PAC
4560000;511.44;510.28;PAC;PAC
4562000;511.55;510.39;PAC;PAC
4564000;512.03;510.87;PAC;PAC
4566000;512.84;511.67;PAC;PAC
4568000;511.22;510.06;PAC;PAC
4570000;511.41;510.23;PAC;PAC
4572000;511.61;510.44;PAC;PAC
4574000;511.42;510.25;PAC;PAC
4576000;513.90;512.73;PAC;PAC
4578000;511.98;510.80;PAC;PAC
4580000;513.04;511.85;PAC;PAC
4582000;516.09;514.91;PAC;PAC
4584000;513.09;511.90;PAC;PAC
4586000;514.90;513.70;PAC;PAC
4588000;514.94;513.74;PAC;PAC
4590000;513.23;512.03;PAC;PAC
4592000;513.53;512.33;PAC;PAC
4594000;511.51;510.30;PAC;PAC
4596000;514.54;513.33;PAC;PAC
4598000;514.18;512.97;PAC;PAC
4600000;513.10;511.89;PAC;PAC
4602000;513.27;512.05;PAC;PAC
4604000;514.74;513.52;PAC;PAC
4606000;512.98;511.76;PAC;PAC
4608000;513.33;512.10;PAC;PAC
4610000;513.70;512.47;PAC;PAC
4612000;512.26;511.03;PAC;PAC
4614000;511.65;510.42;PAC;PAC
4616000;512.51;511.27;PAC;PAC
4618000;513.59;512.35;PAC;PAC
4620000;512.00;510.76;PAC;PAC
4622000;515.11;513.87;PAC;PAC
4624000;512.38;511.13;PAC;PAC
4626000;513.56;512.31;PAC;PAC
4628000;512.68;511.42;PAC;PAC
4630000;515.03;513.78;PAC;PAC
4632000;513.28;512.02;PAC;PAC
4634000;510.64;509.38;PAC;PAC
4636000;513.01;511.75;PAC;PAC
4638000;510.63;509.37;PAC;PAC
4640000;510.25;508.99;PAC;PAC
4642000;514.21;512.94;PAC;PAC
4644000;512.84;511.56;PAC;PAC
4646000;512.66;511.39;PAC;PAC
4648000;514.14;512.86;PAC;PAC
4650000;513.03;511.75;PAC;PAC
4652000;511.87;510.59;PAC;PAC
4654000;513.29;512.00;PAC;PAC
4656000;512.35;511.06;PAC;PAC
4658000;513.60;512.31;PAC;PAC
4660000;512.84;511.55;PAC;PAC
4662000;512.64;511.34;PAC;PAC
4664000;514.96;513.67;PAC;PAC
4666000;513.66;512.36;PAC;PAC
4668000;512.36;511.06;PAC;PAC
4670000;514.98;513.67;PAC;PAC
4672000;512.06;510.75;PAC;PAC
4674000;513.34;512.03;PAC;PAC
4676000;510.21;508.90;PAC;PAC
4678000;513.05;511.73;PAC;PAC
4680000;513.92;512.61;PAC;PAC
4682000;512.60;511.29;PAC;PAC
4684000;514.01;512.69;PAC;PAC
4686000;513.23;511.91;PAC;PAC
4688000;512.53;511.21;PAC;PAC
4690000;514.18;512.85;PAC;PAC
4692000;512.23;510.90;PAC;PAC
4694000;512.86;511.53;PAC;PAC
4696000;513.07;511.74;PAC;PAC
4698000;512.93;511.60;PAC;PAC
4700000;515.23;513.89;PAC;PAC
4702000;512.54;511.20;PAC;PAC
4704000;510.84;509.50;PAC;PAC
4706000;513.51;512.17;PAC;PAC
4708000;512.49;511.15;PAC;PAC
4710000;513.53;512.18;PAC;PAC
4712000;513.26;511.91;PAC;PAC
4714000;513.21;511.86;PAC;PAC
4716000;513.36;512.00;PAC;PAC
4718000;514.87;513.51;PAC;PAC
4720000;514.15;512.79;PAC;PAC
4722000;515.91;514.55;PAC;PAC
4724000;512.81;511.45;PAC;PAC
4726000;512.76;511.40;PAC;PAC
4728000;513.80;512.43;PAC;PAC
4730000;510.31;508.94;PAC;PAC
4732000;513.13;511.76;PAC;PAC
4734000;513.69;512.32;PAC;PAC
4736000;512.59;511.22;PAC;PAC
4738000;512.61;511.24;PAC;PAC
4740000;514.93;513.55;PAC;PAC
4742000;511.45;510.08;PAC;PAC
4744000;512.54;511.16;PAC;PAC
4746000;517.25;515.87;PAC;PAC
4748000;515.77;514.39;PAC;PAC
4750000;514.20;512.81;PAC;PAC
4752000;514.25;512.86;PAC;PAC
4754000;511.92;510.53;PAC;PAC
4756000;514.02;512.63;PAC;PAC
4758000;513.04;511.65;PAC;PAC
4760000;512.21;510.81;PAC;PAC
4762000;512.94;511.55;PAC;PAC
4764000;510.68;509.29;PAC;PAC
4766000;513.48;512.08;PAC;PAC
4768000;513.55;512.15;PAC;PAC
4770000;513.19;511.79;PAC;PAC
4772000;514.08;512.67;PAC;PAC
4774000;513.19;511.78;PAC;PAC
4776000;513.53;512.13;PAC;PAC
4778000;511.77;510.36;PAC;PAC
4780000;514.22;512.81;PAC;PAC
4782000;512.58;511.17;PAC;PAC
4784000;515.38;513.96;PAC;PAC
4786000;514.42;513.00;PAC;PAC
4788000;515.04;513.62;PAC;PAC
4790000;513.19;511.77;PAC;PAC
4792000;515.16;513.74;PAC;PAC
4794000;513.65;512.23;PAC;PAC
4796000;513.88;512.46;PAC;PAC
4798000;512.29;510.86;PAC;PAC
4800000;513.26;511.84;PAC;PAC
4802000;514.30;512.87;PAC;PAC
4804000;514.75;513.32;PAC;PAC
4806000;512.32;510.89;PAC;PAC
4808000;512.64;511.21;PAC;PAC
4810000;512.51;511.08;PAC;PAC
4812000;515.64;514.20;PAC;PAC
4814000;511.93;510.50;PAC;PAC
4816000;511.53;510.10;PAC;PAC
4818000;512.53;511.09;PAC;PAC
4820000;514.51;513.07;PAC;PAC
4822000;511.41;509.97;PAC;PAC
4824000;515.63;514.19;PAC;PAC
4826000;511.40;509.95;PAC;PAC
4828000;514.52;513.08;PAC;PAC
4830000;513.44;511.99;PAC;PAC
4832000;513.47;512.02;PAC;PAC
4834000;512.72;511.27;PAC;PAC
4836000;514.09;512.64;PAC;PAC
4838000;512.93;511.48;PAC;PAC
4840000;511.07;509.62;PAC;PAC
4842000;514.30;512.85;PAC;PAC
4844000;513.04;511.58;PAC;PAC
4846000;512.70;511.25;PAC;PAC
4848000;510.09;508.63;PAC;PAC
4850000;513.59;512.14;PAC;PAC
4852000;515.08;513.62;PAC;PAC
4854000;513.10;511.64;PAC;PAC
4856000;514.08;512.61;PAC;PAC
4858000;513.66;512.20;PAC;PAC
4860000;512.21;510.75;PAC;PAC
4862000;511.80;510.33;PAC;PAC
4864000;515.89;514.42;PAC;PAC
4866000;509.94;508.47;PAC;PAC
4868000;512.25;510.79;PAC;PAC
4870000;512.99;511.52;PAC;PAC
4872000;514.72;513.25;PAC;PAC
4874000;512.65;511.18;PAC;PAC
4876000;512.49;511.02;PAC;PAC
4878000;510.68;509.20;PAC;PAC
4880000;511.37;509.90;PAC;PAC
4882000;512.72;511.25;PAC;PAC
4884000;512.49;511.02;PAC;PAC
4886000;514.43;512.95;PAC;PAC
4888000;512.82;511.35;PAC;PAC
4890000;513.70;512.22;PAC;PAC
4892000;513.45;511.97;PAC;PAC
4894000;513.57;512.09;PAC;PAC
4896000;512.71;511.23;PAC;PAC
4898000;514.11;512.63;PAC;PAC
4900000;514.76;513.28;PAC;PAC
4902000;512.27;510.79;PAC;PAC
4904000;512.77;511.29;PAC;PAC
4906000;512.16;510.68;PAC;PAC
4908000;513.01;511.53;PAC;PAC
4910000;511.53;510.05;PAC;PAC
4912000;513.87;512.38;PAC;PAC
4914000;512.51;511.03;PAC;PAC
4916000;512.27;510.78;PAC;PAC
4918000;511.77;510.28;PAC;PAC
4920000;514.72;513.23;PAC;PAC
4922000;515.33;513.84;PAC;PAC
4924000;513.91;512.42;PAC;PAC
4926000;514.05;512.56;PAC;PAC
4928000;514.76;513.27;PAC;PAC
4930000;512.14;510.65;PAC;PAC
4932000;514.56;513.07;PAC;PAC
4934000;514.68;513.19;PAC;PAC
4936000;514.52;513.03;PAC;PAC
4938000;514.41;512.92;PAC;PAC
4940000;514.67;513.18;PAC;PAC
4942000;514.05;512.56;PAC;PAC
4944000;513.93;512.43;PAC;PAC
4946000;511.88;510.38;PAC;PAC
4948000;512.15;510.65;PAC;PAC
4950000;511.19;509.70;PAC;PAC
4952000;512.66;511.17;PAC;PAC
4954000;513.90;512.40;PAC;PAC
4956000;513.50;512.00;PAC;PAC
4958000;516.82;515.33;PAC;PAC
4960000;513.78;512.28;PAC;PAC
4962000;513.27;511.77;PAC;PAC
4964000;513.11;511.61;PAC;PAC
4966000;514.05;512.56;PAC;PAC
4968000;511.56;510.06;PAC;PAC
4970000;512.73;511.23;PAC;PAC
4972000;515.08;513.59;PAC;PAC
4974000;514.47;512.97;PAC;PAC
4976000;512.57;511.07;PAC;PAC
4978000;514.42;512.92;PAC;PAC
4980000;513.75;512.25;PAC;PAC
4982000;513.95;512.45;PAC;PAC
4984000;513.71;512.21;PAC;PAC
4986000;513.61;512.11;PAC;PAC
4988000;512.93;511.43;PAC;PAC
4990000;512.94;511.44;PAC;PAC
4992000;513.85;512.35;PAC;PAC
4994000;512.87;511.37;PAC;PAC
4996000;513.14;511.64;PAC;PAC
4998000;515.33;513.83;PAC;PAC
5000000;515.13;513.63;PAC;PAC
5002000;514.51;513.01;PAC;PAC
5004000;514.47;512.97;PAC;PAC
5006000;511.97;510.47;PAC;PAC
5008000;510.48;508.98;PAC;PAC
5010000;512.35;510.85;PAC;PAC
5012000;513.90;512.40;PAC;PAC
5014000;512.71;511.21;PAC;PAC
5016000;515.42;513.92;PAC;PAC
5018000;513.38;511.88;PAC;PAC
5020000;512.47;510.97;PAC;PAC
5022000;514.23;512.73;PAC;PAC
5024000;514.68;513.18;PAC;PAC
5026000;512.08;510.58;PAC;PAC
5028000;512.14;510.64;PAC;PAC
5030000;514.42;512.92;PAC;PAC
5032000;513.29;511.79;PAC;PAC
5034000;512.11;510.61;PAC;PAC
5036000;514.09;512.60;PAC;PAC
5038000;513.33;511.83;PAC;PAC
5040000;514.19;512.69;PAC;PAC
5042000;513.26;511.76;PAC;PAC
5044000;513.55;512.06;PAC;PAC
5046000;512.30;510.80;PAC;PAC
5048000;513.62;512.12;PAC;PAC
5050000;512.30;510.80;PAC;PAC
5052000;512.46;510.97;PAC;PAC
5054000;512.60;511.11;PAC;PAC
5056000;511.54;510.05;PAC;PAC
5058000;514.19;512.69;PAC;PAC
5060000;513.61;512.11;PAC;PAC
5062000;512.20;510.70;PAC;PAC
5064000;516.09;514.59;PAC;PAC
5066000;514.10;512.61;PAC;PAC
5068000;515.30;513.81;PAC;PAC
5070000;513.36;511.87;PAC;PAC
5072000;512.06;510.57;PAC;PAC
5074000;512.65;511.16;PAC;PAC
5076000;511.49;510.00;PAC;PAC
5078000;514.06;512.57;PAC;PAC
5080000;513.67;512.18;PAC;PAC
5082000;514.09;512.60;PAC;PAC
5084000;510.24;508.76;PAC;PAC
5086000;515.52;514.04;PAC;PAC
5088000;511.36;509.87;PAC;PAC
5090000;510.23;508.74;PAC;PAC
5092000;513.76;512.28;PAC;PAC
5094000;512.83;511.35;PAC;PAC
5096000;514.30;512.82;PAC;PAC
5098000;513.34;511.86;PAC;PAC
5100000;513.85;512.37;PAC;PAC
5102000;513.70;512.22;PAC;PAC
5104000;515.15;513.67;PAC;PAC
5106000;513.90;512.42;PAC;PAC
5108000;513.51;512.03;PAC;PAC
5110000;513.65;512.17;PAC;PAC
5112000;513.99;512.51;PAC;PAC
5114000;512.53;511.05;PAC;PAC
5116000;512.60;511.12;PAC;PAC
5118000;511.22;509.74;PAC;PAC
5120000;513.12;511.65;PAC;PAC
5122000;511.85;510.38;PAC;PAC
5124000;514.20;512.73;PAC;PAC
5126000;513.88;512.41;PAC;PAC
5128000;514.12;512.65;PAC;PAC
5130000;512.93;511.46;PAC;PAC
5132000;513.66;512.20;PAC;PAC
5134000;514.58;513.11;PAC;PAC
5136000;512.52;511.05;PAC;PAC
5138000;514.24;512.78;PAC;PAC
5140000;512.82;511.36;PAC;PAC
5142000;513.91;512.45;PAC;PAC
5144000;514.83;513.37;PAC;PAC
5146000;513.56;512.10;PAC;PAC
5148000;510.79;509.33;PAC;PAC
5150000;512.74;511.28;PAC;PAC
5152000;514.38;512.92;PAC;PAC
5154000;514.54;513.09;PAC;PAC
5156000;512.65;511.19;PAC;PAC
5158000;512.40;510.94;PAC;PAC
5160000;513.16;511.71;PAC;PAC
5162000;512.34;510.89;PAC;PAC
5164000;513.93;512.48;PAC;PAC
5166000;513.19;511.74;PAC;PAC
5168000;511.93;510.48;PAC;PAC
5170000;514.88;513.44;PAC;PAC
5172000;513.48;512.04;PAC;PAC
5174000;513.14;511.70;PAC;PAC
5176000;512.59;511.14;PAC;PAC
5178000;513.63;512.19;PAC;PAC
5180000;512.51;511.07;PAC;PAC
5182000;513.70;512.26;PAC;PAC
5184000;514.46;513.02;PAC;PAC
5186000;514.28;512.85;PAC;PAC
5188000;513.20;511.76;PAC;PAC
5190000;513.83;512.40;PAC;PAC
5192000;514.79;513.36;PAC;PAC
5194000;512.22;510.78;PAC;PAC
5196000;513.09;511.66;PAC;PAC
5198000;512.53;511.10;PAC;PAC
5200000;511.92;510.49;PAC;PAC
5202000;512.13;510.70;PAC;PAC
5204000;514.70;513.28;PAC;PAC
5206000;511.64;510.22;PAC;PAC
5208000;511.88;510.46;PAC;PAC
5210000;515.27;513.86;PAC;PAC
5212000;513.37;511.95;PAC;PAC
5214000;513.51;512.09;PAC;PAC
5216000;512.79;511.38;PAC;PAC
5218000;513.63;512.22;PAC;PAC
5220000;513.91;512.50;PAC;PAC
5222000;514.25;512.84;PAC;PAC
5224000;513.08;511.67;PAC;PAC
5226000;512.99;511.58;PAC;PAC
5228000;515.14;513.74;PAC;PAC
5230000;513.92;512.51;PAC;PAC
5232000;510.93;509.53;PAC;PAC
5234000;513.30;511.90;PAC;PAC
5236000;513.44;512.04;PAC;PAC
5238000;512.59;511.19;PAC;PAC
5240000;513.87;512.47;PAC;PAC
5242000;514.51;513.12;PAC;PAC
5244000;512.53;511.14;PAC;PAC
5246000;513.50;512.11;PAC;PAC
5248000;512.12;510.74;PAC;PAC
5250000;512.72;511.34;PAC;PAC
5252000;515.53;514.15;PAC;PAC
5254000;514.30;512.92;PAC;PAC
5256000;512.85;511.47;PAC;PAC
5258000;512.83;511.45;PAC;PAC
5260000;513.80;512.42;PAC;PAC
5262000;511.77;510.40;PAC;PAC
5264000;515.01;513.63;PAC;PAC
5266000;514.12;512.75;PAC;PAC
5268000;514.47;513.10;PAC;PAC
5270000;514.61;513.24;PAC;PAC
5272000;511.28;509.91;PAC;PAC
5274000;514.50;513.14;PAC;PAC
5276000;512.89;511.53;PAC;PAC
5278000;512.86;511.50;PAC;PAC
5280000;512.58;511.22;PAC;PAC
5282000;513.60;512.24;PAC;PAC
5284000;512.25;510.89;PAC;PAC
5286000;514.67;513.31;PAC;PAC
5288000;512.96;511.61;PAC;PAC
5290000;512.90;511.55;PAC;PAC
5292000;510.95;509.60;PAC;PAC
5294000;514.71;513.37;PAC;PAC
5296000;512.13;510.79;PAC;PAC
5298000;513.68;512.34;PAC;PAC
5300000;515.02;513.69;PAC;PAC
5302000;513.83;512.49;PAC;PAC
5304000;514.35;513.02;PAC;PAC
5306000;514.53;513.20;PAC;PAC
5308000;511.35;510.02;PAC;PAC
5310000;513.29;511.97;PAC;PAC
5312000;512.41;511.09;PAC;PAC
5314000;511.96;510.64;PAC;PAC
5316000;514.95;513.64;PAC;PAC
5318000;512.10;510.79;PAC;PAC
5320000;509.99;508.67;PAC;PAC
5322000;512.18;510.87;PAC;PAC
5324000;512.57;511.27;PAC;PAC
5326000;513.58;512.28;PAC;PAC
5328000;512.62;511.31;PAC;PAC
5330000;511.64;510.34;PAC;PAC
5332000;511.99;510.69;PAC;PAC
5334000;511.03;509.73;PAC;PAC
5336000;513.43;512.13;PAC;PAC
5338000;515.87;514.57;PAC;PAC
5340000;512.80;511.51;PAC;PAC
5342000;512.01;510.72;PAC;PAC
5344000;511.95;510.67;PAC;PAC
5346000;511.83;510.54;PAC;PAC
5348000;513.50;512.22;PAC;PAC
5350000;513.31;512.03;PAC;PAC
5352000;514.29;513.02;PAC;PAC
5354000;513.27;511.99;PAC;PAC
5356000;513.34;512.07;PAC;PAC
5358000;513.53;512.26;PAC;PAC
5360000;513.94;512.68;PAC;PAC
5362000;512.33;511.06;PAC;PAC
5364000;514.37;513.11;PAC;PAC
5366000;512.45;511.19;PAC;PAC
5368000;513.92;512.66;PAC;PAC
5370000;513.59;512.33;PAC;PAC
5372000;514.15;512.90;PAC;PAC
5374000;512.21;510.96;PAC;PAC
5376000;512.57;511.33;PAC;PAC
5378000;512.40;511.16;PAC;PAC
5380000;512.57;511.33;PAC;PAC
5382000;515.57;514.33;PAC;PAC
5384000;513.24;512.01;PAC;PAC
5386000;511.21;509.98;PAC;PAC
5388000;512.35;511.12;PAC;PAC
5390000;513.59;512.36;PAC;PAC
5392000;511.93;510.71;PAC;PAC
5394000;511.81;510.59;PAC;PAC
5396000;512.98;511.76;PAC;PAC
5398000;512.53;511.31;PAC;PAC
5400000;512.49;511.28;PAC;PAC
5402000;512.27;511.05;PAC;PAC
5404000;511.54;510.33;PAC;PAC
5406000;512.57;511.37;PAC;PAC
5408000;512.88;511.68;PAC;PAC
5410000;514.00;512.80;PAC;PAC
5412000;511.98;510.78;PAC;PAC
5414000;513.99;512.79;PAC;PAC
5416000;511.80;510.61;PAC;PAC
5418000;512.88;511.69;PAC;PAC
5420000;514.32;513.14;PAC;PAC
5422000;514.57;513.39;PAC;PAC
5424000;513.74;512.56;PAC;PAC
5426000;510.72;509.54;PAC;PAC
5428000;513.72;512.54;PAC;PAC
5430000;511.72;510.55;PAC;PAC
5432000;512.81;511.64;PAC;PAC
5434000;514.48;513.31;PAC;PAC
5436000;514.98;513.82;PAC;PAC
5438000;515.92;514.76;PAC;PAC
5440000;513.25;512.09;PAC;PAC
5442000;515.34;514.18;PAC;PAC
5444000;512.45;511.30;PAC;PAC
5446000;512.86;511.72;PAC;PAC
5448000;509.87;508.73;PAC;PAC
5450000;515.74;514.60;PAC;PAC
5452000;513.01;511.87;PAC;PAC
5454000;513.19;512.06;PAC;PAC
5456000;512.71;511.58;PAC;PAC
5458000;511.96;510.84;PAC;PAC
5460000;514.33;513.20;PAC;PAC
5462000;513.11;511.99;PAC;PAC
5464000;512.48;511.36;PAC;PAC
5466000;515.26;514.15;PAC;PAC
5468000;512.19;511.08;PAC;PAC
5470000;513.94;512.83;PAC;PAC
5472000;511.36;510.25;PAC;PAC
5474000;513.19;512.08;PAC;PAC
5476000;512.95;511.85;PAC;PAC
5478000;512.09;510.99;PAC;PAC
5480000;512.78;511.69;PAC;PAC
5482000;512.94;511.85;PAC;PAC
5484000;513.74;512.65;PAC;PAC
5486000;511.87;510.79;PAC;PAC
5488000;511.92;510.84;PAC;PAC
5490000;512.43;511.35;PAC;PAC
5492000;512.54;511.47;PAC;PAC
5494000;511.45;510.38;PAC;PAC
5496000;511.90;510.83;PAC;PAC
5498000;514.41;513.34;PAC;PAC
5500000;512.98;511.92;PAC;PAC
5502000;512.93;511.88;PAC;PAC
5504000;514.61;513.55;PAC;PAC
5506000;509.69;508.64;PAC;PAC
5508000;513.32;512.27;PAC;PAC
5510000;513.31;512.26;PAC;PAC
5512000;513.03;511.99;PAC;PAC
5514000;513.04;512.00;PAC;PAC
5516000;514.42;513.39;PAC;PAC
5518000;513.86;512.83;PAC;PAC
5520000;511.50;510.47;PAC;PAC
5522000;513.41;512.39;PAC;PAC
5524000;512.95;511.93;PAC;PAC
5526000;513.64;512.62;PAC;PAC
5528000;512.79;511.77;PAC;PAC
5530000;513.47;512.46;PAC;PAC
5532000;510.72;509.72;PAC;PAC
5534000;511.87;510.87;PAC;PAC
5536000;511.66;510.66;PAC;PAC
5538000;515.79;514.80;PAC;PAC
5540000;512.32;511.32;PAC;PAC
5542000;515.22;514.23;PAC;PAC
5544000;512.50;511.51;PAC;PAC
5546000;514.98;513.99;PAC;PAC
5548000;510.64;509.66;PAC;PAC
5550000;511.76;510.79;PAC;PAC
5552000;512.82;511.85;PAC;PAC
5554000;512.30;511.33;PAC;PAC
5556000;513.51;512.54;PAC;PAC
5558000;512.97;512.01;PAC;PAC
5560000;514.22;513.27;PAC;PAC
5562000;513.17;512.22;PAC;PAC
5564000;512.41;511.46;PAC;PAC
5566000;510.89;509.94;PAC;PAC
5568000;514.11;513.17;PAC;PAC
5570000;512.86;511.92;PAC;PAC
5572000;513.83;512.89;PAC;PAC
5574000;512.31;511.38;PAC;PAC
5576000;513.60;512.67;PAC;PAC
5578000;512.50;511.58;PAC;PAC
5580000;511.99;511.07;PAC;PAC
5582000;512.29;511.38;PAC;PAC
5584000;513.88;512.97;PAC;PAC
5586000;512.76;511.85;PAC;PAC
5588000;514.29;513.39;PAC;PAC
5590000;514.30;513.40;PAC;PAC
5592000;513.23;512.33;PAC;PAC
5594000;512.88;511.98;PAC;PAC
5596000;512.49;511.60;PAC;PAC
5598000;512.77;511.88;PAC;PAC
5600000;514.22;513.34;PAC;PAC
5602000;511.69;510.81;PAC;PAC
5604000;514.46;513.58;PAC;PAC
5606000;513.33;512.46;PAC;PAC
5608000;513.52;512.65;PAC;PAC
5610000;512.03;511.17;PAC;PAC
5612000;511.62;510.76;PAC;PAC
5614000;514.24;513.38;PAC;PAC
5616000;512.39;511.54;PAC;PAC
5618000;514.26;513.41;PAC;PAC
5620000;512.73;511.88;PAC;PAC
5622000;514.17;513.33;PAC;PAC
5624000;513.03;512.20;PAC;PAC
5626000;513.01;512.18;PAC;PAC
5628000;510.81;509.98;PAC;PAC
5630000;513.84;513.02;PAC;PAC
5632000;512.69;511.87;PAC;PAC
5634000;514.48;513.66;PAC;PAC
5636000;513.30;512.49;PAC;PAC
5638000;515.25;514.45;PAC;PAC
5640000;512.22;511.42;PAC;PAC
5642000;513.42;512.62;PAC;PAC
5644000;512.52;511.73;PAC;PAC
5646000;511.22;510.43;PAC;PAC
5648000;511.98;511.20;PAC;PAC
5650000;513.08;512.29;PAC;PAC
5652000;512.76;511.98;PAC;PAC
5654000;511.53;510.75;PAC;PAC
5656000;510.58;509.81;PAC;PAC
5658000;513.51;512.74;PAC;PAC
5660000;513.28;512.52;PAC;PAC
5662000;514.23;513.47;PAC;PAC
5664000;514.80;514.05;PAC;PAC
5666000;512.60;511.85;PAC;PAC
5668000;511.41;510.67;PAC;PAC
5670000;511.68;510.94;PAC;PAC
5672000;513.73;512.99;PAC;PAC
5674000;511.61;510.87;PAC;PAC
5676000;514.27;513.54;PAC;PAC
5678000;510.64;509.92;PAC;PAC
5680000;514.08;513.36;PAC;PAC
5682000;515.84;515.12;PAC;PAC
5684000;512.18;511.47;PAC;PAC
5686000;511.37;510.66;PAC;PAC
5688000;515.09;514.38;PAC;PAC
5690000;511.68;510.98;PAC;PAC
5692000;514.00;513.30;PAC;PAC
5694000;511.53;510.83;PAC;PAC
5696000;511.39;510.70;PAC;PAC
5698000;512.56;511.87;PAC;PAC
5700000;515.41;514.73;PAC;PAC
5702000;512.01;511.34;PAC;PAC
5704000;512.34;511.67;PAC;PAC
5706000;512.13;511.46;PAC;PAC
5708000;511.78;511.11;PAC;PAC
5710000;511.21;510.55;PAC;PAC
5712000;512.93;512.27;PAC;PAC
5714000;514.08;513.43;PAC;PAC
5716000;513.18;512.53;PAC;PAC
5718000;513.55;512.91;PAC;PAC
5720000;513.21;512.57;PAC;PAC
5722000;513.12;512.49;PAC;PAC
5724000;512.26;511.63;PAC;PAC
5726000;511.69;511.06;PAC;PAC
5728000;512.50;511.88;PAC;PAC
5730000;514.42;513.81;PAC;PAC
5732000;512.64;512.02;PAC;PAC
5734000;513.56;512.95;PAC;PAC
5736000;511.16;510.56;PAC;PAC
5738000;512.04;511.44;PAC;PAC
5740000;512.52;511.92;PAC;PAC
5742000;512.41;511.81;PAC;PAC
5744000;511.35;510.76;PAC;PAC
5746000;510.14;509.56;PAC;PAC
5748000;513.92;513.34;PAC;PAC
5750000;511.80;511.23;PAC;PAC
5752000;512.00;511.44;PAC;PAC
5754000;511.18;510.62;PAC;PAC
5756000;512.27;511.71;PAC;PAC
5758000;511.43;510.87;PAC;PAC
5760000;513.79;513.23;PAC;PAC
5762000;515.53;514.98;PAC;PAC
5764000;514.31;513.77;PAC;PAC
5766000;511.58;511.04;PAC;PAC
5768000;512.90;512.37;PAC;PAC
5770000;510.80;510.27;PAC;PAC
5772000;512.71;512.18;PAC;PAC
5774000;510.35;509.83;PAC;PAC
5776000;512.03;511.51;PAC;PAC
5778000;514.93;514.42;PAC;PAC
5780000;514.59;514.08;PAC;PAC
5782000;512.86;512.35;PAC;PAC
5784000;511.94;511.44;PAC;PAC
5786000;509.41;508.92;PAC;PAC
5788000;513.72;513.23;PAC;PAC
5790000;513.27;512.78;PAC;PAC
5792000;512.85;512.37;PAC;PAC
5794000;512.79;512.31;PAC;PAC
5796000;510.69;510.22;PAC;PAC
5798000;514.26;513.79;PAC;PAC
5800000;511.62;511.15;PAC;PAC
5802000;512.63;512.17;PAC;PAC
5804000;511.93;511.47;PAC;PAC
5806000;510.30;509.85;PAC;PAC
5808000;512.72;512.27;PAC;PAC
5810000;511.73;511.29;PAC;PAC
5812000;509.77;509.34;PAC;PAC
5814000;513.35;512.92;PAC;PAC
5816000;512.21;511.78;PAC;PAC
5818000;511.82;511.40;PAC;PAC
5820000;513.43;513.01;PAC;PAC
5822000;512.03;511.61;PAC;PAC
5824000;511.08;510.67;PAC;PAC
5826000;511.90;511.49;PAC;PAC
5828000;512.27;511.87;PAC;PAC
5830000;513.71;513.31;PAC;PAC
5832000;513.81;513.42;PAC;PAC
5834000;510.03;509.64;PAC;PAC
5836000;510.64;510.26;PAC;PAC
5838000;511.30;510.93;PAC;PAC
5840000;511.47;511.09;PAC;PAC
5842000;509.65;509.28;PAC;PAC
5844000;510.55;510.19;PAC;PAC
5846000;512.63;512.28;PAC;PAC
5848000;513.55;513.19;PAC;PAC
5850000;511.11;510.76;PAC;PAC
5852000;511.00;510.65;PAC;PAC
5854000;512.22;511.88;PAC;PAC
5856000;512.62;512.29;PAC;PAC
5858000;512.07;511.74;PAC;PAC
5860000;512.74;512.41;PAC;PAC
5862000;510.38;510.06;PAC;PAC
5864000;511.52;511.20;PAC;PAC
5866000;512.48;512.16;PAC;PAC
5868000;509.63;509.32;PAC;PAC
5870000;511.04;510.74;PAC;PAC
5872000;511.12;510.82;PAC;PAC
5874000;511.19;510.90;PAC;PAC
5876000;512.85;512.56;PAC;PAC
5878000;512.52;512.24;PAC;PAC
5880000;511.71;511.43;PAC;PAC
5882000;513.36;513.08;PAC;PAC
5884000;514.02;513.75;PAC;PAC
5886000;511.71;511.44;PAC;PAC
5888000;511.94;511.68;PAC;PAC
5890000;512.75;512.49;PAC;PAC
5892000;510.10;509.85;PAC;PAC
5894000;514.04;513.79;PAC;PAC
5896000;511.82;511.57;PAC;PAC
5898000;514.07;513.83;PAC;PAC
5900000;512.59;512.35;PAC;PAC
5902000;514.20;513.97;PAC;PAC
5904000;511.77;511.54;PAC;PAC
5906000;510.62;510.40;PAC;PAC
5908000;512.40;512.19;PAC;PAC
5910000;513.40;513.18;PAC;PAC
5912000;513.94;513.73;PAC;PAC
5914000;512.90;512.70;PAC;PAC
5916000;512.17;511.98;PAC;PAC
5918000;512.99;512.79;PAC;PAC
5920000;513.82;513.63;PAC;PAC
5922000;513.23;513.04;PAC;PAC
5924000;510.34;510.16;PAC;PAC
5926000;510.84;510.67;PAC;PAC
5928000;513.44;513.27;PAC;PAC
5930000;510.68;510.51;PAC;PAC
5932000;513.00;512.84;PAC;PAC
5934000;510.43;510.27;PAC;PAC
5936000;511.11;510.96;PAC;PAC
5938000;510.74;510.59;PAC;PAC
5940000;511.86;511.72;PAC;PAC
5942000;512.75;512.61;PAC;PAC
5944000;511.50;511.37;PAC;PAC
5946000;511.86;511.73;PAC;PAC
5948000;512.39;512.27;PAC;PAC
5950000;511.82;511.70;PAC;PAC
5952000;511.01;510.90;PAC;PAC
5954000;514.23;514.12;PAC;PAC
5956000;510.89;510.79;PAC;PAC
5958000;511.67;511.58;PAC;PAC
5960000;512.74;512.65;PAC;PAC
5962000;511.22;511.13;PAC;PAC
5964000;513.60;513.52;PAC;PAC
5966000;512.66;512.58;PAC;PAC
5968000;511.87;511.79;PAC;PAC
5970000;511.07;511.00;PAC;PAC
5972000;510.50;510.44;PAC;PAC
5974000;510.94;510.88;PAC;PAC
5976000;511.31;511.26;PAC;PAC
5978000;513.81;513.76;PAC;PAC
5980000;512.22;512.17;PAC;PAC
5982000;512.23;512.19;PAC;PAC
5984000;512.53;512.50;PAC;PAC
5986000;512.12;512.09;PAC;PAC
5988000;511.60;511.57;PAC;PAC
5990000;511.94;511.91;PAC;PAC
5992000;510.41;510.39;PAC;PAC
5994000;512.13;512.11;PAC;PAC
5996000;512.43;512.42;PAC;PAC
5998000;513.08;513.08;PAC;PAC
6000000;509.78;509.78;PAC;PAC
6002000;512.72;512.72;PAC;PAC
6004000;511.13;511.14;PAC;PAC
6006000;511.93;511.95;PAC;PAC
6008000;510.97;510.99;PAC;PAC
6010000;511.72;511.75;PAC;PAC
6012000;513.99;514.01;PAC;PAC
6014000;512.53;512.56;PAC;PAC
6016000;511.49;511.53;PAC;PAC
6018000;508.90;508.94;PAC;PAC
6020000;512.52;512.56;PAC;PAC
6022000;513.53;513.59;PAC;PAC
6024000;511.82;511.87;PAC;PAC
6026000;511.60;511.66;PAC;PAC
6028000;512.08;512.15;PAC;PAC
6030000;511.95;512.02;PAC;PAC
6032000;513.99;514.06;PAC;PAC
6034000;513.37;513.45;PAC;PAC
6036000;513.05;513.14;PAC;PAC
6038000;511.37;511.46;PAC;PAC
6040000;511.70;511.79;PAC;PAC
6042000;510.69;510.79;PAC;PAC
6044000;512.26;512.37;PAC;PAC
6046000;513.23;513.34;PAC;PAC
6048000;513.61;513.72;PAC;PAC
6050000;512.09;512.21;PAC;PAC
6052000;512.38;512.50;PAC;PAC
6054000;511.79;511.92;PAC;PAC
6056000;512.17;512.30;PAC;PAC
6058000;511.08;511.22;PAC;PAC
6060000;511.21;511.35;PAC;PAC
6062000;510.21;510.36;PAC;PAC
6064000;510.95;511.10;PAC;PAC
6066000;512.72;512.88;PAC;PAC
6068000;509.48;509.64;PAC;PAC
6070000;510.67;510.84;PAC;PAC
6072000;511.42;511.59;PAC;PAC
6074000;511.60;511.78;PAC;PAC
6076000;511.59;511.77;PAC;PAC
6078000;512.02;512.21;PAC;PAC
6080000;509.63;509.82;PAC;PAC
6082000;511.84;512.04;PAC;PAC
6084000;509.67;509.87;PAC;PAC
6086000;510.91;511.11;PAC;PAC
6088000;512.58;512.79;PAC;PAC
6090000;511.72;511.93;PAC;PAC
6092000;513.88;514.10;PAC;PAC
6094000;510.78;511.00;PAC;PAC
6096000;511.65;511.88;PAC;PAC
6098000;511.78;512.01;PAC;PAC
6100000;512.57;512.81;PAC;PAC
6102000;513.06;513.30;PAC;PAC
6104000;513.37;513.62;PAC;PAC
6106000;511.22;511.47;PAC;PAC
6108000;510.60;510.86;PAC;PAC
6110000;512.22;512.48;PAC;PAC
6112000;512.10;512.36;PAC;PAC
6114000;512.31;512.58;PAC;PAC
6116000;513.83;514.11;PAC;PAC
6118000;511.97;512.25;PAC;PAC
6120000;513.74;514.02;PAC;PAC
6122000;510.26;510.54;PAC;PAC
6124000;512.04;512.33;PAC;PAC
6126000;513.27;513.56;PAC;PAC
6128000;511.66;511.96;PAC;PAC
6130000;512.56;512.86;PAC;PAC
6132000;512.36;512.66;PAC;PAC
6134000;512.59;512.90;PAC;PAC
6136000;510.69;511.01;PAC;PAC
6138000;512.97;513.29;PAC;PAC
6140000;510.99;511.31;PAC;PAC
6142000;509.36;509.69;PAC;PAC
6144000;511.08;511.42;PAC;PAC
6146000;509.51;509.85;PAC;PAC
6148000;509.75;510.10;PAC;PAC
6150000;512.10;512.45;PAC;PAC
6152000;511.37;511.73;PAC;PAC
6154000;509.97;510.33;PAC;PAC
6156000;510.48;510.85;PAC;PAC
6158000;511.57;511.94;PAC;PAC
6160000;510.99;511.36;PAC;PAC
6162000;510.73;511.11;PAC;PAC
6164000;511.77;512.15;PAC;PAC
6166000;510.84;511.22;PAC;PAC
6168000;512.49;512.88;PAC;PAC
6170000;510.50;510.90;PAC;PAC
6172000;508.60;509.00;PAC;PAC
6174000;513.30;513.70;PAC;PAC
6176000;510.75;511.16;PAC;PAC
6178000;510.93;511.34;PAC;PAC
6180000;511.79;512.21;PAC;PAC
6182000;511.00;511.43;PAC;PAC
6184000;510.73;511.16;PAC;PAC
6186000;507.90;508.34;PAC;PAC
6188000;510.74;511.18;PAC;PAC
6190000;511.04;511.48;PAC;PAC
6192000;511.29;511.73;PAC;PAC
6194000;510.37;510.82;PAC;PAC
6196000;512.66;513.12;PAC;PAC
6198000;511.99;512.44;PAC;PAC
6200000;513.83;514.29;PAC;PAC
6202000;511.42;511.89;PAC;PAC
6204000;509.09;509.56;PAC;PAC
6206000;511.95;512.42;PAC;PAC
6208000;509.76;510.24;PAC;PAC
6210000;510.27;510.76;PAC;PAC
6212000;511.54;512.03;PAC;PAC
6214000;513.20;513.69;PAC;PAC
6216000;510.74;511.24;PAC;PAC
6218000;510.47;510.97;PAC;PAC
6220000;511.20;511.71;PAC;PAC
6222000;513.70;514.21;PAC;PAC
6224000;512.88;513.40;PAC;PAC
6226000;510.74;511.26;PAC;PAC
6228000;512.27;512.80;PAC;PAC
6230000;510.40;510.93;PAC;PAC
6232000;511.78;512.31;PAC;PAC
6234000;513.30;513.84;PAC;PAC
6236000;512.42;512.97;PAC;PAC
6238000;512.58;513.13;PAC;PAC
6240000;512.99;513.54;PAC;PAC
6242000;512.28;512.83;PAC;PAC
6244000;511.45;512.01;PAC;PAC
6246000;511.73;512.29;PAC;PAC
6248000;511.47;512.04;PAC;PAC
6250000;511.77;512.35;PAC;PAC
6252000;512.39;512.97;PAC;PAC
6254000;510.97;511.56;PAC;PAC
6256000;510.29;510.88;PAC;PAC
6258000;510.20;510.80;PAC;PAC
6260000;510.40;510.99;PAC;PAC
6262000;511.17;511.77;PAC;PAC
6264000;512.42;513.02;PAC;PAC
6266000;511.02;511.63;PAC;PAC
6268000;511.24;511.85;PAC;PAC
6270000;509.94;510.55;PAC;PAC
6272000;511.04;511.67;PAC;PAC
6274000;510.66;511.29;PAC;PAC
6276000;511.48;512.11;PAC;PAC
6278000;511.27;511.90;PAC;PAC
6280000;511.13;511.77;PAC;PAC
6282000;510.50;511.14;PAC;PAC
6284000;510.25;510.89;PAC;PAC
6286000;512.70;513.36;PAC;PAC
6288000;510.10;510.76;PAC;PAC
6290000;512.76;513.42;PAC;PAC
6292000;510.30;510.97;PAC;PAC
6294000;511.48;512.14;PAC;PAC
6296000;513.17;513.84;PAC;PAC
6298000;511.57;512.25;PAC;PAC
6300000;510.71;511.39;PAC;PAC
6302000;510.00;510.69;PAC;PAC
6304000;509.18;509.87;PAC;PAC
6306000;510.92;511.61;PAC;PAC
6308000;512.17;512.86;PAC;PAC
6310000;512.64;513.34;PAC;PAC
6312000;511.18;511.88;PAC;PAC
6314000;510.52;511.23;PAC;PAC
6316000;511.41;512.12;PAC;PAC
6318000;511.66;512.38;PAC;PAC
6320000;511.22;511.94;PAC;PAC
6322000;511.07;511.80;PAC;PAC
6324000;514.00;514.73;PAC;PAC
6326000;512.31;513.04;PAC;PAC
6328000;511.93;512.67;PAC;PAC
6330000;509.87;510.62;PAC;PAC
6332000;512.66;513.41;PAC;PAC
6334000;509.28;510.03;PAC;PAC
6336000;510.50;511.26;PAC;PAC
6338000;510.76;511.52;PAC;PAC
6340000;510.64;511.40;PAC;PAC
6342000;514.03;514.80;PAC;PAC
6344000;513.25;514.02;PAC;PAC
6346000;513.00;513.77;PAC;PAC
6348000;510.39;511.17;PAC;PAC
6350000;510.81;511.60;PAC;PAC
6352000;510.55;511.33;PAC;PAC
6354000;511.41;512.21;PAC;PAC
6356000;513.57;514.37;PAC;PAC
6358000;511.10;511.90;PAC;PAC
6360000;510.82;511.62;PAC;PAC
6362000;513.45;514.25;PAC;PAC
6364000;512.90;513.71;PAC;PAC
6366000;509.22;510.04;PAC;PAC
6368000;508.59;509.41;PAC;PAC
6370000;510.82;511.64;PAC;PAC
6372000;511.34;512.17;PAC;PAC
6374000;511.36;512.19;PAC;PAC
6376000;511.24;512.07;PAC;PAC
6378000;510.97;511.81;PAC;PAC
6380000;512.85;513.69;PAC;PAC
6382000;510.68;511.53;PAC;PAC
6384000;509.51;510.36;PAC;PAC
6386000;510.08;510.93;PAC;PAC
6388000;513.28;514.14;PAC;PAC
6390000;511.45;512.31;PAC;PAC
6392000;512.53;513.39;PAC;PAC
6394000;511.35;512.22;PAC;PAC
6396000;511.06;511.93;PAC;PAC
6398000;508.31;509.19;PAC;PAC
6400000;511.62;512.50;PAC;PAC
6402000;509.85;510.74;PAC;PAC
6404000;511.03;511.92;PAC;PAC
6406000;511.66;512.55;PAC;PAC
6408000;511.31;512.21;PAC;PAC
6410000;513.05;513.95;PAC;PAC
6412000;510.13;511.04;PAC;PAC
6414000;511.19;512.10;PAC;PAC
6416000;511.81;512.72;PAC;PAC
6418000;508.49;509.41;PAC;PAC
6420000;510.36;511.28;PAC;PAC
6422000;510.70;511.62;PAC;PAC
6424000;512.32;513.25;PAC;PAC
6426000;511.61;512.54;PAC;PAC
6428000;511.60;512.54;PAC;PAC
6430000;510.08;511.02;PAC;PAC
6432000;512.15;513.09;PAC;PAC
6434000;511.58;512.52;PAC;PAC
6436000;511.91;512.86;PAC;PAC
6438000;511.30;512.25;PAC;PAC
6440000;510.86;511.82;PAC;PAC
6442000;510.64;511.60;PAC;PAC
6444000;510.86;511.82;PAC;PAC
6446000;510.43;511.40;PAC;PAC
6448000;511.05;512.02;PAC;PAC
6450000;511.50;512.48;PAC;PAC
6452000;511.36;512.33;PAC;PAC
6454000;512.71;513.69;PAC;PAC
6456000;509.11;510.10;PAC;PAC
6458000;509.56;510.55;PAC;PAC
6460000;512.55;513.54;PAC;PAC
6462000;511.06;512.05;PAC;PAC
6464000;511.07;512.07;PAC;PAC
6466000;510.99;511.99;PAC;PAC
6468000;511.90;512.90;PAC;PAC
6470000;509.83;510.84;PAC;PAC
6472000;511.05;512.06;PAC;PAC
6474000;513.03;514.05;PAC;PAC
6476000;511.85;512.87;PAC;PAC
6478000;512.55;513.57;PAC;PAC
6480000;511.95;512.98;PAC;PAC
6482000;510.08;511.11;PAC;PAC
6484000;510.68;511.72;PAC;PAC
6486000;508.54;509.58;PAC;PAC
6488000;511.13;512.17;PAC;PAC
6490000;510.31;511.35;PAC;PAC
6492000;510.08;511.13;PAC;PAC
6494000;510.25;511.30;PAC;PAC
6496000;511.48;512.53;PAC;PAC
6498000;510.82;511.87;PAC;PAC
6500000;510.21;511.27;PAC;PAC
6502000;510.26;511.33;PAC;PAC
6504000;508.71;509.77;PAC;PAC
6506000;511.56;512.63;PAC;PAC
6508000;510.58;511.66;PAC;PAC
6510000;509.93;511.01;PAC;PAC
6512000;509.80;510.88;PAC;PAC
6514000;510.09;511.18;PAC;PAC
6516000;512.30;513.39;PAC;PAC
6518000;512.28;513.37;PAC;PAC
6520000;510.23;511.32;PAC;PAC
6522000;511.81;512.91;PAC;PAC
6524000;511.25;512.35;PAC;PAC
6526000;510.07;511.17;PAC;PAC
6528000;511.76;512.87;PAC;PAC
6530000;512.59;513.70;PAC;PAC
6532000;511.53;512.64;PAC;PAC
6534000;510.02;511.14;PAC;PAC
6536000;511.75;512.87;PAC;PAC
6538000;509.25;510.37;PAC;PAC
6540000;510.48;511.61;PAC;PAC
6542000;511.59;512.72;PAC;PAC
6544000;511.64;512.78;PAC;PAC
6546000;510.52;511.66;PAC;PAC
6548000;508.79;509.93;PAC;PAC
6550000;511.64;512.78;PAC;PAC
6552000;509.63;510.78;PAC;PAC
6554000;509.56;510.71;PAC;PAC
6556000;511.62;512.77;PAC;PAC
6558000;511.00;512.15;PAC;PAC
6560000;510.68;511.84;PAC;PAC
6562000;509.99;511.15;PAC;PAC
6564000;512.16;513.32;PAC;PAC
6566000;509.46;510.62;PAC;PAC
6568000;508.83;510.00;PAC;PAC
6570000;512.02;513.19;PAC;PAC
6572000;512.34;513.52;PAC;PAC
6574000;510.80;511.97;PAC;PAC
6576000;511.66;512.84;PAC;PAC
6578000;511.84;513.02;PAC;PAC
6580000;511.12;512.31;PAC;PAC
6582000;511.25;512.44;PAC;PAC
6584000;509.60;510.79;PAC;PAC
6586000;510.72;511.91;PAC;PAC
6588000;511.27;512.47;PAC;PAC
6590000;511.31;512.51;PAC;PAC
6592000;509.86;511.06;PAC;PAC
6594000;511.26;512.46;PAC;PAC
6596000;512.09;513.29;PAC;PAC
6598000;512.15;513.36;PAC;PAC
6600000;511.93;513.14;PAC;PAC
6602000;511.84;513.05;PAC;PAC
6604000;509.14;510.36;PAC;PAC
6606000;508.58;509.80;PAC;PAC
6608000;509.10;510.33;PAC;PAC
6610000;510.50;511.73;PAC;PAC
6612000;512.21;513.44;PAC;PAC
6614000;510.15;511.38;PAC;PAC
6616000;510.00;511.24;PAC;PAC
6618000;512.00;513.24;PAC;PAC
6620000;511.06;512.30;PAC;PAC
6622000;509.23;510.48;PAC;PAC
6624000;509.03;510.27;PAC;PAC
6626000;510.45;511.70;PAC;PAC
6628000;511.82;513.07;PAC;PAC
6630000;510.67;511.92;PAC;PAC
6632000;511.94;513.19;PAC;PAC
6634000;512.54;513.80;PAC;PAC
6636000;509.03;510.29;PAC;PAC
6638000;511.87;513.13;PAC;PAC
6640000;510.60;511.87;PAC;PAC
6642000;510.91;512.18;PAC;PAC
6644000;513.60;514.87;PAC;PAC
6646000;511.78;513.06;PAC;PAC
6648000;512.71;513.99;PAC;PAC
6650000;509.99;511.27;PAC;PAC
6652000;512.14;513.42;PAC;PAC
6654000;509.69;510.97;PAC;PAC
6656000;510.60;511.89;PAC;PAC
6658000;509.85;511.14;PAC;PAC
6660000;509.97;511.26;PAC;PAC
6662000;509.07;510.36;PAC;PAC
6664000;511.68;512.97;PAC;PAC
6666000;511.44;512.74;PAC;PAC
6668000;510.30;511.61;PAC;PAC
6670000;512.53;513.83;PAC;PAC
6672000;511.42;512.72;PAC;PAC
6674000;510.97;512.28;PAC;PAC
6676000;509.85;511.16;PAC;PAC
6678000;511.58;512.89;PAC;PAC
6680000;511.73;513.04;PAC;PAC
6682000;510.76;512.08;PAC;PAC
6684000;509.94;511.26;PAC;PAC
6686000;512.50;513.82;PAC;PAC
6688000;509.85;511.17;PAC;PAC
6690000;508.68;510.01;PAC;PAC
6692000;510.61;511.94;PAC;PAC
6694000;511.17;512.50;PAC;PAC
6696000;511.80;513.13;PAC;PAC
6698000;510.93;512.26;PAC;PAC
6700000;510.58;511.92;PAC;PAC
6702000;512.84;514.18;PAC;PAC
6704000;510.46;511.80;PAC;PAC
6706000;509.18;510.52;PAC;PAC
6708000;512.22;513.56;PAC;PAC
6710000;513.48;514.83;PAC;PAC
6712000;511.72;513.07;PAC;PAC
6714000;511.11;512.46;PAC;PAC
6716000;508.83;510.18;PAC;PAC
6718000;510.47;511.83;PAC;PAC
6720000;511.68;513.04;PAC;PAC
6722000;510.44;511.80;PAC;PAC
6724000;509.58;510.94;PAC;PAC
6726000;510.41;511.77;PAC;PAC
6728000;511.70;513.07;PAC;PAC
6730000;512.50;513.87;PAC;PAC
6732000;510.32;511.69;PAC;PAC
6734000;512.50;513.87;PAC;PAC
6736000;511.51;512.88;PAC;PAC
6738000;511.29;512.67;PAC;PAC
6740000;512.02;513.40;PAC;PAC
6742000;510.57;511.95;PAC;PAC
6744000;508.92;510.30;PAC;PAC
6746000;510.67;512.05;PAC;PAC
6748000;511.15;512.53;PAC;PAC
6750000;510.95;512.33;PAC;PAC
6752000;512.77;514.15;PAC;PAC
6754000;511.61;513.00;PAC;PAC
6756000;509.83;511.22;PAC;PAC
6758000;511.29;512.68;PAC;PAC
6760000;511.16;512.55;PAC;PAC
6762000;509.31;510.71;PAC;PAC
6764000;509.06;510.46;PAC;PAC
6766000;507.95;509.35;PAC;PAC
6768000;508.68;510.08;PAC;PAC
6770000;511.35;512.75;PAC;PAC
6772000;510.16;511.57;PAC;PAC
6774000;510.61;512.02;PAC;PAC
6776000;509.75;511.15;PAC;PAC
6778000;507.46;508.87;PAC;PAC
6780000;510.76;512.17;PAC;PAC
6782000;512.93;514.34;PAC;PAC
6784000;512.99;514.40;PAC;PAC
6786000;508.92;510.33;PAC;PAC
6788000;511.23;512.65;PAC;PAC
6790000;511.53;512.95;PAC;PAC
6792000;510.74;512.16;PAC;PAC
6794000;511.51;512.94;PAC;PAC
6796000;511.17;512.60;PAC;PAC
6798000;510.15;511.58;PAC;PAC
6800000;510.16;511.58;PAC;PAC
6802000;509.35;510.78;PAC;PAC
6804000;509.54;510.97;PAC;PAC
6806000;509.79;511.22;PAC;PAC
6808000;508.89;510.32;PAC;PAC
6810000;509.42;510.86;PAC;PAC
6812000;509.90;511.34;PAC;PAC
6814000;509.64;511.08;PAC;PAC
6816000;509.73;511.17;PAC;PAC
6818000;510.49;511.93;PAC;PAC
6820000;510.41;511.85;PAC;PAC
6822000;508.99;510.43;PAC;PAC
6824000;508.98;510.42;PAC;PAC
6826000;511.39;512.83;PAC;PAC
6828000;509.54;510.98;PAC;PAC
6830000;511.90;513.35;PAC;PAC
6832000;512.26;513.71;PAC;PAC
6834000;511.67;513.12;PAC;PAC
6836000;510.75;512.20;PAC;PAC
6838000;509.67;511.12;PAC;PAC
6840000;508.70;510.15;PAC;PAC
6842000;509.62;511.07;PAC;PAC
6844000;510.71;512.17;PAC;PAC
6846000;509.08;510.54;PAC;PAC
6848000;510.63;512.09;PAC;PAC
6850000;509.19;510.65;PAC;PAC
6852000;510.22;511.67;PAC;PAC
6854000;511.97;513.43;PAC;PAC
6856000;510.89;512.36;PAC;PAC
6858000;511.55;513.01;PAC;PAC
6860000;511.55;513.01;PAC;PAC
6862000;511.19;512.65;PAC;PAC
6864000;510.59;512.06;PAC;PAC
6866000;511.98;513.45;PAC;PAC
6868000;512.00;513.47;PAC;PAC
6870000;507.83;509.30;PAC;PAC
6872000;509.78;511.25;PAC;PAC
6874000;508.12;509.59;PAC;PAC
6876000;511.29;512.76;PAC;PAC
6878000;510.39;511.87;PAC;PAC
6880000;511.77;513.25;PAC;PAC
6882000;511.95;513.43;PAC;PAC
6884000;508.45;509.93;PAC;PAC
6886000;510.73;512.21;PAC;PAC
6888000;510.98;512.45;PAC;PAC
6890000;509.20;510.68;PAC;PAC
6892000;509.59;511.06;PAC;PAC
6894000;510.11;511.59;PAC;PAC
6896000;509.33;510.81;PAC;PAC
6898000;512.00;513.48;PAC;PAC
6900000;509.74;511.22;PAC;PAC
6902000;511.93;513.41;PAC;PAC
6904000;510.37;511.86;PAC;PAC
6906000;511.18;512.66;PAC;PAC
6908000;511.47;512.95;PAC;PAC
6910000;509.83;511.32;PAC;PAC
6912000;511.92;513.40;PAC;PAC
6914000;511.33;512.81;PAC;PAC
6916000;511.29;512.78;PAC;PAC
6918000;509.20;510.69;PAC;PAC
6920000;510.23;511.72;PAC;PAC
6922000;511.43;512.92;PAC;PAC
6924000;509.81;511.30;PAC;PAC
6926000;511.24;512.73;PAC;PAC
6928000;510.82;512.31;PAC;PAC
6930000;512.35;513.84;PAC;PAC
6932000;511.85;513.34;PAC;PAC
6934000;509.33;510.82;PAC;PAC
6936000;510.91;512.40;PAC;PAC
6938000;511.35;512.84;PAC;PAC
6940000;511.47;512.96;PAC;PAC
6942000;511.34;512.83;PAC;PAC
6944000;509.73;511.22;PAC;PAC
6946000;509.88;511.38;PAC;PAC
6948000;510.06;511.55;PAC;PAC
6950000;510.93;512.43;PAC;PAC
6952000;509.96;511.46;PAC;PAC
6954000;511.20;512.69;PAC;PAC
6956000;509.26;510.76;PAC;PAC
6958000;508.72;510.22;PAC;PAC
6960000;508.53;510.02;PAC;PAC
6962000;510.46;511.96;PAC;PAC
6964000;510.25;511.75;PAC;PAC
6966000;510.70;512.20;PAC;PAC
6968000;510.32;511.82;PAC;PAC
6970000;510.75;512.25;PAC;PAC
6972000;508.06;509.56;PAC;PAC
6974000;511.42;512.92;PAC;PAC
6976000;510.60;512.10;PAC;PAC
6978000;510.08;511.57;PAC;PAC
6980000;510.07;511.56;PAC;PAC
6982000;510.84;512.34;PAC;PAC
6984000;509.27;510.77;PAC;PAC
6986000;511.79;513.29;PAC;PAC
6988000;509.30;510.80;PAC;PAC
6990000;510.67;512.17;PAC;PAC
6992000;509.36;510.86;PAC;PAC
6994000;509.94;511.44;PAC;PAC
6996000;510.46;511.96;PAC;PAC
6998000;510.27;511.77;PAC;PAC
7000000;510.59;512.09;PAC;PAC
7002000;509.83;511.33;PAC;PAC
7004000;511.91;513.41;PAC;PAC
7006000;508.16;509.66;PAC;PAC
7008000;509.31;510.81;PAC;PAC
7010000;509.75;511.25;PAC;PAC
7012000;512.50;514.00;PAC;PAC
7014000;509.58;511.08;PAC;PAC
7016000;509.09;510.59;PAC;PAC
7018000;511.59;513.09;PAC;PAC
7020000;509.42;510.92;PAC;PAC
7022000;509.52;511.02;PAC;PAC
7024000;509.28;510.78;PAC;PAC
7026000;511.96;513.46;PAC;PAC
7028000;511.64;513.14;PAC;PAC
7030000;511.19;512.69;PAC;PAC
7032000;509.72;511.21;PAC;PAC
7034000;510.59;512.09;PAC;PAC
7036000;510.94;512.43;PAC;PAC
7038000;511.29;512.78;PAC;PAC
7040000;509.77;511.26;PAC;PAC
7042000;509.90;511.40;PAC;PAC
7044000;510.53;512.03;PAC;PAC
7046000;510.95;512.44;PAC;PAC
7048000;511.25;512.75;PAC;PAC
7050000;508.56;510.06;PAC;PAC
7052000;509.59;511.09;PAC;PAC
7054000;510.37;511.87;PAC;PAC
7056000;511.87;513.36;PAC;PAC
7058000;510.17;511.66;PAC;PAC
7060000;510.79;512.28;PAC;PAC
7062000;510.17;511.66;PAC;PAC
7064000;511.35;512.84;PAC;PAC
7066000;511.47;512.96;PAC;PAC
7068000;508.50;510.00;PAC;PAC
7070000;511.09;512.58;PAC;PAC
7072000;513.58;515.07;PAC;PAC
7074000;510.60;512.09;PAC;PAC
7076000;512.40;513.89;PAC;PAC
7078000;510.28;511.77;PAC;PAC
7080000;509.45;510.94;PAC;PAC
7082000;510.70;512.19;PAC;PAC
7084000;510.20;511.69;PAC;PAC
7086000;508.76;510.25;PAC;PAC
7088000;509.97;511.45;PAC;PAC
7090000;512.03;513.52;PAC;PAC
7092000;509.29;510.77;PAC;PAC
7094000;510.70;512.19;PAC;PAC
7096000;510.89;512.37;PAC;PAC
7098000;512.75;514.23;PAC;PAC
7100000;508.83;510.31;PAC;PAC
7102000;511.59;513.07;PAC;PAC
7104000;508.43;509.91;PAC;PAC
7106000;510.68;512.16;PAC;PAC
7108000;509.80;511.28;PAC;PAC
7110000;508.24;509.72;PAC;PAC
7112000;510.80;512.27;PAC;PAC
7114000;511.59;513.06;PAC;PAC
7116000;511.31;512.78;PAC;PAC
7118000;509.82;511.30;PAC;PAC
7120000;512.04;513.52;PAC;PAC
7122000;508.77;510.25;PAC;PAC
7124000;510.62;512.09;PAC;PAC
7126000;510.68;512.15;PAC;PAC
7128000;510.00;511.47;PAC;PAC
7130000;509.02;510.49;PAC;PAC
7132000;510.58;512.05;PAC;PAC
7134000;512.33;513.80;PAC;PAC
7136000;513.26;514.73;PAC;PAC
7138000;509.05;510.51;PAC;PAC
7140000;510.63;512.09;PAC;PAC
7142000;510.84;512.30;PAC;PAC
7144000;511.38;512.84;PAC;PAC
7146000;510.02;511.48;PAC;PAC
7148000;510.76;512.22;PAC;PAC
7150000;509.46;510.92;PAC;PAC
7152000;512.29;513.75;PAC;PAC
7154000;510.78;512.23;PAC;PAC
7156000;510.49;511.95;PAC;PAC
7158000;509.19;510.64;PAC;PAC
7160000;510.38;511.83;PAC;PAC
7162000;512.68;514.13;PAC;PAC
7164000;509.69;511.14;PAC;PAC
7166000;509.79;511.24;PAC;PAC
7168000;509.81;511.26;PAC;PAC
7170000;512.93;514.38;PAC;PAC
7172000;510.10;511.54;PAC;PAC
7174000;511.33;512.78;PAC;PAC
7176000;510.62;512.06;PAC;PAC
7178000;512.34;513.79;PAC;PAC
7180000;509.52;510.97;PAC;PAC
7182000;510.29;511.73;PAC;PAC
7184000;508.79;510.22;PAC;PAC
7186000;509.15;510.58;PAC;PAC
7188000;512.18;513.62;PAC;PAC
7190000;509.42;510.85;PAC;PAC
7192000;510.92;512.36;PAC;PAC
7194000;508.63;510.07;PAC;PAC
7196000;508.21;509.64;PAC;PAC
7198000;510.02;511.45;PAC;PAC
7200000;510.08;511.51;PAC;PAC
7202000;507.56;508.99;PAC;PAC
7204000;510.41;511.83;PAC;PAC
7206000;509.20;510.62;PAC;PAC
7208000;512.41;513.83;PAC;PAC
7210000;509.16;510.58;PAC;PAC
7212000;512.31;513.73;PAC;PAC
7214000;508.54;509.95;PAC;PAC
7216000;510.51;511.92;PAC;PAC
7218000;508.86;510.28;PAC;PAC
7220000;509.47;510.88;PAC;PAC
7222000;511.50;512.91;PAC;PAC
7224000;510.52;511.93;PAC;PAC
7226000;508.85;510.26;PAC;PAC
7228000;510.36;511.76;PAC;PAC
7230000;511.15;512.55;PAC;PAC
7232000;510.74;512.14;PAC;PAC
7234000;509.54;510.94;PAC;PAC
7236000;511.83;513.23;PAC;PAC
7238000;512.42;513.82;PAC;PAC
7240000;510.56;511.96;PAC;PAC
7242000;508.69;510.08;PAC;PAC
7244000;510.29;511.69;PAC;PAC
7246000;510.33;511.72;PAC;PAC
7248000;510.67;512.05;PAC;PAC
7250000;509.79;511.17;PAC;PAC
7252000;511.49;512.88;PAC;PAC
7254000;510.94;512.33;PAC;PAC
7256000;510.18;511.56;PAC;PAC
7258000;511.76;513.14;PAC;PAC
7260000;510.54;511.92;PAC;PAC
7262000;509.57;510.94;PAC;PAC
7264000;510.15;511.52;PAC;PAC
7266000;510.73;512.10;PAC;PAC
7268000;510.35;511.72;PAC;PAC
7270000;511.71;513.08;PAC;PAC
7272000;509.85;511.21;PAC;PAC
7274000;509.96;511.32;PAC;PAC
7276000;511.11;512.47;PAC;PAC
7278000;510.99;512.35;PAC;PAC
7280000;510.62;511.98;PAC;PAC
7282000;508.28;509.63;PAC;PAC
7284000;510.08;511.43;PAC;PAC
7286000;511.16;512.51;PAC;PAC
7288000;509.98;511.33;PAC;PAC
7290000;511.32;512.67;PAC;PAC
7292000;512.73;514.07;PAC;PAC
7294000;508.55;509.89;PAC;PAC
7296000;509.12;510.46;PAC;PAC
7298000;508.72;510.06;PAC;PAC
7300000;509.37;510.70;PAC;PAC
7302000;510.55;511.88;PAC;PAC
7304000;511.16;512.49;PAC;PAC
7306000;511.22;512.55;PAC;PAC
7308000;510.51;511.84;PAC;PAC
7310000;509.36;510.68;PAC;PAC
7312000;510.56;511.88;PAC;PAC
7314000;513.12;514.44;PAC;PAC
7316000;511.18;512.50;PAC;PAC
7318000;510.88;512.19;PAC;PAC
7320000;509.28;510.60;PAC;PAC
7322000;511.21;512.52;PAC;PAC
7324000;510.10;511.41;PAC;PAC
7326000;512.61;513.92;PAC;PAC
7328000;511.37;512.68;PAC;PAC
7330000;510.20;511.51;PAC;PAC
7332000;512.08;513.38;PAC;PAC
7334000;512.09;513.39;PAC;PAC
7336000;509.73;511.03;PAC;PAC
7338000;510.07;511.37;PAC;PAC
7340000;509.49;510.78;PAC;PAC
7342000;509.65;510.94;PAC;PAC
7344000;510.44;511.73;PAC;PAC
7346000;511.63;512.92;PAC;PAC
7348000;510.88;512.16;PAC;PAC
7350000;509.68;510.95;PAC;PAC
7352000;511.93;513.21;PAC;PAC
7354000;510.38;511.65;PAC;PAC
7356000;511.00;512.27;PAC;PAC
7358000;511.79;513.06;PAC;PAC
7360000;509.64;510.91;PAC;PAC
7362000;510.90;512.16;PAC;PAC
7364000;512.52;513.79;PAC;PAC
7366000;511.07;512.33;PAC;PAC
7368000;511.25;512.50;PAC;PAC
7370000;512.73;513.98;PAC;PAC
7372000;509.95;511.20;PAC;PAC
7374000;510.41;511.66;PAC;PAC
7376000;511.73;512.98;PAC;PAC
7378000;509.54;510.78;PAC;PAC
7380000;508.23;509.47;PAC;PAC
7382000;512.33;513.57;PAC;PAC
7384000;511.99;513.23;PAC;PAC
7386000;511.83;513.06;PAC;PAC
7388000;511.09;512.32;PAC;PAC
7390000;509.47;510.70;PAC;PAC
7392000;509.20;510.42;PAC;PAC
7394000;511.43;512.65;PAC;PAC
7396000;509.21;510.43;PAC;PAC
7398000;512.93;514.14;PAC;PAC
7400000;510.52;511.73;PAC;PAC
7402000;510.31;511.52;PAC;PAC
7404000;510.27;511.48;PAC;PAC
7406000;510.16;511.37;PAC;PAC
7408000;509.55;510.75;PAC;PAC
7410000;508.47;509.67;PAC;PAC
7412000;509.53;510.72;PAC;PAC
7414000;510.51;511.71;PAC;PAC
7416000;511.32;512.51;PAC;PAC
7418000;512.14;513.32;PAC;PAC
7420000;511.30;512.48;PAC;PAC
7422000;511.52;512.70;PAC;PAC
7424000;512.98;514.16;PAC;PAC
7426000;509.75;510.92;PAC;PAC
7428000;510.96;512.13;PAC;PAC
7430000;511.19;512.36;PAC;PAC
7432000;509.51;510.68;PAC;PAC
7434000;511.14;512.30;PAC;PAC
7436000;513.50;514.66;PAC;PAC
7438000;509.42;510.58;PAC;PAC
7440000;509.21;510.37;PAC;PAC
7442000;510.36;511.52;PAC;PAC
7444000;511.31;512.46;PAC;PAC
7446000;509.67;510.82;PAC;PAC
7448000;511.39;512.54;PAC;PAC
7450000;511.52;512.66;PAC;PAC
7452000;510.05;511.19;PAC;PAC
7454000;511.39;512.52;PAC;PAC
7456000;511.04;512.18;PAC;PAC
7458000;512.03;513.16;PAC;PAC
7460000;511.46;512.58;PAC;PAC
7462000;510.84;511.96;PAC;PAC
7464000;510.60;511.72;PAC;PAC
7466000;511.57;512.69;PAC;PAC
7468000;509.51;510.62;PAC;PAC
7470000;510.13;511.23;PAC;PAC
7472000;509.19;510.30;PAC;PAC
7474000;511.19;512.30;PAC;PAC
7476000;511.91;513.01;PAC;PAC
7478000;510.46;511.56;PAC;PAC
7480000;510.99;512.09;PAC;PAC
7482000;511.42;512.51;PAC;PAC
7484000;509.39;510.48;PAC;PAC
7486000;512.33;513.42;PAC;PAC
7488000;510.57;511.65;PAC;PAC
7490000;510.71;511.79;PAC;PAC
7492000;510.45;511.52;PAC;PAC
7494000;510.22;511.29;PAC;PAC
7496000;511.12;512.19;PAC;PAC
7498000;510.03;511.10;PAC;PAC
7500000;508.79;509.85;PAC;PAC
7502000;513.01;514.07;PAC;PAC
7504000;511.21;512.26;PAC;PAC
7506000;510.30;511.35;PAC;PAC
7508000;511.36;512.41;PAC;PAC
7510000;511.88;512.92;PAC;PAC
7512000;509.23;510.27;PAC;PAC
7514000;510.80;511.84;PAC;PAC
7516000;511.08;512.11;PAC;PAC
7518000;510.71;511.74;PAC;PAC
7520000;512.04;513.07;PAC;PAC
7522000;509.25;510.27;PAC;PAC
7524000;512.19;513.21;PAC;PAC
7526000;510.47;511.49;PAC;PAC
7528000;509.91;510.93;PAC;PAC
7530000;509.98;510.99;PAC;PAC
7532000;509.09;510.09;PAC;PAC
7534000;509.40;510.40;PAC;PAC
7536000;508.48;509.48;PAC;PAC
7538000;510.74;511.74;PAC;PAC
7540000;509.12;510.12;PAC;PAC
7542000;512.50;513.49;PAC;PAC
7544000;510.43;511.41;PAC;PAC
7546000;510.99;511.97;PAC;PAC
7548000;511.21;512.19;PAC;PAC
7550000;509.63;510.60;PAC;PAC
7552000;510.68;511.65;PAC;PAC
7554000;511.44;512.40;PAC;PAC
7556000;512.86;513.82;PAC;PAC
7558000;510.28;511.24;PAC;PAC
7560000;508.23;509.19;PAC;PAC
7562000;510.23;511.18;PAC;PAC
7564000;511.67;512.62;PAC;PAC
7566000;510.66;511.60;PAC;PAC
7568000;510.66;511.60;PAC;PAC
7570000;511.27;512.21;PAC;PAC
7572000;513.59;514.52;PAC;PAC
7574000;512.53;513.46;PAC;PAC
7576000;511.95;512.88;PAC;PAC
7578000;512.59;513.51;PAC;PAC
7580000;511.45;512.37;PAC;PAC
7582000;511.88;512.80;PAC;PAC
7584000;511.52;512.43;PAC;PAC
7586000;509.39;510.30;PAC;PAC
7588000;508.29;509.20;PAC;PAC
7590000;510.98;511.88;PAC;PAC
7592000;511.48;512.38;PAC;PAC
7594000;512.69;513.59;PAC;PAC
7596000;510.83;511.71;PAC;PAC
7598000;512.00;512.89;PAC;PAC
7600000;510.24;511.12;PAC;PAC
7602000;512.65;513.53;PAC;PAC
7604000;511.40;512.27;PAC;PAC
7606000;510.21;511.08;PAC;PAC
7608000;510.33;511.19;PAC;PAC
7610000;511.21;512.07;PAC;PAC
7612000;508.82;509.68;PAC;PAC
7614000;510.66;511.52;PAC;PAC
7616000;511.09;511.94;PAC;PAC
7618000;512.48;513.32;PAC;PAC
7620000;511.83;512.67;PAC;PAC
7622000;512.76;513.59;PAC;PAC
7624000;510.71;511.55;PAC;PAC
7626000;511.35;512.18;PAC;PAC
7628000;511.33;512.16;PAC;PAC
7630000;511.06;511.89;PAC;PAC
7632000;513.47;514.29;PAC;PAC
7634000;511.60;512.41;PAC;PAC
7636000;511.39;512.21;PAC;PAC
7638000;509.91;510.72;PAC;PAC
7640000;512.15;512.96;PAC;PAC
7642000;511.47;512.27;PAC;PAC
7644000;510.30;511.10;PAC;PAC
7646000;510.69;511.48;PAC;PAC
7648000;512.29;513.07;PAC;PAC
7650000;512.74;513.53;PAC;PAC
7652000;510.58;511.36;PAC;PAC
7654000;511.94;512.72;PAC;PAC
7656000;510.78;511.55;PAC;PAC
7658000;513.34;514.11;PAC;PAC
7660000;511.06;511.82;PAC;PAC
7662000;511.89;512.65;PAC;PAC
7664000;509.81;510.56;PAC;PAC
7666000;511.99;512.74;PAC;PAC
7668000;511.01;511.76;PAC;PAC
7670000;512.26;513.00;PAC;PAC
7672000;511.61;512.35;PAC;PAC
7674000;511.24;511.97;PAC;PAC
7676000;511.98;512.71;PAC;PAC
7678000;512.81;513.54;PAC;PAC
7680000;511.72;512.44;PAC;PAC
7682000;512.13;512.85;PAC;PAC
7684000;510.02;510.74;PAC;PAC
7686000;511.00;511.71;PAC;PAC
7688000;512.78;513.49;PAC;PAC
7690000;509.66;510.36;PAC;PAC
7692000;509.64;510.33;PAC;PAC
7694000;508.31;509.00;PAC;PAC
7696000;509.17;509.86;PAC;PAC
7698000;511.53;512.22;PAC;PAC
7700000;511.06;511.74;PAC;PAC
7702000;511.69;512.36;PAC;PAC
7704000;511.54;512.21;PAC;PAC
7706000;508.58;509.25;PAC;PAC
7708000;510.30;510.97;PAC;PAC
7710000;510.61;511.27;PAC;PAC
7712000;510.80;511.46;PAC;PAC
7714000;512.03;512.68;PAC;PAC
7716000;509.46;510.11;PAC;PAC
7718000;514.43;515.07;PAC;PAC
7720000;512.36;513.00;PAC;PAC
7722000;513.78;514.41;PAC;PAC
7724000;509.81;510.44;PAC;PAC
7726000;510.48;511.11;PAC;PAC
7728000;509.77;510.40;PAC;PAC
7730000;508.44;509.06;PAC;PAC
7732000;509.28;509.89;PAC;PAC
7734000;511.08;511.69;PAC;PAC
7736000;511.50;512.11;PAC;PAC
7738000;509.13;509.73;PAC;PAC
7740000;508.44;509.03;PAC;PAC
7742000;511.52;512.11;PAC;PAC
7744000;512.74;513.33;PAC;PAC
7746000;510.69;511.27;PAC;PAC
7748000;512.26;512.84;PAC;PAC
7750000;511.69;512.27;PAC;PAC
7752000;510.45;511.02;PAC;PAC
7754000;510.93;511.49;PAC;PAC
7756000;513.46;514.02;PAC;PAC
7758000;511.80;512.35;PAC;PAC
7760000;510.32;510.87;PAC;PAC
7762000;511.65;512.20;PAC;PAC
7764000;510.91;511.45;PAC;PAC
7766000;510.01;510.55;PAC;PAC
7768000;512.07;512.61;PAC;PAC
7770000;511.73;512.26;PAC;PAC
7772000;511.01;511.54;PAC;PAC
7774000;510.75;511.27;PAC;PAC
7776000;511.41;511.93;PAC;PAC
7778000;508.04;508.55;PAC;PAC
7780000;511.53;512.04;PAC;PAC
7782000;508.78;509.28;PAC;PAC
7784000;512.08;512.58;PAC;PAC
7786000;512.77;513.26;PAC;PAC
7788000;511.68;512.17;PAC;PAC
7790000;511.94;512.42;PAC;PAC
7792000;513.31;513.79;PAC;PAC
7794000;511.20;511.67;PAC;PAC
7796000;511.24;511.71;PAC;PAC
7798000;512.30;512.77;PAC;PAC
7800000;511.63;512.09;PAC;PAC
7802000;509.90;510.36;PAC;PAC
7804000;510.22;510.67;PAC;PAC
7806000;511.71;512.16;PAC;PAC
7808000;513.89;514.33;PAC;PAC
7810000;509.78;510.22;PAC;PAC
7812000;512.30;512.73;PAC;PAC
7814000;512.55;512.98;PAC;PAC
7816000;512.46;512.89;PAC;PAC
7818000;508.36;508.78;PAC;PAC
7820000;512.06;512.48;PAC;PAC
7822000;511.73;512.15;PAC;PAC
7824000;509.38;509.79;PAC;PAC
7826000;509.96;510.37;PAC;PAC
7828000;510.05;510.45;PAC;PAC
7830000;513.26;513.65;PAC;PAC
7832000;511.97;512.36;PAC;PAC
7834000;511.21;511.60;PAC;PAC
7836000;511.22;511.60;PAC;PAC
7838000;511.93;512.31;PAC;PAC
7840000;512.03;512.40;PAC;PAC
7842000;510.51;510.88;PAC;PAC
7844000;510.07;510.43;PAC;PAC
7846000;511.17;511.53;PAC;PAC
7848000;510.69;511.05;PAC;PAC
7850000;511.74;512.09;PAC;PAC
7852000;511.22;511.57;PAC;PAC
7854000;512.87;513.21;PAC;PAC
7856000;509.62;509.95;PAC;PAC
7858000;512.73;513.06;PAC;PAC
7860000;511.42;511.75;PAC;PAC
7862000;512.81;513.13;PAC;PAC
7864000;511.67;511.99;PAC;PAC
7866000;509.99;510.30;PAC;PAC
7868000;513.16;513.47;PAC;PAC
7870000;512.27;512.58;PAC;PAC
7872000;512.75;513.05;PAC;PAC
7874000;510.01;510.31;PAC;PAC
7876000;512.66;512.95;PAC;PAC
7878000;512.79;513.08;PAC;PAC
7880000;508.33;508.62;PAC;PAC
7882000;509.86;510.13;PAC;PAC
7884000;513.27;513.54;PAC;PAC
7886000;513.06;513.33;PAC;PAC
7888000;510.41;510.67;PAC;PAC
7890000;510.41;510.67;PAC;PAC
7892000;511.97;512.22;PAC;PAC
7894000;512.69;512.94;PAC;PAC
7896000;510.19;510.43;PAC;PAC
7898000;512.31;512.55;PAC;PAC
7900000;510.75;510.99;PAC;PAC
7902000;509.57;509.80;PAC;PAC
7904000;511.90;512.12;PAC;PAC
7906000;512.90;513.12;PAC;PAC
7908000;512.50;512.72;PAC;PAC
7910000;511.86;512.07;PAC;PAC
7912000;511.51;511.72;PAC;PAC
7914000;513.92;514.12;PAC;PAC
7916000;513.06;513.26;PAC;PAC
7918000;510.71;510.90;PAC;PAC
7920000;510.92;511.11;PAC;PAC
7922000;512.35;512.54;PAC;PAC
7924000;512.94;513.12;PAC;PAC
7926000;511.42;511.59;PAC;PAC
7928000;511.40;511.57;PAC;PAC
7930000;512.23;512.39;PAC;PAC
7932000;511.34;511.50;PAC;PAC
7934000;515.33;515.48;PAC;PAC
7936000;510.18;510.33;PAC;PAC
7938000;508.91;509.06;PAC;PAC
7940000;511.95;512.09;PAC;PAC
7942000;509.99;510.13;PAC;PAC
7944000;511.12;511.25;PAC;PAC
7946000;510.68;510.80;PAC;PAC
7948000;510.72;510.84;PAC;PAC
7950000;513.93;514.05;PAC;PAC
7952000;509.90;510.01;PAC;PAC
7954000;511.81;511.92;PAC;PAC
7956000;512.28;512.38;PAC;PAC
7958000;513.48;513.58;PAC;PAC
7960000;510.65;510.75;PAC;PAC
7962000;511.07;511.16;PAC;PAC
7964000;511.66;511.75;PAC;PAC
7966000;513.31;513.39;PAC;PAC
7968000;511.52;511.59;PAC;PAC
7970000;513.19;513.26;PAC;PAC
7972000;512.41;512.48;PAC;PAC
7974000;511.97;512.03;PAC;PAC
7976000;510.64;510.70;PAC;PAC
7978000;512.68;512.73;PAC;PAC
7980000;511.07;511.11;PAC;PAC
7982000;508.75;508.79;PAC;PAC
7984000;509.51;509.54;PAC;PAC
7986000;511.82;511.85;PAC;PAC
7988000;512.16;512.19;PAC;PAC
7990000;512.99;513.01;PAC;PAC
7992000;509.69;509.71;PAC;PAC
7994000;511.85;511.86;PAC;PAC
7996000;512.14;512.15;PAC;PAC
7998000;509.64;509.64;PAC;PAC
8000000;510.50;510.50;PAC;PAC
8002000;511.60;511.60;PAC;PAC
8004000;510.69;510.68;PAC;PAC
8006000;512.59;512.57;PAC;PAC
8008000;510.78;510.76;PAC;PAC
8010000;511.57;511.55;PAC;PAC
8012000;511.67;511.64;PAC;PAC
8014000;513.60;513.57;PAC;PAC
8016000;511.31;511.27;PAC;PAC
8018000;511.54;511.50;PAC;PAC
8020000;511.53;511.48;PAC;PAC
8022000;513.42;513.37;PAC;PAC
8024000;512.98;512.92;PAC;PAC
8026000;511.99;511.93;PAC;PAC
8028000;512.40;512.34;PAC;PAC
8030000;511.09;511.02;PAC;PAC
8032000;512.37;512.29;PAC;PAC
8034000;512.92;512.84;PAC;PAC
8036000;512.07;511.98;PAC;PAC
8038000;511.42;511.33;PAC;PAC
8040000;511.23;511.13;PAC;PAC
8042000;512.19;512.09;PAC;PAC
8044000;511.21;511.10;PAC;PAC
8046000;511.60;511.49;PAC;PAC
8048000;512.70;512.59;PAC;PAC
8050000;512.39;512.27;PAC;PAC
8052000;512.17;512.05;PAC;PAC
8054000;512.41;512.28;PAC;PAC
8056000;514.77;514.64;PAC;PAC
8058000;512.72;512.59;PAC;PAC
8060000;510.54;510.40;PAC;PAC
8062000;512.92;512.77;PAC;PAC
8064000;512.55;512.40;PAC;PAC
8066000;510.12;509.97;PAC;PAC
8068000;512.09;511.93;PAC;PAC
8070000;510.98;510.82;PAC;PAC
8072000;511.33;511.16;PAC;PAC
8074000;511.77;511.60;PAC;PAC
8076000;511.73;511.56;PAC;PAC
8078000;511.58;511.40;PAC;PAC
8080000;514.25;514.06;PAC;PAC
8082000;511.30;511.10;PAC;PAC
8084000;510.45;510.25;PAC;PAC
8086000;511.98;511.78;PAC;PAC
8088000;514.24;514.03;PAC;PAC
8090000;512.14;511.93;PAC;PAC
8092000;511.60;511.39;PAC;PAC
8094000;510.47;510.25;PAC;PAC
8096000;511.14;510.92;PAC;PAC
8098000;510.85;510.62;PAC;PAC
8100000;509.62;509.38;PAC;PAC
8102000;513.73;513.50;PAC;PAC
8104000;512.30;512.06;PAC;PAC
8106000;511.57;511.32;PAC;PAC
8108000;513.18;512.93;PAC;PAC
8110000;514.74;514.48;PAC;PAC
8112000;511.22;510.95;PAC;PAC
8114000;512.63;512.36;PAC;PAC
8116000;512.53;512.26;PAC;PAC
8118000;512.01;511.73;PAC;PAC
8120000;511.92;511.64;PAC;PAC
8122000;512.06;511.77;PAC;PAC
8124000;511.15;510.86;PAC;PAC
8126000;512.20;511.91;PAC;PAC
8128000;513.23;512.93;PAC;PAC
8130000;512.86;512.56;PAC;PAC
8132000;511.99;511.68;PAC;PAC
8134000;510.27;509.96;PAC;PAC
8136000;512.01;511.69;PAC;PAC
8138000;512.15;511.83;PAC;PAC
8140000;513.11;512.78;PAC;PAC
8142000;512.41;512.07;PAC;PAC
8144000;512.00;511.66;PAC;PAC
8146000;513.21;512.87;PAC;PAC
8148000;511.30;510.95;PAC;PAC
8150000;512.56;512.21;PAC;PAC
8152000;511.68;511.33;PAC;PAC
8154000;512.24;511.88;PAC;PAC
8156000;511.37;511.01;PAC;PAC
8158000;510.57;510.20;PAC;PAC
8160000;514.30;513.93;PAC;PAC
8162000;512.21;511.83;PAC;PAC
8164000;512.64;512.26;PAC;PAC
8166000;513.25;512.86;PAC;PAC
8168000;512.86;512.47;PAC;PAC
8170000;513.77;513.37;PAC;PAC
8172000;512.40;512.00;PAC;PAC
8174000;512.38;511.97;PAC;PAC
8176000;512.28;511.87;PAC;PAC
8178000;512.35;511.94;PAC;PAC
8180000;512.63;512.22;PAC;PAC
8182000;510.64;510.22;PAC;PAC
8184000;511.46;511.04;PAC;PAC
8186000;512.45;512.02;PAC;PAC
8188000;515.25;514.82;PAC;PAC
8190000;511.85;511.41;PAC;PAC
8192000;511.70;511.26;PAC;PAC
8194000;512.53;512.08;PAC;PAC
8196000;514.23;513.78;PAC;PAC
8198000;513.61;513.15;PAC;PAC
8200000;510.56;510.10;PAC;PAC
8202000;512.97;512.50;PAC;PAC
8204000;511.53;511.06;PAC;PAC
8206000;511.46;510.98;PAC;PAC
8208000;510.19;509.71;PAC;PAC
8210000;512.03;511.54;PAC;PAC
8212000;513.47;512.98;PAC;PAC
8214000;515.38;514.89;PAC;PAC
8216000;512.52;512.02;PAC;PAC
8218000;512.49;511.99;PAC;PAC
8220000;513.39;512.88;PAC;PAC
8222000;512.38;511.87;PAC;PAC
8224000;512.84;512.33;PAC;PAC
8226000;512.10;511.58;PAC;PAC
8228000;513.64;513.12;PAC;PAC
8230000;512.55;512.02;PAC;PAC
8232000;511.84;511.31;PAC;PAC
8234000;512.20;511.66;PAC;PAC
8236000;514.64;514.09;PAC;PAC
8238000;511.51;510.96;PAC;PAC
8240000;512.03;511.48;PAC;PAC
8242000;510.29;509.73;PAC;PAC
8244000;513.17;512.61;PAC;PAC
8246000;510.08;509.51;PAC;PAC
8248000;512.99;512.42;PAC;PAC
8250000;513.35;512.78;PAC;PAC
8252000;511.77;511.19;PAC;PAC
8254000;510.97;510.39;PAC;PAC
8256000;513.66;513.07;PAC;PAC
8258000;510.22;509.62;PAC;PAC
8260000;514.89;514.29;PAC;PAC
8262000;512.36;511.76;PAC;PAC
8264000;514.64;514.03;PAC;PAC
8266000;512.38;511.77;PAC;PAC
8268000;511.80;511.19;PAC;PAC
8270000;511.72;511.11;PAC;PAC
8272000;512.26;511.64;PAC;PAC
8274000;512.04;511.41;PAC;PAC
8276000;512.12;511.48;PAC;PAC
8278000;511.81;511.17;PAC;PAC
8280000;513.29;512.65;PAC;PAC
8282000;513.38;512.74;PAC;PAC
8284000;513.93;513.28;PAC;PAC
8286000;512.85;512.20;PAC;PAC
8288000;512.55;511.89;PAC;PAC
8290000;515.99;515.33;PAC;PAC
8292000;514.43;513.77;PAC;PAC
8294000;513.38;512.71;PAC;PAC
8296000;513.10;512.43;PAC;PAC
8298000;511.61;510.93;PAC;PAC
8300000;513.33;512.65;PAC;PAC
8302000;515.08;514.39;PAC;PAC
8304000;513.34;512.65;PAC;PAC
8306000;514.32;513.63;PAC;PAC
8308000;512.78;512.08;PAC;PAC
8310000;511.45;510.75;PAC;PAC
8312000;512.39;511.68;PAC;PAC
8314000;512.79;512.08;PAC;PAC
8316000;513.68;512.96;PAC;PAC
8318000;511.14;510.42;PAC;PAC
8320000;513.82;513.09;PAC;PAC
8322000;513.49;512.76;PAC;PAC
8324000;513.48;512.75;PAC;PAC
8326000;515.77;515.04;PAC;PAC
8328000;512.34;511.61;PAC;PAC
8330000;513.17;512.43;PAC;PAC
8332000;512.55;511.81;PAC;PAC
8334000;511.16;510.40;PAC;PAC
8336000;515.47;514.71;PAC;PAC
8338000;512.46;511.70;PAC;PAC
8340000;512.89;512.13;PAC;PAC
8342000;514.06;513.30;PAC;PAC
8344000;511.55;510.78;PAC;PAC
8346000;511.04;510.27;PAC;PAC
8348000;510.31;509.53;PAC;PAC
8350000;512.93;512.15;PAC;PAC
8352000;511.89;511.10;PAC;PAC
8354000;511.52;510.73;PAC;PAC
8356000;514.33;513.54;PAC;PAC
8358000;512.79;511.99;PAC;PAC
8360000;511.47;510.66;PAC;PAC
8362000;512.17;511.36;PAC;PAC
8364000;512.88;512.07;PAC;PAC
8366000;513.34;512.52;PAC;PAC
8368000;512.92;512.10;PAC;PAC
8370000;512.51;511.68;PAC;PAC
8372000;512.52;511.69;PAC;PAC
8374000;511.59;510.76;PAC;PAC
8376000;510.85;510.01;PAC;PAC
8378000;511.57;510.73;PAC;PAC
8380000;513.29;512.45;PAC;PAC
8382000;512.65;511.80;PAC;PAC
8384000;513.77;512.92;PAC;PAC
8386000;515.09;514.23;PAC;PAC
8388000;511.95;511.09;PAC;PAC
8390000;510.72;509.86;PAC;PAC
8392000;512.72;511.85;PAC;PAC
8394000;512.82;511.95;PAC;PAC
8396000;511.74;510.86;PAC;PAC
8398000;512.54;511.67;PAC;PAC
8400000;512.68;511.80;PAC;PAC
8402000;512.19;511.31;PAC;PAC
8404000;513.00;512.11;PAC;PAC
8406000;514.44;513.55;PAC;PAC
8408000;514.53;513.63;PAC;PAC
8410000;512.70;511.80;PAC;PAC
8412000;511.51;510.60;PAC;PAC
8414000;511.57;510.66;PAC;PAC
8416000;511.37;510.46;PAC;PAC
8418000;510.84;509.92;PAC;PAC
8420000;512.23;511.31;PAC;PAC
8422000;512.31;511.38;PAC;PAC
8424000;514.19;513.26;PAC;PAC
8426000;511.75;510.82;PAC;PAC
8428000;514.62;513.69;PAC;PAC
8430000;512.98;512.05;PAC;PAC
8432000;513.96;513.02;PAC;PAC
8434000;512.24;511.29;PAC;PAC
8436000;514.41;513.46;PAC;PAC
8438000;513.67;512.72;PAC;PAC
8440000;511.84;510.88;PAC;PAC
8442000;512.73;511.77;PAC;PAC
8444000;513.18;512.22;PAC;PAC
8446000;513.13;512.16;PAC;PAC
8448000;512.12;511.15;PAC;PAC
8450000;513.70;512.73;PAC;PAC
8452000;515.79;514.81;PAC;PAC
8454000;512.10;511.11;PAC;PAC
8456000;513.95;512.96;PAC;PAC
8458000;512.28;511.29;PAC;PAC
8460000;512.04;511.05;PAC;PAC
8462000;510.94;509.95;PAC;PAC
8464000;511.10;510.10;PAC;PAC
8466000;513.04;512.04;PAC;PAC
8468000;512.46;511.46;PAC;PAC
8470000;512.59;511.58;PAC;PAC
8472000;512.25;511.24;PAC;PAC
8474000;514.09;513.07;PAC;PAC
8476000;514.94;513.92;PAC;PAC
8478000;512.62;511.60;PAC;PAC
8480000;515.27;514.25;PAC;PAC
8482000;511.73;510.70;PAC;PAC
8484000;512.78;511.74;PAC;PAC
8486000;511.99;510.96;PAC;PAC
8488000;514.19;513.15;PAC;PAC
8490000;513.94;512.90;PAC;PAC
8492000;510.20;509.15;PAC;PAC
8494000;513.47;512.42;PAC;PAC
8496000;513.48;512.43;PAC;PAC
8498000;514.68;513.62;PAC;PAC
8500000;514.32;513.26;PAC;PAC
8502000;513.10;512.04;PAC;PAC
8504000;510.75;509.68;PAC;PAC
8506000;513.42;512.35;PAC;PAC
8508000;512.37;511.30;PAC;PAC
8510000;514.03;512.95;PAC;PAC
8512000;514.46;513.38;PAC;PAC
8514000;511.60;510.51;PAC;PAC
8516000;511.76;510.67;PAC;PAC
8518000;513.95;512.86;PAC;PAC
8520000;513.84;512.74;PAC;PAC
8522000;513.22;512.12;PAC;PAC
8524000;511.81;510.71;PAC;PAC
8526000;513.18;512.08;PAC;PAC
8528000;512.35;511.24;PAC;PAC
8530000;514.42;513.31;PAC;PAC
8532000;515.08;513.97;PAC;PAC
8534000;511.49;510.37;PAC;PAC
8536000;514.90;513.78;PAC;PAC
8538000;514.82;513.70;PAC;PAC
8540000;513.52;512.39;PAC;PAC
8542000;514.10;512.97;PAC;PAC
8544000;513.52;512.39;PAC;PAC
8546000;514.22;513.09;PAC;PAC
8548000;513.47;512.33;PAC;PAC
8550000;512.74;511.60;PAC;PAC
8552000;513.32;512.18;PAC;PAC
8554000;513.68;512.53;PAC;PAC
8556000;514.19;513.04;PAC;PAC
8558000;514.80;513.65;PAC;PAC
8560000;511.70;510.55;PAC;PAC
8562000;513.54;512.38;PAC;PAC
8564000;512.52;511.36;PAC;PAC
8566000;512.14;510.98;PAC;PAC
8568000;514.39;513.22;PAC;PAC
8570000;515.66;514.48;PAC;PAC
8572000;514.39;513.21;PAC;PAC
8574000;512.76;511.58;PAC;PAC
8576000;513.38;512.20;PAC;PAC
8578000;514.87;513.68;PAC;PAC
8580000;515.38;514.20;PAC;PAC
8582000;515.09;513.90;PAC;PAC
8584000;510.43;509.24;PAC;PAC
8586000;509.94;508.74;PAC;PAC
8588000;513.22;512.02;PAC;PAC
8590000;511.32;510.13;PAC;PAC
8592000;514.28;513.07;PAC;PAC
8594000;511.76;510.56;PAC;PAC
8596000;512.36;511.15;PAC;PAC
8598000;513.59;512.38;PAC;PAC
8600000;514.23;513.02;PAC;PAC
8602000;514.55;513.33;PAC;PAC
8604000;512.22;511.00;PAC;PAC
8606000;510.86;509.63;PAC;PAC
8608000;513.86;512.64;PAC;PAC
8610000;513.60;512.37;PAC;PAC
8612000;513.03;511.80;PAC;PAC
8614000;514.22;512.99;PAC;PAC
8616000;512.76;511.53;PAC;PAC
8618000;513.13;511.89;PAC;PAC
8620000;512.12;510.88;PAC;PAC
8622000;514.60;513.36;PAC;PAC
8624000;514.74;513.49;PAC;PAC
8626000;514.54;513.29;PAC;PAC
8628000;512.30;511.04;PAC;PAC
8630000;512.80;511.54;PAC;PAC
8632000;510.75;509.49;PAC;PAC
8634000;511.27;510.01;PAC;PAC
8636000;511.48;510.22;PAC;PAC
8638000;511.59;510.32;PAC;PAC
8640000;512.96;511.69;PAC;PAC
8642000;512.01;510.74;PAC;PAC
8644000;513.07;511.80;PAC;PAC
8646000;513.32;512.05;PAC;PAC
8648000;515.16;513.89;PAC;PAC
8650000;514.00;512.72;PAC;PAC
8652000;512.94;511.66;PAC;PAC
8654000;512.45;511.16;PAC;PAC
8656000;514.03;512.74;PAC;PAC
8658000;512.07;510.78;PAC;PAC
8660000;514.33;513.04;PAC;PAC
8662000;513.38;512.08;PAC;PAC
8664000;512.73;511.43;PAC;PAC
8666000;513.27;511.97;PAC;PAC
8668000;514.20;512.90;PAC;PAC
8670000;515.44;514.14;PAC;PAC
8672000;512.81;511.51;PAC;PAC
8674000;514.24;512.93;PAC;PAC
8676000;512.48;511.17;PAC;PAC
8678000;513.88;512.56;PAC;PAC
8680000;511.56;510.25;PAC;PAC
8682000;514.74;513.42;PAC;PAC
8684000;511.76;510.44;PAC;PAC
8686000;515.49;514.17;PAC;PAC
8688000;512.61;511.29;PAC;PAC
8690000;512.21;510.88;PAC;PAC
8692000;516.30;514.97;PAC;PAC
8694000;513.29;511.96;PAC;PAC
8696000;511.15;509.82;PAC;PAC
8698000;514.99;513.65;PAC;PAC
8700000;514.62;513.29;PAC;PAC
8702000;514.08;512.74;PAC;PAC
8704000;510.57;509.23;PAC;PAC
8706000;511.54;510.20;PAC;PAC
8708000;513.10;511.76;PAC;PAC
8710000;512.65;511.31;PAC;PAC
8712000;513.61;512.26;PAC;PAC
8714000;512.40;511.04;PAC;PAC
8716000;510.79;509.44;PAC;PAC
8718000;514.28;512.93;PAC;PAC
8720000;512.27;510.92;PAC;PAC
8722000;513.71;512.35;PAC;PAC
8724000;513.04;511.68;PAC;PAC
8726000;512.00;510.64;PAC;PAC
8728000;512.13;510.76;PAC;PAC
8730000;512.81;511.44;PAC;PAC
8732000;513.60;512.23;PAC;PAC
8734000;514.01;512.64;PAC;PAC
8736000;515.48;514.11;PAC;PAC
8738000;512.55;511.17;PAC;PAC
8740000;513.44;512.07;PAC;PAC
8742000;513.93;512.55;PAC;PAC
8744000;511.09;509.71;PAC;PAC
8746000;513.94;512.56;PAC;PAC
8748000;513.45;512.07;PAC;PAC
8750000;513.10;511.71;PAC;PAC
8752000;513.13;511.74;PAC;PAC
8754000;511.82;510.43;PAC;PAC
8756000;514.22;512.83;PAC;PAC
8758000;512.64;511.25;PAC;PAC
8760000;514.28;512.89;PAC;PAC
8762000;512.68;511.28;PAC;PAC
8764000;512.52;511.12;PAC;PAC
8766000;514.26;512.86;PAC;PAC
8768000;512.33;510.93;PAC;PAC
8770000;514.71;513.31;PAC;PAC
8772000;512.28;510.87;PAC;PAC
8774000;514.64;513.23;PAC;PAC
8776000;510.49;509.09;PAC;PAC
8778000;513.75;512.34;PAC;PAC
8780000;514.35;512.94;PAC;PAC
8782000;514.19;512.78;PAC;PAC
8784000;513.65;512.24;PAC;PAC
8786000;515.72;514.30;PAC;PAC
8788000;513.24;511.82;PAC;PAC
8790000;513.67;512.25;PAC;PAC
8792000;513.87;512.45;PAC;PAC
8794000;515.37;513.94;PAC;PAC
8796000;513.09;511.66;PAC;PAC
8798000;513.34;511.91;PAC;PAC
8800000;514.29;512.86;PAC;PAC
8802000;514.08;512.65;PAC;PAC
8804000;511.82;510.39;PAC;PAC
8806000;513.06;511.63;PAC;PAC
8808000;512.98;511.55;PAC;PAC
8810000;513.93;512.49;PAC;PAC
8812000;513.42;511.99;PAC;PAC
8814000;513.39;511.95;PAC;PAC
8816000;513.36;511.92;PAC;PAC
8818000;512.86;511.42;PAC;PAC
8820000;513.92;512.48;PAC;PAC
8822000;513.40;511.96;PAC;PAC
8824000;516.00;514.56;PAC;PAC
8826000;513.59;512.14;PAC;PAC
8828000;515.35;513.90;PAC;PAC
8830000;513.68;512.23;PAC;PAC
8832000;512.62;511.17;PAC;PAC
8834000;515.75;514.30;PAC;PAC
8836000;514.47;513.02;PAC;PAC
8838000;513.58;512.13;PAC;PAC
8840000;512.71;511.25;PAC;PAC
8842000;512.94;511.49;PAC;PAC
8844000;511.60;510.15;PAC;PAC
8846000;515.41;513.95;PAC;PAC
8848000;515.95;514.49;PAC;PAC
8850000;513.83;512.37;PAC;PAC
8852000;512.12;510.66;PAC;PAC
8854000;513.38;511.92;PAC;PAC
8856000;512.56;511.10;PAC;PAC
8858000;512.44;510.97;PAC;PAC
8860000;511.31;509.85;PAC;PAC
8862000;512.38;510.92;PAC;PAC
8864000;511.57;510.10;PAC;PAC
8866000;514.46;512.99;PAC;PAC
8868000;512.69;511.23;PAC;PAC
8870000;513.13;511.66;PAC;PAC
8872000;511.32;509.85;PAC;PAC
8874000;513.13;511.66;PAC;PAC
8876000;511.29;509.82;PAC;PAC
8878000;511.68;510.21;PAC;PAC
8880000;512.89;511.42;PAC;PAC
8882000;514.00;512.52;PAC;PAC
8884000;515.00;513.52;PAC;PAC
8886000;513.43;511.96;PAC;PAC
8888000;514.67;513.19;PAC;PAC
8890000;512.85;511.37;PAC;PAC
8892000;511.99;510.51;PAC;PAC
8894000;514.66;513.18;PAC;PAC
8896000;515.52;514.04;PAC;PAC
8898000;512.96;511.48;PAC;PAC
8900000;512.49;511.01;PAC;PAC
8902000;514.43;512.95;PAC;PAC
8904000;514.91;513.43;PAC;PAC
8906000;516.77;515.29;PAC;PAC
8908000;513.68;512.20;PAC;PAC
8910000;513.98;512.50;PAC;PAC
8912000;515.96;514.47;PAC;PAC
8914000;511.00;509.51;PAC;PAC
8916000;514.51;513.03;PAC;PAC
8918000;512.02;510.53;PAC;PAC
8920000;513.49;512.00;PAC;PAC
8922000;514.25;512.77;PAC;PAC
8924000;513.00;511.51;PAC;PAC
8926000;515.22;513.73;PAC;PAC
8928000;513.76;512.27;PAC;PAC
8930000;513.06;511.56;PAC;PAC
8932000;515.72;514.23;PAC;PAC
8934000;512.75;511.26;PAC;PAC
8936000;513.91;512.42;PAC;PAC
8938000;512.81;511.32;PAC;PAC
8940000;514.63;513.14;PAC;PAC
8942000;514.06;512.56;PAC;PAC
8944000;513.01;511.52;PAC;PAC
8946000;512.70;511.21;PAC;PAC
8948000;513.67;512.18;PAC;PAC
8950000;512.64;511.14;PAC;PAC
8952000;515.22;513.73;PAC;PAC
8954000;512.35;510.85;PAC;PAC
8956000;513.64;512.14;PAC;PAC
8958000;513.59;512.10;PAC;PAC
8960000;511.52;510.03;PAC;PAC
8962000;510.15;508.65;PAC;PAC
8964000;514.09;512.60;PAC;PAC
8966000;512.13;510.64;PAC;PAC
8968000;513.72;512.22;PAC;PAC
8970000;512.67;511.18;PAC;PAC
8972000;513.74;512.24;PAC;PAC
8974000;514.65;513.15;PAC;PAC
8976000;512.70;511.20;PAC;PAC
8978000;511.48;509.98;PAC;PAC
8980000;514.67;513.17;PAC;PAC
8982000;513.66;512.16;PAC;PAC
8984000;514.69;513.19;PAC;PAC
8986000;513.60;512.10;PAC;PAC
8988000;515.63;514.13;PAC;PAC
8990000;514.72;513.22;PAC;PAC
8992000;514.03;512.53;PAC;PAC
8994000;511.52;510.02;PAC;PAC
8996000;512.55;511.05;PAC;PAC
8998000;513.23;511.73;PAC;PAC
9000000;512.22;510.72;PAC;PAC
9002000;513.36;511.86;PAC;PAC
9004000;513.16;511.66;PAC;PAC
9006000;513.03;511.53;PAC;PAC
9008000;512.94;511.44;PAC;PAC
9010000;511.40;509.90;PAC;PAC
9012000;511.34;509.84;PAC;PAC
9014000;514.16;512.66;PAC;PAC
9016000;514.29;512.79;PAC;PAC
9018000;514.35;512.85;PAC;PAC
9020000;513.12;511.62;PAC;PAC
9022000;514.31;512.81;PAC;PAC
9024000;510.91;509.41;PAC;PAC
9026000;513.48;511.98;PAC;PAC
9028000;513.69;512.19;PAC;PAC
9030000;515.05;513.55;PAC;PAC
9032000;513.91;512.41;PAC;PAC
9034000;514.32;512.82;PAC;PAC
9036000;515.38;513.88;PAC;PAC
9038000;512.22;510.72;PAC;PAC
9040000;513.89;512.39;PAC;PAC
9042000;513.84;512.34;PAC;PAC
9044000;514.31;512.82;PAC;PAC
9046000;514.84;513.35;PAC;PAC
9048000;513.76;512.26;PAC;PAC
9050000;514.64;513.15;PAC;PAC
9052000;512.12;510.62;PAC;PAC
9054000;513.16;511.66;PAC;PAC
9056000;510.64;509.14;PAC;PAC
9058000;513.60;512.11;PAC;PAC
9060000;512.95;511.45;PAC;PAC
9062000;514.80;513.31;PAC;PAC
9064000;514.47;512.98;PAC;PAC
9066000;513.17;511.68;PAC;PAC
9068000;513.90;512.41;PAC;PAC
9070000;512.11;510.62;PAC;PAC
9072000;511.52;510.03;PAC;PAC
9074000;514.25;512.76;PAC;PAC
9076000;512.88;511.39;PAC;PAC
9078000;514.14;512.65;PAC;PAC
9080000;513.34;511.86;PAC;PAC
9082000;514.23;512.74;PAC;PAC
9084000;513.19;511.71;PAC;PAC
9086000;512.84;511.35;PAC;PAC
9088000;511.03;509.54;PAC;PAC
9090000;513.88;512.40;PAC;PAC
9092000;514.30;512.82;PAC;PAC
9094000;514.28;512.79;PAC;PAC
9096000;512.57;511.09;PAC;PAC
9098000;512.16;510.68;PAC;PAC
9100000;512.09;510.60;PAC;PAC
9102000;514.40;512.92;PAC;PAC
9104000;513.57;512.09;PAC;PAC
9106000;512.43;510.95;PAC;PAC
9108000;512.85;511.37;PAC;PAC
9110000;514.47;512.99;PAC;PAC
9112000;514.00;512.52;PAC;PAC
9114000;515.19;513.72;PAC;PAC
9116000;512.32;510.84;PAC;PAC
9118000;514.99;513.52;PAC;PAC
9120000;514.65;513.17;PAC;PAC
9122000;514.39;512.92;PAC;PAC
9124000;512.05;510.58;PAC;PAC
9126000;517.76;516.29;PAC;PAC
9128000;513.11;511.64;PAC;PAC
9130000;514.50;513.03;PAC;PAC
9132000;513.56;512.09;PAC;PAC
9134000;514.27;512.81;PAC;PAC
9136000;513.16;511.69;PAC;PAC
9138000;512.79;511.32;PAC;PAC
9140000;512.99;511.53;PAC;PAC
9142000;514.20;512.74;PAC;PAC
9144000;512.60;511.14;PAC;PAC
9146000;514.84;513.38;PAC;PAC
9148000;512.06;510.61;PAC;PAC
9150000;513.07;511.61;PAC;PAC
9152000;517.39;515.93;PAC;PAC
9154000;513.57;512.11;PAC;PAC
9156000;511.84;510.39;PAC;PAC
9158000;512.20;510.74;PAC;PAC
9160000;515.25;513.79;PAC;PAC
9162000;512.73;511.28;PAC;PAC
9164000;513.77;512.32;PAC;PAC
9166000;510.96;509.51;PAC;PAC
9168000;512.21;510.77;PAC;PAC
9170000;512.38;510.93;PAC;PAC
9172000;514.33;512.89;PAC;PAC
9174000;511.30;509.85;PAC;PAC
9176000;514.24;512.80;PAC;PAC
9178000;514.40;512.96;PAC;PAC
9180000;514.45;513.01;PAC;PAC
9182000;512.72;511.28;PAC;PAC
9184000;511.33;509.89;PAC;PAC
9186000;512.52;511.09;PAC;PAC
9188000;513.36;511.92;PAC;PAC
9190000;512.30;510.86;PAC;PAC
9192000;512.53;511.10;PAC;PAC
9194000;515.66;514.23;PAC;PAC
9196000;515.23;513.80;PAC;PAC
9198000;515.01;513.58;PAC;PAC
9200000;513.71;512.28;PAC;PAC
9202000;512.15;510.72;PAC;PAC
9204000;512.92;511.50;PAC;PAC
9206000;511.33;509.91;PAC;PAC
9208000;513.07;511.65;PAC;PAC
9210000;515.30;513.89;PAC;PAC
9212000;511.77;510.35;PAC;PAC
9214000;512.81;511.40;PAC;PAC
9216000;515.15;513.73;PAC;PAC
9218000;512.35;510.94;PAC;PAC
9220000;512.91;511.50;PAC;PAC
9222000;514.93;513.52;PAC;PAC
9224000;514.77;513.36;PAC;PAC
9226000;512.75;511.34;PAC;PAC
9228000;512.28;510.88;PAC;PAC
9230000;512.97;511.56;PAC;PAC
9232000;510.67;509.26;PAC;PAC
9234000;513.81;512.41;PAC;PAC
9236000;515.90;514.50;PAC;PAC
9238000;512.47;511.07;PAC;PAC
9240000;514.58;513.19;PAC;PAC
9242000;512.11;510.71;PAC;PAC
9244000;511.63;510.24;PAC;PAC
9246000;515.63;514.24;PAC;PAC
9248000;514.90;513.51;PAC;PAC
9250000;512.98;511.59;PAC;PAC
9252000;513.48;512.09;PAC;PAC
9254000;512.29;510.90;PAC;PAC
9256000;514.38;512.99;PAC;PAC
9258000;514.82;513.45;PAC;PAC
9260000;513.16;511.78;PAC;PAC
9262000;514.43;513.05;PAC;PAC
9264000;513.91;512.54;PAC;PAC
9266000;512.63;511.26;PAC;PAC
9268000;511.83;510.46;PAC;PAC
9270000;514.47;513.10;PAC;PAC
9272000;511.82;510.45;PAC;PAC
9274000;514.24;512.87;PAC;PAC
9276000;513.45;512.09;PAC;PAC
9278000;513.07;511.71;PAC;PAC
9280000;514.20;512.84;PAC;PAC
9282000;511.69;510.34;PAC;PAC
9284000;514.06;512.71;PAC;PAC
9286000;514.12;512.76;PAC;PAC
9288000;515.32;513.97;PAC;PAC
9290000;513.15;511.80;PAC;PAC
9292000;514.52;513.17;PAC;PAC
9294000;514.45;513.11;PAC;PAC
9296000;513.07;511.73;PAC;PAC
9298000;514.38;513.04;PAC;PAC
9300000;514.41;513.08;PAC;PAC
9302000;515.52;514.19;PAC;PAC
9304000;514.52;513.19;PAC;PAC
9306000;510.95;509.62;PAC;PAC
9308000;513.23;511.90;PAC;PAC
9310000;514.82;513.50;PAC;PAC
9312000;513.12;511.80;PAC;PAC
9314000;513.74;512.42;PAC;PAC
9316000;514.79;513.47;PAC;PAC
9318000;512.23;510.92;PAC;PAC
9320000;514.29;512.98;PAC;PAC
9322000;513.23;511.92;PAC;PAC
9324000;513.52;512.21;PAC;PAC
9326000;511.47;510.17;PAC;PAC
9328000;513.59;512.29;PAC;PAC
9330000;512.84;511.54;PAC;PAC
9332000;514.30;513.00;PAC;PAC
9334000;513.54;512.24;PAC;PAC
9336000;514.56;513.26;PAC;PAC
9338000;514.41;513.11;PAC;PAC
9340000;513.85;512.55;PAC;PAC
9342000;512.16;510.87;PAC;PAC
9344000;514.18;512.89;PAC;PAC
9346000;512.22;510.93;PAC;PAC
9348000;514.84;513.56;PAC;PAC
9350000;514.59;513.31;PAC;PAC
9352000;514.99;513.72;PAC;PAC
9354000;513.79;512.51;PAC;PAC
9356000;511.98;510.71;PAC;PAC
9358000;514.75;513.48;PAC;PAC
9360000;514.77;513.51;PAC;PAC
9362000;511.89;510.62;PAC;PAC
9364000;513.87;512.61;PAC;PAC
9366000;512.33;511.07;PAC;PAC
9368000;513.31;512.06;PAC;PAC
9370000;513.65;512.40;PAC;PAC
9372000;512.27;511.02;PAC;PAC
9374000;512.09;510.84;PAC;PAC
9376000;514.89;513.64;PAC;PAC
9378000;511.15;509.90;PAC;PAC
9380000;515.21;513.97;PAC;PAC
9382000;513.70;512.46;PAC;PAC
9384000;513.49;512.26;PAC;PAC
9386000;514.11;512.87;PAC;PAC
9388000;512.58;511.35;PAC;PAC
9390000;513.33;512.10;PAC;PAC
9392000;513.45;512.22;PAC;PAC
9394000;514.49;513.27;PAC;PAC
9396000;513.57;512.35;PAC;PAC
9398000;515.66;514.44;PAC;PAC
9400000;511.45;510.24;PAC;PAC
9402000;511.54;510.33;PAC;PAC
9404000;513.82;512.62;PAC;PAC
9406000;514.02;512.82;PAC;PAC
9408000;511.85;510.64;PAC;PAC
9410000;512.32;511.12;PAC;PAC
9412000;512.42;511.22;PAC;PAC
9414000;512.47;511.28;PAC;PAC
9416000;512.19;511.00;PAC;PAC
9418000;511.78;510.59;PAC;PAC
9420000;512.63;511.45;PAC;PAC
9422000;511.95;510.76;PAC;PAC
9424000;515.20;514.02;PAC;PAC
9426000;514.70;513.52;PAC;PAC
9428000;512.45;511.28;PAC;PAC
9430000;514.27;513.10;PAC;PAC
9432000;511.27;510.10;PAC;PAC
9434000;515.13;513.97;PAC;PAC
9436000;514.80;513.63;PAC;PAC
9438000;514.36;513.20;PAC;PAC
9440000;512.08;510.93;PAC;PAC
9442000;513.67;512.52;PAC;PAC
9444000;513.34;512.19;PAC;PAC
9446000;512.50;511.35;PAC;PAC
9448000;512.70;511.56;PAC;PAC
9450000;513.25;512.11;PAC;PAC
9452000;514.76;513.62;PAC;PAC
9454000;513.87;512.73;PAC;PAC
9456000;513.19;512.06;PAC;PAC
9458000;511.24;510.12;PAC;PAC
9460000;513.79;512.66;PAC;PAC
9462000;513.02;511.90;PAC;PAC
9464000;511.24;510.12;PAC;PAC
9466000;514.09;512.97;PAC;PAC
9468000;515.29;514.17;PAC;PAC
9470000;513.73;512.62;PAC;PAC
9472000;512.94;511.84;PAC;PAC
9474000;515.22;514.11;PAC;PAC
9476000;513.64;512.54;PAC;PAC
9478000;510.98;509.88;PAC;PAC
9480000;514.84;513.74;PAC;PAC
9482000;512.97;511.88;PAC;PAC
9484000;513.04;511.96;PAC;PAC
9486000;514.95;513.86;PAC;PAC
9488000;511.44;510.36;PAC;PAC
9490000;513.62;512.54;PAC;PAC
9492000;513.05;511.98;PAC;PAC
9494000;513.68;512.61;PAC;PAC
9496000;512.71;511.64;PAC;PAC
9498000;511.94;510.88;PAC;PAC
9500000;514.64;513.58;PAC;PAC
9502000;513.71;512.65;PAC;PAC
9504000;511.28;510.22;PAC;PAC
9506000;511.93;510.88;PAC;PAC
9508000;513.94;512.90;PAC;PAC
9510000;509.53;508.49;PAC;PAC
9512000;511.11;510.06;PAC;PAC
9514000;512.27;511.23;PAC;PAC
9516000;512.34;511.31;PAC;PAC
9518000;514.27;513.24;PAC;PAC
9520000;511.20;510.17;PAC;PAC
9522000;515.07;514.05;PAC;PAC
9524000;513.86;512.84;PAC;PAC
9526000;512.94;511.92;PAC;PAC
9528000;514.28;513.26;PAC;PAC
9530000;512.16;511.15;PAC;PAC
9532000;511.20;510.20;PAC;PAC
9534000;511.58;510.57;PAC;PAC
9536000;511.90;510.90;PAC;PAC
9538000;511.52;510.52;PAC;PAC
9540000;512.57;511.58;PAC;PAC
9542000;514.26;513.27;PAC;PAC
9544000;510.96;509.97;PAC;PAC
9546000;513.82;512.84;PAC;PAC
9548000;512.29;511.31;PAC;PAC
9550000;512.51;511.53;PAC;PAC
9552000;514.10;513.13;PAC;PAC
9554000;512.59;511.62;PAC;PAC
9556000;514.19;513.23;PAC;PAC
9558000;512.01;511.05;PAC;PAC
9560000;512.95;511.99;PAC;PAC
9562000;510.35;509.40;PAC;PAC
9564000;512.94;511.99;PAC;PAC
9566000;510.99;510.05;PAC;PAC
9568000;513.54;512.60;PAC;PAC
9570000;509.98;509.04;PAC;PAC
9572000;512.70;511.76;PAC;PAC
9574000;512.63;511.70;PAC;PAC
9576000;512.45;511.53;PAC;PAC
9578000;513.78;512.85;PAC;PAC
9580000;511.56;510.64;PAC;PAC
9582000;512.73;511.81;PAC;PAC
9584000;514.14;513.23;PAC;PAC
9586000;512.46;511.55;PAC;PAC
9588000;508.99;508.09;PAC;PAC
9590000;511.22;510.32;PAC;PAC
9592000;511.21;510.31;PAC;PAC
9594000;514.72;513.82;PAC;PAC
9596000;513.69;512.80;PAC;PAC
9598000;514.04;513.15;PAC;PAC
9600000;513.16;512.27;PAC;PAC
9602000;515.36;514.48;PAC;PAC
9604000;511.21;510.33;PAC;PAC
9606000;514.31;513.44;PAC;PAC
9608000;512.51;511.65;PAC;PAC
9610000;514.43;513.56;PAC;PAC
9612000;514.19;513.33;PAC;PAC
9614000;512.49;511.64;PAC;PAC
9616000;515.13;514.28;PAC;PAC
9618000;513.18;512.34;PAC;PAC
9620000;512.84;512.00;PAC;PAC
9622000;510.42;509.58;PAC;PAC
9624000;513.66;512.83;PAC;PAC
9626000;510.88;510.05;PAC;PAC
9628000;512.96;512.13;PAC;PAC
9630000;512.56;511.74;PAC;PAC
9632000;512.73;511.91;PAC;PAC
9634000;514.84;514.03;PAC;PAC
9636000;513.08;512.27;PAC;PAC
9638000;509.74;508.93;PAC;PAC
9640000;512.84;512.04;PAC;PAC
9642000;511.28;510.48;PAC;PAC
9644000;514.40;513.60;PAC;PAC
9646000;511.13;510.34;PAC;PAC
9648000;515.89;515.10;PAC;PAC
9650000;513.69;512.91;PAC;PAC
9652000;511.30;510.52;PAC;PAC
9654000;513.99;513.22;PAC;PAC
9656000;511.95;511.18;PAC;PAC
9658000;514.14;513.37;PAC;PAC
9660000;512.06;511.29;PAC;PAC
9662000;513.99;513.24;PAC;PAC
9664000;511.97;511.21;PAC;PAC
9666000;514.43;513.68;PAC;PAC
9668000;511.23;510.48;PAC;PAC
9670000;512.60;511.86;PAC;PAC
9672000;513.17;512.43;PAC;PAC
9674000;513.51;512.78;PAC;PAC
9676000;511.91;511.18;PAC;PAC
9678000;512.42;511.69;PAC;PAC
9680000;510.05;509.32;PAC;PAC
9682000;513.22;512.50;PAC;PAC
9684000;513.84;513.12;PAC;PAC
9686000;511.51;510.80;PAC;PAC
9688000;512.99;512.28;PAC;PAC
9690000;512.68;511.97;PAC;PAC
9692000;511.66;510.96;PAC;PAC
9694000;514.11;513.41;PAC;PAC
9696000;512.31;511.62;PAC;PAC
9698000;514.08;513.40;PAC;PAC
9700000;511.34;510.66;PAC;PAC
9702000;512.38;511.71;PAC;PAC
9704000;513.33;512.66;PAC;PAC
9706000;512.41;511.74;PAC;PAC
9708000;512.49;511.82;PAC;PAC
9710000;512.37;511.71;PAC;PAC
9712000;511.59;510.94;PAC;PAC
9714000;513.39;512.74;PAC;PAC
9716000;512.66;512.01;PAC;PAC
9718000;512.16;511.51;PAC;PAC
9720000;513.24;512.60;PAC;PAC
9722000;511.68;511.04;PAC;PAC
9724000;513.25;512.62;PAC;PAC
9726000;512.48;511.86;PAC;PAC
9728000;516.77;516.15;PAC;PAC
9730000;512.64;512.02;PAC;PAC
9732000;511.87;511.26;PAC;PAC
9734000;511.90;511.30;PAC;PAC
9736000;513.48;512.88;PAC;PAC
9738000;512.99;512.39;PAC;PAC
9740000;511.52;510.93;PAC;PAC
9742000;509.66;509.07;PAC;PAC
9744000;513.12;512.53;PAC;PAC
9746000;513.81;513.23;PAC;PAC
9748000;511.15;510.57;PAC;PAC
9750000;513.40;512.83;PAC;PAC
9752000;511.70;511.13;PAC;PAC
9754000;513.55;512.99;PAC;PAC
9756000;513.17;512.61;PAC;PAC
9758000;511.79;511.23;PAC;PAC
9760000;513.49;512.94;PAC;PAC
9762000;512.94;512.39;PAC;PAC
9764000;512.36;511.81;PAC;PAC
9766000;511.63;511.09;PAC;PAC
9768000;513.61;513.07;PAC;PAC
9770000;513.03;512.50;PAC;PAC
9772000;512.03;511.50;PAC;PAC
9774000;513.31;512.79;PAC;PAC
9776000;512.49;511.97;PAC;PAC
9778000;512.80;512.29;PAC;PAC
9780000;511.66;511.15;PAC;PAC
9782000;512.25;511.75;PAC;PAC
9784000;511.08;510.58;PAC;PAC
9786000;512.53;512.04;PAC;PAC
9788000;512.12;511.63;PAC;PAC
9790000;513.34;512.86;PAC;PAC
9792000;511.33;510.85;PAC;PAC
9794000;513.60;513.12;PAC;PAC
9796000;512.52;512.05;PAC;PAC
9798000;514.10;513.64;PAC;PAC
9800000;512.19;511.72;PAC;PAC
9802000;511.17;510.71;PAC;PAC
9804000;512.94;512.48;PAC;PAC
9806000;511.56;511.11;PAC;PAC
9808000;513.22;512.77;PAC;PAC
9810000;512.21;511.76;PAC;PAC
9812000;515.26;514.83;PAC;PAC
9814000;513.38;512.95;PAC;PAC
9816000;511.15;510.73;PAC;PAC
9818000;514.62;514.20;PAC;PAC
9820000;512.70;512.28;PAC;PAC
9822000;510.64;510.23;PAC;PAC
9824000;510.83;510.42;PAC;PAC
9826000;513.38;512.97;PAC;PAC
9828000;511.03;510.63;PAC;PAC
9830000;512.48;512.08;PAC;PAC
9832000;513.11;512.72;PAC;PAC
9834000;511.93;511.54;PAC;PAC
9836000;510.48;510.10;PAC;PAC
9838000;512.64;512.26;PAC;PAC
9840000;511.19;510.82;PAC;PAC
9842000;514.54;514.17;PAC;PAC
9844000;511.75;511.39;PAC;PAC
9846000;511.50;511.14;PAC;PAC
9848000;513.04;512.69;PAC;PAC
9850000;511.70;511.35;PAC;PAC
9852000;509.46;509.12;PAC;PAC
9854000;513.78;513.44;PAC;PAC
9856000;512.69;512.35;PAC;PAC
9858000;512.96;512.63;PAC;PAC
9860000;511.29;510.96;PAC;PAC
9862000;510.32;509.99;PAC;PAC
9864000;512.63;512.31;PAC;PAC
9866000;510.68;510.36;PAC;PAC
9868000;511.04;510.73;PAC;PAC
9870000;512.25;511.94;PAC;PAC
9872000;511.80;511.50;PAC;PAC
9874000;512.47;512.18;PAC;PAC
9876000;511.47;511.18;PAC;PAC
9878000;513.25;512.96;PAC;PAC
9880000;512.76;512.48;PAC;PAC
9882000;512.27;512.00;PAC;PAC
9884000;511.94;511.67;PAC;PAC
9886000;513.07;512.81;PAC;PAC
9888000;512.45;512.19;PAC;PAC
9890000;514.27;514.02;PAC;PAC
9892000;513.24;512.99;PAC;PAC
9894000;510.75;510.50;PAC;PAC
9896000;511.93;511.69;PAC;PAC
9898000;510.85;510.61;PAC;PAC
9900000;511.10;510.86;PAC;PAC
9902000;512.65;512.42;PAC;PAC
9904000;512.98;512.76;PAC;PAC
9906000;511.88;511.66;PAC;PAC
9908000;513.33;513.11;PAC;PAC
9910000;510.83;510.62;PAC;PAC
9912000;510.45;510.25;PAC;PAC
9914000;512.98;512.78;PAC;PAC
9916000;511.95;511.75;PAC;PAC
9918000;511.77;511.57;PAC;PAC
9920000;511.53;511.34;PAC;PAC
9922000;514.80;514.62;PAC;PAC
9924000;512.89;512.72;PAC;PAC
9926000;512.28;512.10;PAC;PAC
9928000;512.34;512.17;PAC;PAC
9930000;512.58;512.41;PAC;PAC
9932000;513.51;513.35;PAC;PAC
9934000;512.18;512.03;PAC;PAC
9936000;515.01;514.86;PAC;PAC
9938000;514.74;514.60;PAC;PAC
9940000;511.96;511.82;PAC;PAC
9942000;510.36;510.22;PAC;PAC
9944000;511.55;511.42;PAC;PAC
9946000;512.24;512.12;PAC;PAC
9948000;509.57;509.45;PAC;PAC
9950000;511.67;511.55;PAC;PAC
9952000;511.25;511.13;PAC;PAC
9954000;510.94;510.83;PAC;PAC
9956000;512.16;512.06;PAC;PAC
9958000;511.29;511.19;PAC;PAC
9960000;513.05;512.96;PAC;PAC
9962000;511.82;511.73;PAC;PAC
9964000;510.59;510.51;PAC;PAC
9966000;510.89;510.81;PAC;PAC
9968000;513.25;513.18;PAC;PAC
9970000;512.18;512.11;PAC;PAC
9972000;512.16;512.09;PAC;PAC
9974000;510.88;510.81;PAC;PAC
9976000;510.50;510.44;PAC;PAC
9978000;513.00;512.94;PAC;PAC
9980000;510.61;510.57;PAC;PAC
9982000;511.65;511.61;PAC;PAC
9984000;512.53;512.49;PAC;PAC
9986000;512.58;512.55;PAC;PAC
9988000;512.45;512.42;PAC;PAC
9990000;511.94;511.92;PAC;PAC
9992000;512.70;512.68;PAC;PAC
9994000;512.63;512.62;PAC;PAC
9996000;513.94;513.93;PAC;PAC
9998000;509.44;509.44;PAC;PAC
