timestamp_us;raw_adc;filtered_val;rhythm;class_code
0;510.50;510.50;PAC;PAC
2000;513.86;513.86;PAC;PAC
4000;511.20;511.19;PAC;PAC
6000;513.12;513.11;PAC;PAC
8000;510.85;510.83;PAC;PAC
10000;511.16;511.14;PAC;PAC
12000;512.84;512.81;PAC;PAC
14000;514.11;514.08;PAC;PAC
16000;512.85;512.81;PAC;PAC
18000;511.19;511.15;PAC;PAC
20000;512.77;512.72;PAC;PAC
22000;512.42;512.37;PAC;PAC
24000;515.57;515.51;PAC;PAC
26000;513.16;513.10;PAC;PAC
28000;511.92;511.85;PAC;PAC
30000;510.96;510.89;PAC;PAC
32000;511.74;511.67;PAC;PAC
34000;511.98;511.90;PAC;PAC
36000;512.09;512.00;PAC;PAC
38000;510.67;510.58;PAC;PAC
40000;511.24;511.14;PAC;PAC
42000;511.51;511.41;PAC;PAC
44000;510.09;509.99;PAC;PAC
46000;513.95;513.84;PAC;PAC
48000;511.02;510.91;PAC;PAC
50000;513.31;513.19;PAC;PAC
52000;511.11;510.99;PAC;PAC
54000;511.57;511.44;PAC;PAC
56000;513.04;512.91;PAC;PAC
58000;511.93;511.80;PAC;PAC
60000;510.90;510.76;PAC;PAC
62000;512.54;512.39;PAC;PAC
64000;512.80;512.65;PAC;PAC
66000;513.68;513.53;PAC;PAC
68000;514.03;513.87;PAC;PAC
70000;512.62;512.46;PAC;PAC
72000;512.95;512.78;PAC;PAC
74000;512.32;512.14;PAC;PAC
76000;512.43;512.25;PAC;PAC
78000;511.70;511.52;PAC;PAC
80000;512.17;511.98;PAC;PAC
82000;511.76;511.56;PAC;PAC
84000;513.61;513.41;PAC;PAC
86000;509.85;509.65;PAC;PAC
88000;509.92;509.71;PAC;PAC
90000;511.89;511.67;PAC;PAC
92000;513.51;513.29;PAC;PAC
94000;512.52;512.30;PAC;PAC
96000;511.39;511.17;PAC;PAC
98000;510.24;510.01;PAC;PAC
100000;513.09;512.85;PAC;PAC
102000;512.33;512.09;PAC;PAC
104000;512.65;512.41;PAC;PAC
106000;510.70;510.45;PAC;PAC
108000;511.99;511.73;PAC;PAC
110000;511.00;510.74;PAC;PAC
112000;510.35;510.08;PAC;PAC
114000;513.07;512.80;PAC;PAC
116000;511.37;511.10;PAC;PAC
118000;511.09;510.81;PAC;PAC
120000;511.38;511.09;PAC;PAC
122000;511.73;511.45;PAC;PAC
124000;511.01;510.72;PAC;PAC
126000;511.69;511.40;PAC;PAC
128000;514.90;514.60;PAC;PAC
130000;513.66;513.36;PAC;PAC
132000;512.04;511.73;PAC;PAC
134000;513.04;512.72;PAC;PAC
136000;512.19;511.87;PAC;PAC
138000;512.42;512.09;PAC;PAC
140000;513.38;513.05;PAC;PAC
142000;511.82;511.49;PAC;PAC
144000;513.36;513.03;PAC;PAC
146000;512.35;512.01;PAC;PAC
148000;512.59;512.25;PAC;PAC
150000;512.81;512.46;PAC;PAC
152000;514.30;513.95;PAC;PAC
154000;514.08;513.72;PAC;PAC
156000;514.68;514.32;PAC;PAC
158000;511.40;511.03;PAC;PAC
160000;511.30;510.92;PAC;PAC
162000;513.41;513.03;PAC;PAC
164000;511.22;510.83;PAC;PAC
166000;513.96;513.57;PAC;PAC
168000;513.04;512.64;PAC;PAC
170000;512.02;511.62;PAC;PAC
172000;510.64;510.24;PAC;PAC
174000;511.48;511.07;PAC;PAC
176000;514.15;513.74;PAC;PAC
178000;511.27;510.85;PAC;PAC
180000;513.78;513.37;PAC;PAC
182000;512.20;511.77;PAC;PAC
184000;513.62;513.19;PAC;PAC
186000;513.41;512.98;PAC;PAC
188000;510.96;510.53;PAC;PAC
190000;513.94;513.49;PAC;PAC
192000;512.07;511.63;PAC;PAC
194000;513.50;513.05;PAC;PAC
196000;513.08;512.63;PAC;PAC
198000;512.12;511.66;PAC;PAC
200000;510.56;510.09;PAC;PAC
202000;512.86;512.39;PAC;PAC
204000;509.57;509.10;PAC;PAC
206000;513.15;512.67;PAC;PAC
208000;512.67;512.19;PAC;PAC
210000;511.90;511.42;PAC;PAC
212000;512.44;511.94;PAC;PAC
214000;514.89;514.39;PAC;PAC
216000;511.24;510.74;PAC;PAC
218000;511.26;510.75;PAC;PAC
220000;512.06;511.55;PAC;PAC
222000;513.16;512.64;PAC;PAC
224000;513.60;513.09;PAC;PAC
226000;512.32;511.80;PAC;PAC
228000;514.04;513.51;PAC;PAC
230000;513.49;512.96;PAC;PAC
232000;512.91;512.38;PAC;PAC
234000;511.85;511.32;PAC;PAC
236000;512.02;511.48;PAC;PAC
238000;514.00;513.45;PAC;PAC
240000;512.14;511.59;PAC;PAC
242000;513.74;513.18;PAC;PAC
244000;511.83;511.26;PAC;PAC
246000;511.30;510.73;PAC;PAC
248000;514.76;514.19;PAC;PAC
250000;514.36;513.79;PAC;PAC
252000;512.71;512.13;PAC;PAC
254000;511.88;511.30;PAC;PAC
256000;513.52;512.93;PAC;PAC
258000;513.41;512.82;PAC;PAC
260000;510.09;509.49;PAC;PAC
262000;512.17;511.57;PAC;PAC
264000;511.61;511.01;PAC;PAC
266000;513.64;513.04;PAC;PAC
268000;511.36;510.74;PAC;PAC
270000;512.44;511.82;PAC;PAC
272000;511.88;511.26;PAC;PAC
274000;513.05;512.43;PAC;PAC
276000;512.70;512.07;PAC;PAC
278000;515.37;514.74;PAC;PAC
280000;512.87;512.23;PAC;PAC
282000;511.32;510.68;PAC;PAC
284000;513.26;512.61;PAC;PAC
286000;513.40;512.75;PAC;PAC
288000;510.74;510.08;PAC;PAC
290000;510.46;509.80;PAC;PAC
292000;512.88;512.22;PAC;PAC
294000;514.00;513.33;PAC;PAC
296000;513.94;513.27;PAC;PAC
298000;512.15;511.47;PAC;PAC
300000;513.20;512.52;PAC;PAC
302000;511.76;511.08;PAC;PAC
304000;513.81;513.12;PAC;PAC
306000;514.53;513.83;PAC;PAC
308000;513.75;513.05;PAC;PAC
310000;513.94;513.23;PAC;PAC
312000;513.47;512.77;PAC;PAC
314000;511.67;510.96;PAC;PAC
316000;512.91;512.19;PAC;PAC
318000;513.58;512.86;PAC;PAC
320000;510.92;510.20;PAC;PAC
322000;513.58;512.85;PAC;PAC
324000;514.26;513.53;PAC;PAC
326000;510.88;510.14;PAC;PAC
328000;513.30;512.56;PAC;PAC
330000;514.52;513.77;PAC;PAC
332000;510.15;509.40;PAC;PAC
334000;514.58;513.83;PAC;PAC
336000;512.46;511.71;PAC;PAC
338000;512.78;512.02;PAC;PAC
340000;513.03;512.27;PAC;PAC
342000;511.19;510.42;PAC;PAC
344000;511.57;510.80;PAC;PAC
346000;513.53;512.75;PAC;PAC
348000;512.61;511.84;PAC;PAC
350000;513.05;512.26;PAC;PAC
352000;511.78;510.99;PAC;PAC
354000;514.44;513.65;PAC;PAC
356000;513.66;512.86;PAC;PAC
358000;512.04;511.24;PAC;PAC
360000;511.93;511.13;PAC;PAC
362000;510.62;509.81;PAC;PAC
364000;513.64;512.83;PAC;PAC
366000;511.91;511.09;PAC;PAC
368000;514.63;513.81;PAC;PAC
370000;513.61;512.79;PAC;PAC
372000;512.14;511.31;PAC;PAC
374000;513.88;513.05;PAC;PAC
376000;512.83;512.00;PAC;PAC
378000;514.46;513.62;PAC;PAC
380000;511.55;510.71;PAC;PAC
382000;512.79;511.94;PAC;PAC
384000;512.31;511.46;PAC;PAC
386000;514.97;514.12;PAC;PAC
388000;513.19;512.33;PAC;PAC
390000;514.55;513.69;PAC;PAC
392000;512.23;511.37;PAC;PAC
394000;513.85;512.98;PAC;PAC
396000;513.42;512.55;PAC;PAC
398000;510.64;509.76;PAC;PAC
400000;511.50;510.62;PAC;PAC
402000;515.17;514.28;PAC;PAC
404000;512.26;511.37;PAC;PAC
406000;513.66;512.77;PAC;PAC
408000;514.02;513.13;PAC;PAC
410000;512.08;511.18;PAC;PAC
412000;514.34;513.44;PAC;PAC
414000;513.63;512.72;PAC;PAC
416000;513.59;512.68;PAC;PAC
418000;514.32;513.41;PAC;PAC
420000;513.92;513.00;PAC;PAC
422000;511.61;510.69;PAC;PAC
424000;512.38;511.45;PAC;PAC
426000;512.70;511.77;PAC;PAC
428000;512.28;511.34;PAC;PAC
430000;511.02;510.08;PAC;PAC
432000;514.01;513.07;PAC;PAC
434000;513.45;512.51;PAC;PAC
436000;513.48;512.53;PAC;PAC
438000;513.61;512.66;PAC;PAC
440000;514.92;513.96;PAC;PAC
442000;513.94;512.98;PAC;PAC
444000;513.12;512.15;PAC;PAC
446000;512.69;511.72;PAC;PAC
448000;511.93;510.96;PAC;PAC
450000;511.80;510.83;PAC;PAC
452000;511.34;510.36;PAC;PAC
454000;514.87;513.89;PAC;PAC
456000;511.93;510.94;PAC;PAC
458000;514.94;513.96;PAC;PAC
460000;511.71;510.72;PAC;PAC
462000;512.64;511.64;PAC;PAC
464000;512.20;511.20;PAC;PAC
466000;512.41;511.41;PAC;PAC
468000;511.82;510.81;PAC;PAC
470000;512.23;511.22;PAC;PAC
472000;510.59;509.58;PAC;PAC
474000;513.15;512.13;PAC;PAC
476000;511.85;510.83;PAC;PAC
478000;512.76;511.74;PAC;PAC
480000;512.94;511.91;PAC;PAC
482000;512.62;511.59;PAC;PAC
484000;512.72;511.68;PAC;PAC
486000;513.49;512.45;PAC;PAC
488000;512.74;511.70;PAC;PAC
490000;513.39;512.35;PAC;PAC
492000;514.78;513.74;PAC;PAC
494000;515.35;514.30;PAC;PAC
496000;514.56;513.51;PAC;PAC
498000;512.85;511.80;PAC;PAC
500000;511.68;510.62;PAC;PAC
502000;511.00;509.94;PAC;PAC
504000;512.50;511.43;PAC;PAC
506000;515.30;514.23;PAC;PAC
508000;512.27;511.20;PAC;PAC
510000;513.57;512.49;PAC;PAC
512000;512.48;511.40;PAC;PAC
514000;514.48;513.39;PAC;PAC
516000;512.26;511.18;PAC;PAC
518000;512.98;511.89;PAC;PAC
520000;511.67;510.57;PAC;PAC
522000;511.21;510.11;PAC;PAC
524000;512.83;511.73;PAC;PAC
526000;513.78;512.67;PAC;PAC
528000;512.51;511.41;PAC;PAC
530000;514.15;513.04;PAC;PAC
532000;513.46;512.35;PAC;PAC
534000;512.76;511.65;PAC;PAC
536000;511.35;510.24;PAC;PAC
538000;515.00;513.87;PAC;PAC
540000;513.87;512.74;PAC;PAC
542000;513.08;511.96;PAC;PAC
544000;513.91;512.78;PAC;PAC
546000;513.59;512.46;PAC;PAC
548000;511.95;510.81;PAC;PAC
550000;512.60;511.46;PAC;PAC
552000;510.79;509.65;PAC;PAC
554000;512.25;511.10;PAC;PAC
556000;511.46;510.31;PAC;PAC
558000;514.68;513.52;PAC;PAC
560000;512.66;511.51;PAC;PAC
562000;512.90;511.74;PAC;PAC
564000;512.06;510.90;PAC;PAC
566000;513.63;512.46;PAC;PAC
568000;511.96;510.79;PAC;PAC
570000;512.74;511.57;PAC;PAC
572000;512.31;511.14;PAC;PAC
574000;512.64;511.46;PAC;PAC
576000;514.72;513.54;PAC;PAC
578000;515.94;514.76;PAC;PAC
580000;513.47;512.28;PAC;PAC
582000;512.08;510.90;PAC;PAC
584000;513.52;512.33;PAC;PAC
586000;515.35;514.16;PAC;PAC
588000;512.20;511.00;PAC;PAC
590000;514.26;513.06;PAC;PAC
592000;514.21;513.01;PAC;PAC
594000;512.81;511.60;PAC;PAC
596000;515.53;514.33;PAC;PAC
598000;513.10;511.89;PAC;PAC
600000;512.56;511.35;PAC;PAC
602000;514.02;512.80;PAC;PAC
604000;514.58;513.36;PAC;PAC
606000;513.50;512.28;PAC;PAC
608000;514.82;513.59;PAC;PAC
610000;509.57;508.34;PAC;PAC
612000;513.17;511.95;PAC;PAC
614000;514.13;512.89;PAC;PAC
616000;513.56;512.33;PAC;PAC
618000;514.25;513.02;PAC;PAC
620000;514.86;513.62;PAC;PAC
622000;512.54;511.29;PAC;PAC
624000;512.69;511.44;PAC;PAC
626000;513.71;512.46;PAC;PAC
628000;512.09;510.84;PAC;PAC
630000;513.79;512.53;PAC;PAC
632000;512.62;511.36;PAC;PAC
634000;513.36;512.10;PAC;PAC
636000;513.57;512.30;PAC;PAC
638000;513.43;512.17;PAC;PAC
640000;512.41;511.14;PAC;PAC
642000;514.45;513.18;PAC;PAC
644000;511.86;510.59;PAC;PAC
646000;515.03;513.76;PAC;PAC
648000;513.38;512.10;PAC;PAC
650000;512.16;510.88;PAC;PAC
652000;514.19;512.91;PAC;PAC
654000;512.95;511.67;PAC;PAC
656000;512.37;511.08;PAC;PAC
658000;513.88;512.59;PAC;PAC
660000;511.74;510.45;PAC;PAC
662000;512.64;511.35;PAC;PAC
664000;513.22;511.92;PAC;PAC
666000;513.97;512.67;PAC;PAC
668000;513.42;512.12;PAC;PAC
670000;512.11;510.81;PAC;PAC
672000;513.33;512.02;PAC;PAC
674000;512.51;511.20;PAC;PAC
676000;513.57;512.26;PAC;PAC
678000;512.18;510.87;PAC;PAC
680000;512.79;511.48;PAC;PAC
682000;513.23;511.91;PAC;PAC
684000;512.82;511.50;PAC;PAC
686000;512.41;511.09;PAC;PAC
688000;514.78;513.46;PAC;PAC
690000;514.03;512.70;PAC;PAC
692000;512.96;511.63;PAC;PAC
694000;513.90;512.57;PAC;PAC
696000;513.75;512.42;PAC;PAC
698000;514.50;513.17;PAC;PAC
700000;513.84;512.51;PAC;PAC
702000;514.20;512.87;PAC;PAC
704000;514.73;513.39;PAC;PAC
706000;514.48;513.14;PAC;PAC
708000;512.07;510.72;PAC;PAC
710000;511.73;510.39;PAC;PAC
712000;514.17;512.82;PAC;PAC
714000;513.60;512.25;PAC;PAC
716000;513.37;512.02;PAC;PAC
718000;512.83;511.48;PAC;PAC
720000;512.42;511.06;PAC;PAC
722000;512.86;511.50;PAC;PAC
724000;513.83;512.47;PAC;PAC
726000;512.11;510.75;PAC;PAC
728000;511.84;510.48;PAC;PAC
730000;510.72;509.35;PAC;PAC
732000;511.71;510.34;PAC;PAC
734000;514.23;512.86;PAC;PAC
736000;515.51;514.14;PAC;PAC
738000;513.00;511.62;PAC;PAC
740000;512.04;510.66;PAC;PAC
742000;513.15;511.77;PAC;PAC
744000;514.22;512.84;PAC;PAC
746000;511.01;509.62;PAC;PAC
748000;513.32;511.93;PAC;PAC
750000;512.99;511.60;PAC;PAC
752000;511.44;510.05;PAC;PAC
754000;511.62;510.23;PAC;PAC
756000;512.04;510.65;PAC;PAC
758000;512.45;511.06;PAC;PAC
760000;513.58;512.18;PAC;PAC
762000;513.99;512.59;PAC;PAC
764000;512.46;511.06;PAC;PAC
766000;513.91;512.51;PAC;PAC
768000;516.24;514.84;PAC;PAC
770000;512.28;510.87;PAC;PAC
772000;510.75;509.34;PAC;PAC
774000;513.64;512.24;PAC;PAC
776000;512.36;510.95;PAC;PAC
778000;512.79;511.38;PAC;PAC
780000;514.16;512.75;PAC;PAC
782000;510.66;509.25;PAC;PAC
784000;512.70;511.29;PAC;PAC
786000;513.69;512.27;PAC;PAC
788000;513.89;512.47;PAC;PAC
790000;513.98;512.56;PAC;PAC
792000;513.71;512.29;PAC;PAC
794000;513.55;512.13;PAC;PAC
796000;514.72;513.30;PAC;PAC
798000;513.40;511.98;PAC;PAC
800000;513.99;512.57;PAC;PAC
802000;512.40;510.97;PAC;PAC
804000;514.90;513.47;PAC;PAC
806000;513.37;511.94;PAC;PAC
808000;514.18;512.75;PAC;PAC
810000;514.03;512.59;PAC;PAC
812000;513.95;512.52;PAC;PAC
814000;513.74;512.30;PAC;PAC
816000;513.70;512.27;PAC;PAC
818000;512.52;511.08;PAC;PAC
820000;513.45;512.01;PAC;PAC
822000;514.35;512.91;PAC;PAC
824000;514.18;512.74;PAC;PAC
826000;513.72;512.27;PAC;PAC
828000;513.25;511.80;PAC;PAC
830000;514.14;512.69;PAC;PAC
832000;514.17;512.72;PAC;PAC
834000;512.61;511.16;PAC;PAC
836000;514.47;513.02;PAC;PAC
838000;512.70;511.25;PAC;PAC
840000;512.84;511.38;PAC;PAC
842000;516.48;515.03;PAC;PAC
844000;513.44;511.99;PAC;PAC
846000;514.61;513.16;PAC;PAC
848000;513.54;512.08;PAC;PAC
850000;512.98;511.52;PAC;PAC
852000;513.21;511.75;PAC;PAC
854000;510.12;508.66;PAC;PAC
856000;512.18;510.72;PAC;PAC
858000;511.92;510.46;PAC;PAC
860000;512.02;510.56;PAC;PAC
862000;514.58;513.11;PAC;PAC
864000;511.27;509.80;PAC;PAC
866000;511.37;509.91;PAC;PAC
868000;513.75;512.29;PAC;PAC
870000;511.94;510.47;PAC;PAC
872000;515.02;513.55;PAC;PAC
874000;514.21;512.74;PAC;PAC
876000;513.47;512.00;PAC;PAC
878000;513.32;511.84;PAC;PAC
880000;512.32;510.85;PAC;PAC
882000;514.83;513.35;PAC;PAC
884000;513.44;511.96;PAC;PAC
886000;513.27;511.79;PAC;PAC
888000;518.23;516.76;PAC;PAC
890000;512.61;511.13;PAC;PAC
892000;511.38;509.90;PAC;PAC
894000;513.94;512.47;PAC;PAC
896000;514.82;513.34;PAC;PAC
898000;512.26;510.78;PAC;PAC
900000;513.43;511.94;PAC;PAC
902000;512.59;511.11;PAC;PAC
904000;511.71;510.23;PAC;PAC
906000;511.93;510.45;PAC;PAC
908000;512.04;510.56;PAC;PAC
910000;513.28;511.79;PAC;PAC
912000;512.93;511.44;PAC;PAC
914000;514.19;512.71;PAC;PAC
916000;513.36;511.87;PAC;PAC
918000;514.01;512.52;PAC;PAC
920000;514.95;513.46;PAC;PAC
922000;514.88;513.39;PAC;PAC
924000;514.67;513.18;PAC;PAC
926000;514.48;512.99;PAC;PAC
928000;513.67;512.18;PAC;PAC
930000;514.56;513.07;PAC;PAC
932000;513.59;512.10;PAC;PAC
934000;514.29;512.80;PAC;PAC
936000;512.12;510.63;PAC;PAC
938000;514.90;513.41;PAC;PAC
940000;512.77;511.27;PAC;PAC
942000;514.23;512.74;PAC;PAC
944000;513.23;511.73;PAC;PAC
946000;513.25;511.76;PAC;PAC
948000;512.12;510.62;PAC;PAC
950000;515.04;513.54;PAC;PAC
952000;514.95;513.46;PAC;PAC
954000;514.20;512.70;PAC;PAC
956000;512.64;511.14;PAC;PAC
958000;514.45;512.95;PAC;PAC
960000;513.57;512.07;PAC;PAC
962000;513.52;512.02;PAC;PAC
964000;515.56;514.06;PAC;PAC
966000;512.70;511.21;PAC;PAC
968000;514.99;513.49;PAC;PAC
970000;513.08;511.58;PAC;PAC
972000;514.26;512.76;PAC;PAC
974000;514.93;513.44;PAC;PAC
976000;513.12;511.62;PAC;PAC
978000;513.48;511.98;PAC;PAC
980000;514.77;513.27;PAC;PAC
982000;513.09;511.59;PAC;PAC
984000;511.47;509.97;PAC;PAC
986000;512.62;511.12;PAC;PAC
988000;511.51;510.01;PAC;PAC
990000;512.93;511.43;PAC;PAC
992000;516.02;514.52;PAC;PAC
994000;515.50;514.00;PAC;PAC
996000;512.48;510.98;PAC;PAC
998000;513.82;512.32;PAC;PAC
1000000;513.66;512.16;PAC;PAC
1002000;513.58;512.08;PAC;PAC
1004000;512.01;510.51;PAC;PAC
1006000;516.40;514.90;PAC;PAC
1008000;516.38;514.88;PAC;PAC
1010000;513.82;512.32;PAC;PAC
1012000;515.21;513.71;PAC;PAC
1014000;513.31;511.81;PAC;PAC
1016000;513.86;512.36;PAC;PAC
1018000;513.17;511.67;PAC;PAC
1020000;512.88;511.39;PAC;PAC
1022000;516.27;514.77;PAC;PAC
1024000;513.08;511.58;PAC;PAC
1026000;514.75;513.25;PAC;PAC
1028000;513.09;511.59;PAC;PAC
1030000;512.71;511.21;PAC;PAC
1032000;512.78;511.28;PAC;PAC
1034000;512.45;510.95;PAC;PAC
1036000;511.59;510.09;PAC;PAC
1038000;512.75;511.25;PAC;PAC
1040000;514.03;512.53;PAC;PAC
1042000;513.64;512.14;PAC;PAC
1044000;515.29;513.80;PAC;PAC
1046000;512.71;511.22;PAC;PAC
1048000;513.94;512.45;PAC;PAC
1050000;513.10;511.61;PAC;PAC
1052000;514.64;513.14;PAC;PAC
1054000;514.63;513.14;PAC;PAC
1056000;512.55;511.06;PAC;PAC
1058000;513.08;511.58;PAC;PAC
1060000;511.61;510.12;PAC;PAC
1062000;511.93;510.44;PAC;PAC
1064000;512.28;510.78;PAC;PAC
1066000;512.57;511.08;PAC;PAC
1068000;512.94;511.45;PAC;PAC
1070000;515.46;513.97;PAC;PAC
1072000;514.45;512.96;PAC;PAC
1074000;513.82;512.33;PAC;PAC
1076000;513.84;512.35;PAC;PAC
1078000;513.74;512.25;PAC;PAC
1080000;514.17;512.68;PAC;PAC
1082000;514.80;513.32;PAC;PAC
1084000;515.05;513.56;PAC;PAC
1086000;513.97;512.48;PAC;PAC
1088000;511.55;510.07;PAC;PAC
1090000;513.19;511.70;PAC;PAC
1092000;513.91;512.43;PAC;PAC
1094000;512.71;511.23;PAC;PAC
1096000;513.27;511.79;PAC;PAC
1098000;513.65;512.16;PAC;PAC
1100000;513.44;511.96;PAC;PAC
1102000;514.75;513.27;PAC;PAC
1104000;514.56;513.08;PAC;PAC
1106000;515.78;514.31;PAC;PAC
1108000;511.03;509.55;PAC;PAC
1110000;512.63;511.15;PAC;PAC
1112000;512.64;511.16;PAC;PAC
1114000;513.11;511.64;PAC;PAC
1116000;516.00;514.52;PAC;PAC
1118000;512.21;510.74;PAC;PAC
1120000;511.64;510.17;PAC;PAC
1122000;515.38;513.91;PAC;PAC
1124000;512.57;511.09;PAC;PAC
1126000;514.07;512.60;PAC;PAC
1128000;514.10;512.63;PAC;PAC
1130000;514.89;513.42;PAC;PAC
1132000;512.73;511.26;PAC;PAC
1134000;513.93;512.47;PAC;PAC
1136000;514.90;513.43;PAC;PAC
1138000;514.70;513.24;PAC;PAC
1140000;514.41;512.94;PAC;PAC
1142000;512.89;511.43;PAC;PAC
1144000;512.75;511.29;PAC;PAC
1146000;513.54;512.08;PAC;PAC
1148000;515.05;513.59;PAC;PAC
1150000;514.02;512.57;PAC;PAC
1152000;512.72;511.26;PAC;PAC
1154000;515.68;514.22;PAC;PAC
1156000;510.57;509.12;PAC;PAC
1158000;512.87;511.42;PAC;PAC
1160000;514.64;513.18;PAC;PAC
1162000;513.15;511.70;PAC;PAC
1164000;513.19;511.74;PAC;PAC
1166000;514.59;513.14;PAC;PAC
1168000;512.70;511.25;PAC;PAC
1170000;513.30;511.86;PAC;PAC
1172000;515.87;514.43;PAC;PAC
1174000;514.78;513.33;PAC;PAC
1176000;512.20;510.76;PAC;PAC
1178000;514.24;512.80;PAC;PAC
1180000;512.13;510.69;PAC;PAC
1182000;513.44;512.00;PAC;PAC
1184000;515.36;513.92;PAC;PAC
1186000;514.48;513.04;PAC;PAC
1188000;514.11;512.68;PAC;PAC
1190000;513.13;511.69;PAC;PAC
1192000;515.36;513.93;PAC;PAC
1194000;513.38;511.95;PAC;PAC
1196000;515.13;513.71;PAC;PAC
1198000;512.33;510.90;PAC;PAC
1200000;514.49;513.06;PAC;PAC
1202000;512.72;511.29;PAC;PAC
1204000;513.25;511.83;PAC;PAC
1206000;512.68;511.26;PAC;PAC
1208000;511.28;509.86;PAC;PAC
1210000;513.33;511.91;PAC;PAC
1212000;512.52;511.10;PAC;PAC
1214000;513.48;512.07;PAC;PAC
1216000;514.40;512.99;PAC;PAC
1218000;513.09;511.68;PAC;PAC
1220000;513.06;511.65;PAC;PAC
1222000;514.05;512.64;PAC;PAC
1224000;514.83;513.42;PAC;PAC
1226000;513.48;512.07;PAC;PAC
1228000;512.84;511.44;PAC;PAC
1230000;512.78;511.37;PAC;PAC
1232000;513.68;512.28;PAC;PAC
1234000;516.53;515.13;PAC;PAC
1236000;513.47;512.07;PAC;PAC
1238000;512.97;511.58;PAC;PAC
1240000;511.94;510.54;PAC;PAC
1242000;515.12;513.73;PAC;PAC
1244000;514.16;512.76;PAC;PAC
1246000;514.64;513.25;PAC;PAC
1248000;513.43;512.04;PAC;PAC
1250000;512.78;511.39;PAC;PAC
1252000;512.43;511.05;PAC;PAC
1254000;512.28;510.90;PAC;PAC
1256000;512.77;511.39;PAC;PAC
1258000;513.80;512.42;PAC;PAC
1260000;515.92;514.55;PAC;PAC
1262000;513.85;512.47;PAC;PAC
1264000;511.87;510.49;PAC;PAC
1266000;512.71;511.34;PAC;PAC
1268000;512.94;511.57;PAC;PAC
1270000;512.07;510.70;PAC;PAC
1272000;513.67;512.30;PAC;PAC
1274000;511.20;509.84;PAC;PAC
1276000;514.57;513.21;PAC;PAC
1278000;514.49;513.13;PAC;PAC
1280000;513.14;511.78;PAC;PAC
1282000;511.32;509.96;PAC;PAC
1284000;515.31;513.96;PAC;PAC
1286000;512.00;510.65;PAC;PAC
1288000;512.95;511.60;PAC;PAC
1290000;513.15;511.80;PAC;PAC
1292000;513.03;511.68;PAC;PAC
1294000;512.82;511.47;PAC;PAC
1296000;513.28;511.94;PAC;PAC
1298000;513.11;511.77;PAC;PAC
1300000;513.33;511.99;PAC;PAC
1302000;515.44;514.11;PAC;PAC
1304000;512.16;510.83;PAC;PAC
1306000;513.09;511.76;PAC;PAC
1308000;513.78;512.45;PAC;PAC
1310000;511.82;510.49;PAC;PAC
1312000;513.94;512.62;PAC;PAC
1314000;514.97;513.65;PAC;PAC
1316000;514.56;513.24;PAC;PAC
1318000;510.75;509.44;PAC;PAC
1320000;513.59;512.27;PAC;PAC
1322000;513.21;511.89;PAC;PAC
1324000;513.23;511.92;PAC;PAC
1326000;510.77;509.46;PAC;PAC
1328000;513.22;511.91;PAC;PAC
1330000;513.77;512.47;PAC;PAC
1332000;511.89;510.59;PAC;PAC
1334000;513.87;512.57;PAC;PAC
1336000;514.94;513.65;PAC;PAC
1338000;510.16;508.87;PAC;PAC
1340000;515.05;513.76;PAC;PAC
1342000;514.92;513.63;PAC;PAC
1344000;513.85;512.57;PAC;PAC
1346000;513.52;512.24;PAC;PAC
1348000;512.89;511.61;PAC;PAC
1350000;511.62;510.35;PAC;PAC
1352000;510.43;509.15;PAC;PAC
1354000;514.43;513.15;PAC;PAC
1356000;511.18;509.91;PAC;PAC
1358000;513.63;512.37;PAC;PAC
1360000;513.51;512.25;PAC;PAC
1362000;513.52;512.26;PAC;PAC
1364000;511.03;509.77;PAC;PAC
1366000;513.51;512.25;PAC;PAC
1368000;511.92;510.66;PAC;PAC
1370000;515.03;513.77;PAC;PAC
1372000;513.80;512.54;PAC;PAC
1374000;512.82;511.58;PAC;PAC
1376000;511.04;509.79;PAC;PAC
1378000;512.58;511.34;PAC;PAC
1380000;512.79;511.55;PAC;PAC
1382000;513.14;511.90;PAC;PAC
1384000;514.53;513.29;PAC;PAC
1386000;513.28;512.04;PAC;PAC
1388000;514.53;513.30;PAC;PAC
1390000;513.42;512.19;PAC;PAC
1392000;513.37;512.15;PAC;PAC
1394000;514.16;512.94;PAC;PAC
1396000;514.68;513.46;PAC;PAC
1398000;511.49;510.27;PAC;PAC
1400000;514.73;513.52;PAC;PAC
1402000;511.33;510.11;PAC;PAC
1404000;514.06;512.85;PAC;PAC
1406000;511.41;510.21;PAC;PAC
1408000;513.03;511.83;PAC;PAC
1410000;512.91;511.71;PAC;PAC
1412000;514.14;512.95;PAC;PAC
1414000;514.14;512.95;PAC;PAC
1416000;511.09;509.90;PAC;PAC
1418000;517.50;516.32;PAC;PAC
1420000;514.38;513.20;PAC;PAC
1422000;513.12;511.93;PAC;PAC
1424000;513.69;512.51;PAC;PAC
1426000;511.91;510.73;PAC;PAC
1428000;513.62;512.45;PAC;PAC
1430000;512.57;511.40;PAC;PAC
1432000;513.53;512.36;PAC;PAC
1434000;512.84;511.68;PAC;PAC
1436000;512.45;511.29;PAC;PAC
1438000;510.15;508.99;PAC;PAC
1440000;512.08;510.93;PAC;PAC
1442000;512.77;511.61;PAC;PAC
1444000;512.06;510.91;PAC;PAC
1446000;512.61;511.47;PAC;PAC
1448000;513.96;512.82;PAC;PAC
1450000;516.34;515.20;PAC;PAC
1452000;511.82;510.68;PAC;PAC
1454000;514.48;513.35;PAC;PAC
1456000;511.73;510.60;PAC;PAC
1458000;512.92;511.79;PAC;PAC
1460000;513.67;512.55;PAC;PAC
1462000;514.30;513.17;PAC;PAC
1464000;514.28;513.16;PAC;PAC
1466000;513.36;512.24;PAC;PAC
1468000;514.38;513.27;PAC;PAC
1470000;512.46;511.35;PAC;PAC
1472000;515.47;514.36;PAC;PAC
1474000;514.79;513.69;PAC;PAC
1476000;512.60;511.50;PAC;PAC
1478000;511.79;510.69;PAC;PAC
1480000;512.26;511.16;PAC;PAC
1482000;513.86;512.77;PAC;PAC
1484000;512.80;511.72;PAC;PAC
1486000;514.94;513.86;PAC;PAC
1488000;511.67;510.59;PAC;PAC
1490000;514.35;513.27;PAC;PAC
1492000;513.23;512.15;PAC;PAC
1494000;511.98;510.91;PAC;PAC
1496000;513.58;512.52;PAC;PAC
1498000;515.37;514.30;PAC;PAC
1500000;512.89;511.83;PAC;PAC
1502000;513.30;512.24;PAC;PAC
1504000;512.75;511.70;PAC;PAC
1506000;514.16;513.10;PAC;PAC
1508000;511.65;510.60;PAC;PAC
1510000;512.70;511.66;PAC;PAC
1512000;513.17;512.13;PAC;PAC
1514000;511.50;510.46;PAC;PAC
1516000;514.67;513.64;PAC;PAC
1518000;513.46;512.43;PAC;PAC
1520000;512.35;511.33;PAC;PAC
1522000;512.31;511.29;PAC;PAC
1524000;512.81;511.79;PAC;PAC
1526000;512.42;511.40;PAC;PAC
1528000;514.44;513.43;PAC;PAC
1530000;513.64;512.63;PAC;PAC
1532000;510.87;509.87;PAC;PAC
1534000;513.54;512.54;PAC;PAC
1536000;511.94;510.94;PAC;PAC
1538000;512.98;511.98;PAC;PAC
1540000;515.17;514.18;PAC;PAC
1542000;511.43;510.44;PAC;PAC
1544000;512.04;511.05;PAC;PAC
1546000;510.75;509.77;PAC;PAC
1548000;512.84;511.86;PAC;PAC
1550000;513.01;512.04;PAC;PAC
1552000;513.90;512.93;PAC;PAC
1554000;511.86;510.89;PAC;PAC
1556000;511.90;510.94;PAC;PAC
1558000;511.20;510.24;PAC;PAC
1560000;512.68;511.73;PAC;PAC
1562000;512.90;511.95;PAC;PAC
1564000;514.76;513.82;PAC;PAC
1566000;513.35;512.40;PAC;PAC
1568000;513.89;512.95;PAC;PAC
1570000;512.31;511.37;PAC;PAC
1572000;512.11;511.18;PAC;PAC
1574000;512.38;511.45;PAC;PAC
1576000;514.02;513.09;PAC;PAC
1578000;511.40;510.48;PAC;PAC
1580000;513.43;512.51;PAC;PAC
1582000;512.05;511.13;PAC;PAC
1584000;513.46;512.55;PAC;PAC
1586000;512.12;511.21;PAC;PAC
1588000;513.14;512.23;PAC;PAC
1590000;511.72;510.82;PAC;PAC
1592000;512.50;511.60;PAC;PAC
1594000;511.69;510.80;PAC;PAC
1596000;513.33;512.44;PAC;PAC
1598000;513.20;512.31;PAC;PAC
1600000;512.75;511.87;PAC;PAC
1602000;514.87;513.99;PAC;PAC
1604000;511.34;510.47;PAC;PAC
1606000;512.28;511.41;PAC;PAC
1608000;513.73;512.86;PAC;PAC
1610000;514.82;513.96;PAC;PAC
1612000;511.71;510.85;PAC;PAC
1614000;514.12;513.27;PAC;PAC
1616000;512.50;511.65;PAC;PAC
1618000;512.56;511.71;PAC;PAC
1620000;515.34;514.50;PAC;PAC
1622000;510.99;510.15;PAC;PAC
1624000;512.18;511.35;PAC;PAC
1626000;514.36;513.53;PAC;PAC
1628000;514.13;513.30;PAC;PAC
1630000;512.81;511.99;PAC;PAC
1632000;513.87;513.06;PAC;PAC
1634000;515.32;514.51;PAC;PAC
1636000;512.24;511.42;PAC;PAC
1638000;512.53;511.72;PAC;PAC
1640000;513.21;512.41;PAC;PAC
1642000;512.29;511.49;PAC;PAC
1644000;513.85;513.06;PAC;PAC
1646000;513.22;512.43;PAC;PAC
1648000;511.78;510.99;PAC;PAC
1650000;512.11;511.33;PAC;PAC
1652000;512.87;512.09;PAC;PAC
1654000;513.64;512.87;PAC;PAC
1656000;511.34;510.57;PAC;PAC
1658000;511.83;511.06;PAC;PAC
1660000;511.36;510.60;PAC;PAC
1662000;513.52;512.76;PAC;PAC
1664000;512.60;511.85;PAC;PAC
1666000;513.91;513.15;PAC;PAC
1668000;513.71;512.96;PAC;PAC
1670000;512.56;511.82;PAC;PAC
1672000;514.31;513.57;PAC;PAC
1674000;511.96;511.23;PAC;PAC
1676000;512.94;512.21;PAC;PAC
1678000;513.57;512.85;PAC;PAC
1680000;512.48;511.76;PAC;PAC
1682000;511.89;511.17;PAC;PAC
1684000;512.99;512.27;PAC;PAC
1686000;509.43;508.72;PAC;PAC
1688000;512.77;512.06;PAC;PAC
1690000;513.10;512.39;PAC;PAC
1692000;511.46;510.76;PAC;PAC
1694000;513.35;512.65;PAC;PAC
1696000;509.62;508.93;PAC;PAC
1698000;512.12;511.44;PAC;PAC
1700000;511.60;510.92;PAC;PAC
1702000;511.95;511.27;PAC;PAC
1704000;512.46;511.79;PAC;PAC
1706000;513.84;513.17;PAC;PAC
1708000;512.54;511.87;PAC;PAC
1710000;512.28;511.62;PAC;PAC
1712000;512.64;511.98;PAC;PAC
1714000;513.35;512.70;PAC;PAC
1716000;512.38;511.73;PAC;PAC
1718000;512.27;511.63;PAC;PAC
1720000;511.52;510.88;PAC;PAC
1722000;513.32;512.69;PAC;PAC
1724000;513.07;512.44;PAC;PAC
1726000;516.31;515.68;PAC;PAC
1728000;511.74;511.12;PAC;PAC
1730000;513.24;512.62;PAC;PAC
1732000;513.23;512.61;PAC;PAC
1734000;514.94;514.34;PAC;PAC
1736000;510.80;510.20;PAC;PAC
1738000;511.06;510.46;PAC;PAC
1740000;512.96;512.37;PAC;PAC
1742000;512.98;512.39;PAC;PAC
1744000;513.26;512.67;PAC;PAC
1746000;511.94;511.35;PAC;PAC
1748000;511.75;511.18;PAC;PAC
1750000;513.11;512.54;PAC;PAC
1752000;514.45;513.88;PAC;PAC
1754000;511.17;510.60;PAC;PAC
1756000;515.26;514.70;PAC;PAC
1758000;512.69;512.13;PAC;PAC
1760000;513.10;512.55;PAC;PAC
1762000;512.91;512.37;PAC;PAC
1764000;513.16;512.61;PAC;PAC
1766000;514.62;514.08;PAC;PAC
1768000;513.11;512.58;PAC;PAC
1770000;512.12;511.59;PAC;PAC
1772000;512.30;511.78;PAC;PAC
1774000;510.93;510.41;PAC;PAC
1776000;512.35;511.83;PAC;PAC
1778000;513.31;512.79;PAC;PAC
1780000;513.04;512.53;PAC;PAC
1782000;512.05;511.55;PAC;PAC
1784000;513.73;513.24;PAC;PAC
1786000;511.45;510.95;PAC;PAC
1788000;513.02;512.53;PAC;PAC
1790000;512.58;512.10;PAC;PAC
1792000;512.68;512.20;PAC;PAC
1794000;510.99;510.51;PAC;PAC
1796000;513.47;513.00;PAC;PAC
1798000;510.64;510.18;PAC;PAC
1800000;513.16;512.70;PAC;PAC
1802000;513.60;513.14;PAC;PAC
1804000;512.07;511.62;PAC;PAC
1806000;510.93;510.48;PAC;PAC
1808000;513.34;512.90;PAC;PAC
1810000;512.47;512.03;PAC;PAC
1812000;510.60;510.16;PAC;PAC
1814000;511.81;511.38;PAC;PAC
1816000;512.16;511.73;PAC;PAC
1818000;512.33;511.90;PAC;PAC
1820000;512.25;511.83;PAC;PAC
1822000;512.51;512.09;PAC;PAC
1824000;512.76;512.35;PAC;PAC
1826000;511.11;510.71;PAC;PAC
1828000;511.61;511.21;PAC;PAC
1830000;514.10;513.70;PAC;PAC
1832000;511.46;511.07;PAC;PAC
1834000;512.22;511.83;PAC;PAC
1836000;511.78;511.40;PAC;PAC
1838000;511.85;511.48;PAC;PAC
1840000;511.66;511.29;PAC;PAC
1842000;512.40;512.04;PAC;PAC
1844000;511.96;511.60;PAC;PAC
1846000;512.55;512.19;PAC;PAC
1848000;510.93;510.57;PAC;PAC
1850000;513.15;512.80;PAC;PAC
1852000;512.58;512.24;PAC;PAC
1854000;511.81;511.47;PAC;PAC
1856000;513.67;513.33;PAC;PAC
1858000;512.92;512.59;PAC;PAC
1860000;510.59;510.26;PAC;PAC
1862000;511.51;511.19;PAC;PAC
1864000;512.03;511.71;PAC;PAC
1866000;514.95;514.64;PAC;PAC
1868000;511.59;511.28;PAC;PAC
1870000;514.85;514.54;PAC;PAC
1872000;512.28;511.98;PAC;PAC
1874000;514.12;513.83;PAC;PAC
1876000;512.81;512.52;PAC;PAC
1878000;511.97;511.69;PAC;PAC
1880000;513.11;512.83;PAC;PAC
1882000;511.37;511.09;PAC;PAC
1884000;510.02;509.75;PAC;PAC
1886000;510.94;510.67;PAC;PAC
1888000;512.49;512.23;PAC;PAC
1890000;513.12;512.86;PAC;PAC
1892000;510.84;510.59;PAC;PAC
1894000;510.84;510.59;PAC;PAC
1896000;513.35;513.10;PAC;PAC
1898000;509.02;508.78;PAC;PAC
1900000;514.03;513.80;PAC;PAC
1902000;512.34;512.11;PAC;PAC
1904000;512.19;511.96;PAC;PAC
1906000;511.54;511.32;PAC;PAC
1908000;511.14;510.92;PAC;PAC
1910000;511.82;511.61;PAC;PAC
1912000;511.99;511.78;PAC;PAC
1914000;513.43;513.23;PAC;PAC
1916000;514.37;514.17;PAC;PAC
1918000;513.43;513.24;PAC;PAC
1920000;510.84;510.65;PAC;PAC
1922000;510.77;510.59;PAC;PAC
1924000;510.88;510.70;PAC;PAC
1926000;512.59;512.42;PAC;PAC
1928000;511.65;511.48;PAC;PAC
1930000;513.63;513.47;PAC;PAC
1932000;512.77;512.61;PAC;PAC
1934000;510.98;510.83;PAC;PAC
1936000;511.74;511.59;PAC;PAC
1938000;513.57;513.42;PAC;PAC
1940000;512.91;512.77;PAC;PAC
1942000;512.51;512.37;PAC;PAC
1944000;511.78;511.65;PAC;PAC
1946000;511.25;511.12;PAC;PAC
1948000;511.57;511.44;PAC;PAC
1950000;512.20;512.08;PAC;PAC
1952000;511.76;511.65;PAC;PAC
1954000;510.87;510.76;PAC;PAC
1956000;513.81;513.71;PAC;PAC
1958000;511.03;510.93;PAC;PAC
1960000;514.32;514.22;PAC;PAC
1962000;512.73;512.64;PAC;PAC
1964000;514.03;513.94;PAC;PAC
1966000;513.83;513.75;PAC;PAC
1968000;511.56;511.49;PAC;PAC
1970000;511.59;511.52;PAC;PAC
1972000;510.50;510.44;PAC;PAC
1974000;510.88;510.82;PAC;PAC
1976000;511.79;511.73;PAC;PAC
1978000;510.91;510.86;PAC;PAC
1980000;513.38;513.34;PAC;PAC
1982000;514.06;514.02;PAC;PAC
1984000;512.31;512.28;PAC;PAC
1986000;511.93;511.90;PAC;PAC
1988000;514.17;514.14;PAC;PAC
1990000;513.25;513.22;PAC;PAC
1992000;511.85;511.83;PAC;PAC
1994000;511.01;510.99;PAC;PAC
1996000;511.35;511.34;PAC;PAC
1998000;510.60;510.59;PAC;PAC
2000000;511.52;511.52;PAC;PAC
2002000;509.21;509.22;PAC;PAC
2004000;512.49;512.50;PAC;PAC
2006000;510.14;510.16;PAC;PAC
2008000;510.35;510.37;PAC;PAC
2010000;511.98;512.00;PAC;PAC
2012000;510.26;510.29;PAC;PAC
2014000;511.28;511.32;PAC;PAC
2016000;512.34;512.38;PAC;PAC
2018000;514.72;514.76;PAC;PAC
2020000;509.26;509.31;PAC;PAC
2022000;510.71;510.76;PAC;PAC
2024000;511.97;512.03;PAC;PAC
2026000;512.87;512.93;PAC;PAC
2028000;511.13;511.19;PAC;PAC
2030000;511.07;511.14;PAC;PAC
2032000;512.89;512.97;PAC;PAC
2034000;511.47;511.55;PAC;PAC
2036000;513.92;514.01;PAC;PAC
2038000;512.39;512.48;PAC;PAC
2040000;512.45;512.54;PAC;PAC
2042000;511.02;511.12;PAC;PAC
2044000;512.13;512.23;PAC;PAC
2046000;511.45;511.56;PAC;PAC
2048000;512.08;512.20;PAC;PAC
2050000;513.19;513.30;PAC;PAC
2052000;512.29;512.41;PAC;PAC
2054000;512.17;512.29;PAC;PAC
2056000;510.82;510.95;PAC;PAC
2058000;511.55;511.69;PAC;PAC
2060000;512.53;512.67;PAC;PAC
2062000;514.27;514.41;PAC;PAC
2064000;512.28;512.43;PAC;PAC
2066000;512.72;512.88;PAC;PAC
2068000;512.93;513.09;PAC;PAC
2070000;513.14;513.31;PAC;PAC
2072000;510.89;511.05;PAC;PAC
2074000;513.16;513.33;PAC;PAC
2076000;509.83;510.00;PAC;PAC
2078000;513.48;513.66;PAC;PAC
2080000;512.50;512.69;PAC;PAC
2082000;510.45;510.65;PAC;PAC
2084000;513.12;513.32;PAC;PAC
2086000;510.73;510.94;PAC;PAC
2088000;511.13;511.34;PAC;PAC
2090000;511.12;511.33;PAC;PAC
2092000;512.00;512.22;PAC;PAC
2094000;510.90;511.12;PAC;PAC
2096000;509.35;509.58;PAC;PAC
2098000;511.03;511.26;PAC;PAC
2100000;510.81;511.04;PAC;PAC
2102000;513.40;513.64;PAC;PAC
2104000;512.76;513.01;PAC;PAC
2106000;512.87;513.11;PAC;PAC
2108000;511.03;511.28;PAC;PAC
2110000;511.17;511.43;PAC;PAC
2112000;512.27;512.53;PAC;PAC
2114000;510.72;510.99;PAC;PAC
2116000;512.46;512.74;PAC;PAC
2118000;510.84;511.11;PAC;PAC
2120000;509.75;510.03;PAC;PAC
2122000;511.92;512.21;PAC;PAC
2124000;510.35;510.64;PAC;PAC
2126000;512.44;512.73;PAC;PAC
2128000;511.11;511.41;PAC;PAC
2130000;510.03;510.33;PAC;PAC
2132000;510.92;511.23;PAC;PAC
2134000;510.22;510.54;PAC;PAC
2136000;511.41;511.73;PAC;PAC
2138000;511.95;512.27;PAC;PAC
2140000;507.73;508.05;PAC;PAC
2142000;510.77;511.10;PAC;PAC
2144000;511.33;511.67;PAC;PAC
2146000;511.74;512.08;PAC;PAC
2148000;512.33;512.67;PAC;PAC
2150000;511.28;511.63;PAC;PAC
2152000;511.58;511.93;PAC;PAC
2154000;512.95;513.31;PAC;PAC
2156000;509.21;509.58;PAC;PAC
2158000;513.09;513.46;PAC;PAC
2160000;513.55;513.92;PAC;PAC
2162000;512.39;512.77;PAC;PAC
2164000;511.43;511.81;PAC;PAC
2166000;511.52;511.91;PAC;PAC
2168000;508.94;509.33;PAC;PAC
2170000;513.55;513.95;PAC;PAC
2172000;510.63;511.03;PAC;PAC
2174000;510.84;511.24;PAC;PAC
2176000;511.08;511.49;PAC;PAC
2178000;511.12;511.53;PAC;PAC
2180000;512.94;513.36;PAC;PAC
2182000;511.22;511.65;PAC;PAC
2184000;512.93;513.35;PAC;PAC
2186000;511.08;511.51;PAC;PAC
2188000;511.75;512.19;PAC;PAC
2190000;510.62;511.06;PAC;PAC
2192000;510.53;510.97;PAC;PAC
2194000;511.50;511.95;PAC;PAC
2196000;512.02;512.48;PAC;PAC
2198000;511.56;512.02;PAC;PAC
2200000;512.25;512.72;PAC;PAC
2202000;510.36;510.83;PAC;PAC
2204000;512.19;512.66;PAC;PAC
2206000;511.30;511.77;PAC;PAC
2208000;510.61;511.09;PAC;PAC
2210000;513.22;513.71;PAC;PAC
2212000;511.99;512.48;PAC;PAC
2214000;513.11;513.60;PAC;PAC
2216000;511.08;511.58;PAC;PAC
2218000;514.18;514.68;PAC;PAC
2220000;512.20;512.71;PAC;PAC
2222000;511.47;511.98;PAC;PAC
2224000;512.01;512.53;PAC;PAC
2226000;510.08;510.60;PAC;PAC
2228000;512.56;513.09;PAC;PAC
2230000;510.85;511.38;PAC;PAC
2232000;510.24;510.78;PAC;PAC
2234000;511.23;511.77;PAC;PAC
2236000;512.18;512.72;PAC;PAC
2238000;511.37;511.92;PAC;PAC
2240000;511.17;511.72;PAC;PAC
2242000;512.41;512.96;PAC;PAC
2244000;512.51;513.07;PAC;PAC
2246000;509.66;510.22;PAC;PAC
2248000;513.04;513.61;PAC;PAC
2250000;511.73;512.31;PAC;PAC
2252000;512.83;513.40;PAC;PAC
2254000;511.91;512.50;PAC;PAC
2256000;511.72;512.30;PAC;PAC
2258000;510.75;511.34;PAC;PAC
2260000;512.64;513.24;PAC;PAC
2262000;510.23;510.83;PAC;PAC
2264000;511.88;512.48;PAC;PAC
2266000;512.24;512.85;PAC;PAC
2268000;511.78;512.40;PAC;PAC
2270000;512.56;513.18;PAC;PAC
2272000;512.02;512.65;PAC;PAC
2274000;511.61;512.24;PAC;PAC
2276000;508.96;509.59;PAC;PAC
2278000;511.73;512.37;PAC;PAC
2280000;510.83;511.47;PAC;PAC
2282000;511.80;512.44;PAC;PAC
2284000;511.80;512.45;PAC;PAC
2286000;511.32;511.97;PAC;PAC
2288000;510.21;510.87;PAC;PAC
2290000;512.10;512.76;PAC;PAC
2292000;511.85;512.51;PAC;PAC
2294000;511.79;512.46;PAC;PAC
2296000;511.47;512.14;PAC;PAC
2298000;508.87;509.55;PAC;PAC
2300000;510.99;511.67;PAC;PAC
2302000;513.18;513.86;PAC;PAC
2304000;512.01;512.70;PAC;PAC
2306000;513.17;513.86;PAC;PAC
2308000;509.45;510.15;PAC;PAC
2310000;512.81;513.51;PAC;PAC
2312000;512.01;512.71;PAC;PAC
2314000;511.01;511.72;PAC;PAC
2316000;512.06;512.78;PAC;PAC
2318000;511.38;512.09;PAC;PAC
2320000;510.77;511.49;PAC;PAC
2322000;511.44;512.17;PAC;PAC
2324000;510.64;511.37;PAC;PAC
2326000;511.71;512.44;PAC;PAC
2328000;512.28;513.02;PAC;PAC
2330000;510.64;511.38;PAC;PAC
2332000;512.04;512.79;PAC;PAC
2334000;511.58;512.33;PAC;PAC
2336000;510.47;511.22;PAC;PAC
2338000;511.72;512.48;PAC;PAC
2340000;511.56;512.32;PAC;PAC
2342000;510.80;511.57;PAC;PAC
2344000;510.65;511.42;PAC;PAC
2346000;510.73;511.50;PAC;PAC
2348000;513.20;513.98;PAC;PAC
2350000;512.09;512.88;PAC;PAC
2352000;511.09;511.87;PAC;PAC
2354000;511.51;512.31;PAC;PAC
2356000;511.45;512.24;PAC;PAC
2358000;510.07;510.87;PAC;PAC
2360000;510.54;511.35;PAC;PAC
2362000;511.89;512.70;PAC;PAC
2364000;509.63;510.44;PAC;PAC
2366000;512.06;512.87;PAC;PAC
2368000;512.30;513.12;PAC;PAC
2370000;511.58;512.41;PAC;PAC
2372000;511.15;511.98;PAC;PAC
2374000;510.13;510.96;PAC;PAC
2376000;512.31;513.15;PAC;PAC
2378000;511.17;512.01;PAC;PAC
2380000;511.45;512.29;PAC;PAC
2382000;511.04;511.89;PAC;PAC
2384000;512.06;512.91;PAC;PAC
2386000;511.55;512.40;PAC;PAC
2388000;511.50;512.36;PAC;PAC
2390000;513.12;513.98;PAC;PAC
2392000;509.59;510.46;PAC;PAC
2394000;511.97;512.84;PAC;PAC
2396000;510.00;510.88;PAC;PAC
2398000;508.92;509.79;PAC;PAC
2400000;511.15;512.04;PAC;PAC
2402000;509.78;510.66;PAC;PAC
2404000;509.89;510.78;PAC;PAC
2406000;512.32;513.21;PAC;PAC
2408000;513.04;513.94;PAC;PAC
2410000;512.11;513.01;PAC;PAC
2412000;509.10;510.00;PAC;PAC
2414000;512.22;513.13;PAC;PAC
2416000;510.02;510.93;PAC;PAC
2418000;510.27;511.18;PAC;PAC
2420000;509.54;510.46;PAC;PAC
2422000;511.27;512.19;PAC;PAC
2424000;509.71;510.63;PAC;PAC
2426000;511.72;512.65;PAC;PAC
2428000;509.91;510.84;PAC;PAC
2430000;510.75;511.69;PAC;PAC
2432000;508.39;509.33;PAC;PAC
2434000;513.88;514.83;PAC;PAC
2436000;512.49;513.44;PAC;PAC
2438000;511.49;512.44;PAC;PAC
2440000;511.29;512.24;PAC;PAC
2442000;511.15;512.11;PAC;PAC
2444000;509.43;510.39;PAC;PAC
2446000;510.06;511.03;PAC;PAC
2448000;513.48;514.45;PAC;PAC
2450000;508.62;509.59;PAC;PAC
2452000;511.02;512.00;PAC;PAC
2454000;510.06;511.04;PAC;PAC
2456000;509.56;510.55;PAC;PAC
2458000;511.05;512.04;PAC;PAC
2460000;511.56;512.55;PAC;PAC
2462000;510.19;511.19;PAC;PAC
2464000;512.24;513.24;PAC;PAC
2466000;512.34;513.34;PAC;PAC
2468000;512.61;513.62;PAC;PAC
2470000;511.26;512.27;PAC;PAC
2472000;512.19;513.20;PAC;PAC
2474000;510.94;511.96;PAC;PAC
2476000;511.46;512.48;PAC;PAC
2478000;510.82;511.84;PAC;PAC
2480000;511.71;512.74;PAC;PAC
2482000;511.22;512.25;PAC;PAC
2484000;512.14;513.17;PAC;PAC
2486000;511.28;512.31;PAC;PAC
2488000;513.12;514.16;PAC;PAC
2490000;508.82;509.87;PAC;PAC
2492000;509.25;510.29;PAC;PAC
2494000;509.84;510.89;PAC;PAC
2496000;511.29;512.35;PAC;PAC
2498000;510.64;511.70;PAC;PAC
2500000;510.40;511.46;PAC;PAC
2502000;510.25;511.31;PAC;PAC
2504000;511.25;512.32;PAC;PAC
2506000;508.99;510.06;PAC;PAC
2508000;508.93;510.00;PAC;PAC
2510000;509.50;510.58;PAC;PAC
2512000;509.30;510.38;PAC;PAC
2514000;509.31;510.39;PAC;PAC
2516000;510.00;511.09;PAC;PAC
2518000;511.42;512.51;PAC;PAC
2520000;512.31;513.40;PAC;PAC
2522000;510.80;511.89;PAC;PAC
2524000;510.01;511.11;PAC;PAC
2526000;511.42;512.53;PAC;PAC
2528000;511.10;512.20;PAC;PAC
2530000;510.82;511.93;PAC;PAC
2532000;509.73;510.84;PAC;PAC
2534000;509.75;510.86;PAC;PAC
2536000;510.05;511.17;PAC;PAC
2538000;511.13;512.25;PAC;PAC
2540000;510.85;511.98;PAC;PAC
2542000;509.72;510.85;PAC;PAC
2544000;509.83;510.96;PAC;PAC
2546000;509.51;510.64;PAC;PAC
2548000;510.18;511.31;PAC;PAC
2550000;511.69;512.83;PAC;PAC
2552000;512.34;513.49;PAC;PAC
2554000;509.78;510.92;PAC;PAC
2556000;510.99;512.14;PAC;PAC
2558000;510.68;511.83;PAC;PAC
2560000;511.81;512.96;PAC;PAC
2562000;510.62;511.78;PAC;PAC
2564000;510.70;511.86;PAC;PAC
2566000;508.49;509.66;PAC;PAC
2568000;511.25;512.42;PAC;PAC
2570000;509.17;510.34;PAC;PAC
2572000;511.81;512.99;PAC;PAC
2574000;510.23;511.41;PAC;PAC
2576000;510.06;511.24;PAC;PAC
2578000;512.71;513.90;PAC;PAC
2580000;510.99;512.17;PAC;PAC
2582000;508.34;509.53;PAC;PAC
2584000;511.27;512.46;PAC;PAC
2586000;510.29;511.49;PAC;PAC
2588000;508.69;509.89;PAC;PAC
2590000;509.41;510.61;PAC;PAC
2592000;510.99;512.19;PAC;PAC
2594000;511.32;512.53;PAC;PAC
2596000;512.99;514.20;PAC;PAC
2598000;509.17;510.38;PAC;PAC
2600000;512.12;513.33;PAC;PAC
2602000;510.35;511.57;PAC;PAC
2604000;513.47;514.69;PAC;PAC
2606000;510.25;511.47;PAC;PAC
2608000;513.57;514.80;PAC;PAC
2610000;509.89;511.12;PAC;PAC
2612000;510.85;512.08;PAC;PAC
2614000;511.58;512.81;PAC;PAC
2616000;512.44;513.68;PAC;PAC
2618000;510.32;511.55;PAC;PAC
2620000;510.83;512.07;PAC;PAC
2622000;510.20;511.44;PAC;PAC
2624000;509.85;511.09;PAC;PAC
2626000;511.54;512.79;PAC;PAC
2628000;510.69;511.94;PAC;PAC
2630000;513.30;514.55;PAC;PAC
2632000;510.58;511.83;PAC;PAC
2634000;510.14;511.40;PAC;PAC
2636000;511.41;512.68;PAC;PAC
2638000;511.86;513.12;PAC;PAC
2640000;510.56;511.82;PAC;PAC
2642000;511.63;512.90;PAC;PAC
2644000;510.21;511.49;PAC;PAC
2646000;510.14;511.41;PAC;PAC
2648000;511.05;512.33;PAC;PAC
2650000;510.58;511.86;PAC;PAC
2652000;511.99;513.28;PAC;PAC
2654000;513.48;514.77;PAC;PAC
2656000;509.44;510.73;PAC;PAC
2658000;510.83;512.12;PAC;PAC
2660000;512.03;513.32;PAC;PAC
2662000;510.70;512.00;PAC;PAC
2664000;511.27;512.56;PAC;PAC
2666000;509.87;511.17;PAC;PAC
2668000;510.86;512.16;PAC;PAC
2670000;511.49;512.79;PAC;PAC
2672000;510.89;512.19;PAC;PAC
2674000;511.38;512.69;PAC;PAC
2676000;508.92;510.23;PAC;PAC
2678000;512.83;514.14;PAC;PAC
2680000;510.85;512.17;PAC;PAC
2682000;510.39;511.71;PAC;PAC
2684000;508.96;510.28;PAC;PAC
2686000;511.44;512.76;PAC;PAC
2688000;510.05;511.38;PAC;PAC
2690000;512.37;513.70;PAC;PAC
2692000;511.68;513.01;PAC;PAC
2694000;511.21;512.54;PAC;PAC
2696000;512.00;513.33;PAC;PAC
2698000;511.44;512.77;PAC;PAC
2700000;511.09;512.42;PAC;PAC
2702000;509.61;510.94;PAC;PAC
2704000;508.83;510.17;PAC;PAC
2706000;511.41;512.76;PAC;PAC
2708000;512.57;513.92;PAC;PAC
2710000;512.38;513.73;PAC;PAC
2712000;512.85;514.20;PAC;PAC
2714000;510.32;511.67;PAC;PAC
2716000;511.08;512.43;PAC;PAC
2718000;509.50;510.86;PAC;PAC
2720000;510.13;511.49;PAC;PAC
2722000;510.03;511.39;PAC;PAC
2724000;511.70;513.07;PAC;PAC
2726000;511.45;512.82;PAC;PAC
2728000;511.10;512.47;PAC;PAC
2730000;511.39;512.75;PAC;PAC
2732000;510.39;511.76;PAC;PAC
2734000;509.81;511.19;PAC;PAC
2736000;509.80;511.17;PAC;PAC
2738000;510.52;511.90;PAC;PAC
2740000;510.80;512.18;PAC;PAC
2742000;511.41;512.79;PAC;PAC
2744000;511.74;513.12;PAC;PAC
2746000;512.61;513.99;PAC;PAC
2748000;511.22;512.60;PAC;PAC
2750000;509.71;511.10;PAC;PAC
2752000;511.90;513.29;PAC;PAC
2754000;509.23;510.62;PAC;PAC
2756000;509.35;510.74;PAC;PAC
2758000;510.83;512.23;PAC;PAC
2760000;511.25;512.64;PAC;PAC
2762000;510.08;511.47;PAC;PAC
2764000;511.80;513.19;PAC;PAC
2766000;509.81;511.21;PAC;PAC
2768000;509.60;511.00;PAC;PAC
2770000;512.01;513.42;PAC;PAC
2772000;510.82;512.22;PAC;PAC
2774000;511.99;513.40;PAC;PAC
2776000;510.92;512.33;PAC;PAC
2778000;509.81;511.21;PAC;PAC
2780000;508.71;510.12;PAC;PAC
2782000;511.46;512.87;PAC;PAC
2784000;510.52;511.93;PAC;PAC
2786000;510.11;511.53;PAC;PAC
2788000;509.55;510.97;PAC;PAC
2790000;509.89;511.31;PAC;PAC
2792000;510.44;511.86;PAC;PAC
2794000;508.41;509.83;PAC;PAC
2796000;509.60;511.03;PAC;PAC
2798000;509.08;510.51;PAC;PAC
2800000;510.58;512.01;PAC;PAC
2802000;510.58;512.00;PAC;PAC
2804000;511.65;513.08;PAC;PAC
2806000;509.69;511.12;PAC;PAC
2808000;510.52;511.95;PAC;PAC
2810000;509.50;510.93;PAC;PAC
2812000;509.84;511.28;PAC;PAC
2814000;511.82;513.26;PAC;PAC
2816000;509.32;510.76;PAC;PAC
2818000;512.24;513.68;PAC;PAC
2820000;510.08;511.53;PAC;PAC
2822000;511.23;512.67;PAC;PAC
2824000;510.71;512.15;PAC;PAC
2826000;511.40;512.84;PAC;PAC
2828000;510.11;511.56;PAC;PAC
2830000;509.77;511.21;PAC;PAC
2832000;507.90;509.35;PAC;PAC
2834000;508.77;510.22;PAC;PAC
2836000;509.75;511.20;PAC;PAC
2838000;508.05;509.50;PAC;PAC
2840000;511.26;512.72;PAC;PAC
2842000;514.63;516.09;PAC;PAC
2844000;509.60;511.05;PAC;PAC
2846000;511.35;512.80;PAC;PAC
2848000;510.96;512.42;PAC;PAC
2850000;509.77;511.23;PAC;PAC
2852000;511.92;513.38;PAC;PAC
2854000;511.43;512.89;PAC;PAC
2856000;510.88;512.34;PAC;PAC
2858000;508.94;510.41;PAC;PAC
2860000;512.58;514.05;PAC;PAC
2862000;510.07;511.54;PAC;PAC
2864000;509.20;510.67;PAC;PAC
2866000;509.67;511.14;PAC;PAC
2868000;508.37;509.84;PAC;PAC
2870000;510.21;511.68;PAC;PAC
2872000;510.47;511.94;PAC;PAC
2874000;508.27;509.74;PAC;PAC
2876000;509.57;511.04;PAC;PAC
2878000;512.26;513.74;PAC;PAC
2880000;511.05;512.52;PAC;PAC
2882000;510.51;511.99;PAC;PAC
2884000;510.94;512.41;PAC;PAC
2886000;510.91;512.39;PAC;PAC
2888000;510.02;511.50;PAC;PAC
2890000;511.61;513.09;PAC;PAC
2892000;510.86;512.34;PAC;PAC
2894000;509.66;511.14;PAC;PAC
2896000;511.52;513.00;PAC;PAC
2898000;510.92;512.40;PAC;PAC
2900000;510.08;511.56;PAC;PAC
2902000;511.82;513.30;PAC;PAC
2904000;511.41;512.89;PAC;PAC
2906000;511.77;513.25;PAC;PAC
2908000;509.80;511.28;PAC;PAC
2910000;510.05;511.53;PAC;PAC
2912000;509.06;510.55;PAC;PAC
2914000;509.21;510.69;PAC;PAC
2916000;512.30;513.78;PAC;PAC
2918000;511.08;512.57;PAC;PAC
2920000;510.91;512.40;PAC;PAC
2922000;509.15;510.64;PAC;PAC
2924000;510.81;512.30;PAC;PAC
2926000;509.10;510.59;PAC;PAC
2928000;509.02;510.51;PAC;PAC
2930000;510.84;512.34;PAC;PAC
2932000;509.84;511.33;PAC;PAC
2934000;510.12;511.62;PAC;PAC
2936000;511.17;512.66;PAC;PAC
2938000;510.96;512.45;PAC;PAC
2940000;512.20;513.69;PAC;PAC
2942000;509.21;510.71;PAC;PAC
2944000;510.40;511.89;PAC;PAC
2946000;511.25;512.75;PAC;PAC
2948000;509.25;510.74;PAC;PAC
2950000;512.48;513.98;PAC;PAC
2952000;509.61;511.11;PAC;PAC
2954000;511.36;512.86;PAC;PAC
2956000;512.16;513.65;PAC;PAC
2958000;510.62;512.12;PAC;PAC
2960000;510.17;511.67;PAC;PAC
2962000;510.15;511.64;PAC;PAC
2964000;509.94;511.44;PAC;PAC
2966000;512.21;513.70;PAC;PAC
2968000;511.06;512.56;PAC;PAC
2970000;510.89;512.39;PAC;PAC
2972000;511.94;513.44;PAC;PAC
2974000;510.48;511.98;PAC;PAC
2976000;513.43;514.93;PAC;PAC
2978000;512.08;513.58;PAC;PAC
2980000;511.83;513.33;PAC;PAC
2982000;511.01;512.51;PAC;PAC
2984000;509.20;510.70;PAC;PAC
2986000;513.29;514.79;PAC;PAC
2988000;508.57;510.07;PAC;PAC
2990000;512.07;513.57;PAC;PAC
2992000;511.09;512.59;PAC;PAC
2994000;511.82;513.32;PAC;PAC
2996000;508.12;509.62;PAC;PAC
2998000;510.68;512.18;PAC;PAC
3000000;509.37;510.87;PAC;PAC
3002000;510.28;511.78;PAC;PAC
3004000;510.66;512.16;PAC;PAC
3006000;511.56;513.06;PAC;PAC
3008000;509.15;510.65;PAC;PAC
3010000;509.09;510.59;PAC;PAC
3012000;509.83;511.33;PAC;PAC
3014000;512.42;513.92;PAC;PAC
3016000;510.64;512.14;PAC;PAC
3018000;508.75;510.25;PAC;PAC
3020000;508.53;510.03;PAC;PAC
3022000;512.14;513.64;PAC;PAC
3024000;509.80;511.30;PAC;PAC
3026000;510.10;511.60;PAC;PAC
3028000;508.58;510.08;PAC;PAC
3030000;513.06;514.56;PAC;PAC
3032000;509.94;511.44;PAC;PAC
3034000;511.61;513.11;PAC;PAC
3036000;511.75;513.24;PAC;PAC
3038000;512.01;513.51;PAC;PAC
3040000;508.99;510.49;PAC;PAC
3042000;510.79;512.29;PAC;PAC
3044000;509.48;510.98;PAC;PAC
3046000;512.51;514.00;PAC;PAC
3048000;509.33;510.82;PAC;PAC
3050000;509.31;510.80;PAC;PAC
3052000;512.48;513.98;PAC;PAC
3054000;510.58;512.07;PAC;PAC
3056000;510.70;512.20;PAC;PAC
3058000;511.38;512.87;PAC;PAC
3060000;510.48;511.97;PAC;PAC
3062000;512.24;513.73;PAC;PAC
3064000;510.09;511.58;PAC;PAC
3066000;512.21;513.70;PAC;PAC
3068000;511.29;512.79;PAC;PAC
3070000;511.08;512.58;PAC;PAC
3072000;510.97;512.46;PAC;PAC
3074000;510.56;512.05;PAC;PAC
3076000;508.94;510.43;PAC;PAC
3078000;511.43;512.92;PAC;PAC
3080000;510.71;512.20;PAC;PAC
3082000;510.45;511.93;PAC;PAC
3084000;510.37;511.86;PAC;PAC
3086000;509.34;510.82;PAC;PAC
3088000;510.90;512.39;PAC;PAC
3090000;510.61;512.10;PAC;PAC
3092000;510.34;511.83;PAC;PAC
3094000;509.58;511.06;PAC;PAC
3096000;511.30;512.78;PAC;PAC
3098000;509.62;511.10;PAC;PAC
3100000;510.01;511.49;PAC;PAC
3102000;512.10;513.58;PAC;PAC
3104000;510.71;512.19;PAC;PAC
3106000;510.91;512.39;PAC;PAC
3108000;511.10;512.58;PAC;PAC
3110000;509.06;510.54;PAC;PAC
3112000;511.17;512.65;PAC;PAC
3114000;509.53;511.01;PAC;PAC
3116000;510.28;511.75;PAC;PAC
3118000;510.30;511.77;PAC;PAC
3120000;510.52;511.99;PAC;PAC
3122000;510.35;511.82;PAC;PAC
3124000;511.18;512.65;PAC;PAC
3126000;509.30;510.77;PAC;PAC
3128000;511.50;512.97;PAC;PAC
3130000;512.85;514.32;PAC;PAC
3132000;509.88;511.35;PAC;PAC
3134000;511.01;512.48;PAC;PAC
3136000;509.22;510.68;PAC;PAC
3138000;509.92;511.38;PAC;PAC
3140000;509.52;510.98;PAC;PAC
3142000;510.06;511.52;PAC;PAC
3144000;509.93;511.40;PAC;PAC
3146000;511.37;512.83;PAC;PAC
3148000;509.28;510.74;PAC;PAC
3150000;512.43;513.89;PAC;PAC
3152000;512.17;513.62;PAC;PAC
3154000;510.02;511.48;PAC;PAC
3156000;509.74;511.20;PAC;PAC
3158000;511.40;512.85;PAC;PAC
3160000;511.84;513.30;PAC;PAC
3162000;511.33;512.79;PAC;PAC
3164000;507.52;508.97;PAC;PAC
3166000;508.25;509.70;PAC;PAC
3168000;510.39;511.84;PAC;PAC
3170000;509.59;511.04;PAC;PAC
3172000;509.21;510.66;PAC;PAC
3174000;509.05;510.49;PAC;PAC
3176000;508.78;510.22;PAC;PAC
3178000;510.45;511.89;PAC;PAC
3180000;511.35;512.79;PAC;PAC
3182000;509.28;510.72;PAC;PAC
3184000;509.53;510.97;PAC;PAC
3186000;509.83;511.27;PAC;PAC
3188000;511.48;512.91;PAC;PAC
3190000;510.41;511.85;PAC;PAC
3192000;507.96;509.39;PAC;PAC
3194000;511.08;512.51;PAC;PAC
3196000;509.36;510.79;PAC;PAC
3198000;510.02;511.45;PAC;PAC
3200000;509.94;511.36;PAC;PAC
3202000;509.96;511.38;PAC;PAC
3204000;509.97;511.39;PAC;PAC
3206000;510.73;512.15;PAC;PAC
3208000;510.36;511.78;PAC;PAC
3210000;510.24;511.66;PAC;PAC
3212000;509.73;511.14;PAC;PAC
3214000;509.81;511.23;PAC;PAC
3216000;509.34;510.75;PAC;PAC
3218000;511.56;512.97;PAC;PAC
3220000;511.76;513.17;PAC;PAC
3222000;510.26;511.67;PAC;PAC
3224000;509.68;511.08;PAC;PAC
3226000;510.85;512.26;PAC;PAC
3228000;511.14;512.54;PAC;PAC
3230000;511.99;513.40;PAC;PAC
3232000;512.71;514.11;PAC;PAC
3234000;511.09;512.49;PAC;PAC
3236000;509.51;510.91;PAC;PAC
3238000;510.41;511.81;PAC;PAC
3240000;509.41;510.80;PAC;PAC
3242000;509.71;511.10;PAC;PAC
3244000;512.29;513.68;PAC;PAC
3246000;512.22;513.60;PAC;PAC
3248000;510.05;511.44;PAC;PAC
3250000;510.99;512.37;PAC;PAC
3252000;509.81;511.20;PAC;PAC
3254000;511.35;512.73;PAC;PAC
3256000;509.46;510.84;PAC;PAC
3258000;510.70;512.08;PAC;PAC
3260000;511.89;513.26;PAC;PAC
3262000;509.85;511.23;PAC;PAC
3264000;509.31;510.68;PAC;PAC
3266000;510.54;511.91;PAC;PAC
3268000;509.62;510.99;PAC;PAC
3270000;511.08;512.45;PAC;PAC
3272000;510.76;512.12;PAC;PAC
3274000;509.18;510.54;PAC;PAC
3276000;512.08;513.44;PAC;PAC
3278000;511.61;512.97;PAC;PAC
3280000;510.85;512.20;PAC;PAC
3282000;511.26;512.62;PAC;PAC
3284000;507.78;509.14;PAC;PAC
3286000;512.60;513.95;PAC;PAC
3288000;511.78;513.12;PAC;PAC
3290000;510.76;512.11;PAC;PAC
3292000;511.75;513.10;PAC;PAC
3294000;511.10;512.45;PAC;PAC
3296000;512.07;513.41;PAC;PAC
3298000;510.18;511.52;PAC;PAC
3300000;511.62;512.96;PAC;PAC
3302000;510.26;511.59;PAC;PAC
3304000;511.68;513.01;PAC;PAC
3306000;509.67;511.00;PAC;PAC
3308000;512.04;513.37;PAC;PAC
3310000;510.87;512.19;PAC;PAC
3312000;508.72;510.05;PAC;PAC
3314000;512.05;513.37;PAC;PAC
3316000;510.65;511.97;PAC;PAC
3318000;511.32;512.64;PAC;PAC
3320000;510.71;512.03;PAC;PAC
3322000;511.26;512.57;PAC;PAC
3324000;510.53;511.84;PAC;PAC
3326000;510.33;511.64;PAC;PAC
3328000;510.61;511.92;PAC;PAC
3330000;509.61;510.91;PAC;PAC
3332000;509.89;511.19;PAC;PAC
3334000;510.35;511.65;PAC;PAC
3336000;510.73;512.03;PAC;PAC
3338000;509.60;510.90;PAC;PAC
3340000;509.90;511.19;PAC;PAC
3342000;510.48;511.77;PAC;PAC
3344000;510.84;512.13;PAC;PAC
3346000;511.27;512.55;PAC;PAC
3348000;510.01;511.30;PAC;PAC
3350000;510.11;511.39;PAC;PAC
3352000;509.24;510.51;PAC;PAC
3354000;508.14;509.41;PAC;PAC
3356000;510.70;511.97;PAC;PAC
3358000;511.00;512.27;PAC;PAC
3360000;510.65;511.92;PAC;PAC
3362000;511.47;512.74;PAC;PAC
3364000;509.59;510.86;PAC;PAC
3366000;510.93;512.18;PAC;PAC
3368000;511.37;512.63;PAC;PAC
3370000;510.99;512.24;PAC;PAC
3372000;509.60;510.86;PAC;PAC
3374000;511.79;513.04;PAC;PAC
3376000;510.23;511.48;PAC;PAC
3378000;510.66;511.90;PAC;PAC
3380000;509.97;511.21;PAC;PAC
3382000;510.16;511.40;PAC;PAC
3384000;511.40;512.64;PAC;PAC
3386000;510.46;511.70;PAC;PAC
3388000;510.86;512.09;PAC;PAC
3390000;510.25;511.48;PAC;PAC
3392000;511.18;512.40;PAC;PAC
3394000;510.79;512.02;PAC;PAC
3396000;511.12;512.34;PAC;PAC
3398000;511.50;512.72;PAC;PAC
3400000;510.90;512.11;PAC;PAC
3402000;511.62;512.83;PAC;PAC
3404000;510.44;511.65;PAC;PAC
3406000;511.12;512.32;PAC;PAC
3408000;514.94;516.15;PAC;PAC
3410000;511.86;513.06;PAC;PAC
3412000;509.65;510.85;PAC;PAC
3414000;511.64;512.84;PAC;PAC
3416000;510.20;511.40;PAC;PAC
3418000;511.25;512.44;PAC;PAC
3420000;511.72;512.90;PAC;PAC
3422000;510.73;511.91;PAC;PAC
3424000;511.45;512.63;PAC;PAC
3426000;510.59;511.76;PAC;PAC
3428000;511.24;512.42;PAC;PAC
3430000;510.83;512.00;PAC;PAC
3432000;510.28;511.45;PAC;PAC
3434000;511.75;512.91;PAC;PAC
3436000;510.09;511.25;PAC;PAC
3438000;510.46;511.62;PAC;PAC
3440000;510.70;511.85;PAC;PAC
3442000;509.41;510.56;PAC;PAC
3444000;510.54;511.69;PAC;PAC
3446000;511.14;512.29;PAC;PAC
3448000;510.61;511.75;PAC;PAC
3450000;513.28;514.42;PAC;PAC
3452000;511.16;512.30;PAC;PAC
3454000;510.53;511.66;PAC;PAC
3456000;512.21;513.35;PAC;PAC
3458000;510.94;512.07;PAC;PAC
3460000;510.03;511.15;PAC;PAC
3462000;510.97;512.10;PAC;PAC
3464000;512.27;513.39;PAC;PAC
3466000;511.92;513.04;PAC;PAC
3468000;511.14;512.26;PAC;PAC
3470000;511.06;512.17;PAC;PAC
3472000;511.27;512.38;PAC;PAC
3474000;512.32;513.43;PAC;PAC
3476000;512.02;513.12;PAC;PAC
3478000;511.27;512.37;PAC;PAC
3480000;510.88;511.97;PAC;PAC
3482000;511.59;512.68;PAC;PAC
3484000;509.86;510.95;PAC;PAC
3486000;510.01;511.09;PAC;PAC
3488000;511.15;512.23;PAC;PAC
3490000;509.48;510.56;PAC;PAC
3492000;511.05;512.12;PAC;PAC
3494000;511.61;512.68;PAC;PAC
3496000;511.35;512.42;PAC;PAC
3498000;510.17;511.23;PAC;PAC
3500000;510.07;511.13;PAC;PAC
3502000;509.62;510.68;PAC;PAC
3504000;511.90;512.96;PAC;PAC
3506000;509.39;510.44;PAC;PAC
3508000;508.64;509.68;PAC;PAC
3510000;510.29;511.34;PAC;PAC
3512000;510.05;511.09;PAC;PAC
3514000;510.93;511.97;PAC;PAC
3516000;509.19;510.22;PAC;PAC
3518000;512.20;513.23;PAC;PAC
3520000;511.40;512.42;PAC;PAC
3522000;514.27;515.30;PAC;PAC
3524000;513.07;514.09;PAC;PAC
3526000;510.53;511.54;PAC;PAC
3528000;510.17;511.18;PAC;PAC
3530000;510.71;511.72;PAC;PAC
3532000;511.57;512.58;PAC;PAC
3534000;511.69;512.69;PAC;PAC
3536000;510.90;511.90;PAC;PAC
3538000;512.13;513.12;PAC;PAC
3540000;510.04;511.03;PAC;PAC
3542000;510.33;511.32;PAC;PAC
3544000;511.98;512.96;PAC;PAC
3546000;511.45;512.43;PAC;PAC
3548000;511.22;512.20;PAC;PAC
3550000;511.13;512.10;PAC;PAC
3552000;511.05;512.02;PAC;PAC
3554000;512.10;513.07;PAC;PAC
3556000;510.20;511.17;PAC;PAC
3558000;509.38;510.34;PAC;PAC
3560000;510.61;511.57;PAC;PAC
3562000;513.92;514.87;PAC;PAC
3564000;512.49;513.44;PAC;PAC
3566000;511.19;512.13;PAC;PAC
3568000;511.66;512.61;PAC;PAC
3570000;513.30;514.23;PAC;PAC
3572000;510.13;511.07;PAC;PAC
3574000;508.79;509.72;PAC;PAC
3576000;513.54;514.47;PAC;PAC
3578000;511.65;512.57;PAC;PAC
3580000;510.90;511.82;PAC;PAC
3582000;512.23;513.14;PAC;PAC
3584000;511.47;512.38;PAC;PAC
3586000;508.75;509.66;PAC;PAC
3588000;510.74;511.64;PAC;PAC
3590000;510.76;511.66;PAC;PAC
3592000;511.01;511.91;PAC;PAC
3594000;510.23;511.13;PAC;PAC
3596000;511.50;512.39;PAC;PAC
3598000;509.70;510.59;PAC;PAC
3600000;512.57;513.45;PAC;PAC
3602000;511.78;512.66;PAC;PAC
3604000;509.60;510.48;PAC;PAC
3606000;511.36;512.24;PAC;PAC
3608000;511.44;512.31;PAC;PAC
3610000;509.28;510.14;PAC;PAC
3612000;510.23;511.09;PAC;PAC
3614000;510.48;511.34;PAC;PAC
3616000;511.59;512.45;PAC;PAC
3618000;511.06;511.90;PAC;PAC
3620000;511.37;512.22;PAC;PAC
3622000;509.34;510.18;PAC;PAC
3624000;512.18;513.02;PAC;PAC
3626000;510.70;511.53;PAC;PAC
3628000;511.39;512.22;PAC;PAC
3630000;510.95;511.77;PAC;PAC
3632000;510.71;511.53;PAC;PAC
3634000;513.19;514.01;PAC;PAC
3636000;512.54;513.35;PAC;PAC
3638000;511.70;512.50;PAC;PAC
3640000;512.38;513.18;PAC;PAC
3642000;510.70;511.50;PAC;PAC
3644000;510.94;511.74;PAC;PAC
3646000;511.26;512.05;PAC;PAC
3648000;511.76;512.55;PAC;PAC
3650000;511.43;512.21;PAC;PAC
3652000;513.49;514.27;PAC;PAC
3654000;509.89;510.66;PAC;PAC
3656000;510.06;510.83;PAC;PAC
3658000;512.57;513.34;PAC;PAC
3660000;512.28;513.05;PAC;PAC
3662000;511.13;511.89;PAC;PAC
3664000;511.26;512.01;PAC;PAC
3666000;512.61;513.37;PAC;PAC
3668000;510.63;511.38;PAC;PAC
3670000;511.70;512.44;PAC;PAC
3672000;510.49;511.23;PAC;PAC
3674000;510.97;511.70;PAC;PAC
3676000;509.97;510.70;PAC;PAC
3678000;512.36;513.09;PAC;PAC
3680000;513.86;514.59;PAC;PAC
3682000;509.67;510.39;PAC;PAC
3684000;510.94;511.65;PAC;PAC
3686000;509.77;510.48;PAC;PAC
3688000;513.58;514.28;PAC;PAC
3690000;512.69;513.39;PAC;PAC
3692000;510.28;510.98;PAC;PAC
3694000;511.86;512.56;PAC;PAC
3696000;509.07;509.76;PAC;PAC
3698000;511.50;512.19;PAC;PAC
3700000;513.75;514.43;PAC;PAC
3702000;512.43;513.11;PAC;PAC
3704000;510.56;511.23;PAC;PAC
3706000;511.56;512.23;PAC;PAC
3708000;511.96;512.62;PAC;PAC
3710000;511.05;511.71;PAC;PAC
3712000;510.64;511.30;PAC;PAC
3714000;511.40;512.05;PAC;PAC
3716000;512.47;513.12;PAC;PAC
3718000;511.17;511.81;PAC;PAC
3720000;508.96;509.60;PAC;PAC
3722000;509.66;510.29;PAC;PAC
3724000;511.60;512.23;PAC;PAC
3726000;511.24;511.87;PAC;PAC
3728000;509.80;510.42;PAC;PAC
3730000;510.38;511.00;PAC;PAC
3732000;510.97;511.58;PAC;PAC
3734000;510.67;511.28;PAC;PAC
3736000;511.27;511.88;PAC;PAC
3738000;511.74;512.34;PAC;PAC
3740000;510.73;511.33;PAC;PAC
3742000;511.10;511.69;PAC;PAC
3744000;511.32;511.91;PAC;PAC
3746000;512.76;513.34;PAC;PAC
3748000;511.80;512.37;PAC;PAC
3750000;510.75;511.32;PAC;PAC
3752000;511.77;512.34;PAC;PAC
3754000;511.45;512.02;PAC;PAC
3756000;509.68;510.24;PAC;PAC
3758000;509.95;510.50;PAC;PAC
3760000;512.10;512.65;PAC;PAC
3762000;512.29;512.84;PAC;PAC
3764000;510.92;511.46;PAC;PAC
3766000;513.88;514.42;PAC;PAC
3768000;511.23;511.77;PAC;PAC
3770000;512.11;512.64;PAC;PAC
3772000;510.94;511.47;PAC;PAC
3774000;510.53;511.05;PAC;PAC
3776000;510.77;511.29;PAC;PAC
3778000;509.92;510.43;PAC;PAC
3780000;510.77;511.28;PAC;PAC
3782000;511.69;512.19;PAC;PAC
3784000;511.47;511.97;PAC;PAC
3786000;510.44;510.94;PAC;PAC
3788000;510.92;511.41;PAC;PAC
3790000;512.10;512.58;PAC;PAC
3792000;511.07;511.55;PAC;PAC
3794000;510.52;511.00;PAC;PAC
3796000;513.65;514.13;PAC;PAC
3798000;512.91;513.38;PAC;PAC
3800000;511.40;511.86;PAC;PAC
3802000;511.57;512.03;PAC;PAC
3804000;511.18;511.63;PAC;PAC
3806000;511.54;511.99;PAC;PAC
3808000;510.89;511.34;PAC;PAC
3810000;510.17;510.61;PAC;PAC
3812000;512.98;513.42;PAC;PAC
3814000;511.27;511.71;PAC;PAC
3816000;509.83;510.26;PAC;PAC
3818000;512.20;512.63;PAC;PAC
3820000;513.38;513.80;PAC;PAC
3822000;511.43;511.84;PAC;PAC
3824000;509.75;510.16;PAC;PAC
3826000;511.72;512.13;PAC;PAC
3828000;510.10;510.50;PAC;PAC
3830000;511.42;511.82;PAC;PAC
3832000;511.36;511.75;PAC;PAC
3834000;510.39;510.78;PAC;PAC
3836000;511.69;512.07;PAC;PAC
3838000;512.32;512.70;PAC;PAC
3840000;512.17;512.55;PAC;PAC
3842000;514.04;514.41;PAC;PAC
3844000;512.05;512.42;PAC;PAC
3846000;511.55;511.91;PAC;PAC
3848000;511.22;511.57;PAC;PAC
3850000;511.42;511.77;PAC;PAC
3852000;511.65;511.99;PAC;PAC
3854000;512.07;512.41;PAC;PAC
3856000;513.27;513.61;PAC;PAC
3858000;511.43;511.76;PAC;PAC
3860000;511.47;511.80;PAC;PAC
3862000;511.00;511.32;PAC;PAC
3864000;511.41;511.73;PAC;PAC
3866000;511.80;512.11;PAC;PAC
3868000;512.35;512.66;PAC;PAC
3870000;511.56;511.86;PAC;PAC
3872000;509.77;510.07;PAC;PAC
3874000;512.15;512.44;PAC;PAC
3876000;512.28;512.57;PAC;PAC
3878000;512.15;512.44;PAC;PAC
3880000;512.81;513.09;PAC;PAC
3882000;511.84;512.12;PAC;PAC
3884000;509.60;509.87;PAC;PAC
3886000;510.37;510.64;PAC;PAC
3888000;512.18;512.44;PAC;PAC
3890000;511.40;511.66;PAC;PAC
3892000;512.21;512.47;PAC;PAC
3894000;510.98;511.23;PAC;PAC
3896000;513.05;513.30;PAC;PAC
3898000;513.08;513.32;PAC;PAC
3900000;513.05;513.29;PAC;PAC
3902000;511.73;511.96;PAC;PAC
3904000;513.76;513.98;PAC;PAC
3906000;514.67;514.89;PAC;PAC
3908000;512.24;512.45;PAC;PAC
3910000;510.82;511.03;PAC;PAC
3912000;511.59;511.80;PAC;PAC
3914000;512.51;512.71;PAC;PAC
3916000;510.55;510.75;PAC;PAC
3918000;510.41;510.60;PAC;PAC
3920000;512.50;512.69;PAC;PAC
3922000;510.41;510.59;PAC;PAC
3924000;511.28;511.46;PAC;PAC
3926000;509.86;510.03;PAC;PAC
3928000;511.18;511.35;PAC;PAC
3930000;512.17;512.33;PAC;PAC
3932000;511.08;511.24;PAC;PAC
3934000;512.70;512.85;PAC;PAC
3936000;513.48;513.64;PAC;PAC
3938000;512.65;512.80;PAC;PAC
3940000;511.23;511.38;PAC;PAC
3942000;514.35;514.49;PAC;PAC
3944000;511.32;511.45;PAC;PAC
3946000;512.19;512.31;PAC;PAC
3948000;511.93;512.05;PAC;PAC
3950000;513.85;513.97;PAC;PAC
3952000;512.41;512.53;PAC;PAC
3954000;510.67;510.78;PAC;PAC
3956000;510.94;511.05;PAC;PAC
3958000;512.02;512.12;PAC;PAC
3960000;510.07;510.17;PAC;PAC
3962000;510.43;510.52;PAC;PAC
3964000;511.52;511.61;PAC;PAC
3966000;512.90;512.98;PAC;PAC
3968000;512.60;512.68;PAC;PAC
3970000;511.76;511.83;PAC;PAC
3972000;511.83;511.89;PAC;PAC
3974000;513.70;513.77;PAC;PAC
3976000;511.36;511.42;PAC;PAC
3978000;509.95;510.01;PAC;PAC
3980000;512.90;512.95;PAC;PAC
3982000;510.39;510.44;PAC;PAC
3984000;509.93;509.97;PAC;PAC
3986000;512.28;512.31;PAC;PAC
3988000;512.84;512.87;PAC;PAC
3990000;512.14;512.17;PAC;PAC
3992000;511.89;511.91;PAC;PAC
3994000;511.33;511.34;PAC;PAC
3996000;511.61;511.62;PAC;PAC
3998000;513.15;513.15;PAC;PAC
4000000;513.18;513.18;PAC;PAC
4002000;512.49;512.49;PAC;PAC
4004000;512.57;512.56;PAC;PAC
4006000;514.26;514.25;PAC;PAC
4008000;514.52;514.51;PAC;PAC
4010000;513.02;512.99;PAC;PAC
4012000;512.41;512.38;PAC;PAC
4014000;513.59;513.55;PAC;PAC
4016000;511.77;511.73;PAC;PAC
4018000;512.50;512.46;PAC;PAC
4020000;513.42;513.38;PAC;PAC
4022000;513.50;513.45;PAC;PAC
4024000;512.30;512.24;PAC;PAC
4026000;511.48;511.42;PAC;PAC
4028000;513.44;513.37;PAC;PAC
4030000;511.78;511.71;PAC;PAC
4032000;513.81;513.74;PAC;PAC
4034000;512.49;512.41;PAC;PAC
4036000;513.40;513.31;PAC;PAC
4038000;511.33;511.24;PAC;PAC
4040000;512.37;512.27;PAC;PAC
4042000;511.62;511.52;PAC;PAC
4044000;509.70;509.59;PAC;PAC
4046000;510.71;510.60;PAC;PAC
4048000;512.63;512.52;PAC;PAC
4050000;512.97;512.86;PAC;PAC
4052000;512.38;512.26;PAC;PAC
4054000;510.08;509.95;PAC;PAC
4056000;510.95;510.82;PAC;PAC
4058000;511.68;511.54;PAC;PAC
4060000;511.02;510.88;PAC;PAC
4062000;514.50;514.36;PAC;PAC
4064000;513.12;512.97;PAC;PAC
4066000;511.71;511.56;PAC;PAC
4068000;510.81;510.65;PAC;PAC
4070000;513.37;513.20;PAC;PAC
4072000;510.42;510.25;PAC;PAC
4074000;510.93;510.75;PAC;PAC
4076000;513.49;513.31;PAC;PAC
4078000;513.78;513.60;PAC;PAC
4080000;510.88;510.69;PAC;PAC
4082000;512.54;512.34;PAC;PAC
4084000;512.21;512.01;PAC;PAC
4086000;514.32;514.12;PAC;PAC
4088000;511.63;511.42;PAC;PAC
4090000;511.22;511.01;PAC;PAC
4092000;514.45;514.23;PAC;PAC
4094000;512.49;512.27;PAC;PAC
4096000;511.88;511.65;PAC;PAC
4098000;511.78;511.55;PAC;PAC
4100000;512.94;512.70;PAC;PAC
4102000;510.93;510.69;PAC;PAC
4104000;511.06;510.82;PAC;PAC
4106000;512.72;512.47;PAC;PAC
4108000;512.42;512.16;PAC;PAC
4110000;512.45;512.19;PAC;PAC
4112000;514.82;514.56;PAC;PAC
4114000;513.31;513.05;PAC;PAC
4116000;512.14;511.87;PAC;PAC
4118000;512.11;511.83;PAC;PAC
4120000;511.11;510.83;PAC;PAC
4122000;513.29;513.00;PAC;PAC
4124000;512.78;512.49;PAC;PAC
4126000;510.86;510.56;PAC;PAC
4128000;511.19;510.89;PAC;PAC
4130000;511.48;511.17;PAC;PAC
4132000;513.10;512.79;PAC;PAC
4134000;513.27;512.95;PAC;PAC
4136000;514.19;513.88;PAC;PAC
4138000;513.25;512.93;PAC;PAC
4140000;512.65;512.33;PAC;PAC
4142000;511.38;511.05;PAC;PAC
4144000;513.70;513.36;PAC;PAC
4146000;510.81;510.47;PAC;PAC
4148000;513.12;512.77;PAC;PAC
4150000;513.35;513.00;PAC;PAC
4152000;511.34;510.98;PAC;PAC
4154000;512.50;512.14;PAC;PAC
4156000;513.03;512.66;PAC;PAC
4158000;513.70;513.33;PAC;PAC
4160000;512.23;511.86;PAC;PAC
4162000;513.72;513.35;PAC;PAC
4164000;514.01;513.63;PAC;PAC
4166000;513.01;512.62;PAC;PAC
4168000;515.18;514.79;PAC;PAC
4170000;512.97;512.58;PAC;PAC
4172000;512.59;512.19;PAC;PAC
4174000;510.73;510.33;PAC;PAC
4176000;513.51;513.10;PAC;PAC
4178000;512.19;511.78;PAC;PAC
4180000;512.44;512.02;PAC;PAC
4182000;513.06;512.64;PAC;PAC
4184000;512.14;511.71;PAC;PAC
4186000;512.20;511.77;PAC;PAC
4188000;512.57;512.14;PAC;PAC
4190000;511.98;511.54;PAC;PAC
4192000;513.47;513.02;PAC;PAC
4194000;513.22;512.77;PAC;PAC
4196000;513.35;512.89;PAC;PAC
4198000;512.79;512.33;PAC;PAC
4200000;512.79;512.33;PAC;PAC
4202000;512.27;511.80;PAC;PAC
4204000;511.52;511.04;PAC;PAC
4206000;512.03;511.56;PAC;PAC
4208000;513.36;512.88;PAC;PAC
4210000;514.59;514.10;PAC;PAC
4212000;514.24;513.75;PAC;PAC
4214000;513.75;513.25;PAC;PAC
4216000;511.33;510.83;PAC;PAC
4218000;512.72;512.22;PAC;PAC
4220000;512.65;512.14;PAC;PAC
4222000;509.54;509.03;PAC;PAC
4224000;511.54;511.02;PAC;PAC
4226000;512.77;512.25;PAC;PAC
4228000;511.04;510.51;PAC;PAC
4230000;512.00;511.47;PAC;PAC
4232000;513.89;513.36;PAC;PAC
4234000;511.96;511.42;PAC;PAC
4236000;512.67;512.13;PAC;PAC
4238000;513.65;513.10;PAC;PAC
4240000;512.69;512.14;PAC;PAC
4242000;509.98;509.42;PAC;PAC
4244000;513.40;512.84;PAC;PAC
4246000;513.12;512.56;PAC;PAC
4248000;511.43;510.86;PAC;PAC
4250000;513.95;513.37;PAC;PAC
4252000;512.27;511.69;PAC;PAC
4254000;511.91;511.32;PAC;PAC
4256000;510.72;510.14;PAC;PAC
4258000;512.92;512.33;PAC;PAC
4260000;513.64;513.04;PAC;PAC
4262000;512.41;511.81;PAC;PAC
4264000;513.32;512.72;PAC;PAC
4266000;510.77;510.16;PAC;PAC
4268000;513.00;512.39;PAC;PAC
4270000;513.99;513.37;PAC;PAC
4272000;511.82;511.20;PAC;PAC
4274000;511.35;510.72;PAC;PAC
4276000;510.34;509.71;PAC;PAC
4278000;512.77;512.14;PAC;PAC
4280000;510.79;510.15;PAC;PAC
4282000;511.08;510.44;PAC;PAC
4284000;510.86;510.21;PAC;PAC
4286000;512.48;511.83;PAC;PAC
4288000;512.02;511.36;PAC;PAC
4290000;513.11;512.45;PAC;PAC
4292000;514.33;513.67;PAC;PAC
4294000;513.90;513.23;PAC;PAC
4296000;513.13;512.46;PAC;PAC
4298000;510.80;510.12;PAC;PAC
4300000;514.72;514.04;PAC;PAC
4302000;512.45;511.76;PAC;PAC
4304000;512.04;511.36;PAC;PAC
4306000;511.68;510.98;PAC;PAC
4308000;512.56;511.86;PAC;PAC
4310000;511.46;510.76;PAC;PAC
4312000;512.87;512.16;PAC;PAC
4314000;511.89;511.18;PAC;PAC
4316000;511.29;510.57;PAC;PAC
4318000;512.06;511.34;PAC;PAC
4320000;511.79;511.07;PAC;PAC
4322000;513.46;512.73;PAC;PAC
4324000;512.62;511.88;PAC;PAC
4326000;512.10;511.37;PAC;PAC
4328000;512.39;511.66;PAC;PAC
4330000;512.91;512.17;PAC;PAC
4332000;512.43;511.69;PAC;PAC
4334000;511.48;510.72;PAC;PAC
4336000;511.69;510.93;PAC;PAC
4338000;513.38;512.62;PAC;PAC
4340000;515.53;514.76;PAC;PAC
4342000;513.43;512.66;PAC;PAC
4344000;512.57;511.79;PAC;PAC
4346000;515.28;514.51;PAC;PAC
4348000;511.32;510.54;PAC;PAC
4350000;509.88;509.10;PAC;PAC
4352000;512.87;512.08;PAC;PAC
4354000;514.31;513.52;PAC;PAC
4356000;513.78;512.98;PAC;PAC
4358000;513.42;512.62;PAC;PAC
4360000;513.09;512.28;PAC;PAC
4362000;514.22;513.41;PAC;PAC
4364000;513.44;512.62;PAC;PAC
4366000;512.96;512.15;PAC;PAC
4368000;513.80;512.98;PAC;PAC
4370000;513.03;512.20;PAC;PAC
4372000;512.38;511.55;PAC;PAC
4374000;512.05;511.21;PAC;PAC
4376000;511.18;510.35;PAC;PAC
4378000;512.34;511.50;PAC;PAC
4380000;512.52;511.67;PAC;PAC
4382000;512.09;511.25;PAC;PAC
4384000;511.58;510.73;PAC;PAC
4386000;511.32;510.47;PAC;PAC
4388000;511.50;510.64;PAC;PAC
4390000;512.29;511.42;PAC;PAC
4392000;513.14;512.28;PAC;PAC
4394000;512.90;512.03;PAC;PAC
4396000;515.38;514.51;PAC;PAC
4398000;513.89;513.01;PAC;PAC
4400000;511.92;511.04;PAC;PAC
4402000;511.51;510.62;PAC;PAC
4404000;511.46;510.58;PAC;PAC
4406000;514.12;513.22;PAC;PAC
4408000;514.21;513.31;PAC;PAC
4410000;512.21;511.31;PAC;PAC
4412000;512.00;511.10;PAC;PAC
4414000;513.44;512.53;PAC;PAC
4416000;515.20;514.28;PAC;PAC
4418000;511.78;510.86;PAC;PAC
4420000;514.61;513.69;PAC;PAC
4422000;512.73;511.81;PAC;PAC
4424000;512.22;511.29;PAC;PAC
4426000;512.34;511.41;PAC;PAC
4428000;513.20;512.26;PAC;PAC
4430000;513.82;512.89;PAC;PAC
4432000;511.44;510.50;PAC;PAC
4434000;514.74;513.79;PAC;PAC
4436000;511.19;510.24;PAC;PAC
4438000;512.56;511.60;PAC;PAC
4440000;514.47;513.52;PAC;PAC
4442000;511.92;510.96;PAC;PAC
4444000;512.87;511.91;PAC;PAC
4446000;512.07;511.10;PAC;PAC
4448000;513.40;512.43;PAC;PAC
4450000;513.26;512.29;PAC;PAC
4452000;512.05;511.07;PAC;PAC
4454000;512.74;511.76;PAC;PAC
4456000;511.93;510.95;PAC;PAC
4458000;512.51;511.52;PAC;PAC
4460000;510.11;509.11;PAC;PAC
4462000;512.73;511.73;PAC;PAC
4464000;514.08;513.08;PAC;PAC
4466000;514.00;513.00;PAC;PAC
4468000;513.72;512.72;PAC;PAC
4470000;513.35;512.34;PAC;PAC
4472000;510.33;509.32;PAC;PAC
4474000;514.77;513.75;PAC;PAC
4476000;513.37;512.35;PAC;PAC
4478000;513.74;512.71;PAC;PAC
4480000;511.26;510.23;PAC;PAC
4482000;511.63;510.60;PAC;PAC
4484000;514.65;513.62;PAC;PAC
4486000;513.05;512.02;PAC;PAC
4488000;513.10;512.06;PAC;PAC
4490000;514.30;513.26;PAC;PAC
4492000;511.41;510.36;PAC;PAC
4494000;512.96;511.91;PAC;PAC
4496000;514.01;512.96;PAC;PAC
4498000;512.11;511.05;PAC;PAC
4500000;514.84;513.78;PAC;PAC
4502000;511.48;510.42;PAC;PAC
4504000;512.57;511.50;PAC;PAC
4506000;510.88;509.81;PAC;PAC
4508000;514.42;513.34;PAC;PAC
4510000;513.36;512.28;PAC;PAC
4512000;511.68;510.60;PAC;PAC
4514000;513.27;512.19;PAC;PAC
4516000;513.33;512.24;PAC;PAC
4518000;511.96;510.87;PAC;PAC
4520000;515.26;514.17;PAC;PAC
4522000;512.14;511.04;PAC;PAC
4524000;512.43;511.33;PAC;PAC
4526000;513.26;512.16;PAC;PAC
4528000;511.63;510.53;PAC;PAC
4530000;513.03;511.92;PAC;PAC
4532000;511.68;510.57;PAC;PAC
4534000;511.86;510.74;PAC;PAC
4536000;515.57;514.45;PAC;PAC
4538000;513.74;512.62;PAC;PAC
4540000;515.56;514.44;PAC;PAC
4542000;512.80;511.68;PAC;PAC
4544000;514.91;513.78;PAC;PAC
4546000;511.52;510.39;PAC;PAC
4548000;514.72;513.58;PAC;PAC
4550000;513.34;512.20;PAC;PAC
4552000;513.81;512.66;PAC;PAC
4554000;512.82;511.67;PAC;PAC
4556000;511.76;510.61;PAC;PAC
4558000;512.46;511.31;PAC;PAC
4560000;513.03;511.87;PAC;PAC
4562000;512.42;511.26;PAC;PAC
4564000;512.71;511.54;PAC;PAC
4566000;512.93;511.76;PAC;PAC
4568000;512.28;511.11;PAC;PAC
4570000;514.52;513.35;PAC;PAC
4572000;512.41;511.24;PAC;PAC
4574000;514.43;513.25;PAC;PAC
4576000;513.92;512.74;PAC;PAC
4578000;510.18;509.00;PAC;PAC
4580000;512.34;511.16;PAC;PAC
4582000;513.76;512.57;PAC;PAC
4584000;514.93;513.74;PAC;PAC
4586000;513.77;512.58;PAC;PAC
4588000;514.37;513.18;PAC;PAC
4590000;513.17;511.97;PAC;PAC
4592000;513.90;512.70;PAC;PAC
4594000;513.98;512.77;PAC;PAC
4596000;512.13;510.92;PAC;PAC
4598000;514.54;513.33;PAC;PAC
4600000;513.84;512.63;PAC;PAC
4602000;512.06;510.84;PAC;PAC
4604000;511.86;510.64;PAC;PAC
4606000;515.48;514.26;PAC;PAC
4608000;513.38;512.16;PAC;PAC
4610000;512.86;511.64;PAC;PAC
4612000;512.29;511.06;PAC;PAC
4614000;512.01;510.77;PAC;PAC
4616000;512.53;511.29;PAC;PAC
4618000;514.55;513.31;PAC;PAC
4620000;511.45;510.21;PAC;PAC
4622000;511.54;510.30;PAC;PAC
4624000;513.26;512.01;PAC;PAC
4626000;512.06;510.81;PAC;PAC
4628000;512.43;511.18;PAC;PAC
4630000;514.41;513.15;PAC;PAC
4632000;513.39;512.13;PAC;PAC
4634000;513.79;512.53;PAC;PAC
4636000;511.58;510.31;PAC;PAC
4638000;515.13;513.87;PAC;PAC
4640000;511.76;510.49;PAC;PAC
4642000;513.39;512.12;PAC;PAC
4644000;512.68;511.41;PAC;PAC
4646000;514.99;513.71;PAC;PAC
4648000;514.70;513.43;PAC;PAC
4650000;513.31;512.04;PAC;PAC
4652000;512.57;511.29;PAC;PAC
4654000;513.37;512.09;PAC;PAC
4656000;513.34;512.06;PAC;PAC
4658000;511.95;510.66;PAC;PAC
4660000;513.48;512.19;PAC;PAC
4662000;514.26;512.97;PAC;PAC
4664000;510.64;509.34;PAC;PAC
4666000;513.09;511.80;PAC;PAC
4668000;514.02;512.72;PAC;PAC
4670000;511.26;509.96;PAC;PAC
4672000;513.88;512.57;PAC;PAC
4674000;515.21;513.90;PAC;PAC
4676000;515.45;514.14;PAC;PAC
4678000;514.11;512.80;PAC;PAC
4680000;513.84;512.52;PAC;PAC
4682000;514.77;513.46;PAC;PAC
4684000;513.70;512.38;PAC;PAC
4686000;512.50;511.18;PAC;PAC
4688000;512.27;510.94;PAC;PAC
4690000;512.31;510.99;PAC;PAC
4692000;514.17;512.84;PAC;PAC
4694000;512.07;510.74;PAC;PAC
4696000;513.38;512.05;PAC;PAC
4698000;513.64;512.30;PAC;PAC
4700000;512.33;511.00;PAC;PAC
4702000;512.33;510.99;PAC;PAC
4704000;514.86;513.52;PAC;PAC
4706000;512.21;510.86;PAC;PAC
4708000;512.49;511.15;PAC;PAC
4710000;512.95;511.60;PAC;PAC
4712000;514.53;513.18;PAC;PAC
4714000;511.96;510.61;PAC;PAC
4716000;513.09;511.73;PAC;PAC
4718000;511.17;509.81;PAC;PAC
4720000;512.91;511.55;PAC;PAC
4722000;515.42;514.06;PAC;PAC
4724000;512.03;510.67;PAC;PAC
4726000;513.08;511.72;PAC;PAC
4728000;514.96;513.59;PAC;PAC
4730000;513.53;512.17;PAC;PAC
4732000;514.49;513.12;PAC;PAC
4734000;514.41;513.04;PAC;PAC
4736000;514.11;512.74;PAC;PAC
4738000;513.49;512.11;PAC;PAC
4740000;513.48;512.10;PAC;PAC
4742000;513.79;512.41;PAC;PAC
4744000;513.08;511.70;PAC;PAC
4746000;515.38;514.00;PAC;PAC
4748000;511.26;509.87;PAC;PAC
4750000;513.68;512.30;PAC;PAC
4752000;513.94;512.56;PAC;PAC
4754000;512.68;511.29;PAC;PAC
4756000;513.36;511.97;PAC;PAC
4758000;514.28;512.88;PAC;PAC
4760000;514.08;512.69;PAC;PAC
4762000;512.41;511.02;PAC;PAC
4764000;514.55;513.15;PAC;PAC
4766000;514.06;512.66;PAC;PAC
4768000;513.83;512.42;PAC;PAC
4770000;512.91;511.51;PAC;PAC
4772000;512.30;510.89;PAC;PAC
4774000;513.39;511.98;PAC;PAC
4776000;513.10;511.69;PAC;PAC
4778000;513.53;512.12;PAC;PAC
4780000;512.51;511.10;PAC;PAC
4782000;514.70;513.28;PAC;PAC
4784000;512.58;511.17;PAC;PAC
4786000;512.96;511.55;PAC;PAC
4788000;514.38;512.96;PAC;PAC
4790000;513.04;511.62;PAC;PAC
4792000;513.52;512.10;PAC;PAC
4794000;511.99;510.56;PAC;PAC
4796000;512.93;511.51;PAC;PAC
4798000;513.31;511.89;PAC;PAC
4800000;513.34;511.91;PAC;PAC
4802000;513.82;512.39;PAC;PAC
4804000;512.50;511.08;PAC;PAC
4806000;512.24;510.81;PAC;PAC
4808000;513.25;511.82;PAC;PAC
4810000;511.27;509.83;PAC;PAC
4812000;513.24;511.81;PAC;PAC
4814000;511.38;509.94;PAC;PAC
4816000;510.88;509.44;PAC;PAC
4818000;514.27;512.83;PAC;PAC
4820000;514.08;512.64;PAC;PAC
4822000;512.37;510.93;PAC;PAC
4824000;512.45;511.00;PAC;PAC
4826000;513.94;512.50;PAC;PAC
4828000;514.79;513.34;PAC;PAC
4830000;513.77;512.33;PAC;PAC
4832000;514.97;513.52;PAC;PAC
4834000;513.93;512.48;PAC;PAC
4836000;515.19;513.74;PAC;PAC
4838000;513.76;512.31;PAC;PAC
4840000;513.96;512.51;PAC;PAC
4842000;513.83;512.37;PAC;PAC
4844000;512.44;510.99;PAC;PAC
4846000;513.33;511.87;PAC;PAC
4848000;514.34;512.89;PAC;PAC
4850000;514.59;513.14;PAC;PAC
4852000;514.49;513.03;PAC;PAC
4854000;513.98;512.52;PAC;PAC
4856000;514.88;513.42;PAC;PAC
4858000;513.86;512.39;PAC;PAC
4860000;514.52;513.05;PAC;PAC
4862000;511.91;510.44;PAC;PAC
4864000;515.23;513.77;PAC;PAC
4866000;514.11;512.64;PAC;PAC
4868000;515.75;514.28;PAC;PAC
4870000;515.41;513.94;PAC;PAC
4872000;513.16;511.69;PAC;PAC
4874000;513.09;511.62;PAC;PAC
4876000;513.03;511.56;PAC;PAC
4878000;513.52;512.05;PAC;PAC
4880000;512.37;510.89;PAC;PAC
4882000;512.07;510.60;PAC;PAC
4884000;515.21;513.73;PAC;PAC
4886000;513.68;512.20;PAC;PAC
4888000;514.88;513.40;PAC;PAC
4890000;513.75;512.27;PAC;PAC
4892000;511.57;510.09;PAC;PAC
4894000;513.61;512.13;PAC;PAC
4896000;514.04;512.56;PAC;PAC
4898000;512.85;511.37;PAC;PAC
4900000;513.79;512.31;PAC;PAC
4902000;514.12;512.64;PAC;PAC
4904000;512.90;511.42;PAC;PAC
4906000;513.42;511.94;PAC;PAC
4908000;513.31;511.82;PAC;PAC
4910000;516.58;515.10;PAC;PAC
4912000;511.19;509.71;PAC;PAC
4914000;514.08;512.60;PAC;PAC
4916000;512.88;511.39;PAC;PAC
4918000;511.86;510.37;PAC;PAC
4920000;514.67;513.18;PAC;PAC
4922000;514.86;513.37;PAC;PAC
4924000;513.94;512.45;PAC;PAC
4926000;511.74;510.25;PAC;PAC
4928000;511.66;510.17;PAC;PAC
4930000;512.53;511.04;PAC;PAC
4932000;511.64;510.15;PAC;PAC
4934000;514.28;512.79;PAC;PAC
4936000;515.40;513.91;PAC;PAC
4938000;512.48;510.99;PAC;PAC
4940000;510.82;509.33;PAC;PAC
4942000;512.57;511.07;PAC;PAC
4944000;514.08;512.59;PAC;PAC
4946000;511.64;510.14;PAC;PAC
4948000;513.17;511.67;PAC;PAC
4950000;513.53;512.04;PAC;PAC
4952000;512.08;510.58;PAC;PAC
4954000;515.03;513.53;PAC;PAC
4956000;513.82;512.32;PAC;PAC
4958000;511.11;509.61;PAC;PAC
4960000;514.10;512.60;PAC;PAC
4962000;514.34;512.85;PAC;PAC
4964000;513.04;511.55;PAC;PAC
4966000;515.31;513.81;PAC;PAC
4968000;512.25;510.75;PAC;PAC
4970000;511.42;509.92;PAC;PAC
4972000;512.50;511.00;PAC;PAC
4974000;513.67;512.17;PAC;PAC
4976000;508.29;506.80;PAC;PAC
4978000;514.24;512.74;PAC;PAC
4980000;515.94;514.44;PAC;PAC
4982000;513.34;511.84;PAC;PAC
4984000;513.98;512.48;PAC;PAC
4986000;513.17;511.67;PAC;PAC
4988000;512.99;511.49;PAC;PAC
4990000;513.71;512.21;PAC;PAC
4992000;510.92;509.42;PAC;PAC
4994000;514.07;512.57;PAC;PAC
4996000;513.57;512.07;PAC;PAC
4998000;513.70;512.20;PAC;PAC
5000000;514.23;512.73;PAC;PAC
5002000;514.07;512.57;PAC;PAC
5004000;514.06;512.56;PAC;PAC
5006000;512.78;511.28;PAC;PAC
5008000;514.74;513.24;PAC;PAC
5010000;512.70;511.20;PAC;PAC
5012000;514.60;513.10;PAC;PAC
5014000;516.17;514.67;PAC;PAC
5016000;512.26;510.77;PAC;PAC
5018000;514.22;512.72;PAC;PAC
5020000;512.29;510.79;PAC;PAC
5022000;512.83;511.33;PAC;PAC
5024000;513.91;512.41;PAC;PAC
5026000;513.63;512.13;PAC;PAC
5028000;514.58;513.08;PAC;PAC
5030000;515.36;513.86;PAC;PAC
5032000;514.60;513.10;PAC;PAC
5034000;514.66;513.16;PAC;PAC
5036000;512.34;510.84;PAC;PAC
5038000;511.12;509.63;PAC;PAC
5040000;513.16;511.66;PAC;PAC
5042000;512.71;511.21;PAC;PAC
5044000;512.36;510.86;PAC;PAC
5046000;514.85;513.35;PAC;PAC
5048000;513.27;511.77;PAC;PAC
5050000;512.34;510.84;PAC;PAC
5052000;514.83;513.34;PAC;PAC
5054000;509.45;507.96;PAC;PAC
5056000;514.96;513.47;PAC;PAC
5058000;514.12;512.63;PAC;PAC
5060000;512.27;510.77;PAC;PAC
5062000;513.86;512.36;PAC;PAC
5064000;513.18;511.69;PAC;PAC
5066000;512.88;511.39;PAC;PAC
5068000;514.31;512.82;PAC;PAC
5070000;511.97;510.48;PAC;PAC
5072000;510.99;509.50;PAC;PAC
5074000;513.51;512.02;PAC;PAC
5076000;512.13;510.64;PAC;PAC
5078000;513.01;511.52;PAC;PAC
5080000;512.89;511.40;PAC;PAC
5082000;512.86;511.37;PAC;PAC
5084000;513.11;511.62;PAC;PAC
5086000;512.01;510.53;PAC;PAC
5088000;512.79;511.30;PAC;PAC
5090000;513.13;511.64;PAC;PAC
5092000;511.60;510.11;PAC;PAC
5094000;511.42;509.94;PAC;PAC
5096000;513.86;512.38;PAC;PAC
5098000;513.17;511.69;PAC;PAC
5100000;511.30;509.81;PAC;PAC
5102000;512.41;510.92;PAC;PAC
5104000;514.14;512.66;PAC;PAC
5106000;512.78;511.30;PAC;PAC
5108000;516.63;515.16;PAC;PAC
5110000;511.98;510.50;PAC;PAC
5112000;511.69;510.22;PAC;PAC
5114000;514.40;512.92;PAC;PAC
5116000;512.42;510.94;PAC;PAC
5118000;513.64;512.16;PAC;PAC
5120000;513.42;511.95;PAC;PAC
5122000;513.10;511.63;PAC;PAC
5124000;515.82;514.35;PAC;PAC
5126000;512.75;511.28;PAC;PAC
5128000;514.17;512.70;PAC;PAC
5130000;515.09;513.62;PAC;PAC
5132000;514.18;512.71;PAC;PAC
5134000;514.10;512.63;PAC;PAC
5136000;515.03;513.57;PAC;PAC
5138000;512.22;510.76;PAC;PAC
5140000;511.38;509.91;PAC;PAC
5142000;514.67;513.21;PAC;PAC
5144000;511.50;510.04;PAC;PAC
5146000;512.64;511.18;PAC;PAC
5148000;514.20;512.74;PAC;PAC
5150000;514.03;512.58;PAC;PAC
5152000;513.46;512.00;PAC;PAC
5154000;512.00;510.55;PAC;PAC
5156000;513.90;512.44;PAC;PAC
5158000;514.57;513.11;PAC;PAC
5160000;511.99;510.54;PAC;PAC
5162000;512.96;511.51;PAC;PAC
5164000;512.54;511.09;PAC;PAC
5166000;514.47;513.02;PAC;PAC
5168000;513.19;511.74;PAC;PAC
5170000;513.77;512.32;PAC;PAC
5172000;514.99;513.55;PAC;PAC
5174000;513.90;512.46;PAC;PAC
5176000;515.00;513.56;PAC;PAC
5178000;513.17;511.73;PAC;PAC
5180000;513.12;511.68;PAC;PAC
5182000;511.76;510.32;PAC;PAC
5184000;514.56;513.12;PAC;PAC
5186000;513.04;511.60;PAC;PAC
5188000;513.25;511.81;PAC;PAC
5190000;513.44;512.00;PAC;PAC
5192000;514.44;513.00;PAC;PAC
5194000;513.57;512.14;PAC;PAC
5196000;514.26;512.84;PAC;PAC
5198000;512.06;510.64;PAC;PAC
5200000;512.17;510.74;PAC;PAC
5202000;513.21;511.79;PAC;PAC
5204000;515.21;513.79;PAC;PAC
5206000;513.06;511.64;PAC;PAC
5208000;514.55;513.13;PAC;PAC
5210000;514.75;513.33;PAC;PAC
5212000;513.90;512.48;PAC;PAC
5214000;515.01;513.59;PAC;PAC
5216000;515.29;513.88;PAC;PAC
5218000;514.09;512.68;PAC;PAC
5220000;512.37;510.96;PAC;PAC
5222000;512.80;511.39;PAC;PAC
5224000;513.62;512.21;PAC;PAC
5226000;514.85;513.44;PAC;PAC
5228000;513.11;511.70;PAC;PAC
5230000;513.95;512.55;PAC;PAC
5232000;512.59;511.18;PAC;PAC
5234000;510.83;509.43;PAC;PAC
5236000;514.10;512.70;PAC;PAC
5238000;513.07;511.67;PAC;PAC
5240000;513.01;511.61;PAC;PAC
5242000;514.39;512.99;PAC;PAC
5244000;511.21;509.82;PAC;PAC
5246000;513.33;511.94;PAC;PAC
5248000;512.25;510.87;PAC;PAC
5250000;516.04;514.65;PAC;PAC
5252000;512.72;511.33;PAC;PAC
5254000;514.08;512.70;PAC;PAC
5256000;511.40;510.02;PAC;PAC
5258000;512.61;511.24;PAC;PAC
5260000;514.82;513.44;PAC;PAC
5262000;511.62;510.24;PAC;PAC
5264000;514.55;513.17;PAC;PAC
5266000;512.76;511.39;PAC;PAC
5268000;513.58;512.21;PAC;PAC
5270000;514.77;513.40;PAC;PAC
5272000;512.33;510.96;PAC;PAC
5274000;513.17;511.81;PAC;PAC
5276000;514.19;512.83;PAC;PAC
5278000;514.24;512.88;PAC;PAC
5280000;512.21;510.85;PAC;PAC
5282000;513.02;511.67;PAC;PAC
5284000;513.46;512.10;PAC;PAC
5286000;513.69;512.33;PAC;PAC
5288000;511.85;510.50;PAC;PAC
5290000;514.18;512.83;PAC;PAC
5292000;514.75;513.41;PAC;PAC
5294000;513.95;512.61;PAC;PAC
5296000;512.09;510.75;PAC;PAC
5298000;513.96;512.62;PAC;PAC
5300000;511.75;510.41;PAC;PAC
5302000;513.23;511.90;PAC;PAC
5304000;513.65;512.32;PAC;PAC
5306000;514.05;512.72;PAC;PAC
5308000;513.13;511.80;PAC;PAC
5310000;513.47;512.14;PAC;PAC
5312000;513.52;512.19;PAC;PAC
5314000;515.95;514.63;PAC;PAC
5316000;513.01;511.69;PAC;PAC
5318000;512.19;510.87;PAC;PAC
5320000;512.81;511.49;PAC;PAC
5322000;511.79;510.48;PAC;PAC
5324000;512.68;511.37;PAC;PAC
5326000;512.63;511.32;PAC;PAC
5328000;510.59;509.28;PAC;PAC
5330000;512.28;510.98;PAC;PAC
5332000;513.29;511.99;PAC;PAC
5334000;513.70;512.40;PAC;PAC
5336000;512.34;511.04;PAC;PAC
5338000;512.38;511.09;PAC;PAC
5340000;515.15;513.86;PAC;PAC
5342000;512.25;510.96;PAC;PAC
5344000;513.34;512.06;PAC;PAC
5346000;512.85;511.56;PAC;PAC
5348000;514.42;513.14;PAC;PAC
5350000;514.37;513.09;PAC;PAC
5352000;510.59;509.32;PAC;PAC
5354000;512.19;510.91;PAC;PAC
5356000;512.11;510.84;PAC;PAC
5358000;513.41;512.14;PAC;PAC
5360000;512.88;511.61;PAC;PAC
5362000;514.13;512.87;PAC;PAC
5364000;514.13;512.87;PAC;PAC
5366000;513.17;511.91;PAC;PAC
5368000;514.22;512.96;PAC;PAC
5370000;513.86;512.60;PAC;PAC
5372000;513.95;512.70;PAC;PAC
5374000;516.20;514.95;PAC;PAC
5376000;511.94;510.70;PAC;PAC
5378000;514.17;512.93;PAC;PAC
5380000;514.01;512.77;PAC;PAC
5382000;514.23;513.00;PAC;PAC
5384000;512.75;511.52;PAC;PAC
5386000;515.17;513.94;PAC;PAC
5388000;511.48;510.25;PAC;PAC
5390000;511.57;510.34;PAC;PAC
5392000;512.12;510.90;PAC;PAC
5394000;513.79;512.57;PAC;PAC
5396000;513.52;512.31;PAC;PAC
5398000;513.73;512.51;PAC;PAC
5400000;512.33;511.11;PAC;PAC
5402000;514.20;512.99;PAC;PAC
5404000;514.53;513.32;PAC;PAC
5406000;510.89;509.68;PAC;PAC
5408000;514.57;513.36;PAC;PAC
5410000;514.26;513.06;PAC;PAC
5412000;514.75;513.55;PAC;PAC
5414000;514.00;512.81;PAC;PAC
5416000;511.87;510.68;PAC;PAC
5418000;512.22;511.03;PAC;PAC
5420000;514.59;513.41;PAC;PAC
5422000;511.77;510.59;PAC;PAC
5424000;515.24;514.06;PAC;PAC
5426000;513.89;512.71;PAC;PAC
5428000;513.56;512.39;PAC;PAC
5430000;515.38;514.21;PAC;PAC
5432000;512.96;511.79;PAC;PAC
5434000;514.55;513.39;PAC;PAC
5436000;511.58;510.42;PAC;PAC
5438000;512.86;511.70;PAC;PAC
5440000;511.46;510.31;PAC;PAC
5442000;513.89;512.74;PAC;PAC
5444000;512.18;511.03;PAC;PAC
5446000;511.73;510.59;PAC;PAC
5448000;514.44;513.30;PAC;PAC
5450000;514.58;513.43;PAC;PAC
5452000;514.59;513.46;PAC;PAC
5454000;513.69;512.56;PAC;PAC
5456000;515.54;514.41;PAC;PAC
5458000;513.07;511.94;PAC;PAC
5460000;512.96;511.84;PAC;PAC
5462000;511.73;510.61;PAC;PAC
5464000;511.74;510.62;PAC;PAC
5466000;511.60;510.48;PAC;PAC
5468000;514.32;513.21;PAC;PAC
5470000;513.73;512.62;PAC;PAC
5472000;512.95;511.85;PAC;PAC
5474000;512.90;511.80;PAC;PAC
5476000;511.45;510.35;PAC;PAC
5478000;510.32;509.23;PAC;PAC
5480000;512.64;511.55;PAC;PAC
5482000;514.36;513.27;PAC;PAC
5484000;513.36;512.28;PAC;PAC
5486000;513.52;512.43;PAC;PAC
5488000;511.13;510.05;PAC;PAC
5490000;513.95;512.87;PAC;PAC
5492000;512.38;511.30;PAC;PAC
5494000;514.44;513.37;PAC;PAC
5496000;512.46;511.40;PAC;PAC
5498000;514.36;513.30;PAC;PAC
5500000;514.58;513.52;PAC;PAC
5502000;513.16;512.11;PAC;PAC
5504000;515.19;514.14;PAC;PAC
5506000;514.21;513.16;PAC;PAC
5508000;513.68;512.63;PAC;PAC
5510000;513.34;512.30;PAC;PAC
5512000;513.52;512.48;PAC;PAC
5514000;513.41;512.37;PAC;PAC
5516000;514.08;513.05;PAC;PAC
5518000;513.13;512.10;PAC;PAC
5520000;514.46;513.44;PAC;PAC
5522000;512.86;511.84;PAC;PAC
5524000;511.09;510.07;PAC;PAC
5526000;512.29;511.28;PAC;PAC
5528000;513.42;512.40;PAC;PAC
5530000;514.71;513.70;PAC;PAC
5532000;511.96;510.96;PAC;PAC
5534000;512.45;511.44;PAC;PAC
5536000;511.98;510.98;PAC;PAC
5538000;512.73;511.73;PAC;PAC
5540000;513.17;512.18;PAC;PAC
5542000;511.54;510.55;PAC;PAC
5544000;511.03;510.05;PAC;PAC
5546000;514.13;513.15;PAC;PAC
5548000;511.66;510.69;PAC;PAC
5550000;515.25;514.27;PAC;PAC
5552000;513.01;512.04;PAC;PAC
5554000;513.23;512.26;PAC;PAC
5556000;513.60;512.64;PAC;PAC
5558000;511.97;511.01;PAC;PAC
5560000;513.14;512.19;PAC;PAC
5562000;513.79;512.84;PAC;PAC
5564000;513.37;512.42;PAC;PAC
5566000;511.75;510.81;PAC;PAC
5568000;513.59;512.65;PAC;PAC
5570000;512.23;511.29;PAC;PAC
5572000;513.80;512.86;PAC;PAC
5574000;512.17;511.24;PAC;PAC
5576000;514.79;513.86;PAC;PAC
5578000;516.39;515.46;PAC;PAC
5580000;511.49;510.57;PAC;PAC
5582000;512.93;512.01;PAC;PAC
5584000;509.73;508.81;PAC;PAC
5586000;513.12;512.21;PAC;PAC
5588000;515.40;514.50;PAC;PAC
5590000;512.34;511.44;PAC;PAC
5592000;513.80;512.90;PAC;PAC
5594000;512.04;511.15;PAC;PAC
5596000;513.46;512.57;PAC;PAC
5598000;510.98;510.10;PAC;PAC
5600000;513.34;512.46;PAC;PAC
5602000;511.96;511.08;PAC;PAC
5604000;513.42;512.54;PAC;PAC
5606000;513.04;512.17;PAC;PAC
5608000;512.73;511.86;PAC;PAC
5610000;515.20;514.34;PAC;PAC
5612000;513.55;512.69;PAC;PAC
5614000;513.02;512.17;PAC;PAC
5616000;513.53;512.68;PAC;PAC
5618000;512.36;511.51;PAC;PAC
5620000;511.74;510.89;PAC;PAC
5622000;512.91;512.07;PAC;PAC
5624000;515.47;514.63;PAC;PAC
5626000;512.07;511.24;PAC;PAC
5628000;513.49;512.66;PAC;PAC
5630000;512.51;511.69;PAC;PAC
5632000;511.34;510.52;PAC;PAC
5634000;513.64;512.83;PAC;PAC
5636000;514.58;513.77;PAC;PAC
5638000;513.97;513.17;PAC;PAC
5640000;512.10;511.30;PAC;PAC
5642000;512.60;511.80;PAC;PAC
5644000;511.89;511.09;PAC;PAC
5646000;512.46;511.67;PAC;PAC
5648000;514.64;513.86;PAC;PAC
5650000;514.10;513.32;PAC;PAC
5652000;511.26;510.48;PAC;PAC
5654000;516.19;515.42;PAC;PAC
5656000;512.63;511.86;PAC;PAC
5658000;514.17;513.41;PAC;PAC
5660000;512.14;511.38;PAC;PAC
5662000;512.20;511.44;PAC;PAC
5664000;514.42;513.66;PAC;PAC
5666000;513.80;513.05;PAC;PAC
5668000;510.05;509.30;PAC;PAC
5670000;514.82;514.07;PAC;PAC
5672000;512.77;512.03;PAC;PAC
5674000;513.12;512.39;PAC;PAC
5676000;512.45;511.72;PAC;PAC
5678000;514.64;513.91;PAC;PAC
5680000;512.54;511.81;PAC;PAC
5682000;513.14;512.42;PAC;PAC
5684000;510.68;509.96;PAC;PAC
5686000;512.94;512.23;PAC;PAC
5688000;513.98;513.28;PAC;PAC
5690000;514.05;513.35;PAC;PAC
5692000;512.46;511.76;PAC;PAC
5694000;513.51;512.82;PAC;PAC
5696000;511.85;511.16;PAC;PAC
5698000;512.85;512.17;PAC;PAC
5700000;514.68;514.00;PAC;PAC
5702000;511.47;510.80;PAC;PAC
5704000;512.92;512.25;PAC;PAC
5706000;512.37;511.70;PAC;PAC
5708000;513.26;512.60;PAC;PAC
5710000;513.98;513.32;PAC;PAC
5712000;511.58;510.93;PAC;PAC
5714000;511.56;510.91;PAC;PAC
5716000;511.98;511.33;PAC;PAC
5718000;512.14;511.49;PAC;PAC
5720000;511.93;511.29;PAC;PAC
5722000;512.26;511.63;PAC;PAC
5724000;510.09;509.46;PAC;PAC
5726000;511.76;511.13;PAC;PAC
5728000;513.53;512.91;PAC;PAC
5730000;511.61;511.00;PAC;PAC
5732000;513.11;512.50;PAC;PAC
5734000;513.19;512.58;PAC;PAC
5736000;513.89;513.28;PAC;PAC
5738000;511.90;511.30;PAC;PAC
5740000;512.96;512.36;PAC;PAC
5742000;511.77;511.18;PAC;PAC
5744000;510.35;509.76;PAC;PAC
5746000;512.07;511.49;PAC;PAC
5748000;513.08;512.50;PAC;PAC
5750000;510.40;509.82;PAC;PAC
5752000;509.94;509.37;PAC;PAC
5754000;513.76;513.20;PAC;PAC
5756000;511.18;510.61;PAC;PAC
5758000;513.21;512.65;PAC;PAC
5760000;514.45;513.90;PAC;PAC
5762000;512.18;511.64;PAC;PAC
5764000;512.26;511.72;PAC;PAC
5766000;514.23;513.69;PAC;PAC
5768000;515.24;514.70;PAC;PAC
5770000;512.51;511.98;PAC;PAC
5772000;511.82;511.30;PAC;PAC
5774000;512.52;512.00;PAC;PAC
5776000;511.48;510.96;PAC;PAC
5778000;513.10;512.59;PAC;PAC
5780000;513.36;512.85;PAC;PAC
5782000;511.67;511.16;PAC;PAC
5784000;511.63;511.13;PAC;PAC
5786000;513.16;512.66;PAC;PAC
5788000;514.26;513.77;PAC;PAC
5790000;513.25;512.76;PAC;PAC
5792000;514.19;513.71;PAC;PAC
5794000;512.18;511.71;PAC;PAC
5796000;513.67;513.20;PAC;PAC
5798000;515.26;514.79;PAC;PAC
5800000;512.35;511.89;PAC;PAC
5802000;512.92;512.46;PAC;PAC
5804000;512.76;512.30;PAC;PAC
5806000;509.71;509.26;PAC;PAC
5808000;513.99;513.55;PAC;PAC
5810000;513.69;513.25;PAC;PAC
5812000;511.43;510.99;PAC;PAC
5814000;512.33;511.90;PAC;PAC
5816000;513.15;512.72;PAC;PAC
5818000;513.41;512.99;PAC;PAC
5820000;511.70;511.28;PAC;PAC
5822000;513.69;513.28;PAC;PAC
5824000;510.57;510.16;PAC;PAC
5826000;513.94;513.53;PAC;PAC
5828000;512.94;512.54;PAC;PAC
5830000;511.85;511.45;PAC;PAC
5832000;512.46;512.07;PAC;PAC
5834000;514.50;514.11;PAC;PAC
5836000;512.11;511.73;PAC;PAC
5838000;511.33;510.95;PAC;PAC
5840000;514.01;513.64;PAC;PAC
5842000;513.29;512.92;PAC;PAC
5844000;511.88;511.51;PAC;PAC
5846000;511.95;511.59;PAC;PAC
5848000;512.44;512.09;PAC;PAC
5850000;512.29;511.94;PAC;PAC
5852000;511.53;511.19;PAC;PAC
5854000;511.66;511.32;PAC;PAC
5856000;511.63;511.29;PAC;PAC
5858000;513.63;513.30;PAC;PAC
5860000;509.90;509.57;PAC;PAC
5862000;512.73;512.41;PAC;PAC
5864000;512.79;512.47;PAC;PAC
5866000;513.27;512.95;PAC;PAC
5868000;512.36;512.05;PAC;PAC
5870000;512.78;512.48;PAC;PAC
5872000;515.57;515.27;PAC;PAC
5874000;514.90;514.60;PAC;PAC
5876000;511.61;511.32;PAC;PAC
5878000;514.12;513.84;PAC;PAC
5880000;511.25;510.97;PAC;PAC
5882000;512.39;512.11;PAC;PAC
5884000;510.67;510.40;PAC;PAC
5886000;512.78;512.51;PAC;PAC
5888000;512.92;512.66;PAC;PAC
5890000;512.65;512.39;PAC;PAC
5892000;510.83;510.58;PAC;PAC
5894000;510.35;510.10;PAC;PAC
5896000;512.86;512.62;PAC;PAC
5898000;513.26;513.02;PAC;PAC
5900000;511.35;511.12;PAC;PAC
5902000;511.88;511.65;PAC;PAC
5904000;511.22;511.00;PAC;PAC
5906000;511.95;511.73;PAC;PAC
5908000;512.36;512.15;PAC;PAC
5910000;512.91;512.70;PAC;PAC
5912000;512.13;511.92;PAC;PAC
5914000;512.76;512.55;PAC;PAC
5916000;511.95;511.75;PAC;PAC
5918000;512.23;512.04;PAC;PAC
5920000;511.35;511.17;PAC;PAC
5922000;513.90;513.71;PAC;PAC
5924000;511.11;510.93;PAC;PAC
5926000;512.86;512.69;PAC;PAC
5928000;509.93;509.76;PAC;PAC
5930000;512.57;512.41;PAC;PAC
5932000;510.05;509.89;PAC;PAC
5934000;513.18;513.02;PAC;PAC
5936000;511.84;511.69;PAC;PAC
5938000;512.96;512.82;PAC;PAC
5940000;512.70;512.56;PAC;PAC
5942000;511.75;511.61;PAC;PAC
5944000;513.61;513.47;PAC;PAC
5946000;511.36;511.23;PAC;PAC
5948000;510.79;510.67;PAC;PAC
5950000;510.90;510.79;PAC;PAC
5952000;511.59;511.48;PAC;PAC
5954000;513.28;513.18;PAC;PAC
5956000;512.13;512.02;PAC;PAC
5958000;511.67;511.57;PAC;PAC
5960000;513.52;513.42;PAC;PAC
5962000;509.79;509.70;PAC;PAC
5964000;512.76;512.68;PAC;PAC
5966000;510.07;509.99;PAC;PAC
5968000;512.27;512.20;PAC;PAC
5970000;513.34;513.27;PAC;PAC
5972000;512.19;512.12;PAC;PAC
5974000;510.71;510.65;PAC;PAC
5976000;513.07;513.01;PAC;PAC
5978000;514.72;514.67;PAC;PAC
5980000;510.68;510.63;PAC;PAC
5982000;510.36;510.32;PAC;PAC
5984000;512.23;512.19;PAC;PAC
5986000;513.29;513.26;PAC;PAC
5988000;513.55;513.52;PAC;PAC
5990000;513.19;513.16;PAC;PAC
5992000;511.08;511.06;PAC;PAC
5994000;510.16;510.14;PAC;PAC
5996000;511.91;511.90;PAC;PAC
5998000;512.88;512.88;PAC;PAC
6000000;510.30;510.30;PAC;PAC
6002000;513.70;513.71;PAC;PAC
6004000;513.65;513.66;PAC;PAC
6006000;512.95;512.97;PAC;PAC
6008000;512.41;512.43;PAC;PAC
6010000;512.58;512.61;PAC;PAC
6012000;512.45;512.48;PAC;PAC
6014000;511.10;511.13;PAC;PAC
6016000;511.53;511.57;PAC;PAC
6018000;509.39;509.43;PAC;PAC
6020000;511.47;511.52;PAC;PAC
6022000;513.58;513.64;PAC;PAC
6024000;512.01;512.07;PAC;PAC
6026000;511.68;511.74;PAC;PAC
6028000;512.58;512.65;PAC;PAC
6030000;512.44;512.52;PAC;PAC
6032000;510.09;510.17;PAC;PAC
6034000;514.27;514.35;PAC;PAC
6036000;512.54;512.62;PAC;PAC
6038000;513.70;513.79;PAC;PAC
6040000;512.29;512.38;PAC;PAC
6042000;510.63;510.73;PAC;PAC
6044000;511.74;511.85;PAC;PAC
6046000;513.51;513.61;PAC;PAC
6048000;513.16;513.27;PAC;PAC
6050000;512.51;512.63;PAC;PAC
6052000;512.00;512.12;PAC;PAC
6054000;511.89;512.02;PAC;PAC
6056000;511.96;512.09;PAC;PAC
6058000;509.24;509.38;PAC;PAC
6060000;511.14;511.28;PAC;PAC
6062000;511.56;511.71;PAC;PAC
6064000;511.64;511.79;PAC;PAC
6066000;511.79;511.94;PAC;PAC
6068000;510.54;510.70;PAC;PAC
6070000;511.42;511.58;PAC;PAC
6072000;511.96;512.13;PAC;PAC
6074000;514.75;514.93;PAC;PAC
6076000;512.93;513.11;PAC;PAC
6078000;512.06;512.24;PAC;PAC
6080000;512.10;512.29;PAC;PAC
6082000;510.84;511.03;PAC;PAC
6084000;511.59;511.79;PAC;PAC
6086000;512.91;513.11;PAC;PAC
6088000;511.61;511.82;PAC;PAC
6090000;511.44;511.66;PAC;PAC
6092000;512.05;512.27;PAC;PAC
6094000;509.68;509.90;PAC;PAC
6096000;510.91;511.14;PAC;PAC
6098000;510.72;510.95;PAC;PAC
6100000;509.57;509.81;PAC;PAC
6102000;513.00;513.24;PAC;PAC
6104000;511.98;512.22;PAC;PAC
6106000;512.87;513.12;PAC;PAC
6108000;510.70;510.96;PAC;PAC
6110000;512.04;512.30;PAC;PAC
6112000;513.93;514.19;PAC;PAC
6114000;512.01;512.28;PAC;PAC
6116000;511.68;511.95;PAC;PAC
6118000;513.99;514.27;PAC;PAC
6120000;511.97;512.25;PAC;PAC
6122000;511.47;511.76;PAC;PAC
6124000;511.09;511.38;PAC;PAC
6126000;512.06;512.35;PAC;PAC
6128000;511.96;512.26;PAC;PAC
6130000;510.23;510.54;PAC;PAC
6132000;511.09;511.40;PAC;PAC
6134000;510.63;510.95;PAC;PAC
6136000;512.71;513.02;PAC;PAC
6138000;511.58;511.91;PAC;PAC
6140000;510.33;510.65;PAC;PAC
6142000;509.68;510.01;PAC;PAC
6144000;511.99;512.32;PAC;PAC
6146000;514.30;514.64;PAC;PAC
6148000;513.29;513.64;PAC;PAC
6150000;512.34;512.69;PAC;PAC
6152000;511.77;512.13;PAC;PAC
6154000;512.39;512.75;PAC;PAC
6156000;510.18;510.55;PAC;PAC
6158000;511.10;511.47;PAC;PAC
6160000;511.70;512.07;PAC;PAC
6162000;509.79;510.17;PAC;PAC
6164000;509.39;509.77;PAC;PAC
6166000;510.71;511.10;PAC;PAC
6168000;512.68;513.07;PAC;PAC
6170000;514.37;514.76;PAC;PAC
6172000;510.41;510.81;PAC;PAC
6174000;512.60;513.00;PAC;PAC
6176000;508.36;508.77;PAC;PAC
6178000;511.26;511.68;PAC;PAC
6180000;513.13;513.55;PAC;PAC
6182000;511.65;512.07;PAC;PAC
6184000;512.27;512.70;PAC;PAC
6186000;510.98;511.42;PAC;PAC
6188000;511.33;511.76;PAC;PAC
6190000;512.46;512.90;PAC;PAC
6192000;511.53;511.98;PAC;PAC
6194000;510.18;510.63;PAC;PAC
6196000;513.56;514.01;PAC;PAC
6198000;511.00;511.46;PAC;PAC
6200000;512.56;513.03;PAC;PAC
6202000;511.82;512.29;PAC;PAC
6204000;509.96;510.44;PAC;PAC
6206000;510.64;511.12;PAC;PAC
6208000;510.96;511.44;PAC;PAC
6210000;511.90;512.39;PAC;PAC
6212000;511.48;511.97;PAC;PAC
6214000;512.62;513.12;PAC;PAC
6216000;510.74;511.24;PAC;PAC
6218000;512.37;512.88;PAC;PAC
6220000;510.40;510.91;PAC;PAC
6222000;509.99;510.51;PAC;PAC
6224000;511.16;511.68;PAC;PAC
6226000;510.71;511.23;PAC;PAC
6228000;510.85;511.38;PAC;PAC
6230000;511.78;512.31;PAC;PAC
6232000;511.47;512.01;PAC;PAC
6234000;510.34;510.88;PAC;PAC
6236000;514.77;515.32;PAC;PAC
6238000;509.48;510.03;PAC;PAC
6240000;511.53;512.08;PAC;PAC
6242000;512.78;513.34;PAC;PAC
6244000;511.12;511.68;PAC;PAC
6246000;510.94;511.50;PAC;PAC
6248000;511.55;512.12;PAC;PAC
6250000;514.30;514.87;PAC;PAC
6252000;511.25;511.83;PAC;PAC
6254000;511.19;511.77;PAC;PAC
6256000;513.45;514.03;PAC;PAC
6258000;511.04;511.63;PAC;PAC
6260000;511.62;512.21;PAC;PAC
6262000;510.46;511.06;PAC;PAC
6264000;511.06;511.66;PAC;PAC
6266000;510.13;510.74;PAC;PAC
6268000;509.64;510.25;PAC;PAC
6270000;511.00;511.62;PAC;PAC
6272000;511.02;511.64;PAC;PAC
6274000;510.99;511.61;PAC;PAC
6276000;512.48;513.11;PAC;PAC
6278000;508.80;509.43;PAC;PAC
6280000;510.86;511.50;PAC;PAC
6282000;510.24;510.88;PAC;PAC
6284000;510.57;511.22;PAC;PAC
6286000;510.67;511.32;PAC;PAC
6288000;513.39;514.05;PAC;PAC
6290000;511.00;511.66;PAC;PAC
6292000;512.58;513.25;PAC;PAC
6294000;509.95;510.62;PAC;PAC
6296000;512.70;513.38;PAC;PAC
6298000;512.51;513.18;PAC;PAC
6300000;509.06;509.74;PAC;PAC
6302000;509.89;510.58;PAC;PAC
6304000;512.69;513.38;PAC;PAC
6306000;510.92;511.61;PAC;PAC
6308000;510.51;511.21;PAC;PAC
6310000;512.69;513.39;PAC;PAC
6312000;510.98;511.69;PAC;PAC
6314000;510.80;511.51;PAC;PAC
6316000;511.83;512.55;PAC;PAC
6318000;511.24;511.96;PAC;PAC
6320000;511.61;512.33;PAC;PAC
6322000;510.55;511.27;PAC;PAC
6324000;512.86;513.59;PAC;PAC
6326000;510.24;510.98;PAC;PAC
6328000;511.98;512.72;PAC;PAC
6330000;510.87;511.61;PAC;PAC
6332000;511.25;512.00;PAC;PAC
6334000;512.05;512.80;PAC;PAC
6336000;509.96;510.71;PAC;PAC
6338000;510.77;511.53;PAC;PAC
6340000;511.43;512.20;PAC;PAC
6342000;511.01;511.78;PAC;PAC
6344000;511.46;512.24;PAC;PAC
6346000;509.84;510.62;PAC;PAC
6348000;512.08;512.86;PAC;PAC
6350000;510.16;510.95;PAC;PAC
6352000;512.39;513.18;PAC;PAC
6354000;510.60;511.39;PAC;PAC
6356000;511.65;512.45;PAC;PAC
6358000;509.20;510.00;PAC;PAC
6360000;511.00;511.81;PAC;PAC
6362000;511.25;512.06;PAC;PAC
6364000;511.26;512.08;PAC;PAC
6366000;511.82;512.64;PAC;PAC
6368000;510.20;511.02;PAC;PAC
6370000;512.40;513.22;PAC;PAC
6372000;510.94;511.77;PAC;PAC
6374000;510.63;511.46;PAC;PAC
6376000;511.27;512.10;PAC;PAC
6378000;510.17;511.01;PAC;PAC
6380000;510.09;510.93;PAC;PAC
6382000;509.43;510.27;PAC;PAC
6384000;512.34;513.19;PAC;PAC
6386000;509.36;510.21;PAC;PAC
6388000;510.73;511.59;PAC;PAC
6390000;510.58;511.44;PAC;PAC
6392000;511.84;512.70;PAC;PAC
6394000;513.14;514.01;PAC;PAC
6396000;509.46;510.33;PAC;PAC
6398000;510.75;511.63;PAC;PAC
6400000;510.83;511.72;PAC;PAC
6402000;510.63;511.52;PAC;PAC
6404000;511.77;512.66;PAC;PAC
6406000;510.17;511.06;PAC;PAC
6408000;512.67;513.57;PAC;PAC
6410000;511.94;512.84;PAC;PAC
6412000;512.52;513.43;PAC;PAC
6414000;511.10;512.00;PAC;PAC
6416000;510.85;511.76;PAC;PAC
6418000;511.72;512.63;PAC;PAC
6420000;512.49;513.41;PAC;PAC
6422000;510.96;511.88;PAC;PAC
6424000;510.75;511.68;PAC;PAC
6426000;510.47;511.40;PAC;PAC
6428000;511.05;511.98;PAC;PAC
6430000;508.99;509.93;PAC;PAC
6432000;511.76;512.70;PAC;PAC
6434000;508.98;509.92;PAC;PAC
6436000;511.41;512.36;PAC;PAC
6438000;509.74;510.69;PAC;PAC
6440000;510.13;511.09;PAC;PAC
6442000;512.39;513.35;PAC;PAC
6444000;510.55;511.51;PAC;PAC
6446000;510.06;511.02;PAC;PAC
6448000;514.98;515.95;PAC;PAC
6450000;514.07;515.04;PAC;PAC
6452000;509.93;510.91;PAC;PAC
6454000;509.95;510.93;PAC;PAC
6456000;510.52;511.50;PAC;PAC
6458000;510.87;511.86;PAC;PAC
6460000;509.67;510.66;PAC;PAC
6462000;510.84;511.83;PAC;PAC
6464000;512.19;513.19;PAC;PAC
6466000;511.82;512.83;PAC;PAC
6468000;511.33;512.34;PAC;PAC
6470000;509.73;510.74;PAC;PAC
6472000;509.90;510.91;PAC;PAC
6474000;512.63;513.65;PAC;PAC
6476000;510.96;511.98;PAC;PAC
6478000;511.52;512.55;PAC;PAC
6480000;512.10;513.13;PAC;PAC
6482000;509.69;510.72;PAC;PAC
6484000;511.91;512.95;PAC;PAC
6486000;510.76;511.80;PAC;PAC
6488000;510.82;511.86;PAC;PAC
6490000;512.61;513.65;PAC;PAC
6492000;511.42;512.47;PAC;PAC
6494000;510.32;511.37;PAC;PAC
6496000;510.95;512.01;PAC;PAC
6498000;509.65;510.71;PAC;PAC
6500000;509.94;511.00;PAC;PAC
6502000;510.66;511.73;PAC;PAC
6504000;511.01;512.08;PAC;PAC
6506000;512.01;513.08;PAC;PAC
6508000;510.54;511.62;PAC;PAC
6510000;512.36;513.43;PAC;PAC
6512000;510.77;511.85;PAC;PAC
6514000;510.77;511.86;PAC;PAC
6516000;510.76;511.84;PAC;PAC
6518000;511.95;513.04;PAC;PAC
6520000;510.23;511.32;PAC;PAC
6522000;513.33;514.43;PAC;PAC
6524000;510.91;512.01;PAC;PAC
6526000;510.70;511.81;PAC;PAC
6528000;511.32;512.43;PAC;PAC
6530000;510.10;511.20;PAC;PAC
6532000;509.40;510.51;PAC;PAC
6534000;511.37;512.48;PAC;PAC
6536000;512.69;513.81;PAC;PAC
6538000;511.45;512.58;PAC;PAC
6540000;511.91;513.04;PAC;PAC
6542000;512.63;513.76;PAC;PAC
6544000;510.41;511.54;PAC;PAC
6546000;509.80;510.93;PAC;PAC
6548000;510.27;511.41;PAC;PAC
6550000;509.86;511.00;PAC;PAC
6552000;512.10;513.25;PAC;PAC
6554000;510.28;511.43;PAC;PAC
6556000;511.90;513.04;PAC;PAC
6558000;511.38;512.53;PAC;PAC
6560000;510.42;511.58;PAC;PAC
6562000;509.69;510.85;PAC;PAC
6564000;509.17;510.33;PAC;PAC
6566000;510.15;511.31;PAC;PAC
6568000;511.71;512.88;PAC;PAC
6570000;510.17;511.34;PAC;PAC
6572000;513.91;515.09;PAC;PAC
6574000;511.08;512.26;PAC;PAC
6576000;510.82;512.00;PAC;PAC
6578000;510.70;511.88;PAC;PAC
6580000;510.49;511.67;PAC;PAC
6582000;511.66;512.85;PAC;PAC
6584000;512.30;513.50;PAC;PAC
6586000;511.26;512.46;PAC;PAC
6588000;509.25;510.45;PAC;PAC
6590000;510.98;512.18;PAC;PAC
6592000;509.62;510.82;PAC;PAC
6594000;510.03;511.23;PAC;PAC
6596000;510.56;511.77;PAC;PAC
6598000;509.24;510.45;PAC;PAC
6600000;508.77;509.99;PAC;PAC
6602000;509.86;511.08;PAC;PAC
6604000;511.73;512.95;PAC;PAC
6606000;509.18;510.40;PAC;PAC
6608000;507.33;508.55;PAC;PAC
6610000;509.69;510.91;PAC;PAC
6612000;511.14;512.37;PAC;PAC
6614000;512.30;513.54;PAC;PAC
6616000;510.53;511.77;PAC;PAC
6618000;508.24;509.48;PAC;PAC
6620000;511.78;513.02;PAC;PAC
6622000;509.27;510.51;PAC;PAC
6624000;509.56;510.80;PAC;PAC
6626000;509.78;511.03;PAC;PAC
6628000;508.79;510.04;PAC;PAC
6630000;512.41;513.67;PAC;PAC
6632000;511.33;512.59;PAC;PAC
6634000;511.88;513.14;PAC;PAC
6636000;512.26;513.52;PAC;PAC
6638000;511.16;512.42;PAC;PAC
6640000;511.04;512.31;PAC;PAC
6642000;508.73;510.00;PAC;PAC
6644000;511.74;513.01;PAC;PAC
6646000;510.25;511.52;PAC;PAC
6648000;511.30;512.57;PAC;PAC
6650000;512.91;514.19;PAC;PAC
6652000;509.32;510.61;PAC;PAC
6654000;510.38;511.67;PAC;PAC
6656000;510.38;511.66;PAC;PAC
6658000;510.91;512.20;PAC;PAC
6660000;510.28;511.57;PAC;PAC
6662000;511.03;512.33;PAC;PAC
6664000;510.35;511.64;PAC;PAC
6666000;510.25;511.54;PAC;PAC
6668000;510.88;512.18;PAC;PAC
6670000;510.39;511.69;PAC;PAC
6672000;510.53;511.84;PAC;PAC
6674000;510.76;512.06;PAC;PAC
6676000;512.83;514.14;PAC;PAC
6678000;511.09;512.40;PAC;PAC
6680000;510.88;512.19;PAC;PAC
6682000;511.67;512.98;PAC;PAC
6684000;510.36;511.67;PAC;PAC
6686000;511.03;512.35;PAC;PAC
6688000;509.96;511.28;PAC;PAC
6690000;509.94;511.27;PAC;PAC
6692000;509.46;510.78;PAC;PAC
6694000;510.70;512.03;PAC;PAC
6696000;510.08;511.41;PAC;PAC
6698000;508.60;509.94;PAC;PAC
6700000;510.08;511.42;PAC;PAC
6702000;511.15;512.49;PAC;PAC
6704000;508.30;509.64;PAC;PAC
6706000;512.88;514.22;PAC;PAC
6708000;511.61;512.96;PAC;PAC
6710000;510.53;511.88;PAC;PAC
6712000;510.97;512.32;PAC;PAC
6714000;510.27;511.62;PAC;PAC
6716000;511.80;513.16;PAC;PAC
6718000;511.24;512.60;PAC;PAC
6720000;509.90;511.26;PAC;PAC
6722000;510.76;512.12;PAC;PAC
6724000;510.46;511.82;PAC;PAC
6726000;510.99;512.35;PAC;PAC
6728000;510.56;511.92;PAC;PAC
6730000;509.24;510.61;PAC;PAC
6732000;512.29;513.66;PAC;PAC
6734000;509.44;510.82;PAC;PAC
6736000;512.14;513.51;PAC;PAC
6738000;510.24;511.62;PAC;PAC
6740000;511.17;512.54;PAC;PAC
6742000;510.49;511.86;PAC;PAC
6744000;508.87;510.25;PAC;PAC
6746000;511.14;512.52;PAC;PAC
6748000;510.10;511.48;PAC;PAC
6750000;511.09;512.48;PAC;PAC
6752000;511.20;512.58;PAC;PAC
6754000;509.09;510.48;PAC;PAC
6756000;510.34;511.73;PAC;PAC
6758000;511.40;512.80;PAC;PAC
6760000;512.21;513.61;PAC;PAC
6762000;511.73;513.13;PAC;PAC
6764000;511.51;512.91;PAC;PAC
6766000;511.01;512.41;PAC;PAC
6768000;508.35;509.75;PAC;PAC
6770000;507.03;508.43;PAC;PAC
6772000;509.77;511.17;PAC;PAC
6774000;509.65;511.06;PAC;PAC
6776000;510.57;511.98;PAC;PAC
6778000;512.51;513.92;PAC;PAC
6780000;511.59;513.00;PAC;PAC
6782000;512.41;513.82;PAC;PAC
6784000;511.29;512.70;PAC;PAC
6786000;510.01;511.43;PAC;PAC
6788000;510.18;511.60;PAC;PAC
6790000;509.16;510.58;PAC;PAC
6792000;511.99;513.41;PAC;PAC
6794000;510.78;512.20;PAC;PAC
6796000;510.52;511.94;PAC;PAC
6798000;510.75;512.18;PAC;PAC
6800000;511.39;512.82;PAC;PAC
6802000;512.85;514.27;PAC;PAC
6804000;512.43;513.86;PAC;PAC
6806000;511.52;512.95;PAC;PAC
6808000;511.24;512.67;PAC;PAC
6810000;512.64;514.08;PAC;PAC
6812000;511.00;512.44;PAC;PAC
6814000;511.48;512.92;PAC;PAC
6816000;511.14;512.58;PAC;PAC
6818000;510.22;511.66;PAC;PAC
6820000;511.48;512.92;PAC;PAC
6822000;510.75;512.19;PAC;PAC
6824000;511.71;513.15;PAC;PAC
6826000;513.04;514.48;PAC;PAC
6828000;509.81;511.26;PAC;PAC
6830000;510.43;511.88;PAC;PAC
6832000;510.72;512.16;PAC;PAC
6834000;510.46;511.91;PAC;PAC
6836000;509.02;510.47;PAC;PAC
6838000;511.09;512.54;PAC;PAC
6840000;510.60;512.06;PAC;PAC
6842000;510.86;512.32;PAC;PAC
6844000;511.30;512.76;PAC;PAC
6846000;510.93;512.38;PAC;PAC
6848000;511.49;512.95;PAC;PAC
6850000;509.30;510.76;PAC;PAC
6852000;510.65;512.11;PAC;PAC
6854000;509.27;510.74;PAC;PAC
6856000;513.01;514.48;PAC;PAC
6858000;510.73;512.19;PAC;PAC
6860000;510.13;511.60;PAC;PAC
6862000;511.36;512.83;PAC;PAC
6864000;510.05;511.51;PAC;PAC
6866000;510.86;512.33;PAC;PAC
6868000;512.46;513.92;PAC;PAC
6870000;509.51;510.98;PAC;PAC
6872000;512.39;513.86;PAC;PAC
6874000;511.47;512.94;PAC;PAC
6876000;512.76;514.23;PAC;PAC
6878000;508.59;510.06;PAC;PAC
6880000;509.75;511.23;PAC;PAC
6882000;509.47;510.95;PAC;PAC
6884000;511.47;512.94;PAC;PAC
6886000;509.28;510.75;PAC;PAC
6888000;510.46;511.93;PAC;PAC
6890000;510.28;511.76;PAC;PAC
6892000;508.44;509.92;PAC;PAC
6894000;510.31;511.79;PAC;PAC
6896000;512.23;513.71;PAC;PAC
6898000;510.48;511.96;PAC;PAC
6900000;508.44;509.92;PAC;PAC
6902000;510.95;512.43;PAC;PAC
6904000;510.68;512.16;PAC;PAC
6906000;512.28;513.76;PAC;PAC
6908000;511.02;512.50;PAC;PAC
6910000;511.01;512.50;PAC;PAC
6912000;510.26;511.75;PAC;PAC
6914000;510.49;511.97;PAC;PAC
6916000;510.20;511.69;PAC;PAC
6918000;511.04;512.52;PAC;PAC
6920000;511.86;513.35;PAC;PAC
6922000;510.38;511.87;PAC;PAC
6924000;511.53;513.02;PAC;PAC
6926000;507.95;509.44;PAC;PAC
6928000;509.81;511.30;PAC;PAC
6930000;511.99;513.48;PAC;PAC
6932000;509.77;511.26;PAC;PAC
6934000;509.39;510.88;PAC;PAC
6936000;510.54;512.03;PAC;PAC
6938000;512.04;513.54;PAC;PAC
6940000;511.19;512.68;PAC;PAC
6942000;511.76;513.26;PAC;PAC
6944000;510.41;511.90;PAC;PAC
6946000;511.69;513.18;PAC;PAC
6948000;510.03;511.53;PAC;PAC
6950000;512.63;514.12;PAC;PAC
6952000;511.19;512.68;PAC;PAC
6954000;510.61;512.11;PAC;PAC
6956000;508.60;510.10;PAC;PAC
6958000;509.22;510.71;PAC;PAC
6960000;510.66;512.15;PAC;PAC
6962000;510.27;511.77;PAC;PAC
6964000;510.56;512.06;PAC;PAC
6966000;510.92;512.41;PAC;PAC
6968000;512.07;513.57;PAC;PAC
6970000;509.03;510.53;PAC;PAC
6972000;509.95;511.45;PAC;PAC
6974000;508.15;509.65;PAC;PAC
6976000;509.68;511.18;PAC;PAC
6978000;510.88;512.38;PAC;PAC
6980000;510.01;511.51;PAC;PAC
6982000;511.28;512.77;PAC;PAC
6984000;511.57;513.07;PAC;PAC
6986000;509.92;511.42;PAC;PAC
6988000;511.57;513.07;PAC;PAC
6990000;509.02;510.52;PAC;PAC
6992000;509.51;511.01;PAC;PAC
6994000;508.60;510.10;PAC;PAC
6996000;511.34;512.84;PAC;PAC
6998000;509.57;511.07;PAC;PAC
7000000;510.47;511.97;PAC;PAC
7002000;511.49;512.99;PAC;PAC
7004000;510.27;511.77;PAC;PAC
7006000;508.45;509.95;PAC;PAC
7008000;510.55;512.05;PAC;PAC
7010000;508.90;510.40;PAC;PAC
7012000;508.56;510.06;PAC;PAC
7014000;511.25;512.75;PAC;PAC
7016000;509.74;511.24;PAC;PAC
7018000;511.99;513.48;PAC;PAC
7020000;510.46;511.96;PAC;PAC
7022000;510.53;512.03;PAC;PAC
7024000;509.57;511.07;PAC;PAC
7026000;509.74;511.24;PAC;PAC
7028000;509.32;510.81;PAC;PAC
7030000;512.39;513.89;PAC;PAC
7032000;510.79;512.28;PAC;PAC
7034000;513.21;514.71;PAC;PAC
7036000;509.24;510.74;PAC;PAC
7038000;509.86;511.36;PAC;PAC
7040000;509.49;510.98;PAC;PAC
7042000;511.28;512.78;PAC;PAC
7044000;509.63;511.13;PAC;PAC
7046000;509.58;511.08;PAC;PAC
7048000;509.58;511.08;PAC;PAC
7050000;510.54;512.03;PAC;PAC
7052000;508.47;509.96;PAC;PAC
7054000;510.47;511.96;PAC;PAC
7056000;510.65;512.15;PAC;PAC
7058000;509.75;511.24;PAC;PAC
7060000;511.08;512.58;PAC;PAC
7062000;509.97;511.47;PAC;PAC
7064000;510.17;511.66;PAC;PAC
7066000;512.63;514.12;PAC;PAC
7068000;512.00;513.49;PAC;PAC
7070000;510.87;512.36;PAC;PAC
7072000;510.13;511.62;PAC;PAC
7074000;508.13;509.62;PAC;PAC
7076000;509.61;511.09;PAC;PAC
7078000;511.05;512.54;PAC;PAC
7080000;510.43;511.92;PAC;PAC
7082000;510.22;511.71;PAC;PAC
7084000;511.13;512.62;PAC;PAC
7086000;512.14;513.63;PAC;PAC
7088000;511.23;512.72;PAC;PAC
7090000;510.44;511.92;PAC;PAC
7092000;509.98;511.46;PAC;PAC
7094000;512.21;513.69;PAC;PAC
7096000;509.98;511.47;PAC;PAC
7098000;511.38;512.86;PAC;PAC
7100000;512.31;513.79;PAC;PAC
7102000;512.50;513.98;PAC;PAC
7104000;509.79;511.27;PAC;PAC
7106000;510.70;512.17;PAC;PAC
7108000;512.13;513.61;PAC;PAC
7110000;509.76;511.24;PAC;PAC
7112000;509.11;510.59;PAC;PAC
7114000;510.56;512.04;PAC;PAC
7116000;513.73;515.21;PAC;PAC
7118000;510.90;512.37;PAC;PAC
7120000;512.73;514.20;PAC;PAC
7122000;508.88;510.36;PAC;PAC
7124000;512.18;513.65;PAC;PAC
7126000;509.54;511.01;PAC;PAC
7128000;509.57;511.04;PAC;PAC
7130000;511.37;512.84;PAC;PAC
7132000;511.75;513.22;PAC;PAC
7134000;509.65;511.12;PAC;PAC
7136000;512.12;513.58;PAC;PAC
7138000;509.87;511.33;PAC;PAC
7140000;512.79;514.25;PAC;PAC
7142000;509.03;510.49;PAC;PAC
7144000;509.79;511.25;PAC;PAC
7146000;511.42;512.88;PAC;PAC
7148000;509.46;510.92;PAC;PAC
7150000;508.97;510.43;PAC;PAC
7152000;508.19;509.65;PAC;PAC
7154000;511.62;513.08;PAC;PAC
7156000;509.46;510.91;PAC;PAC
7158000;509.59;511.04;PAC;PAC
7160000;510.70;512.16;PAC;PAC
7162000;510.28;511.73;PAC;PAC
7164000;509.62;511.07;PAC;PAC
7166000;511.00;512.45;PAC;PAC
7168000;512.09;513.54;PAC;PAC
7170000;509.51;510.95;PAC;PAC
7172000;508.43;509.88;PAC;PAC
7174000;511.04;512.49;PAC;PAC
7176000;510.43;511.88;PAC;PAC
7178000;511.46;512.90;PAC;PAC
7180000;510.88;512.32;PAC;PAC
7182000;509.97;511.40;PAC;PAC
7184000;511.91;513.35;PAC;PAC
7186000;511.14;512.58;PAC;PAC
7188000;511.26;512.69;PAC;PAC
7190000;509.45;510.89;PAC;PAC
7192000;513.47;514.90;PAC;PAC
7194000;510.62;512.05;PAC;PAC
7196000;509.84;511.27;PAC;PAC
7198000;511.63;513.06;PAC;PAC
7200000;510.11;511.53;PAC;PAC
7202000;510.04;511.47;PAC;PAC
7204000;509.00;510.42;PAC;PAC
7206000;511.42;512.85;PAC;PAC
7208000;509.18;510.60;PAC;PAC
7210000;510.23;511.65;PAC;PAC
7212000;510.23;511.65;PAC;PAC
7214000;510.32;511.73;PAC;PAC
7216000;511.69;513.10;PAC;PAC
7218000;510.23;511.64;PAC;PAC
7220000;512.72;514.13;PAC;PAC
7222000;510.22;511.63;PAC;PAC
7224000;509.55;510.96;PAC;PAC
7226000;511.57;512.98;PAC;PAC
7228000;511.82;513.22;PAC;PAC
7230000;510.85;512.25;PAC;PAC
7232000;509.17;510.58;PAC;PAC
7234000;510.68;512.08;PAC;PAC
7236000;510.59;511.99;PAC;PAC
7238000;513.34;514.73;PAC;PAC
7240000;510.85;512.25;PAC;PAC
7242000;512.19;513.58;PAC;PAC
7244000;510.56;511.95;PAC;PAC
7246000;512.04;513.43;PAC;PAC
7248000;511.09;512.48;PAC;PAC
7250000;512.58;513.97;PAC;PAC
7252000;511.01;512.39;PAC;PAC
7254000;510.18;511.56;PAC;PAC
7256000;509.68;511.06;PAC;PAC
7258000;512.81;514.19;PAC;PAC
7260000;510.09;511.46;PAC;PAC
7262000;509.92;511.29;PAC;PAC
7264000;510.05;511.43;PAC;PAC
7266000;508.56;509.93;PAC;PAC
7268000;508.91;510.28;PAC;PAC
7270000;510.13;511.50;PAC;PAC
7272000;510.40;511.77;PAC;PAC
7274000;512.36;513.72;PAC;PAC
7276000;511.78;513.14;PAC;PAC
7278000;511.02;512.38;PAC;PAC
7280000;510.03;511.39;PAC;PAC
7282000;513.26;514.62;PAC;PAC
7284000;511.48;512.83;PAC;PAC
7286000;511.18;512.53;PAC;PAC
7288000;510.69;512.04;PAC;PAC
7290000;509.46;510.81;PAC;PAC
7292000;510.69;512.03;PAC;PAC
7294000;510.24;511.58;PAC;PAC
7296000;511.86;513.20;PAC;PAC
7298000;510.10;511.44;PAC;PAC
7300000;508.76;510.10;PAC;PAC
7302000;512.54;513.87;PAC;PAC
7304000;509.77;511.10;PAC;PAC
7306000;511.15;512.48;PAC;PAC
7308000;511.41;512.74;PAC;PAC
7310000;510.11;511.43;PAC;PAC
7312000;512.12;513.44;PAC;PAC
7314000;511.36;512.68;PAC;PAC
7316000;511.05;512.37;PAC;PAC
7318000;510.15;511.47;PAC;PAC
7320000;511.70;513.02;PAC;PAC
7322000;509.76;511.07;PAC;PAC
7324000;508.64;509.95;PAC;PAC
7326000;510.56;511.87;PAC;PAC
7328000;509.94;511.24;PAC;PAC
7330000;510.66;511.97;PAC;PAC
7332000;511.27;512.57;PAC;PAC
7334000;511.85;513.15;PAC;PAC
7336000;510.41;511.71;PAC;PAC
7338000;510.66;511.95;PAC;PAC
7340000;511.39;512.68;PAC;PAC
7342000;510.24;511.52;PAC;PAC
7344000;507.76;509.05;PAC;PAC
7346000;512.41;513.69;PAC;PAC
7348000;511.36;512.64;PAC;PAC
7350000;513.25;514.53;PAC;PAC
7352000;510.05;511.32;PAC;PAC
7354000;511.10;512.38;PAC;PAC
7356000;510.69;511.96;PAC;PAC
7358000;511.97;513.24;PAC;PAC
7360000;511.08;512.35;PAC;PAC
7362000;512.67;513.93;PAC;PAC
7364000;512.30;513.56;PAC;PAC
7366000;511.28;512.54;PAC;PAC
7368000;510.98;512.24;PAC;PAC
7370000;511.38;512.63;PAC;PAC
7372000;510.75;512.01;PAC;PAC
7374000;510.52;511.77;PAC;PAC
7376000;510.31;511.55;PAC;PAC
7378000;511.49;512.73;PAC;PAC
7380000;512.36;513.60;PAC;PAC
7382000;511.16;512.39;PAC;PAC
7384000;510.15;511.39;PAC;PAC
7386000;510.26;511.49;PAC;PAC
7388000;514.27;515.50;PAC;PAC
7390000;510.04;511.27;PAC;PAC
7392000;510.33;511.56;PAC;PAC
7394000;509.14;510.36;PAC;PAC
7396000;511.84;513.05;PAC;PAC
7398000;509.83;511.05;PAC;PAC
7400000;512.23;513.44;PAC;PAC
7402000;509.90;511.11;PAC;PAC
7404000;510.63;511.84;PAC;PAC
7406000;512.06;513.26;PAC;PAC
7408000;509.01;510.21;PAC;PAC
7410000;509.60;510.80;PAC;PAC
7412000;511.97;513.17;PAC;PAC
7414000;510.78;511.97;PAC;PAC
7416000;510.79;511.98;PAC;PAC
7418000;511.60;512.79;PAC;PAC
7420000;510.13;511.32;PAC;PAC
7422000;509.88;511.07;PAC;PAC
7424000;512.14;513.32;PAC;PAC
7426000;509.61;510.79;PAC;PAC
7428000;511.68;512.85;PAC;PAC
7430000;509.95;511.13;PAC;PAC
7432000;510.23;511.40;PAC;PAC
7434000;511.51;512.67;PAC;PAC
7436000;511.13;512.29;PAC;PAC
7438000;511.83;512.99;PAC;PAC
7440000;509.79;510.94;PAC;PAC
7442000;509.41;510.56;PAC;PAC
7444000;511.72;512.87;PAC;PAC
7446000;510.72;511.86;PAC;PAC
7448000;510.29;511.44;PAC;PAC
7450000;512.48;513.62;PAC;PAC
7452000;509.63;510.77;PAC;PAC
7454000;511.44;512.58;PAC;PAC
7456000;510.49;511.62;PAC;PAC
7458000;510.92;512.05;PAC;PAC
7460000;509.69;510.82;PAC;PAC
7462000;510.30;511.42;PAC;PAC
7464000;511.62;512.74;PAC;PAC
7466000;508.80;509.91;PAC;PAC
7468000;509.23;510.34;PAC;PAC
7470000;510.00;511.11;PAC;PAC
7472000;511.55;512.65;PAC;PAC
7474000;510.21;511.31;PAC;PAC
7476000;510.11;511.21;PAC;PAC
7478000;509.60;510.70;PAC;PAC
7480000;512.41;513.51;PAC;PAC
7482000;510.22;511.31;PAC;PAC
7484000;511.19;512.28;PAC;PAC
7486000;511.01;512.09;PAC;PAC
7488000;510.78;511.86;PAC;PAC
7490000;509.52;510.59;PAC;PAC
7492000;511.44;512.51;PAC;PAC
7494000;511.22;512.29;PAC;PAC
7496000;511.98;513.04;PAC;PAC
7498000;511.43;512.49;PAC;PAC
7500000;511.70;512.76;PAC;PAC
7502000;510.25;511.30;PAC;PAC
7504000;509.49;510.55;PAC;PAC
7506000;510.46;511.51;PAC;PAC
7508000;510.30;511.35;PAC;PAC
7510000;512.29;513.33;PAC;PAC
7512000;511.35;512.39;PAC;PAC
7514000;511.71;512.75;PAC;PAC
7516000;512.33;513.37;PAC;PAC
7518000;509.95;510.98;PAC;PAC
7520000;511.09;512.12;PAC;PAC
7522000;510.16;511.18;PAC;PAC
7524000;509.55;510.57;PAC;PAC
7526000;510.66;511.67;PAC;PAC
7528000;513.24;514.26;PAC;PAC
7530000;509.55;510.56;PAC;PAC
7532000;509.53;510.53;PAC;PAC
7534000;512.08;513.08;PAC;PAC
7536000;511.61;512.61;PAC;PAC
7538000;511.35;512.34;PAC;PAC
7540000;509.85;510.84;PAC;PAC
7542000;511.55;512.54;PAC;PAC
7544000;510.84;511.82;PAC;PAC
7546000;511.76;512.75;PAC;PAC
7548000;509.70;510.68;PAC;PAC
7550000;510.45;511.43;PAC;PAC
7552000;509.66;510.63;PAC;PAC
7554000;511.17;512.14;PAC;PAC
7556000;510.36;511.33;PAC;PAC
7558000;511.57;512.53;PAC;PAC
7560000;509.86;510.81;PAC;PAC
7562000;511.78;512.73;PAC;PAC
7564000;511.20;512.15;PAC;PAC
7566000;508.92;509.87;PAC;PAC
7568000;509.72;510.66;PAC;PAC
7570000;511.12;512.06;PAC;PAC
7572000;512.18;513.12;PAC;PAC
7574000;511.00;511.93;PAC;PAC
7576000;509.25;510.18;PAC;PAC
7578000;513.84;514.76;PAC;PAC
7580000;511.26;512.18;PAC;PAC
7582000;510.98;511.89;PAC;PAC
7584000;512.60;513.51;PAC;PAC
7586000;511.69;512.59;PAC;PAC
7588000;512.16;513.06;PAC;PAC
7590000;510.92;511.82;PAC;PAC
7592000;510.99;511.89;PAC;PAC
7594000;512.67;513.56;PAC;PAC
7596000;508.52;509.41;PAC;PAC
7598000;510.30;511.18;PAC;PAC
7600000;509.56;510.44;PAC;PAC
7602000;509.78;510.66;PAC;PAC
7604000;509.90;510.77;PAC;PAC
7606000;510.72;511.59;PAC;PAC
7608000;511.01;511.88;PAC;PAC
7610000;512.75;513.61;PAC;PAC
7612000;511.07;511.93;PAC;PAC
7614000;512.11;512.96;PAC;PAC
7616000;511.31;512.16;PAC;PAC
7618000;510.57;511.42;PAC;PAC
7620000;512.07;512.92;PAC;PAC
7622000;511.21;512.05;PAC;PAC
7624000;510.14;510.98;PAC;PAC
7626000;512.78;513.62;PAC;PAC
7628000;510.06;510.89;PAC;PAC
7630000;509.50;510.32;PAC;PAC
7632000;512.15;512.97;PAC;PAC
7634000;509.92;510.74;PAC;PAC
7636000;511.64;512.45;PAC;PAC
7638000;510.74;511.55;PAC;PAC
7640000;510.18;510.98;PAC;PAC
7642000;511.00;511.80;PAC;PAC
7644000;510.37;511.17;PAC;PAC
7646000;509.66;510.45;PAC;PAC
7648000;511.73;512.52;PAC;PAC
7650000;512.04;512.82;PAC;PAC
7652000;510.35;511.13;PAC;PAC
7654000;512.09;512.87;PAC;PAC
7656000;509.86;510.63;PAC;PAC
7658000;508.36;509.13;PAC;PAC
7660000;511.60;512.37;PAC;PAC
7662000;508.97;509.73;PAC;PAC
7664000;511.87;512.62;PAC;PAC
7666000;510.11;510.86;PAC;PAC
7668000;510.34;511.09;PAC;PAC
7670000;511.69;512.43;PAC;PAC
7672000;511.02;511.76;PAC;PAC
7674000;512.37;513.11;PAC;PAC
7676000;510.34;511.07;PAC;PAC
7678000;513.12;513.85;PAC;PAC
7680000;513.02;513.74;PAC;PAC
7682000;511.91;512.63;PAC;PAC
7684000;513.24;513.96;PAC;PAC
7686000;511.11;511.82;PAC;PAC
7688000;510.96;511.66;PAC;PAC
7690000;510.48;511.18;PAC;PAC
7692000;512.07;512.76;PAC;PAC
7694000;512.65;513.34;PAC;PAC
7696000;509.76;510.45;PAC;PAC
7698000;510.96;511.64;PAC;PAC
7700000;510.15;510.83;PAC;PAC
7702000;508.94;509.62;PAC;PAC
7704000;509.46;510.13;PAC;PAC
7706000;512.45;513.11;PAC;PAC
7708000;514.26;514.92;PAC;PAC
7710000;513.10;513.75;PAC;PAC
7712000;513.26;513.92;PAC;PAC
7714000;512.77;513.42;PAC;PAC
7716000;509.54;510.19;PAC;PAC
7718000;510.86;511.50;PAC;PAC
7720000;511.73;512.37;PAC;PAC
7722000;512.54;513.17;PAC;PAC
7724000;512.59;513.22;PAC;PAC
7726000;511.02;511.65;PAC;PAC
7728000;510.37;510.99;PAC;PAC
7730000;511.93;512.54;PAC;PAC
7732000;511.57;512.18;PAC;PAC
7734000;511.99;512.60;PAC;PAC
7736000;510.92;511.52;PAC;PAC
7738000;510.68;511.28;PAC;PAC
7740000;512.10;512.70;PAC;PAC
7742000;510.49;511.08;PAC;PAC
7744000;511.84;512.43;PAC;PAC
7746000;509.91;510.50;PAC;PAC
7748000;511.78;512.36;PAC;PAC
7750000;511.02;511.59;PAC;PAC
7752000;512.82;513.39;PAC;PAC
7754000;511.12;511.69;PAC;PAC
7756000;511.02;511.58;PAC;PAC
7758000;513.10;513.65;PAC;PAC
7760000;512.06;512.61;PAC;PAC
7762000;511.59;512.13;PAC;PAC
7764000;510.93;511.48;PAC;PAC
7766000;511.26;511.79;PAC;PAC
7768000;512.66;513.19;PAC;PAC
7770000;514.12;514.65;PAC;PAC
7772000;511.90;512.43;PAC;PAC
7774000;513.11;513.63;PAC;PAC
7776000;510.93;511.44;PAC;PAC
7778000;511.69;512.20;PAC;PAC
7780000;509.22;509.73;PAC;PAC
7782000;512.96;513.47;PAC;PAC
7784000;510.73;511.23;PAC;PAC
7786000;512.94;513.44;PAC;PAC
7788000;510.96;511.45;PAC;PAC
7790000;512.98;513.47;PAC;PAC
7792000;512.87;513.35;PAC;PAC
7794000;512.60;513.08;PAC;PAC
7796000;512.17;512.64;PAC;PAC
7798000;511.10;511.57;PAC;PAC
7800000;509.96;510.43;PAC;PAC
7802000;511.46;511.91;PAC;PAC
7804000;512.76;513.22;PAC;PAC
7806000;511.21;511.66;PAC;PAC
7808000;511.35;511.80;PAC;PAC
7810000;508.79;509.23;PAC;PAC
7812000;509.89;510.32;PAC;PAC
7814000;510.99;511.42;PAC;PAC
7816000;512.07;512.50;PAC;PAC
7818000;510.33;510.75;PAC;PAC
7820000;511.60;512.02;PAC;PAC
7822000;512.99;513.41;PAC;PAC
7824000;513.07;513.48;PAC;PAC
7826000;511.23;511.63;PAC;PAC
7828000;511.47;511.87;PAC;PAC
7830000;509.81;510.21;PAC;PAC
7832000;509.68;510.07;PAC;PAC
7834000;515.61;516.00;PAC;PAC
7836000;510.41;510.80;PAC;PAC
7838000;510.86;511.24;PAC;PAC
7840000;508.84;509.22;PAC;PAC
7842000;512.20;512.57;PAC;PAC
7844000;512.43;512.80;PAC;PAC
7846000;512.22;512.58;PAC;PAC
7848000;511.82;512.17;PAC;PAC
7850000;512.04;512.39;PAC;PAC
7852000;509.37;509.72;PAC;PAC
7854000;512.08;512.42;PAC;PAC
7856000;514.10;514.44;PAC;PAC
7858000;510.32;510.66;PAC;PAC
7860000;514.36;514.68;PAC;PAC
7862000;511.30;511.62;PAC;PAC
7864000;511.66;511.97;PAC;PAC
7866000;509.86;510.18;PAC;PAC
7868000;509.62;509.92;PAC;PAC
7870000;510.93;511.24;PAC;PAC
7872000;510.01;510.31;PAC;PAC
7874000;511.90;512.19;PAC;PAC
7876000;511.53;511.82;PAC;PAC
7878000;512.11;512.40;PAC;PAC
7880000;512.63;512.91;PAC;PAC
7882000;511.77;512.04;PAC;PAC
7884000;512.82;513.09;PAC;PAC
7886000;513.55;513.82;PAC;PAC
7888000;510.08;510.35;PAC;PAC
7890000;510.43;510.69;PAC;PAC
7892000;512.09;512.34;PAC;PAC
7894000;511.37;511.62;PAC;PAC
7896000;511.63;511.87;PAC;PAC
7898000;510.54;510.78;PAC;PAC
7900000;511.89;512.13;PAC;PAC
7902000;511.22;511.45;PAC;PAC
7904000;513.10;513.33;PAC;PAC
7906000;511.55;511.77;PAC;PAC
7908000;513.34;513.55;PAC;PAC
7910000;511.75;511.96;PAC;PAC
7912000;510.04;510.24;PAC;PAC
7914000;512.57;512.77;PAC;PAC
7916000;510.28;510.48;PAC;PAC
7918000;512.20;512.39;PAC;PAC
7920000;513.12;513.31;PAC;PAC
7922000;512.53;512.71;PAC;PAC
7924000;509.94;510.12;PAC;PAC
7926000;509.62;509.80;PAC;PAC
7928000;512.12;512.29;PAC;PAC
7930000;512.34;512.50;PAC;PAC
7932000;512.55;512.71;PAC;PAC
7934000;513.24;513.39;PAC;PAC
7936000;511.37;511.52;PAC;PAC
7938000;512.17;512.32;PAC;PAC
7940000;510.83;510.97;PAC;PAC
7942000;511.76;511.89;PAC;PAC
7944000;512.45;512.58;PAC;PAC
7946000;511.78;511.91;PAC;PAC
7948000;511.22;511.34;PAC;PAC
7950000;511.02;511.13;PAC;PAC
7952000;513.11;513.22;PAC;PAC
7954000;513.95;514.05;PAC;PAC
7956000;510.79;510.89;PAC;PAC
7958000;510.97;511.07;PAC;PAC
7960000;512.14;512.23;PAC;PAC
7962000;512.44;512.52;PAC;PAC
7964000;513.14;513.22;PAC;PAC
7966000;511.08;511.16;PAC;PAC
7968000;512.82;512.89;PAC;PAC
7970000;512.21;512.28;PAC;PAC
7972000;511.90;511.96;PAC;PAC
7974000;511.64;511.70;PAC;PAC
7976000;512.55;512.61;PAC;PAC
7978000;512.78;512.84;PAC;PAC
7980000;511.62;511.66;PAC;PAC
7982000;510.64;510.68;PAC;PAC
7984000;511.05;511.09;PAC;PAC
7986000;511.50;511.53;PAC;PAC
7988000;514.72;514.75;PAC;PAC
7990000;512.16;512.18;PAC;PAC
7992000;513.00;513.02;PAC;PAC
7994000;512.93;512.95;PAC;PAC
7996000;512.71;512.72;PAC;PAC
7998000;514.34;514.34;PAC;PAC
8000000;513.61;513.61;PAC;PAC
8002000;511.22;511.21;PAC;PAC
8004000;510.47;510.46;PAC;PAC
8006000;512.12;512.10;PAC;PAC
8008000;509.54;509.52;PAC;PAC
8010000;511.33;511.31;PAC;PAC
8012000;512.20;512.17;PAC;PAC
8014000;512.59;512.56;PAC;PAC
8016000;513.47;513.43;PAC;PAC
8018000;509.87;509.82;PAC;PAC
8020000;513.38;513.33;PAC;PAC
8022000;512.31;512.26;PAC;PAC
8024000;511.54;511.48;PAC;PAC
8026000;511.96;511.90;PAC;PAC
8028000;513.50;513.43;PAC;PAC
8030000;510.27;510.20;PAC;PAC
8032000;511.19;511.12;PAC;PAC
8034000;511.77;511.69;PAC;PAC
8036000;512.43;512.34;PAC;PAC
8038000;513.82;513.73;PAC;PAC
8040000;511.38;511.29;PAC;PAC
8042000;510.69;510.59;PAC;PAC
8044000;511.77;511.67;PAC;PAC
8046000;513.27;513.17;PAC;PAC
8048000;511.97;511.86;PAC;PAC
8050000;511.92;511.80;PAC;PAC
8052000;510.94;510.82;PAC;PAC
8054000;513.26;513.13;PAC;PAC
8056000;513.83;513.70;PAC;PAC
8058000;512.34;512.20;PAC;PAC
8060000;511.91;511.77;PAC;PAC
8062000;511.44;511.30;PAC;PAC
8064000;512.83;512.68;PAC;PAC
8066000;509.71;509.56;PAC;PAC
8068000;511.79;511.63;PAC;PAC
8070000;512.47;512.31;PAC;PAC
8072000;514.26;514.09;PAC;PAC
8074000;513.65;513.47;PAC;PAC
8076000;513.16;512.98;PAC;PAC
8078000;510.51;510.33;PAC;PAC
8080000;512.15;511.96;PAC;PAC
8082000;512.28;512.09;PAC;PAC
8084000;511.27;511.07;PAC;PAC
8086000;512.24;512.04;PAC;PAC
8088000;512.55;512.34;PAC;PAC
8090000;513.85;513.63;PAC;PAC
8092000;512.83;512.62;PAC;PAC
8094000;514.26;514.04;PAC;PAC
8096000;512.07;511.84;PAC;PAC
8098000;512.14;511.91;PAC;PAC
8100000;513.40;513.17;PAC;PAC
8102000;512.86;512.62;PAC;PAC
8104000;511.82;511.58;PAC;PAC
8106000;512.38;512.13;PAC;PAC
8108000;512.48;512.22;PAC;PAC
8110000;512.50;512.25;PAC;PAC
8112000;514.12;513.86;PAC;PAC
8114000;511.60;511.34;PAC;PAC
8116000;513.15;512.88;PAC;PAC
8118000;512.76;512.49;PAC;PAC
8120000;512.28;512.00;PAC;PAC
8122000;513.19;512.90;PAC;PAC
8124000;513.28;512.99;PAC;PAC
8126000;511.62;511.32;PAC;PAC
8128000;512.19;511.89;PAC;PAC
8130000;513.29;512.98;PAC;PAC
8132000;510.09;509.78;PAC;PAC
8134000;512.63;512.31;PAC;PAC
8136000;513.61;513.29;PAC;PAC
8138000;510.11;509.79;PAC;PAC
8140000;512.67;512.35;PAC;PAC
8142000;511.90;511.57;PAC;PAC
8144000;510.49;510.16;PAC;PAC
8146000;511.17;510.83;PAC;PAC
8148000;512.52;512.18;PAC;PAC
8150000;511.65;511.30;PAC;PAC
8152000;512.47;512.12;PAC;PAC
8154000;513.66;513.30;PAC;PAC
8156000;512.93;512.57;PAC;PAC
8158000;512.64;512.28;PAC;PAC
8160000;512.75;512.37;PAC;PAC
8162000;514.24;513.86;PAC;PAC
8164000;511.26;510.88;PAC;PAC
8166000;512.78;512.39;PAC;PAC
8168000;512.99;512.60;PAC;PAC
8170000;512.86;512.46;PAC;PAC
8172000;511.00;510.60;PAC;PAC
8174000;513.14;512.74;PAC;PAC
8176000;511.05;510.64;PAC;PAC
8178000;511.95;511.54;PAC;PAC
8180000;513.07;512.65;PAC;PAC
8182000;513.24;512.81;PAC;PAC
8184000;514.27;513.84;PAC;PAC
8186000;511.60;511.17;PAC;PAC
8188000;510.71;510.27;PAC;PAC
8190000;513.10;512.66;PAC;PAC
8192000;511.92;511.47;PAC;PAC
8194000;512.64;512.19;PAC;PAC
8196000;514.02;513.56;PAC;PAC
8198000;511.78;511.32;PAC;PAC
8200000;510.99;510.53;PAC;PAC
8202000;512.25;511.78;PAC;PAC
8204000;514.32;513.84;PAC;PAC
8206000;513.34;512.86;PAC;PAC
8208000;511.70;511.21;PAC;PAC
8210000;512.86;512.38;PAC;PAC
8212000;513.37;512.88;PAC;PAC
8214000;511.90;511.40;PAC;PAC
8216000;515.26;514.76;PAC;PAC
8218000;511.56;511.06;PAC;PAC
8220000;509.70;509.19;PAC;PAC
8222000;513.16;512.65;PAC;PAC
8224000;512.68;512.17;PAC;PAC
8226000;513.33;512.81;PAC;PAC
8228000;513.76;513.24;PAC;PAC
8230000;513.51;512.98;PAC;PAC
8232000;509.82;509.29;PAC;PAC
8234000;514.11;513.57;PAC;PAC
8236000;512.77;512.23;PAC;PAC
8238000;511.13;510.59;PAC;PAC
8240000;511.93;511.38;PAC;PAC
8242000;514.46;513.90;PAC;PAC
8244000;510.36;509.80;PAC;PAC
8246000;513.78;513.22;PAC;PAC
8248000;515.22;514.65;PAC;PAC
8250000;512.85;512.28;PAC;PAC
8252000;511.89;511.31;PAC;PAC
8254000;513.62;513.04;PAC;PAC
8256000;512.36;511.77;PAC;PAC
8258000;511.75;511.16;PAC;PAC
8260000;513.02;512.42;PAC;PAC
8262000;515.28;514.68;PAC;PAC
8264000;509.98;509.38;PAC;PAC
8266000;514.15;513.54;PAC;PAC
8268000;511.17;510.55;PAC;PAC
8270000;513.21;512.60;PAC;PAC
8272000;511.43;510.81;PAC;PAC
8274000;513.21;512.58;PAC;PAC
8276000;514.73;514.10;PAC;PAC
8278000;512.26;511.63;PAC;PAC
8280000;511.84;511.20;PAC;PAC
8282000;511.72;511.08;PAC;PAC
8284000;512.39;511.74;PAC;PAC
8286000;512.58;511.93;PAC;PAC
8288000;513.06;512.41;PAC;PAC
8290000;512.11;511.45;PAC;PAC
8292000;512.49;511.82;PAC;PAC
8294000;514.68;514.01;PAC;PAC
8296000;512.51;511.83;PAC;PAC
8298000;513.07;512.39;PAC;PAC
8300000;511.74;511.06;PAC;PAC
8302000;511.96;511.28;PAC;PAC
8304000;511.31;510.62;PAC;PAC
8306000;511.77;511.08;PAC;PAC
8308000;513.46;512.76;PAC;PAC
8310000;512.66;511.96;PAC;PAC
8312000;512.40;511.69;PAC;PAC
8314000;511.65;510.94;PAC;PAC
8316000;511.71;511.00;PAC;PAC
8318000;513.67;512.95;PAC;PAC
8320000;513.84;513.12;PAC;PAC
8322000;512.99;512.26;PAC;PAC
8324000;511.24;510.51;PAC;PAC
8326000;513.95;513.22;PAC;PAC
8328000;513.69;512.95;PAC;PAC
8330000;514.95;514.21;PAC;PAC
8332000;512.98;512.23;PAC;PAC
8334000;512.34;511.59;PAC;PAC
8336000;509.24;508.48;PAC;PAC
8338000;513.87;513.11;PAC;PAC
8340000;512.85;512.09;PAC;PAC
8342000;511.83;511.06;PAC;PAC
8344000;513.02;512.25;PAC;PAC
8346000;510.36;509.59;PAC;PAC
8348000;513.22;512.44;PAC;PAC
8350000;513.51;512.73;PAC;PAC
8352000;512.23;511.45;PAC;PAC
8354000;513.19;512.40;PAC;PAC
8356000;512.94;512.14;PAC;PAC
8358000;514.11;513.31;PAC;PAC
8360000;515.07;514.27;PAC;PAC
8362000;513.50;512.69;PAC;PAC
8364000;514.34;513.53;PAC;PAC
8366000;516.07;515.25;PAC;PAC
8368000;511.66;510.84;PAC;PAC
8370000;511.75;510.93;PAC;PAC
8372000;513.65;512.82;PAC;PAC
8374000;513.53;512.70;PAC;PAC
8376000;514.54;513.71;PAC;PAC
8378000;515.55;514.71;PAC;PAC
8380000;513.50;512.66;PAC;PAC
8382000;512.06;511.21;PAC;PAC
8384000;513.83;512.98;PAC;PAC
8386000;513.12;512.27;PAC;PAC
8388000;511.43;510.57;PAC;PAC
8390000;512.97;512.11;PAC;PAC
8392000;514.22;513.36;PAC;PAC
8394000;512.10;511.23;PAC;PAC
8396000;513.02;512.15;PAC;PAC
8398000;512.45;511.57;PAC;PAC
8400000;512.39;511.51;PAC;PAC
8402000;516.30;515.42;PAC;PAC
8404000;513.13;512.24;PAC;PAC
8406000;511.58;510.69;PAC;PAC
8408000;511.55;510.65;PAC;PAC
8410000;511.67;510.77;PAC;PAC
8412000;513.65;512.74;PAC;PAC
8414000;513.47;512.56;PAC;PAC
8416000;512.42;511.51;PAC;PAC
8418000;512.18;511.26;PAC;PAC
8420000;514.28;513.36;PAC;PAC
8422000;512.92;512.00;PAC;PAC
8424000;511.80;510.87;PAC;PAC
8426000;512.54;511.61;PAC;PAC
8428000;513.97;513.03;PAC;PAC
8430000;514.63;513.70;PAC;PAC
8432000;512.36;511.42;PAC;PAC
8434000;513.78;512.84;PAC;PAC
8436000;512.18;511.23;PAC;PAC
8438000;514.23;513.28;PAC;PAC
8440000;514.14;513.18;PAC;PAC
8442000;512.70;511.74;PAC;PAC
8444000;514.51;513.55;PAC;PAC
8446000;512.11;511.14;PAC;PAC
8448000;512.95;511.98;PAC;PAC
8450000;512.34;511.37;PAC;PAC
8452000;511.97;510.99;PAC;PAC
8454000;512.47;511.49;PAC;PAC
8456000;515.13;514.14;PAC;PAC
8458000;515.50;514.51;PAC;PAC
8460000;513.25;512.26;PAC;PAC
8462000;515.14;514.14;PAC;PAC
8464000;512.27;511.27;PAC;PAC
8466000;511.29;510.29;PAC;PAC
8468000;512.52;511.51;PAC;PAC
8470000;511.99;510.98;PAC;PAC
8472000;515.18;514.16;PAC;PAC
8474000;512.86;511.84;PAC;PAC
8476000;514.25;513.23;PAC;PAC
8478000;515.26;514.24;PAC;PAC
8480000;513.10;512.07;PAC;PAC
8482000;514.53;513.50;PAC;PAC
8484000;513.26;512.23;PAC;PAC
8486000;513.93;512.89;PAC;PAC
8488000;514.16;513.12;PAC;PAC
8490000;514.48;513.44;PAC;PAC
8492000;514.87;513.82;PAC;PAC
8494000;514.64;513.59;PAC;PAC
8496000;514.04;512.98;PAC;PAC
8498000;513.97;512.91;PAC;PAC
8500000;512.87;511.81;PAC;PAC
8502000;514.98;513.92;PAC;PAC
8504000;514.20;513.13;PAC;PAC
8506000;512.30;511.23;PAC;PAC
8508000;512.12;511.05;PAC;PAC
8510000;513.69;512.62;PAC;PAC
8512000;511.84;510.76;PAC;PAC
8514000;513.08;511.99;PAC;PAC
8516000;512.62;511.53;PAC;PAC
8518000;511.13;510.04;PAC;PAC
8520000;513.22;512.13;PAC;PAC
8522000;513.03;511.93;PAC;PAC
8524000;511.35;510.25;PAC;PAC
8526000;513.70;512.60;PAC;PAC
8528000;514.23;513.12;PAC;PAC
8530000;512.49;511.38;PAC;PAC
8532000;512.58;511.47;PAC;PAC
8534000;513.43;512.32;PAC;PAC
8536000;511.82;510.70;PAC;PAC
8538000;512.18;511.06;PAC;PAC
8540000;513.67;512.54;PAC;PAC
8542000;514.10;512.97;PAC;PAC
8544000;514.19;513.06;PAC;PAC
8546000;512.34;511.21;PAC;PAC
8548000;512.14;511.00;PAC;PAC
8550000;515.31;514.17;PAC;PAC
8552000;514.10;512.96;PAC;PAC
8554000;514.39;513.24;PAC;PAC
8556000;512.17;511.02;PAC;PAC
8558000;513.61;512.45;PAC;PAC
8560000;511.24;510.09;PAC;PAC
8562000;511.25;510.09;PAC;PAC
8564000;512.22;511.06;PAC;PAC
8566000;513.67;512.51;PAC;PAC
8568000;514.14;512.97;PAC;PAC
8570000;512.61;511.44;PAC;PAC
8572000;514.47;513.30;PAC;PAC
8574000;513.59;512.42;PAC;PAC
8576000;514.32;513.14;PAC;PAC
8578000;513.38;512.20;PAC;PAC
8580000;513.18;512.00;PAC;PAC
8582000;511.18;509.99;PAC;PAC
8584000;512.53;511.34;PAC;PAC
8586000;511.49;510.29;PAC;PAC
8588000;513.62;512.42;PAC;PAC
8590000;513.15;511.95;PAC;PAC
8592000;513.61;512.41;PAC;PAC
8594000;513.53;512.32;PAC;PAC
8596000;515.52;514.31;PAC;PAC
8598000;513.55;512.33;PAC;PAC
8600000;513.09;511.88;PAC;PAC
8602000;512.94;511.73;PAC;PAC
8604000;513.71;512.49;PAC;PAC
8606000;513.84;512.62;PAC;PAC
8608000;511.07;509.84;PAC;PAC
8610000;512.04;510.82;PAC;PAC
8612000;512.71;511.48;PAC;PAC
8614000;513.35;512.11;PAC;PAC
8616000;514.72;513.48;PAC;PAC
8618000;512.89;511.66;PAC;PAC
8620000;511.35;510.10;PAC;PAC
8622000;512.88;511.64;PAC;PAC
8624000;512.83;511.58;PAC;PAC
8626000;513.34;512.09;PAC;PAC
8628000;514.70;513.45;PAC;PAC
8630000;511.63;510.38;PAC;PAC
8632000;513.98;512.72;PAC;PAC
8634000;514.13;512.88;PAC;PAC
8636000;512.51;511.25;PAC;PAC
8638000;512.16;510.90;PAC;PAC
8640000;512.16;510.90;PAC;PAC
8642000;514.05;512.78;PAC;PAC
8644000;513.71;512.43;PAC;PAC
8646000;514.13;512.86;PAC;PAC
8648000;513.14;511.86;PAC;PAC
8650000;514.75;513.47;PAC;PAC
8652000;513.98;512.70;PAC;PAC
8654000;514.31;513.02;PAC;PAC
8656000;514.35;513.06;PAC;PAC
8658000;513.72;512.43;PAC;PAC
8660000;514.99;513.70;PAC;PAC
8662000;513.96;512.66;PAC;PAC
8664000;514.32;513.03;PAC;PAC
8666000;514.54;513.24;PAC;PAC
8668000;514.99;513.69;PAC;PAC
8670000;512.04;510.74;PAC;PAC
8672000;512.74;511.44;PAC;PAC
8674000;515.74;514.43;PAC;PAC
8676000;513.97;512.66;PAC;PAC
8678000;513.21;511.90;PAC;PAC
8680000;514.56;513.24;PAC;PAC
8682000;515.08;513.76;PAC;PAC
8684000;512.82;511.50;PAC;PAC
8686000;512.82;511.50;PAC;PAC
8688000;513.68;512.36;PAC;PAC
8690000;514.05;512.72;PAC;PAC
8692000;512.77;511.44;PAC;PAC
8694000;513.42;512.09;PAC;PAC
8696000;513.23;511.90;PAC;PAC
8698000;511.47;510.14;PAC;PAC
8700000;510.80;509.46;PAC;PAC
8702000;513.83;512.49;PAC;PAC
8704000;516.19;514.85;PAC;PAC
8706000;513.56;512.22;PAC;PAC
8708000;512.77;511.42;PAC;PAC
8710000;510.88;509.53;PAC;PAC
8712000;513.65;512.30;PAC;PAC
8714000;513.85;512.50;PAC;PAC
8716000;514.53;513.18;PAC;PAC
8718000;512.04;510.69;PAC;PAC
8720000;514.06;512.70;PAC;PAC
8722000;514.87;513.52;PAC;PAC
8724000;513.83;512.47;PAC;PAC
8726000;512.52;511.16;PAC;PAC
8728000;513.02;511.65;PAC;PAC
8730000;512.79;511.42;PAC;PAC
8732000;512.67;511.30;PAC;PAC
8734000;512.55;511.18;PAC;PAC
8736000;512.02;510.65;PAC;PAC
8738000;512.61;511.23;PAC;PAC
8740000;513.49;512.12;PAC;PAC
8742000;512.11;510.73;PAC;PAC
8744000;513.37;511.99;PAC;PAC
8746000;513.79;512.41;PAC;PAC
8748000;514.12;512.74;PAC;PAC
8750000;510.96;509.57;PAC;PAC
8752000;514.10;512.72;PAC;PAC
8754000;513.69;512.30;PAC;PAC
8756000;513.19;511.80;PAC;PAC
8758000;510.94;509.54;PAC;PAC
8760000;512.37;510.98;PAC;PAC
8762000;511.93;510.54;PAC;PAC
8764000;514.59;513.19;PAC;PAC
8766000;513.76;512.36;PAC;PAC
8768000;512.95;511.55;PAC;PAC
8770000;516.11;514.71;PAC;PAC
8772000;515.82;514.42;PAC;PAC
8774000;513.79;512.38;PAC;PAC
8776000;512.53;511.12;PAC;PAC
8778000;512.28;510.87;PAC;PAC
8780000;513.58;512.17;PAC;PAC
8782000;512.63;511.22;PAC;PAC
8784000;511.52;510.11;PAC;PAC
8786000;511.49;510.07;PAC;PAC
8788000;513.70;512.28;PAC;PAC
8790000;513.51;512.09;PAC;PAC
8792000;514.96;513.54;PAC;PAC
8794000;513.48;512.06;PAC;PAC
8796000;514.38;512.96;PAC;PAC
8798000;511.17;509.74;PAC;PAC
8800000;511.59;510.16;PAC;PAC
8802000;512.79;511.36;PAC;PAC
8804000;513.16;511.73;PAC;PAC
8806000;513.77;512.34;PAC;PAC
8808000;513.82;512.39;PAC;PAC
8810000;514.48;513.04;PAC;PAC
8812000;513.50;512.07;PAC;PAC
8814000;513.20;511.76;PAC;PAC
8816000;514.32;512.88;PAC;PAC
8818000;514.14;512.70;PAC;PAC
8820000;513.15;511.71;PAC;PAC
8822000;513.95;512.50;PAC;PAC
8824000;511.76;510.32;PAC;PAC
8826000;512.63;511.18;PAC;PAC
8828000;511.74;510.30;PAC;PAC
8830000;512.93;511.48;PAC;PAC
8832000;512.65;511.20;PAC;PAC
8834000;512.27;510.82;PAC;PAC
8836000;514.80;513.35;PAC;PAC
8838000;513.41;511.96;PAC;PAC
8840000;513.78;512.33;PAC;PAC
8842000;513.09;511.63;PAC;PAC
8844000;513.05;511.59;PAC;PAC
8846000;513.28;511.82;PAC;PAC
8848000;514.63;513.17;PAC;PAC
8850000;512.63;511.17;PAC;PAC
8852000;513.48;512.02;PAC;PAC
8854000;513.69;512.23;PAC;PAC
8856000;515.66;514.20;PAC;PAC
8858000;512.77;511.31;PAC;PAC
8860000;512.30;510.84;PAC;PAC
8862000;512.01;510.54;PAC;PAC
8864000;512.24;510.77;PAC;PAC
8866000;513.37;511.90;PAC;PAC
8868000;510.98;509.51;PAC;PAC
8870000;513.38;511.91;PAC;PAC
8872000;513.35;511.88;PAC;PAC
8874000;514.03;512.56;PAC;PAC
8876000;510.48;509.01;PAC;PAC
8878000;513.60;512.13;PAC;PAC
8880000;513.16;511.69;PAC;PAC
8882000;514.49;513.02;PAC;PAC
8884000;513.41;511.93;PAC;PAC
8886000;512.80;511.33;PAC;PAC
8888000;514.15;512.68;PAC;PAC
8890000;513.70;512.22;PAC;PAC
8892000;516.12;514.64;PAC;PAC
8894000;513.23;511.75;PAC;PAC
8896000;513.21;511.73;PAC;PAC
8898000;515.20;513.72;PAC;PAC
8900000;514.16;512.68;PAC;PAC
8902000;511.71;510.23;PAC;PAC
8904000;513.31;511.82;PAC;PAC
8906000;515.50;514.02;PAC;PAC
8908000;515.87;514.39;PAC;PAC
8910000;513.83;512.35;PAC;PAC
8912000;512.87;511.39;PAC;PAC
8914000;512.63;511.14;PAC;PAC
8916000;515.43;513.94;PAC;PAC
8918000;514.87;513.38;PAC;PAC
8920000;512.45;510.96;PAC;PAC
8922000;514.46;512.98;PAC;PAC
8924000;513.18;511.70;PAC;PAC
8926000;514.43;512.94;PAC;PAC
8928000;513.98;512.49;PAC;PAC
8930000;514.75;513.25;PAC;PAC
8932000;512.40;510.91;PAC;PAC
8934000;512.76;511.27;PAC;PAC
8936000;513.56;512.06;PAC;PAC
8938000;512.93;511.43;PAC;PAC
8940000;514.22;512.73;PAC;PAC
8942000;514.22;512.73;PAC;PAC
8944000;513.39;511.90;PAC;PAC
8946000;513.25;511.75;PAC;PAC
8948000;512.68;511.19;PAC;PAC
8950000;512.63;511.14;PAC;PAC
8952000;512.18;510.69;PAC;PAC
8954000;512.60;511.10;PAC;PAC
8956000;511.75;510.25;PAC;PAC
8958000;512.10;510.60;PAC;PAC
8960000;514.49;513.00;PAC;PAC
8962000;514.42;512.93;PAC;PAC
8964000;513.17;511.68;PAC;PAC
8966000;512.90;511.40;PAC;PAC
8968000;511.74;510.24;PAC;PAC
8970000;514.27;512.77;PAC;PAC
8972000;513.11;511.61;PAC;PAC
8974000;513.67;512.17;PAC;PAC
8976000;514.68;513.18;PAC;PAC
8978000;514.16;512.66;PAC;PAC
8980000;515.79;514.29;PAC;PAC
8982000;513.61;512.11;PAC;PAC
8984000;515.45;513.95;PAC;PAC
8986000;512.33;510.83;PAC;PAC
8988000;515.15;513.65;PAC;PAC
8990000;511.52;510.02;PAC;PAC
8992000;512.29;510.79;PAC;PAC
8994000;515.53;514.03;PAC;PAC
8996000;514.90;513.40;PAC;PAC
8998000;513.16;511.66;PAC;PAC
9000000;512.89;511.39;PAC;PAC
9002000;514.02;512.52;PAC;PAC
9004000;514.85;513.35;PAC;PAC
9006000;512.31;510.81;PAC;PAC
9008000;511.40;509.90;PAC;PAC
9010000;513.91;512.41;PAC;PAC
9012000;516.07;514.57;PAC;PAC
9014000;512.72;511.22;PAC;PAC
9016000;513.45;511.95;PAC;PAC
9018000;512.61;511.11;PAC;PAC
9020000;512.12;510.62;PAC;PAC
9022000;514.58;513.08;PAC;PAC
9024000;514.07;512.58;PAC;PAC
9026000;513.51;512.01;PAC;PAC
9028000;512.87;511.37;PAC;PAC
9030000;515.14;513.65;PAC;PAC
9032000;513.28;511.78;PAC;PAC
9034000;514.46;512.96;PAC;PAC
9036000;514.78;513.28;PAC;PAC
9038000;512.23;510.74;PAC;PAC
9040000;512.82;511.32;PAC;PAC
9042000;513.64;512.14;PAC;PAC
9044000;513.64;512.15;PAC;PAC
9046000;513.36;511.86;PAC;PAC
9048000;510.84;509.34;PAC;PAC
9050000;513.89;512.39;PAC;PAC
9052000;513.70;512.21;PAC;PAC
9054000;513.45;511.95;PAC;PAC
9056000;514.17;512.67;PAC;PAC
9058000;513.30;511.81;PAC;PAC
9060000;511.11;509.61;PAC;PAC
9062000;511.77;510.28;PAC;PAC
9064000;512.67;511.18;PAC;PAC
9066000;515.27;513.77;PAC;PAC
9068000;512.13;510.64;PAC;PAC
9070000;512.41;510.92;PAC;PAC
9072000;513.14;511.65;PAC;PAC
9074000;511.46;509.97;PAC;PAC
9076000;513.51;512.02;PAC;PAC
9078000;514.18;512.70;PAC;PAC
9080000;514.30;512.81;PAC;PAC
9082000;512.28;510.79;PAC;PAC
9084000;510.71;509.22;PAC;PAC
9086000;511.89;510.40;PAC;PAC
9088000;512.62;511.14;PAC;PAC
9090000;512.62;511.14;PAC;PAC
9092000;512.85;511.36;PAC;PAC
9094000;514.77;513.29;PAC;PAC
9096000;512.53;511.04;PAC;PAC
9098000;512.81;511.33;PAC;PAC
9100000;511.10;509.62;PAC;PAC
9102000;514.36;512.88;PAC;PAC
9104000;514.15;512.67;PAC;PAC
9106000;514.71;513.23;PAC;PAC
9108000;514.60;513.12;PAC;PAC
9110000;513.11;511.63;PAC;PAC
9112000;513.90;512.42;PAC;PAC
9114000;511.22;509.74;PAC;PAC
9116000;513.01;511.54;PAC;PAC
9118000;515.24;513.76;PAC;PAC
9120000;513.38;511.91;PAC;PAC
9122000;513.12;511.65;PAC;PAC
9124000;512.50;511.03;PAC;PAC
9126000;514.05;512.58;PAC;PAC
9128000;511.58;510.11;PAC;PAC
9130000;512.33;510.86;PAC;PAC
9132000;514.88;513.42;PAC;PAC
9134000;514.95;513.48;PAC;PAC
9136000;515.42;513.95;PAC;PAC
9138000;512.60;511.13;PAC;PAC
9140000;514.84;513.38;PAC;PAC
9142000;512.67;511.21;PAC;PAC
9144000;514.37;512.91;PAC;PAC
9146000;514.80;513.34;PAC;PAC
9148000;512.84;511.38;PAC;PAC
9150000;513.42;511.96;PAC;PAC
9152000;515.11;513.65;PAC;PAC
9154000;515.57;514.11;PAC;PAC
9156000;514.31;512.86;PAC;PAC
9158000;511.80;510.34;PAC;PAC
9160000;513.90;512.45;PAC;PAC
9162000;512.16;510.71;PAC;PAC
9164000;513.00;511.55;PAC;PAC
9166000;515.05;513.60;PAC;PAC
9168000;514.96;513.52;PAC;PAC
9170000;514.88;513.43;PAC;PAC
9172000;516.31;514.86;PAC;PAC
9174000;512.20;510.75;PAC;PAC
9176000;512.52;511.08;PAC;PAC
9178000;512.99;511.55;PAC;PAC
9180000;513.92;512.48;PAC;PAC
9182000;513.28;511.84;PAC;PAC
9184000;512.22;510.78;PAC;PAC
9186000;515.50;514.06;PAC;PAC
9188000;514.10;512.67;PAC;PAC
9190000;514.25;512.82;PAC;PAC
9192000;516.03;514.59;PAC;PAC
9194000;512.67;511.24;PAC;PAC
9196000;510.94;509.52;PAC;PAC
9198000;511.57;510.15;PAC;PAC
9200000;513.64;512.21;PAC;PAC
9202000;509.43;508.01;PAC;PAC
9204000;512.94;511.52;PAC;PAC
9206000;515.02;513.59;PAC;PAC
9208000;512.61;511.19;PAC;PAC
9210000;515.09;513.67;PAC;PAC
9212000;512.56;511.14;PAC;PAC
9214000;514.58;513.16;PAC;PAC
9216000;513.61;512.20;PAC;PAC
9218000;513.13;511.72;PAC;PAC
9220000;514.21;512.80;PAC;PAC
9222000;511.43;510.02;PAC;PAC
9224000;513.57;512.16;PAC;PAC
9226000;512.57;511.16;PAC;PAC
9228000;512.51;511.11;PAC;PAC
9230000;511.18;509.78;PAC;PAC
9232000;514.17;512.77;PAC;PAC
9234000;513.31;511.91;PAC;PAC
9236000;516.19;514.79;PAC;PAC
9238000;512.30;510.91;PAC;PAC
9240000;515.38;513.98;PAC;PAC
9242000;512.13;510.74;PAC;PAC
9244000;513.82;512.43;PAC;PAC
9246000;513.33;511.94;PAC;PAC
9248000;514.98;513.60;PAC;PAC
9250000;512.83;511.44;PAC;PAC
9252000;511.99;510.61;PAC;PAC
9254000;514.41;513.03;PAC;PAC
9256000;512.29;510.91;PAC;PAC
9258000;512.25;510.87;PAC;PAC
9260000;511.96;510.58;PAC;PAC
9262000;515.32;513.94;PAC;PAC
9264000;514.27;512.90;PAC;PAC
9266000;512.72;511.35;PAC;PAC
9268000;515.05;513.68;PAC;PAC
9270000;514.63;513.27;PAC;PAC
9272000;513.32;511.95;PAC;PAC
9274000;513.03;511.67;PAC;PAC
9276000;513.03;511.67;PAC;PAC
9278000;512.24;510.88;PAC;PAC
9280000;515.09;513.73;PAC;PAC
9282000;512.93;511.57;PAC;PAC
9284000;512.40;511.05;PAC;PAC
9286000;512.90;511.55;PAC;PAC
9288000;514.40;513.06;PAC;PAC
9290000;514.25;512.90;PAC;PAC
9292000;512.02;510.68;PAC;PAC
9294000;513.98;512.64;PAC;PAC
9296000;514.05;512.71;PAC;PAC
9298000;512.30;510.97;PAC;PAC
9300000;514.84;513.50;PAC;PAC
9302000;514.78;513.44;PAC;PAC
9304000;512.22;510.89;PAC;PAC
9306000;515.23;513.90;PAC;PAC
9308000;514.71;513.38;PAC;PAC
9310000;514.31;512.98;PAC;PAC
9312000;514.96;513.63;PAC;PAC
9314000;513.67;512.35;PAC;PAC
9316000;513.81;512.49;PAC;PAC
9318000;514.58;513.26;PAC;PAC
9320000;512.52;511.21;PAC;PAC
9322000;513.77;512.46;PAC;PAC
9324000;513.61;512.31;PAC;PAC
9326000;515.77;514.47;PAC;PAC
9328000;512.92;511.61;PAC;PAC
9330000;514.36;513.06;PAC;PAC
9332000;513.19;511.89;PAC;PAC
9334000;514.44;513.14;PAC;PAC
9336000;514.94;513.64;PAC;PAC
9338000;515.93;514.64;PAC;PAC
9340000;512.22;510.93;PAC;PAC
9342000;515.81;514.52;PAC;PAC
9344000;513.29;512.01;PAC;PAC
9346000;514.53;513.25;PAC;PAC
9348000;512.12;510.84;PAC;PAC
9350000;512.93;511.65;PAC;PAC
9352000;512.32;511.04;PAC;PAC
9354000;513.09;511.82;PAC;PAC
9356000;514.46;513.19;PAC;PAC
9358000;512.95;511.69;PAC;PAC
9360000;511.46;510.19;PAC;PAC
9362000;512.90;511.64;PAC;PAC
9364000;516.19;514.93;PAC;PAC
9366000;512.80;511.54;PAC;PAC
9368000;513.79;512.54;PAC;PAC
9370000;513.84;512.58;PAC;PAC
9372000;513.58;512.33;PAC;PAC
9374000;511.94;510.69;PAC;PAC
9376000;514.09;512.85;PAC;PAC
9378000;512.29;511.05;PAC;PAC
9380000;513.85;512.61;PAC;PAC
9382000;514.11;512.88;PAC;PAC
9384000;512.79;511.55;PAC;PAC
9386000;515.41;514.18;PAC;PAC
9388000;512.40;511.17;PAC;PAC
9390000;513.12;511.89;PAC;PAC
9392000;511.10;509.88;PAC;PAC
9394000;513.43;512.21;PAC;PAC
9396000;512.31;511.09;PAC;PAC
9398000;513.16;511.95;PAC;PAC
9400000;513.25;512.04;PAC;PAC
9402000;512.36;511.15;PAC;PAC
9404000;512.29;511.09;PAC;PAC
9406000;515.00;513.80;PAC;PAC
9408000;513.05;511.85;PAC;PAC
9410000;512.09;510.89;PAC;PAC
9412000;513.65;512.45;PAC;PAC
9414000;514.23;513.04;PAC;PAC
9416000;512.16;510.97;PAC;PAC
9418000;513.46;512.27;PAC;PAC
9420000;511.61;510.43;PAC;PAC
9422000;512.32;511.14;PAC;PAC
9424000;513.36;512.18;PAC;PAC
9426000;513.75;512.58;PAC;PAC
9428000;513.25;512.07;PAC;PAC
9430000;514.89;513.72;PAC;PAC
9432000;512.67;511.51;PAC;PAC
9434000;516.19;515.02;PAC;PAC
9436000;513.12;511.96;PAC;PAC
9438000;513.85;512.70;PAC;PAC
9440000;512.39;511.23;PAC;PAC
9442000;511.12;509.97;PAC;PAC
9444000;512.83;511.68;PAC;PAC
9446000;514.93;513.78;PAC;PAC
9448000;512.62;511.48;PAC;PAC
9450000;512.02;510.88;PAC;PAC
9452000;513.96;512.83;PAC;PAC
9454000;513.53;512.40;PAC;PAC
9456000;512.96;511.83;PAC;PAC
9458000;514.43;513.30;PAC;PAC
9460000;514.26;513.14;PAC;PAC
9462000;512.56;511.44;PAC;PAC
9464000;512.36;511.24;PAC;PAC
9466000;514.50;513.38;PAC;PAC
9468000;511.09;509.98;PAC;PAC
9470000;513.65;512.54;PAC;PAC
9472000;512.00;510.90;PAC;PAC
9474000;513.70;512.60;PAC;PAC
9476000;513.17;512.07;PAC;PAC
9478000;513.33;512.23;PAC;PAC
9480000;511.15;510.05;PAC;PAC
9482000;511.99;510.90;PAC;PAC
9484000;512.82;511.73;PAC;PAC
9486000;513.55;512.47;PAC;PAC
9488000;514.35;513.27;PAC;PAC
9490000;511.43;510.35;PAC;PAC
9492000;512.02;510.95;PAC;PAC
9494000;513.23;512.16;PAC;PAC
9496000;514.72;513.65;PAC;PAC
9498000;514.52;513.45;PAC;PAC
9500000;513.77;512.71;PAC;PAC
9502000;512.31;511.25;PAC;PAC
9504000;513.22;512.17;PAC;PAC
9506000;512.52;511.47;PAC;PAC
9508000;510.82;509.78;PAC;PAC
9510000;512.13;511.08;PAC;PAC
9512000;513.48;512.44;PAC;PAC
9514000;513.90;512.86;PAC;PAC
9516000;511.51;510.48;PAC;PAC
9518000;512.81;511.78;PAC;PAC
9520000;513.23;512.20;PAC;PAC
9522000;513.66;512.63;PAC;PAC
9524000;511.59;510.57;PAC;PAC
9526000;511.62;510.60;PAC;PAC
9528000;512.89;511.87;PAC;PAC
9530000;513.45;512.44;PAC;PAC
9532000;511.25;510.24;PAC;PAC
9534000;512.93;511.93;PAC;PAC
9536000;512.67;511.67;PAC;PAC
9538000;515.51;514.52;PAC;PAC
9540000;512.29;511.30;PAC;PAC
9542000;512.06;511.07;PAC;PAC
9544000;513.82;512.84;PAC;PAC
9546000;514.69;513.71;PAC;PAC
9548000;512.66;511.68;PAC;PAC
9550000;513.62;512.64;PAC;PAC
9552000;511.90;510.93;PAC;PAC
9554000;513.21;512.24;PAC;PAC
9556000;511.73;510.76;PAC;PAC
9558000;511.91;510.95;PAC;PAC
9560000;512.52;511.57;PAC;PAC
9562000;512.96;512.01;PAC;PAC
9564000;512.60;511.66;PAC;PAC
9566000;513.57;512.62;PAC;PAC
9568000;512.58;511.64;PAC;PAC
9570000;512.16;511.22;PAC;PAC
9572000;512.67;511.74;PAC;PAC
9574000;512.68;511.75;PAC;PAC
9576000;513.23;512.30;PAC;PAC
9578000;511.22;510.30;PAC;PAC
9580000;512.00;511.08;PAC;PAC
9582000;511.62;510.71;PAC;PAC
9584000;515.23;514.32;PAC;PAC
9586000;513.45;512.55;PAC;PAC
9588000;514.72;513.82;PAC;PAC
9590000;513.27;512.36;PAC;PAC
9592000;512.83;511.94;PAC;PAC
9594000;514.69;513.80;PAC;PAC
9596000;512.50;511.61;PAC;PAC
9598000;514.94;514.05;PAC;PAC
9600000;512.07;511.19;PAC;PAC
9602000;511.60;510.72;PAC;PAC
9604000;514.90;514.03;PAC;PAC
9606000;514.04;513.17;PAC;PAC
9608000;512.32;511.45;PAC;PAC
9610000;514.97;514.11;PAC;PAC
9612000;512.53;511.67;PAC;PAC
9614000;512.11;511.25;PAC;PAC
9616000;512.73;511.88;PAC;PAC
9618000;513.64;512.79;PAC;PAC
9620000;513.30;512.46;PAC;PAC
9622000;512.52;511.69;PAC;PAC
9624000;511.99;511.16;PAC;PAC
9626000;511.83;511.00;PAC;PAC
9628000;514.47;513.64;PAC;PAC
9630000;512.50;511.68;PAC;PAC
9632000;511.33;510.51;PAC;PAC
9634000;514.55;513.73;PAC;PAC
9636000;513.06;512.25;PAC;PAC
9638000;513.79;512.98;PAC;PAC
9640000;510.01;509.21;PAC;PAC
9642000;516.51;515.71;PAC;PAC
9644000;510.87;510.07;PAC;PAC
9646000;513.54;512.75;PAC;PAC
9648000;511.41;510.63;PAC;PAC
9650000;515.46;514.67;PAC;PAC
9652000;512.10;511.32;PAC;PAC
9654000;515.93;515.15;PAC;PAC
9656000;514.83;514.05;PAC;PAC
9658000;511.73;510.96;PAC;PAC
9660000;509.50;508.74;PAC;PAC
9662000;513.80;513.04;PAC;PAC
9664000;512.41;511.65;PAC;PAC
9666000;512.04;511.28;PAC;PAC
9668000;512.38;511.63;PAC;PAC
9670000;512.54;511.79;PAC;PAC
9672000;510.36;509.62;PAC;PAC
9674000;513.15;512.42;PAC;PAC
9676000;512.52;511.79;PAC;PAC
9678000;512.09;511.36;PAC;PAC
9680000;513.76;513.03;PAC;PAC
9682000;512.51;511.79;PAC;PAC
9684000;510.67;509.96;PAC;PAC
9686000;513.05;512.34;PAC;PAC
9688000;511.89;511.18;PAC;PAC
9690000;511.31;510.61;PAC;PAC
9692000;513.82;513.13;PAC;PAC
9694000;512.29;511.60;PAC;PAC
9696000;512.21;511.52;PAC;PAC
9698000;510.26;509.58;PAC;PAC
9700000;511.17;510.49;PAC;PAC
9702000;513.05;512.38;PAC;PAC
9704000;513.35;512.68;PAC;PAC
9706000;513.32;512.65;PAC;PAC
9708000;511.99;511.32;PAC;PAC
9710000;513.89;513.23;PAC;PAC
9712000;511.99;511.33;PAC;PAC
9714000;510.63;509.97;PAC;PAC
9716000;511.86;511.21;PAC;PAC
9718000;511.19;510.55;PAC;PAC
9720000;512.46;511.82;PAC;PAC
9722000;512.05;511.41;PAC;PAC
9724000;512.25;511.62;PAC;PAC
9726000;513.41;512.78;PAC;PAC
9728000;514.14;513.52;PAC;PAC
9730000;513.30;512.68;PAC;PAC
9732000;513.35;512.74;PAC;PAC
9734000;512.12;511.51;PAC;PAC
9736000;512.62;512.02;PAC;PAC
9738000;513.38;512.78;PAC;PAC
9740000;514.50;513.90;PAC;PAC
9742000;513.50;512.91;PAC;PAC
9744000;513.43;512.85;PAC;PAC
9746000;513.84;513.26;PAC;PAC
9748000;511.21;510.63;PAC;PAC
9750000;511.84;511.27;PAC;PAC
9752000;512.43;511.86;PAC;PAC
9754000;514.16;513.59;PAC;PAC
9756000;512.54;511.98;PAC;PAC
9758000;511.01;510.45;PAC;PAC
9760000;510.93;510.37;PAC;PAC
9762000;512.45;511.90;PAC;PAC
9764000;513.26;512.72;PAC;PAC
9766000;512.89;512.35;PAC;PAC
9768000;511.49;510.96;PAC;PAC
9770000;511.94;511.41;PAC;PAC
9772000;512.73;512.21;PAC;PAC
9774000;513.81;513.29;PAC;PAC
9776000;512.61;512.09;PAC;PAC
9778000;511.13;510.62;PAC;PAC
9780000;512.50;511.99;PAC;PAC
9782000;512.65;512.14;PAC;PAC
9784000;511.21;510.71;PAC;PAC
9786000;511.34;510.84;PAC;PAC
9788000;510.97;510.48;PAC;PAC
9790000;512.09;511.60;PAC;PAC
9792000;511.82;511.33;PAC;PAC
9794000;513.07;512.60;PAC;PAC
9796000;511.07;510.59;PAC;PAC
9798000;514.17;513.71;PAC;PAC
9800000;510.31;509.84;PAC;PAC
9802000;512.53;512.07;PAC;PAC
9804000;513.26;512.81;PAC;PAC
9806000;512.93;512.48;PAC;PAC
9808000;513.48;513.03;PAC;PAC
9810000;512.77;512.33;PAC;PAC
9812000;512.72;512.28;PAC;PAC
9814000;511.79;511.35;PAC;PAC
9816000;513.84;513.42;PAC;PAC
9818000;513.63;513.21;PAC;PAC
9820000;513.86;513.44;PAC;PAC
9822000;512.35;511.93;PAC;PAC
9824000;511.42;511.01;PAC;PAC
9826000;513.16;512.75;PAC;PAC
9828000;511.14;510.74;PAC;PAC
9830000;512.19;511.79;PAC;PAC
9832000;514.26;513.87;PAC;PAC
9834000;511.15;510.76;PAC;PAC
9836000;514.73;514.35;PAC;PAC
9838000;512.19;511.81;PAC;PAC
9840000;511.96;511.59;PAC;PAC
9842000;511.58;511.21;PAC;PAC
9844000;514.23;513.87;PAC;PAC
9846000;511.59;511.23;PAC;PAC
9848000;512.86;512.50;PAC;PAC
9850000;514.53;514.18;PAC;PAC
9852000;513.50;513.15;PAC;PAC
9854000;513.14;512.80;PAC;PAC
9856000;512.67;512.34;PAC;PAC
9858000;513.65;513.32;PAC;PAC
9860000;512.03;511.70;PAC;PAC
9862000;511.36;511.04;PAC;PAC
9864000;510.96;510.64;PAC;PAC
9866000;510.40;510.08;PAC;PAC
9868000;513.04;512.73;PAC;PAC
9870000;511.84;511.53;PAC;PAC
9872000;513.67;513.37;PAC;PAC
9874000;513.39;513.10;PAC;PAC
9876000;514.01;513.72;PAC;PAC
9878000;510.52;510.24;PAC;PAC
9880000;511.12;510.84;PAC;PAC
9882000;512.60;512.32;PAC;PAC
9884000;511.24;510.97;PAC;PAC
9886000;512.52;512.25;PAC;PAC
9888000;513.49;513.22;PAC;PAC
9890000;511.01;510.76;PAC;PAC
9892000;514.32;514.07;PAC;PAC
9894000;511.83;511.58;PAC;PAC
9896000;516.11;515.86;PAC;PAC
9898000;511.96;511.72;PAC;PAC
9900000;511.91;511.68;PAC;PAC
9902000;513.25;513.02;PAC;PAC
9904000;513.99;513.76;PAC;PAC
9906000;512.98;512.76;PAC;PAC
9908000;513.28;513.06;PAC;PAC
9910000;511.02;510.81;PAC;PAC
9912000;511.27;511.06;PAC;PAC
9914000;513.44;513.24;PAC;PAC
9916000;513.00;512.81;PAC;PAC
9918000;510.41;510.22;PAC;PAC
9920000;511.99;511.80;PAC;PAC
9922000;510.30;510.12;PAC;PAC
9924000;512.29;512.11;PAC;PAC
9926000;511.75;511.57;PAC;PAC
9928000;512.45;512.28;PAC;PAC
9930000;511.20;511.03;PAC;PAC
9932000;510.16;510.00;PAC;PAC
9934000;512.08;511.92;PAC;PAC
9936000;511.32;511.17;PAC;PAC
9938000;510.89;510.74;PAC;PAC
9940000;512.14;512.00;PAC;PAC
9942000;512.68;512.55;PAC;PAC
9944000;513.68;513.55;PAC;PAC
9946000;511.31;511.18;PAC;PAC
9948000;512.89;512.77;PAC;PAC
9950000;511.06;510.94;PAC;PAC
9952000;512.05;511.93;PAC;PAC
9954000;512.21;512.10;PAC;PAC
9956000;511.90;511.80;PAC;PAC
9958000;513.04;512.94;PAC;PAC
9960000;512.06;511.97;PAC;PAC
9962000;512.51;512.42;PAC;PAC
9964000;512.97;512.88;PAC;PAC
9966000;511.11;511.03;PAC;PAC
9968000;513.75;513.67;PAC;PAC
9970000;511.65;511.58;PAC;PAC
9972000;512.87;512.81;PAC;PAC
9974000;511.70;511.64;PAC;PAC
9976000;510.48;510.42;PAC;PAC
9978000;513.11;513.06;PAC;PAC
9980000;511.52;511.47;PAC;PAC
9982000;510.53;510.49;PAC;PAC
9984000;511.65;511.62;PAC;PAC
9986000;512.32;512.29;PAC;PAC
9988000;512.67;512.64;PAC;PAC
9990000;511.21;511.18;PAC;PAC
9992000;513.33;513.31;PAC;PAC
9994000;513.64;513.63;PAC;PAC
9996000;513.32;513.31;PAC;PAC
9998000;511.28;511.28;PAC;PAC
