timestamp_us;raw_adc;filtered_val;rhythm;class_code
0;512.56;512.56;NORMAL;N
2000;513.23;513.22;NORMAL;N
4000;512.57;512.56;NORMAL;N
6000;512.87;512.86;NORMAL;N
8000;511.93;511.92;NORMAL;N
10000;512.28;512.26;NORMAL;N
12000;512.91;512.89;NORMAL;N
14000;511.32;511.30;NORMAL;N
16000;512.74;512.72;NORMAL;N
18000;512.01;511.98;NORMAL;N
20000;512.16;512.13;NORMAL;N
22000;510.93;510.90;NORMAL;N
24000;512.47;512.43;NORMAL;N
26000;511.69;511.64;NORMAL;N
28000;513.29;513.25;NORMAL;N
30000;510.56;510.52;NORMAL;N
32000;511.96;511.91;NORMAL;N
34000;512.34;512.28;NORMAL;N
36000;512.90;512.84;NORMAL;N
38000;512.04;511.98;NORMAL;N
40000;511.93;511.87;NORMAL;N
42000;512.21;512.15;NORMAL;N
44000;512.29;512.22;NORMAL;N
46000;512.64;512.57;NORMAL;N
48000;512.07;511.99;NORMAL;N
50000;511.22;511.14;NORMAL;N
52000;511.83;511.75;NORMAL;N
54000;513.16;513.08;NORMAL;N
56000;513.04;512.95;NORMAL;N
58000;512.44;512.35;NORMAL;N
60000;511.65;511.56;NORMAL;N
62000;512.64;512.54;NORMAL;N
64000;512.10;512.00;NORMAL;N
66000;513.10;513.00;NORMAL;N
68000;511.70;511.60;NORMAL;N
70000;511.57;511.46;NORMAL;N
72000;511.20;511.09;NORMAL;N
74000;512.20;512.09;NORMAL;N
76000;513.45;513.33;NORMAL;N
78000;512.30;512.17;NORMAL;N
80000;511.83;511.71;NORMAL;N
82000;511.19;511.06;NORMAL;N
84000;512.95;512.81;NORMAL;N
86000;511.12;510.99;NORMAL;N
88000;512.96;512.83;NORMAL;N
90000;511.30;511.16;NORMAL;N
92000;512.80;512.66;NORMAL;N
94000;512.85;512.70;NORMAL;N
96000;511.92;511.77;NORMAL;N
98000;512.75;512.60;NORMAL;N
100000;512.52;512.37;NORMAL;N
102000;511.37;511.22;NORMAL;N
104000;510.20;510.04;NORMAL;N
106000;512.13;511.96;NORMAL;N
108000;512.40;512.23;NORMAL;N
110000;511.14;510.97;NORMAL;N
112000;512.72;512.55;NORMAL;N
114000;511.67;511.49;NORMAL;N
116000;512.03;511.85;NORMAL;N
118000;511.91;511.72;NORMAL;N
120000;512.52;512.34;NORMAL;N
122000;512.04;511.85;NORMAL;N
124000;512.39;512.20;NORMAL;N
126000;512.20;512.00;NORMAL;N
128000;511.68;511.48;NORMAL;N
130000;512.76;512.55;NORMAL;N
132000;512.26;512.06;NORMAL;N
134000;512.53;512.32;NORMAL;N
136000;511.88;511.66;NORMAL;N
138000;511.42;511.21;NORMAL;N
140000;512.58;512.37;NORMAL;N
142000;512.19;511.97;NORMAL;N
144000;511.66;511.44;NORMAL;N
146000;513.40;513.17;NORMAL;N
148000;512.01;511.78;NORMAL;N
150000;511.14;510.90;NORMAL;N
152000;513.05;512.82;NORMAL;N
154000;511.85;511.61;NORMAL;N
156000;510.76;510.52;NORMAL;N
158000;511.36;511.12;NORMAL;N
160000;511.16;510.91;NORMAL;N
162000;511.25;510.99;NORMAL;N
164000;511.87;511.61;NORMAL;N
166000;512.38;512.13;NORMAL;N
168000;512.91;512.65;NORMAL;N
170000;512.59;512.33;NORMAL;N
172000;511.56;511.30;NORMAL;N
174000;511.64;511.37;NORMAL;N
176000;512.97;512.70;NORMAL;N
178000;511.83;511.55;NORMAL;N
180000;512.91;512.63;NORMAL;N
182000;511.43;511.15;NORMAL;N
184000;512.75;512.46;NORMAL;N
186000;511.75;511.46;NORMAL;N
188000;512.54;512.25;NORMAL;N
190000;512.93;512.63;NORMAL;N
192000;513.33;513.04;NORMAL;N
194000;513.02;512.72;NORMAL;N
196000;512.65;512.35;NORMAL;N
198000;511.36;511.05;NORMAL;N
200000;510.89;510.59;NORMAL;N
202000;511.13;510.82;NORMAL;N
204000;511.90;511.59;NORMAL;N
206000;512.96;512.65;NORMAL;N
208000;512.27;511.95;NORMAL;N
210000;512.12;511.80;NORMAL;N
212000;512.15;511.82;NORMAL;N
214000;512.61;512.28;NORMAL;N
216000;510.34;510.00;NORMAL;N
218000;512.03;511.70;NORMAL;N
220000;510.75;510.41;NORMAL;N
222000;511.78;511.44;NORMAL;N
224000;512.42;512.07;NORMAL;N
226000;512.53;512.18;NORMAL;N
228000;513.08;512.73;NORMAL;N
230000;511.81;511.46;NORMAL;N
232000;512.18;511.83;NORMAL;N
234000;513.63;513.27;NORMAL;N
236000;511.81;511.45;NORMAL;N
238000;511.40;511.04;NORMAL;N
240000;512.61;512.24;NORMAL;N
242000;513.20;512.83;NORMAL;N
244000;511.18;510.81;NORMAL;N
246000;511.25;510.87;NORMAL;N
248000;512.72;512.34;NORMAL;N
250000;512.29;511.91;NORMAL;N
252000;510.40;510.02;NORMAL;N
254000;512.07;511.68;NORMAL;N
256000;513.62;513.23;NORMAL;N
258000;512.80;512.41;NORMAL;N
260000;511.81;511.41;NORMAL;N
262000;510.97;510.57;NORMAL;N
264000;512.53;512.13;NORMAL;N
266000;513.14;512.74;NORMAL;N
268000;511.56;511.15;NORMAL;N
270000;511.58;511.16;NORMAL;N
272000;512.74;512.32;NORMAL;N
274000;513.13;512.71;NORMAL;N
276000;511.82;511.40;NORMAL;N
278000;514.41;513.98;NORMAL;N
280000;513.43;513.01;NORMAL;N
282000;512.93;512.50;NORMAL;N
284000;511.27;510.84;NORMAL;N
286000;511.97;511.53;NORMAL;N
288000;512.56;512.12;NORMAL;N
290000;513.74;513.30;NORMAL;N
292000;512.91;512.47;NORMAL;N
294000;510.00;509.55;NORMAL;N
296000;512.53;512.08;NORMAL;N
298000;513.69;513.24;NORMAL;N
300000;511.97;511.52;NORMAL;N
302000;512.50;512.04;NORMAL;N
304000;512.93;512.48;NORMAL;N
306000;513.20;512.74;NORMAL;N
308000;512.97;512.50;NORMAL;N
310000;512.64;512.17;NORMAL;N
312000;512.30;511.83;NORMAL;N
314000;512.11;511.64;NORMAL;N
316000;511.98;511.50;NORMAL;N
318000;511.96;511.48;NORMAL;N
320000;512.04;511.55;NORMAL;N
322000;512.57;512.08;NORMAL;N
324000;512.93;512.45;NORMAL;N
326000;512.47;511.98;NORMAL;N
328000;511.87;511.38;NORMAL;N
330000;513.49;513.00;NORMAL;N
332000;513.17;512.67;NORMAL;N
334000;511.83;511.33;NORMAL;N
336000;511.69;511.19;NORMAL;N
338000;512.18;511.67;NORMAL;N
340000;511.80;511.29;NORMAL;N
342000;513.21;512.70;NORMAL;N
344000;513.63;513.11;NORMAL;N
346000;512.32;511.80;NORMAL;N
348000;512.10;511.58;NORMAL;N
350000;513.73;513.21;NORMAL;N
352000;511.09;510.56;NORMAL;N
354000;513.35;512.82;NORMAL;N
356000;512.97;512.44;NORMAL;N
358000;513.26;512.73;NORMAL;N
360000;511.12;510.58;NORMAL;N
362000;512.95;512.41;NORMAL;N
364000;512.23;511.69;NORMAL;N
366000;514.08;513.54;NORMAL;N
368000;512.14;511.59;NORMAL;N
370000;513.99;513.44;NORMAL;N
372000;514.57;514.02;NORMAL;N
374000;512.24;511.68;NORMAL;N
376000;513.24;512.69;NORMAL;N
378000;511.95;511.39;NORMAL;N
380000;513.56;513.00;NORMAL;N
382000;512.86;512.30;NORMAL;N
384000;511.52;510.95;NORMAL;N
386000;512.41;511.84;NORMAL;N
388000;511.50;510.93;NORMAL;N
390000;512.49;511.91;NORMAL;N
392000;511.97;511.39;NORMAL;N
394000;512.57;511.99;NORMAL;N
396000;513.50;512.91;NORMAL;N
398000;511.56;510.97;NORMAL;N
400000;513.79;513.20;NORMAL;N
402000;512.32;511.73;NORMAL;N
404000;513.09;512.50;NORMAL;N
406000;512.73;512.13;NORMAL;N
408000;513.06;512.47;NORMAL;N
410000;511.85;511.25;NORMAL;N
412000;513.39;512.78;NORMAL;N
414000;513.61;513.01;NORMAL;N
416000;511.66;511.05;NORMAL;N
418000;513.79;513.18;NORMAL;N
420000;512.42;511.81;NORMAL;N
422000;511.28;510.67;NORMAL;N
424000;512.87;512.25;NORMAL;N
426000;512.23;511.61;NORMAL;N
428000;513.52;512.90;NORMAL;N
430000;511.66;511.04;NORMAL;N
432000;512.96;512.33;NORMAL;N
434000;511.13;510.50;NORMAL;N
436000;513.17;512.54;NORMAL;N
438000;512.67;512.04;NORMAL;N
440000;513.53;512.90;NORMAL;N
442000;512.57;511.93;NORMAL;N
444000;512.69;512.05;NORMAL;N
446000;512.86;512.22;NORMAL;N
448000;513.11;512.46;NORMAL;N
450000;511.94;511.29;NORMAL;N
452000;512.30;511.65;NORMAL;N
454000;511.94;511.29;NORMAL;N
456000;513.69;513.03;NORMAL;N
458000;512.51;511.85;NORMAL;N
460000;513.39;512.73;NORMAL;N
462000;511.82;511.15;NORMAL;N
464000;513.02;512.36;NORMAL;N
466000;512.48;511.81;NORMAL;N
468000;513.55;512.88;NORMAL;N
470000;513.14;512.47;NORMAL;N
472000;512.11;511.43;NORMAL;N
474000;513.09;512.41;NORMAL;N
476000;512.72;512.04;NORMAL;N
478000;513.54;512.86;NORMAL;N
480000;512.15;511.46;NORMAL;N
482000;512.80;512.12;NORMAL;N
484000;511.94;511.25;NORMAL;N
486000;512.45;511.76;NORMAL;N
488000;512.17;511.47;NORMAL;N
490000;513.36;512.67;NORMAL;N
492000;512.28;511.58;NORMAL;N
494000;513.23;512.53;NORMAL;N
496000;512.83;512.13;NORMAL;N
498000;511.57;510.87;NORMAL;N
500000;511.61;510.91;NORMAL;N
502000;511.61;510.90;NORMAL;N
504000;512.86;512.15;NORMAL;N
506000;512.98;512.26;NORMAL;N
508000;513.18;512.46;NORMAL;N
510000;513.17;512.45;NORMAL;N
512000;513.58;512.86;NORMAL;N
514000;513.41;512.69;NORMAL;N
516000;512.05;511.33;NORMAL;N
518000;513.72;512.99;NORMAL;N
520000;511.98;511.25;NORMAL;N
522000;512.21;511.48;NORMAL;N
524000;513.43;512.70;NORMAL;N
526000;512.69;511.96;NORMAL;N
528000;514.18;513.44;NORMAL;N
530000;512.78;512.04;NORMAL;N
532000;512.79;512.04;NORMAL;N
534000;513.14;512.39;NORMAL;N
536000;513.31;512.57;NORMAL;N
538000;513.18;512.44;NORMAL;N
540000;511.89;511.14;NORMAL;N
542000;512.95;512.20;NORMAL;N
544000;512.39;511.64;NORMAL;N
546000;514.03;513.27;NORMAL;N
548000;512.27;511.51;NORMAL;N
550000;511.76;511.00;NORMAL;N
552000;512.78;512.02;NORMAL;N
554000;512.69;511.93;NORMAL;N
556000;512.53;511.77;NORMAL;N
558000;513.81;513.04;NORMAL;N
560000;512.35;511.58;NORMAL;N
562000;511.92;511.15;NORMAL;N
564000;512.84;512.07;NORMAL;N
566000;512.61;511.83;NORMAL;N
568000;512.81;512.03;NORMAL;N
570000;512.68;511.90;NORMAL;N
572000;512.91;512.13;NORMAL;N
574000;511.60;510.81;NORMAL;N
576000;511.44;510.66;NORMAL;N
578000;511.43;510.64;NORMAL;N
580000;512.17;511.38;NORMAL;N
582000;511.85;511.06;NORMAL;N
584000;511.50;510.71;NORMAL;N
586000;513.02;512.22;NORMAL;N
588000;512.32;511.53;NORMAL;N
590000;513.61;512.81;NORMAL;N
592000;512.94;512.14;NORMAL;N
594000;511.50;510.70;NORMAL;N
596000;511.40;510.59;NORMAL;N
598000;513.35;512.54;NORMAL;N
600000;512.38;511.57;NORMAL;N
602000;512.23;511.42;NORMAL;N
604000;513.42;512.61;NORMAL;N
606000;512.68;511.87;NORMAL;N
608000;512.69;511.88;NORMAL;N
610000;513.27;512.45;NORMAL;N
612000;512.90;512.08;NORMAL;N
614000;512.76;511.93;NORMAL;N
616000;512.27;511.45;NORMAL;N
618000;512.54;511.72;NORMAL;N
620000;512.55;511.73;NORMAL;N
622000;512.70;511.87;NORMAL;N
624000;511.32;510.49;NORMAL;N
626000;511.91;511.07;NORMAL;N
628000;514.17;513.34;NORMAL;N
630000;513.05;512.21;NORMAL;N
632000;514.53;513.70;NORMAL;N
634000;513.90;513.06;NORMAL;N
636000;513.17;512.33;NORMAL;N
638000;512.49;511.65;NORMAL;N
640000;513.62;512.77;NORMAL;N
642000;512.71;511.87;NORMAL;N
644000;513.02;512.17;NORMAL;N
646000;511.07;510.22;NORMAL;N
648000;512.85;512.00;NORMAL;N
650000;513.55;512.70;NORMAL;N
652000;513.16;512.30;NORMAL;N
654000;512.06;511.20;NORMAL;N
656000;513.64;512.78;NORMAL;N
658000;512.82;511.96;NORMAL;N
660000;513.88;513.02;NORMAL;N
662000;511.88;511.02;NORMAL;N
664000;512.14;511.28;NORMAL;N
666000;512.20;511.34;NORMAL;N
668000;512.32;511.45;NORMAL;N
670000;513.24;512.37;NORMAL;N
672000;512.65;511.78;NORMAL;N
674000;512.56;511.69;NORMAL;N
676000;513.48;512.60;NORMAL;N
678000;512.02;511.14;NORMAL;N
680000;513.07;512.19;NORMAL;N
682000;512.25;511.37;NORMAL;N
684000;513.53;512.65;NORMAL;N
686000;513.45;512.57;NORMAL;N
688000;513.84;512.96;NORMAL;N
690000;512.94;512.05;NORMAL;N
692000;513.30;512.41;NORMAL;N
694000;514.13;513.25;NORMAL;N
696000;511.82;510.93;NORMAL;N
698000;513.07;512.18;NORMAL;N
700000;512.88;511.99;NORMAL;N
702000;512.87;511.98;NORMAL;N
704000;511.98;511.08;NORMAL;N
706000;513.13;512.23;NORMAL;N
708000;514.31;513.42;NORMAL;N
710000;513.31;512.41;NORMAL;N
712000;512.49;511.59;NORMAL;N
714000;513.64;512.74;NORMAL;N
716000;513.06;512.15;NORMAL;N
718000;513.14;512.24;NORMAL;N
720000;513.74;512.84;NORMAL;N
722000;513.75;512.84;NORMAL;N
724000;511.72;510.81;NORMAL;N
726000;513.85;512.95;NORMAL;N
728000;513.34;512.43;NORMAL;N
730000;513.78;512.87;NORMAL;N
732000;514.35;513.43;NORMAL;N
734000;513.98;513.06;NORMAL;N
736000;512.46;511.54;NORMAL;N
738000;512.54;511.62;NORMAL;N
740000;512.36;511.44;NORMAL;N
742000;511.84;510.92;NORMAL;N
744000;513.78;512.86;NORMAL;N
746000;512.72;511.80;NORMAL;N
748000;512.35;511.43;NORMAL;N
750000;515.00;514.08;NORMAL;N
752000;511.03;510.10;NORMAL;N
754000;513.02;512.10;NORMAL;N
756000;512.03;511.10;NORMAL;N
758000;513.01;512.08;NORMAL;N
760000;511.19;510.26;NORMAL;N
762000;513.73;512.79;NORMAL;N
764000;512.68;511.75;NORMAL;N
766000;513.83;512.89;NORMAL;N
768000;511.93;511.00;NORMAL;N
770000;513.20;512.26;NORMAL;N
772000;513.77;512.83;NORMAL;N
774000;513.60;512.66;NORMAL;N
776000;513.27;512.33;NORMAL;N
778000;513.39;512.45;NORMAL;N
780000;513.13;512.19;NORMAL;N
782000;512.87;511.93;NORMAL;N
784000;512.28;511.33;NORMAL;N
786000;512.47;511.53;NORMAL;N
788000;513.00;512.05;NORMAL;N
790000;513.12;512.17;NORMAL;N
792000;513.56;512.61;NORMAL;N
794000;512.93;511.99;NORMAL;N
796000;515.19;514.24;NORMAL;N
798000;511.87;510.92;NORMAL;N
800000;511.31;510.36;NORMAL;N
802000;513.41;512.45;NORMAL;N
804000;513.18;512.22;NORMAL;N
806000;513.08;512.13;NORMAL;N
808000;512.71;511.76;NORMAL;N
810000;513.13;512.17;NORMAL;N
812000;512.41;511.45;NORMAL;N
814000;512.70;511.75;NORMAL;N
816000;513.71;512.76;NORMAL;N
818000;513.78;512.82;NORMAL;N
820000;511.66;510.70;NORMAL;N
822000;512.63;511.67;NORMAL;N
824000;513.67;512.71;NORMAL;N
826000;513.12;512.16;NORMAL;N
828000;512.32;511.36;NORMAL;N
830000;511.48;510.51;NORMAL;N
832000;513.36;512.40;NORMAL;N
834000;513.08;512.12;NORMAL;N
836000;513.06;512.09;NORMAL;N
838000;511.87;510.90;NORMAL;N
840000;513.36;512.39;NORMAL;N
842000;512.07;511.10;NORMAL;N
844000;515.27;514.30;NORMAL;N
846000;513.06;512.09;NORMAL;N
848000;514.02;513.05;NORMAL;N
850000;512.37;511.40;NORMAL;N
852000;513.87;512.90;NORMAL;N
854000;513.71;512.74;NORMAL;N
856000;512.53;511.56;NORMAL;N
858000;513.09;512.12;NORMAL;N
860000;513.42;512.44;NORMAL;N
862000;513.17;512.20;NORMAL;N
864000;512.27;511.29;NORMAL;N
866000;512.81;511.83;NORMAL;N
868000;515.06;514.08;NORMAL;N
870000;513.34;512.36;NORMAL;N
872000;513.12;512.14;NORMAL;N
874000;513.51;512.52;NORMAL;N
876000;511.52;510.54;NORMAL;N
878000;513.22;512.24;NORMAL;N
880000;512.56;511.58;NORMAL;N
882000;511.78;510.80;NORMAL;N
884000;513.61;512.63;NORMAL;N
886000;513.63;512.64;NORMAL;N
888000;512.83;511.85;NORMAL;N
890000;512.83;511.85;NORMAL;N
892000;513.01;512.02;NORMAL;N
894000;511.81;510.83;NORMAL;N
896000;513.46;512.47;NORMAL;N
898000;512.81;511.83;NORMAL;N
900000;513.54;512.55;NORMAL;N
902000;512.90;511.91;NORMAL;N
904000;512.87;511.88;NORMAL;N
906000;515.26;514.27;NORMAL;N
908000;513.62;512.63;NORMAL;N
910000;512.26;511.27;NORMAL;N
912000;512.35;511.36;NORMAL;N
914000;512.66;511.66;NORMAL;N
916000;512.73;511.74;NORMAL;N
918000;513.81;512.81;NORMAL;N
920000;512.68;511.69;NORMAL;N
922000;512.49;511.50;NORMAL;N
924000;513.13;512.13;NORMAL;N
926000;511.84;510.84;NORMAL;N
928000;511.29;510.30;NORMAL;N
930000;512.13;511.14;NORMAL;N
932000;512.04;511.04;NORMAL;N
934000;513.74;512.74;NORMAL;N
936000;511.22;510.22;NORMAL;N
938000;514.30;513.30;NORMAL;N
940000;513.66;512.66;NORMAL;N
942000;514.00;513.00;NORMAL;N
944000;512.59;511.60;NORMAL;N
946000;512.82;511.82;NORMAL;N
948000;512.45;511.46;NORMAL;N
950000;512.57;511.57;NORMAL;N
952000;513.89;512.89;NORMAL;N
954000;513.47;512.48;NORMAL;N
956000;513.74;512.74;NORMAL;N
958000;512.19;511.20;NORMAL;N
960000;512.25;511.25;NORMAL;N
962000;513.14;512.14;NORMAL;N
964000;512.76;511.76;NORMAL;N
966000;511.62;510.62;NORMAL;N
968000;512.95;511.95;NORMAL;N
970000;512.47;511.48;NORMAL;N
972000;511.96;510.96;NORMAL;N
974000;512.04;511.04;NORMAL;N
976000;513.73;512.73;NORMAL;N
978000;514.27;513.27;NORMAL;N
980000;512.53;511.53;NORMAL;N
982000;513.50;512.50;NORMAL;N
984000;512.38;511.38;NORMAL;N
986000;512.89;511.89;NORMAL;N
988000;514.15;513.15;NORMAL;N
990000;514.08;513.08;NORMAL;N
992000;512.27;511.27;NORMAL;N
994000;513.84;512.84;NORMAL;N
996000;513.30;512.30;NORMAL;N
998000;513.25;512.25;NORMAL;N
1000000;512.19;511.19;NORMAL;N
1002000;512.41;511.41;NORMAL;N
1004000;512.90;511.90;NORMAL;N
1006000;512.55;511.55;NORMAL;N
1008000;511.60;510.60;NORMAL;N
1010000;516.32;515.32;NORMAL;N
1012000;514.13;513.13;NORMAL;N
1014000;512.48;511.48;NORMAL;N
1016000;513.44;512.44;NORMAL;N
1018000;513.42;512.42;NORMAL;N
1020000;513.59;512.59;NORMAL;N
1022000;512.21;511.21;NORMAL;N
1024000;513.82;512.82;NORMAL;N
1026000;514.31;513.31;NORMAL;N
1028000;513.43;512.43;NORMAL;N
1030000;514.72;513.72;NORMAL;N
1032000;513.86;512.86;NORMAL;N
1034000;513.53;512.53;NORMAL;N
1036000;512.31;511.31;NORMAL;N
1038000;513.02;512.02;NORMAL;N
1040000;513.48;512.48;NORMAL;N
1042000;513.14;512.14;NORMAL;N
1044000;512.37;511.37;NORMAL;N
1046000;513.94;512.95;NORMAL;N
1048000;512.35;511.35;NORMAL;N
1050000;512.94;511.94;NORMAL;N
1052000;512.72;511.73;NORMAL;N
1054000;512.98;511.98;NORMAL;N
1056000;513.45;512.45;NORMAL;N
1058000;512.24;511.25;NORMAL;N
1060000;513.20;512.21;NORMAL;N
1062000;513.49;512.50;NORMAL;N
1064000;513.36;512.36;NORMAL;N
1066000;512.99;512.00;NORMAL;N
1068000;513.49;512.50;NORMAL;N
1070000;512.94;511.95;NORMAL;N
1072000;513.39;512.40;NORMAL;N
1074000;513.23;512.24;NORMAL;N
1076000;512.99;512.00;NORMAL;N
1078000;513.78;512.79;NORMAL;N
1080000;511.74;510.75;NORMAL;N
1082000;513.37;512.38;NORMAL;N
1084000;513.45;512.46;NORMAL;N
1086000;512.14;511.15;NORMAL;N
1088000;511.85;510.86;NORMAL;N
1090000;514.93;513.94;NORMAL;N
1092000;513.04;512.05;NORMAL;N
1094000;514.24;513.25;NORMAL;N
1096000;513.70;512.71;NORMAL;N
1098000;514.31;513.32;NORMAL;N
1100000;513.94;512.95;NORMAL;N
1102000;512.51;511.52;NORMAL;N
1104000;513.29;512.30;NORMAL;N
1106000;513.12;512.13;NORMAL;N
1108000;513.49;512.50;NORMAL;N
1110000;511.48;510.49;NORMAL;N
1112000;512.86;511.88;NORMAL;N
1114000;511.88;510.90;NORMAL;N
1116000;512.00;511.02;NORMAL;N
1118000;514.61;513.63;NORMAL;N
1120000;512.66;511.68;NORMAL;N
1122000;512.20;511.22;NORMAL;N
1124000;513.54;512.55;NORMAL;N
1126000;513.85;512.87;NORMAL;N
1128000;512.12;511.14;NORMAL;N
1130000;512.41;511.43;NORMAL;N
1132000;512.49;511.51;NORMAL;N
1134000;512.58;511.60;NORMAL;N
1136000;512.93;511.96;NORMAL;N
1138000;512.92;511.94;NORMAL;N
1140000;512.96;511.98;NORMAL;N
1142000;514.44;513.47;NORMAL;N
1144000;513.27;512.30;NORMAL;N
1146000;513.53;512.56;NORMAL;N
1148000;513.21;512.24;NORMAL;N
1150000;513.43;512.45;NORMAL;N
1152000;512.40;511.43;NORMAL;N
1154000;513.40;512.43;NORMAL;N
1156000;514.87;513.90;NORMAL;N
1158000;513.20;512.23;NORMAL;N
1160000;509.69;508.72;NORMAL;N
1162000;512.96;511.99;NORMAL;N
1164000;514.41;513.44;NORMAL;N
1166000;513.77;512.80;NORMAL;N
1168000;512.98;512.01;NORMAL;N
1170000;512.84;511.88;NORMAL;N
1172000;513.81;512.85;NORMAL;N
1174000;512.96;512.00;NORMAL;N
1176000;513.10;512.13;NORMAL;N
1178000;513.64;512.68;NORMAL;N
1180000;512.22;511.26;NORMAL;N
1182000;513.02;512.06;NORMAL;N
1184000;511.75;510.79;NORMAL;N
1186000;512.29;511.33;NORMAL;N
1188000;511.65;510.69;NORMAL;N
1190000;514.62;513.66;NORMAL;N
1192000;513.15;512.19;NORMAL;N
1194000;513.20;512.24;NORMAL;N
1196000;513.56;512.61;NORMAL;N
1198000;512.64;511.69;NORMAL;N
1200000;512.47;511.52;NORMAL;N
1202000;513.68;512.73;NORMAL;N
1204000;513.54;512.59;NORMAL;N
1206000;512.31;511.36;NORMAL;N
1208000;511.58;510.64;NORMAL;N
1210000;512.41;511.46;NORMAL;N
1212000;512.24;511.30;NORMAL;N
1214000;512.59;511.64;NORMAL;N
1216000;513.50;512.56;NORMAL;N
1218000;512.41;511.46;NORMAL;N
1220000;513.47;512.53;NORMAL;N
1222000;513.89;512.95;NORMAL;N
1224000;512.22;511.28;NORMAL;N
1226000;511.20;510.26;NORMAL;N
1228000;511.52;510.59;NORMAL;N
1230000;511.39;510.45;NORMAL;N
1232000;513.15;512.22;NORMAL;N
1234000;512.69;511.76;NORMAL;N
1236000;514.46;513.53;NORMAL;N
1238000;512.95;512.02;NORMAL;N
1240000;512.05;511.12;NORMAL;N
1242000;513.53;512.61;NORMAL;N
1244000;513.17;512.24;NORMAL;N
1246000;512.20;511.27;NORMAL;N
1248000;513.46;512.54;NORMAL;N
1250000;512.56;511.63;NORMAL;N
1252000;511.54;510.61;NORMAL;N
1254000;513.00;512.08;NORMAL;N
1256000;513.71;512.79;NORMAL;N
1258000;511.98;511.06;NORMAL;N
1260000;512.81;511.90;NORMAL;N
1262000;512.05;511.14;NORMAL;N
1264000;512.64;511.72;NORMAL;N
1266000;514.37;513.46;NORMAL;N
1268000;513.41;512.50;NORMAL;N
1270000;512.88;511.97;NORMAL;N
1272000;513.35;512.44;NORMAL;N
1274000;513.15;512.24;NORMAL;N
1276000;513.21;512.30;NORMAL;N
1278000;513.03;512.13;NORMAL;N
1280000;512.55;511.65;NORMAL;N
1282000;513.91;513.00;NORMAL;N
1284000;514.43;513.53;NORMAL;N
1286000;513.13;512.23;NORMAL;N
1288000;512.75;511.86;NORMAL;N
1290000;511.39;510.49;NORMAL;N
1292000;512.53;511.63;NORMAL;N
1294000;514.47;513.57;NORMAL;N
1296000;512.30;511.41;NORMAL;N
1298000;512.88;511.99;NORMAL;N
1300000;513.79;512.90;NORMAL;N
1302000;511.20;510.31;NORMAL;N
1304000;514.19;513.30;NORMAL;N
1306000;513.30;512.41;NORMAL;N
1308000;513.18;512.30;NORMAL;N
1310000;512.92;512.03;NORMAL;N
1312000;513.70;512.82;NORMAL;N
1314000;512.63;511.75;NORMAL;N
1316000;512.02;511.15;NORMAL;N
1318000;513.37;512.49;NORMAL;N
1320000;512.67;511.79;NORMAL;N
1322000;513.38;512.51;NORMAL;N
1324000;513.69;512.82;NORMAL;N
1326000;513.62;512.75;NORMAL;N
1328000;512.98;512.11;NORMAL;N
1330000;512.26;511.39;NORMAL;N
1332000;513.49;512.62;NORMAL;N
1334000;513.73;512.86;NORMAL;N
1336000;514.26;513.39;NORMAL;N
1338000;514.67;513.81;NORMAL;N
1340000;513.11;512.24;NORMAL;N
1342000;513.47;512.61;NORMAL;N
1344000;512.88;512.02;NORMAL;N
1346000;512.41;511.56;NORMAL;N
1348000;515.07;514.21;NORMAL;N
1350000;513.20;512.35;NORMAL;N
1352000;512.66;511.81;NORMAL;N
1354000;512.71;511.87;NORMAL;N
1356000;513.19;512.34;NORMAL;N
1358000;512.69;511.85;NORMAL;N
1360000;513.57;512.72;NORMAL;N
1362000;514.13;513.29;NORMAL;N
1364000;513.13;512.29;NORMAL;N
1366000;513.28;512.44;NORMAL;N
1368000;512.43;511.60;NORMAL;N
1370000;512.89;512.05;NORMAL;N
1372000;513.28;512.45;NORMAL;N
1374000;511.87;511.04;NORMAL;N
1376000;511.87;511.04;NORMAL;N
1378000;512.59;511.76;NORMAL;N
1380000;512.62;511.79;NORMAL;N
1382000;511.75;510.92;NORMAL;N
1384000;512.99;512.17;NORMAL;N
1386000;513.03;512.21;NORMAL;N
1388000;513.18;512.36;NORMAL;N
1390000;511.78;510.96;NORMAL;N
1392000;513.01;512.20;NORMAL;N
1394000;511.48;510.67;NORMAL;N
1396000;512.73;511.92;NORMAL;N
1398000;513.83;513.02;NORMAL;N
1400000;514.12;513.31;NORMAL;N
1402000;513.41;512.60;NORMAL;N
1404000;512.53;511.73;NORMAL;N
1406000;513.66;512.86;NORMAL;N
1408000;513.00;512.19;NORMAL;N
1410000;512.50;511.70;NORMAL;N
1412000;512.67;511.87;NORMAL;N
1414000;514.33;513.53;NORMAL;N
1416000;514.72;513.93;NORMAL;N
1418000;512.96;512.17;NORMAL;N
1420000;511.81;511.02;NORMAL;N
1422000;512.03;511.24;NORMAL;N
1424000;512.58;511.79;NORMAL;N
1426000;512.85;512.07;NORMAL;N
1428000;513.17;512.39;NORMAL;N
1430000;511.37;510.59;NORMAL;N
1432000;513.01;512.23;NORMAL;N
1434000;512.69;511.91;NORMAL;N
1436000;513.61;512.84;NORMAL;N
1438000;512.67;511.90;NORMAL;N
1440000;511.11;510.34;NORMAL;N
1442000;513.65;512.89;NORMAL;N
1444000;512.76;512.00;NORMAL;N
1446000;513.40;512.63;NORMAL;N
1448000;511.43;510.66;NORMAL;N
1450000;512.67;511.91;NORMAL;N
1452000;513.49;512.73;NORMAL;N
1454000;511.89;511.14;NORMAL;N
1456000;512.73;511.97;NORMAL;N
1458000;514.32;513.56;NORMAL;N
1460000;511.84;511.09;NORMAL;N
1462000;512.52;511.78;NORMAL;N
1464000;512.14;511.39;NORMAL;N
1466000;512.67;511.93;NORMAL;N
1468000;512.25;511.50;NORMAL;N
1470000;512.41;511.67;NORMAL;N
1472000;513.63;512.89;NORMAL;N
1474000;512.81;512.07;NORMAL;N
1476000;510.95;510.22;NORMAL;N
1478000;512.20;511.47;NORMAL;N
1480000;513.52;512.79;NORMAL;N
1482000;513.85;513.12;NORMAL;N
1484000;513.32;512.60;NORMAL;N
1486000;512.07;511.35;NORMAL;N
1488000;512.30;511.58;NORMAL;N
1490000;512.47;511.75;NORMAL;N
1492000;512.18;511.46;NORMAL;N
1494000;512.52;511.81;NORMAL;N
1496000;511.64;510.93;NORMAL;N
1498000;512.96;512.25;NORMAL;N
1500000;512.63;511.92;NORMAL;N
1502000;511.71;511.01;NORMAL;N
1504000;511.14;510.44;NORMAL;N
1506000;513.34;512.64;NORMAL;N
1508000;512.35;511.65;NORMAL;N
1510000;512.50;511.81;NORMAL;N
1512000;512.09;511.40;NORMAL;N
1514000;512.55;511.86;NORMAL;N
1516000;513.22;512.53;NORMAL;N
1518000;512.24;511.55;NORMAL;N
1520000;513.35;512.67;NORMAL;N
1522000;512.55;511.86;NORMAL;N
1524000;512.67;511.99;NORMAL;N
1526000;513.60;512.92;NORMAL;N
1528000;512.82;512.15;NORMAL;N
1530000;511.59;510.92;NORMAL;N
1532000;512.54;511.86;NORMAL;N
1534000;512.36;511.69;NORMAL;N
1536000;512.26;511.60;NORMAL;N
1538000;511.85;511.19;NORMAL;N
1540000;513.06;512.40;NORMAL;N
1542000;513.24;512.58;NORMAL;N
1544000;512.89;512.24;NORMAL;N
1546000;512.37;511.72;NORMAL;N
1548000;512.87;512.22;NORMAL;N
1550000;512.89;512.24;NORMAL;N
1552000;513.76;513.11;NORMAL;N
1554000;512.59;511.95;NORMAL;N
1556000;512.67;512.03;NORMAL;N
1558000;512.30;511.66;NORMAL;N
1560000;512.66;512.02;NORMAL;N
1562000;512.89;512.25;NORMAL;N
1564000;510.75;510.12;NORMAL;N
1566000;513.96;513.33;NORMAL;N
1568000;511.86;511.23;NORMAL;N
1570000;512.54;511.92;NORMAL;N
1572000;512.29;511.67;NORMAL;N
1574000;512.01;511.39;NORMAL;N
1576000;512.00;511.38;NORMAL;N
1578000;512.55;511.93;NORMAL;N
1580000;512.84;512.23;NORMAL;N
1582000;512.60;511.99;NORMAL;N
1584000;513.12;512.52;NORMAL;N
1586000;513.31;512.70;NORMAL;N
1588000;512.65;512.05;NORMAL;N
1590000;512.16;511.56;NORMAL;N
1592000;513.11;512.51;NORMAL;N
1594000;511.76;511.16;NORMAL;N
1596000;511.91;511.32;NORMAL;N
1598000;511.84;511.25;NORMAL;N
1600000;512.82;512.24;NORMAL;N
1602000;514.07;513.49;NORMAL;N
1604000;511.48;510.90;NORMAL;N
1606000;513.08;512.50;NORMAL;N
1608000;512.25;511.67;NORMAL;N
1610000;512.79;512.22;NORMAL;N
1612000;512.98;512.40;NORMAL;N
1614000;513.68;513.11;NORMAL;N
1616000;513.20;512.63;NORMAL;N
1618000;511.31;510.75;NORMAL;N
1620000;511.56;511.00;NORMAL;N
1622000;512.64;512.08;NORMAL;N
1624000;511.93;511.38;NORMAL;N
1626000;512.39;511.84;NORMAL;N
1628000;513.69;513.14;NORMAL;N
1630000;512.17;511.62;NORMAL;N
1632000;512.25;511.70;NORMAL;N
1634000;512.26;511.72;NORMAL;N
1636000;512.77;512.22;NORMAL;N
1638000;512.08;511.54;NORMAL;N
1640000;510.90;510.37;NORMAL;N
1642000;511.15;510.62;NORMAL;N
1644000;512.38;511.85;NORMAL;N
1646000;512.43;511.90;NORMAL;N
1648000;513.10;512.58;NORMAL;N
1650000;511.54;511.02;NORMAL;N
1652000;512.09;511.57;NORMAL;N
1654000;511.27;510.76;NORMAL;N
1656000;512.22;511.71;NORMAL;N
1658000;511.51;511.00;NORMAL;N
1660000;513.08;512.57;NORMAL;N
1662000;512.35;511.84;NORMAL;N
1664000;512.31;511.81;NORMAL;N
1666000;511.89;511.39;NORMAL;N
1668000;512.19;511.69;NORMAL;N
1670000;511.86;511.37;NORMAL;N
1672000;513.55;513.06;NORMAL;N
1674000;512.84;512.35;NORMAL;N
1676000;512.87;512.38;NORMAL;N
1678000;513.27;512.79;NORMAL;N
1680000;512.43;511.95;NORMAL;N
1682000;512.98;512.50;NORMAL;N
1684000;512.26;511.78;NORMAL;N
1686000;511.98;511.50;NORMAL;N
1688000;513.68;513.21;NORMAL;N
1690000;511.72;511.26;NORMAL;N
1692000;511.39;510.93;NORMAL;N
1694000;512.51;512.05;NORMAL;N
1696000;512.47;512.01;NORMAL;N
1698000;511.33;510.87;NORMAL;N
1700000;512.51;512.06;NORMAL;N
1702000;511.82;511.37;NORMAL;N
1704000;511.19;510.74;NORMAL;N
1706000;511.87;511.43;NORMAL;N
1708000;512.28;511.84;NORMAL;N
1710000;513.33;512.89;NORMAL;N
1712000;512.02;511.58;NORMAL;N
1714000;511.77;511.33;NORMAL;N
1716000;510.43;510.00;NORMAL;N
1718000;513.15;512.72;NORMAL;N
1720000;513.01;512.58;NORMAL;N
1722000;511.80;511.37;NORMAL;N
1724000;511.40;510.98;NORMAL;N
1726000;511.75;511.33;NORMAL;N
1728000;511.99;511.57;NORMAL;N
1730000;511.31;510.90;NORMAL;N
1732000;511.16;510.75;NORMAL;N
1734000;511.67;511.27;NORMAL;N
1736000;513.08;512.68;NORMAL;N
1738000;512.41;512.01;NORMAL;N
1740000;512.80;512.41;NORMAL;N
1742000;513.51;513.12;NORMAL;N
1744000;512.95;512.56;NORMAL;N
1746000;511.55;511.16;NORMAL;N
1748000;514.03;513.64;NORMAL;N
1750000;511.93;511.55;NORMAL;N
1752000;513.16;512.78;NORMAL;N
1754000;513.10;512.72;NORMAL;N
1756000;512.01;511.64;NORMAL;N
1758000;512.19;511.82;NORMAL;N
1760000;510.62;510.25;NORMAL;N
1762000;512.25;511.88;NORMAL;N
1764000;512.49;512.12;NORMAL;N
1766000;512.96;512.60;NORMAL;N
1768000;513.67;513.31;NORMAL;N
1770000;511.34;510.99;NORMAL;N
1772000;512.14;511.79;NORMAL;N
1774000;511.25;510.90;NORMAL;N
1776000;512.65;512.31;NORMAL;N
1778000;512.98;512.64;NORMAL;N
1780000;512.07;511.73;NORMAL;N
1782000;513.01;512.67;NORMAL;N
1784000;511.82;511.49;NORMAL;N
1786000;512.41;512.08;NORMAL;N
1788000;512.03;511.70;NORMAL;N
1790000;512.23;511.90;NORMAL;N
1792000;512.52;512.20;NORMAL;N
1794000;512.50;512.18;NORMAL;N
1796000;513.41;513.09;NORMAL;N
1798000;512.21;511.89;NORMAL;N
1800000;513.12;512.81;NORMAL;N
1802000;512.48;512.18;NORMAL;N
1804000;512.07;511.76;NORMAL;N
1806000;512.39;512.09;NORMAL;N
1808000;512.31;512.01;NORMAL;N
1810000;513.83;513.53;NORMAL;N
1812000;513.12;512.83;NORMAL;N
1814000;513.67;513.38;NORMAL;N
1816000;512.62;512.33;NORMAL;N
1818000;512.12;511.83;NORMAL;N
1820000;511.33;511.06;NORMAL;N
1822000;512.50;512.22;NORMAL;N
1824000;512.65;512.37;NORMAL;N
1826000;512.24;511.97;NORMAL;N
1828000;511.84;511.57;NORMAL;N
1830000;513.58;513.32;NORMAL;N
1832000;512.21;511.95;NORMAL;N
1834000;510.85;510.59;NORMAL;N
1836000;511.60;511.34;NORMAL;N
1838000;511.35;511.10;NORMAL;N
1840000;511.19;510.94;NORMAL;N
1842000;511.94;511.69;NORMAL;N
1844000;511.86;511.61;NORMAL;N
1846000;511.74;511.50;NORMAL;N
1848000;512.05;511.81;NORMAL;N
1850000;511.79;511.56;NORMAL;N
1852000;512.24;512.01;NORMAL;N
1854000;511.62;511.39;NORMAL;N
1856000;512.45;512.23;NORMAL;N
1858000;512.62;512.40;NORMAL;N
1860000;512.78;512.56;NORMAL;N
1862000;512.25;512.03;NORMAL;N
1864000;511.77;511.56;NORMAL;N
1866000;512.06;511.85;NORMAL;N
1868000;511.79;511.58;NORMAL;N
1870000;512.07;511.86;NORMAL;N
1872000;512.89;512.69;NORMAL;N
1874000;511.93;511.73;NORMAL;N
1876000;514.10;513.91;NORMAL;N
1878000;512.48;512.29;NORMAL;N
1880000;512.99;512.81;NORMAL;N
1882000;513.70;513.52;NORMAL;N
1884000;511.83;511.65;NORMAL;N
1886000;513.12;512.94;NORMAL;N
1888000;510.12;509.95;NORMAL;N
1890000;512.74;512.57;NORMAL;N
1892000;512.66;512.50;NORMAL;N
1894000;513.26;513.10;NORMAL;N
1896000;512.02;511.86;NORMAL;N
1898000;513.47;513.31;NORMAL;N
1900000;512.50;512.35;NORMAL;N
1902000;510.85;510.69;NORMAL;N
1904000;511.83;511.68;NORMAL;N
1906000;512.28;512.14;NORMAL;N
1908000;511.08;510.94;NORMAL;N
1910000;512.47;512.33;NORMAL;N
1912000;510.41;510.27;NORMAL;N
1914000;513.15;513.01;NORMAL;N
1916000;511.97;511.84;NORMAL;N
1918000;510.81;510.68;NORMAL;N
1920000;511.81;511.68;NORMAL;N
1922000;510.84;510.72;NORMAL;N
1924000;511.59;511.47;NORMAL;N
1926000;511.85;511.73;NORMAL;N
1928000;511.09;510.98;NORMAL;N
1930000;512.26;512.15;NORMAL;N
1932000;511.84;511.73;NORMAL;N
1934000;511.70;511.59;NORMAL;N
1936000;512.42;512.32;NORMAL;N
1938000;512.94;512.84;NORMAL;N
1940000;512.78;512.68;NORMAL;N
1942000;511.90;511.81;NORMAL;N
1944000;511.81;511.72;NORMAL;N
1946000;512.65;512.57;NORMAL;N
1948000;512.31;512.23;NORMAL;N
1950000;511.00;510.92;NORMAL;N
1952000;513.72;513.65;NORMAL;N
1954000;510.99;510.92;NORMAL;N
1956000;511.04;510.97;NORMAL;N
1958000;512.61;512.55;NORMAL;N
1960000;512.20;512.14;NORMAL;N
1962000;513.51;513.45;NORMAL;N
1964000;513.42;513.36;NORMAL;N
1966000;513.38;513.33;NORMAL;N
1968000;512.21;512.16;NORMAL;N
1970000;511.02;510.97;NORMAL;N
1972000;512.89;512.85;NORMAL;N
1974000;511.63;511.59;NORMAL;N
1976000;513.09;513.05;NORMAL;N
1978000;511.21;511.18;NORMAL;N
1980000;511.95;511.92;NORMAL;N
1982000;511.73;511.70;NORMAL;N
1984000;512.26;512.23;NORMAL;N
1986000;512.82;512.80;NORMAL;N
1988000;512.07;512.05;NORMAL;N
1990000;511.52;511.50;NORMAL;N
1992000;511.68;511.67;NORMAL;N
1994000;512.11;512.10;NORMAL;N
1996000;512.89;512.88;NORMAL;N
1998000;512.59;512.59;NORMAL;N
2000000;513.37;513.37;NORMAL;N
2002000;512.26;512.26;NORMAL;N
2004000;511.25;511.26;NORMAL;N
2006000;513.22;513.23;NORMAL;N
2008000;511.63;511.64;NORMAL;N
2010000;510.25;510.26;NORMAL;N
2012000;512.28;512.30;NORMAL;N
2014000;510.70;510.72;NORMAL;N
2016000;511.59;511.62;NORMAL;N
2018000;511.95;511.98;NORMAL;N
2020000;512.62;512.65;NORMAL;N
2022000;512.19;512.23;NORMAL;N
2024000;510.94;510.98;NORMAL;N
2026000;512.44;512.48;NORMAL;N
2028000;511.16;511.21;NORMAL;N
2030000;512.51;512.56;NORMAL;N
2032000;512.75;512.80;NORMAL;N
2034000;511.64;511.69;NORMAL;N
2036000;512.04;512.10;NORMAL;N
2038000;512.66;512.72;NORMAL;N
2040000;512.61;512.68;NORMAL;N
2042000;512.99;513.06;NORMAL;N
2044000;513.39;513.46;NORMAL;N
2046000;512.15;512.22;NORMAL;N
2048000;511.33;511.41;NORMAL;N
2050000;511.59;511.67;NORMAL;N
2052000;511.40;511.48;NORMAL;N
2054000;512.86;512.94;NORMAL;N
2056000;513.38;513.46;NORMAL;N
2058000;511.97;512.06;NORMAL;N
2060000;512.18;512.27;NORMAL;N
2062000;511.33;511.43;NORMAL;N
2064000;511.46;511.56;NORMAL;N
2066000;511.69;511.79;NORMAL;N
2068000;511.87;511.98;NORMAL;N
2070000;511.70;511.81;NORMAL;N
2072000;512.70;512.82;NORMAL;N
2074000;511.82;511.93;NORMAL;N
2076000;512.87;512.99;NORMAL;N
2078000;511.30;511.42;NORMAL;N
2080000;512.26;512.38;NORMAL;N
2082000;511.31;511.44;NORMAL;N
2084000;510.66;510.79;NORMAL;N
2086000;511.37;511.50;NORMAL;N
2088000;511.97;512.10;NORMAL;N
2090000;513.03;513.18;NORMAL;N
2092000;513.12;513.27;NORMAL;N
2094000;511.03;511.17;NORMAL;N
2096000;512.69;512.84;NORMAL;N
2098000;512.56;512.71;NORMAL;N
2100000;511.89;512.05;NORMAL;N
2102000;510.80;510.96;NORMAL;N
2104000;511.58;511.74;NORMAL;N
2106000;510.64;510.81;NORMAL;N
2108000;513.14;513.31;NORMAL;N
2110000;511.58;511.75;NORMAL;N
2112000;510.21;510.38;NORMAL;N
2114000;510.88;511.05;NORMAL;N
2116000;512.04;512.22;NORMAL;N
2118000;512.47;512.65;NORMAL;N
2120000;512.39;512.58;NORMAL;N
2122000;511.41;511.60;NORMAL;N
2124000;511.86;512.05;NORMAL;N
2126000;511.72;511.92;NORMAL;N
2128000;510.07;510.27;NORMAL;N
2130000;513.01;513.22;NORMAL;N
2132000;510.73;510.93;NORMAL;N
2134000;510.92;511.13;NORMAL;N
2136000;512.83;513.04;NORMAL;N
2138000;509.78;510.00;NORMAL;N
2140000;510.92;511.13;NORMAL;N
2142000;513.14;513.36;NORMAL;N
2144000;512.65;512.87;NORMAL;N
2146000;511.99;512.22;NORMAL;N
2148000;510.16;510.39;NORMAL;N
2150000;513.07;513.30;NORMAL;N
2152000;511.59;511.83;NORMAL;N
2154000;511.45;511.69;NORMAL;N
2156000;512.26;512.50;NORMAL;N
2158000;511.55;511.79;NORMAL;N
2160000;512.05;512.30;NORMAL;N
2162000;510.90;511.15;NORMAL;N
2164000;512.44;512.70;NORMAL;N
2166000;512.05;512.31;NORMAL;N
2168000;512.90;513.16;NORMAL;N
2170000;510.96;511.22;NORMAL;N
2172000;511.26;511.52;NORMAL;N
2174000;510.59;510.86;NORMAL;N
2176000;512.29;512.57;NORMAL;N
2178000;511.90;512.18;NORMAL;N
2180000;510.82;511.10;NORMAL;N
2182000;513.01;513.29;NORMAL;N
2184000;512.41;512.70;NORMAL;N
2186000;510.33;510.62;NORMAL;N
2188000;510.62;510.91;NORMAL;N
2190000;512.90;513.20;NORMAL;N
2192000;513.14;513.44;NORMAL;N
2194000;512.74;513.04;NORMAL;N
2196000;511.24;511.55;NORMAL;N
2198000;510.13;510.43;NORMAL;N
2200000;514.70;515.01;NORMAL;N
2202000;511.61;511.93;NORMAL;N
2204000;510.19;510.50;NORMAL;N
2206000;513.28;513.60;NORMAL;N
2208000;511.47;511.79;NORMAL;N
2210000;511.18;511.50;NORMAL;N
2212000;510.36;510.68;NORMAL;N
2214000;512.55;512.88;NORMAL;N
2216000;511.82;512.15;NORMAL;N
2218000;511.72;512.06;NORMAL;N
2220000;512.48;512.82;NORMAL;N
2222000;512.35;512.69;NORMAL;N
2224000;510.75;511.10;NORMAL;N
2226000;510.23;510.58;NORMAL;N
2228000;511.06;511.41;NORMAL;N
2230000;512.75;513.10;NORMAL;N
2232000;512.20;512.56;NORMAL;N
2234000;510.39;510.75;NORMAL;N
2236000;512.67;513.03;NORMAL;N
2238000;512.06;512.43;NORMAL;N
2240000;511.38;511.75;NORMAL;N
2242000;511.70;512.07;NORMAL;N
2244000;510.84;511.21;NORMAL;N
2246000;512.42;512.80;NORMAL;N
2248000;510.86;511.24;NORMAL;N
2250000;511.67;512.06;NORMAL;N
2252000;512.40;512.78;NORMAL;N
2254000;512.81;513.20;NORMAL;N
2256000;511.71;512.10;NORMAL;N
2258000;510.55;510.95;NORMAL;N
2260000;511.31;511.71;NORMAL;N
2262000;511.57;511.97;NORMAL;N
2264000;511.43;511.83;NORMAL;N
2266000;512.19;512.59;NORMAL;N
2268000;511.47;511.88;NORMAL;N
2270000;511.12;511.53;NORMAL;N
2272000;511.21;511.62;NORMAL;N
2274000;512.89;513.30;NORMAL;N
2276000;511.40;511.82;NORMAL;N
2278000;512.11;512.53;NORMAL;N
2280000;510.04;510.46;NORMAL;N
2282000;510.99;511.42;NORMAL;N
2284000;512.28;512.72;NORMAL;N
2286000;509.66;510.09;NORMAL;N
2288000;511.88;512.32;NORMAL;N
2290000;511.12;511.56;NORMAL;N
2292000;512.03;512.48;NORMAL;N
2294000;511.74;512.18;NORMAL;N
2296000;511.53;511.98;NORMAL;N
2298000;511.13;511.59;NORMAL;N
2300000;511.91;512.37;NORMAL;N
2302000;510.65;511.11;NORMAL;N
2304000;510.90;511.36;NORMAL;N
2306000;511.63;512.09;NORMAL;N
2308000;512.23;512.69;NORMAL;N
2310000;509.94;510.41;NORMAL;N
2312000;511.50;511.97;NORMAL;N
2314000;511.40;511.87;NORMAL;N
2316000;511.80;512.27;NORMAL;N
2318000;510.46;510.94;NORMAL;N
2320000;509.76;510.25;NORMAL;N
2322000;512.51;512.99;NORMAL;N
2324000;512.86;513.34;NORMAL;N
2326000;511.25;511.74;NORMAL;N
2328000;510.76;511.25;NORMAL;N
2330000;512.22;512.71;NORMAL;N
2332000;512.04;512.54;NORMAL;N
2334000;511.52;512.02;NORMAL;N
2336000;510.99;511.50;NORMAL;N
2338000;512.41;512.91;NORMAL;N
2340000;511.99;512.49;NORMAL;N
2342000;512.19;512.70;NORMAL;N
2344000;512.00;512.52;NORMAL;N
2346000;512.74;513.25;NORMAL;N
2348000;511.42;511.94;NORMAL;N
2350000;511.78;512.30;NORMAL;N
2352000;511.34;511.87;NORMAL;N
2354000;511.44;511.97;NORMAL;N
2356000;512.35;512.88;NORMAL;N
2358000;510.65;511.18;NORMAL;N
2360000;511.17;511.71;NORMAL;N
2362000;510.53;511.06;NORMAL;N
2364000;510.84;511.38;NORMAL;N
2366000;510.98;511.52;NORMAL;N
2368000;510.92;511.46;NORMAL;N
2370000;511.57;512.12;NORMAL;N
2372000;510.87;511.43;NORMAL;N
2374000;509.62;510.17;NORMAL;N
2376000;511.18;511.74;NORMAL;N
2378000;510.62;511.18;NORMAL;N
2380000;511.65;512.22;NORMAL;N
2382000;510.67;511.23;NORMAL;N
2384000;511.69;512.25;NORMAL;N
2386000;509.70;510.27;NORMAL;N
2388000;511.27;511.85;NORMAL;N
2390000;510.89;511.46;NORMAL;N
2392000;512.16;512.74;NORMAL;N
2394000;512.43;513.01;NORMAL;N
2396000;510.48;511.06;NORMAL;N
2398000;511.63;512.22;NORMAL;N
2400000;511.62;512.21;NORMAL;N
2402000;510.56;511.15;NORMAL;N
2404000;511.28;511.87;NORMAL;N
2406000;510.76;511.35;NORMAL;N
2408000;510.77;511.37;NORMAL;N
2410000;510.25;510.85;NORMAL;N
2412000;510.94;511.55;NORMAL;N
2414000;512.28;512.89;NORMAL;N
2416000;512.96;513.57;NORMAL;N
2418000;510.39;511.00;NORMAL;N
2420000;511.66;512.27;NORMAL;N
2422000;511.93;512.55;NORMAL;N
2424000;512.09;512.71;NORMAL;N
2426000;511.31;511.93;NORMAL;N
2428000;512.63;513.26;NORMAL;N
2430000;511.11;511.73;NORMAL;N
2432000;510.64;511.27;NORMAL;N
2434000;512.30;512.93;NORMAL;N
2436000;512.22;512.85;NORMAL;N
2438000;509.89;510.52;NORMAL;N
2440000;511.70;512.34;NORMAL;N
2442000;511.06;511.70;NORMAL;N
2444000;512.91;513.56;NORMAL;N
2446000;511.86;512.50;NORMAL;N
2448000;512.09;512.73;NORMAL;N
2450000;511.08;511.72;NORMAL;N
2452000;509.75;510.40;NORMAL;N
2454000;511.90;512.55;NORMAL;N
2456000;511.59;512.25;NORMAL;N
2458000;511.70;512.36;NORMAL;N
2460000;511.60;512.26;NORMAL;N
2462000;511.49;512.16;NORMAL;N
2464000;508.94;509.61;NORMAL;N
2466000;511.54;512.21;NORMAL;N
2468000;511.66;512.33;NORMAL;N
2470000;512.19;512.86;NORMAL;N
2472000;511.58;512.26;NORMAL;N
2474000;511.53;512.21;NORMAL;N
2476000;510.68;511.36;NORMAL;N
2478000;511.96;512.65;NORMAL;N
2480000;511.10;511.78;NORMAL;N
2482000;510.81;511.50;NORMAL;N
2484000;511.35;512.04;NORMAL;N
2486000;510.81;511.50;NORMAL;N
2488000;508.95;509.64;NORMAL;N
2490000;511.19;511.89;NORMAL;N
2492000;510.47;511.17;NORMAL;N
2494000;510.76;511.46;NORMAL;N
2496000;511.86;512.56;NORMAL;N
2498000;511.66;512.37;NORMAL;N
2500000;513.12;513.83;NORMAL;N
2502000;511.94;512.65;NORMAL;N
2504000;513.02;513.73;NORMAL;N
2506000;510.76;511.47;NORMAL;N
2508000;510.96;511.67;NORMAL;N
2510000;510.33;511.05;NORMAL;N
2512000;512.28;513.00;NORMAL;N
2514000;509.87;510.59;NORMAL;N
2516000;509.38;510.10;NORMAL;N
2518000;511.98;512.70;NORMAL;N
2520000;512.06;512.79;NORMAL;N
2522000;511.19;511.92;NORMAL;N
2524000;511.31;512.04;NORMAL;N
2526000;511.86;512.60;NORMAL;N
2528000;510.10;510.84;NORMAL;N
2530000;512.20;512.94;NORMAL;N
2532000;510.88;511.62;NORMAL;N
2534000;513.18;513.92;NORMAL;N
2536000;511.56;512.31;NORMAL;N
2538000;511.23;511.98;NORMAL;N
2540000;511.62;512.37;NORMAL;N
2542000;510.53;511.28;NORMAL;N
2544000;511.97;512.73;NORMAL;N
2546000;511.04;511.80;NORMAL;N
2548000;512.62;513.38;NORMAL;N
2550000;512.21;512.97;NORMAL;N
2552000;512.02;512.79;NORMAL;N
2554000;510.46;511.23;NORMAL;N
2556000;511.73;512.49;NORMAL;N
2558000;511.16;511.92;NORMAL;N
2560000;512.25;513.02;NORMAL;N
2562000;511.53;512.30;NORMAL;N
2564000;511.25;512.02;NORMAL;N
2566000;512.07;512.84;NORMAL;N
2568000;511.23;512.01;NORMAL;N
2570000;511.29;512.08;NORMAL;N
2572000;509.86;510.64;NORMAL;N
2574000;512.21;513.00;NORMAL;N
2576000;511.04;511.83;NORMAL;N
2578000;509.87;510.66;NORMAL;N
2580000;511.26;512.05;NORMAL;N
2582000;510.61;511.40;NORMAL;N
2584000;511.36;512.15;NORMAL;N
2586000;511.40;512.19;NORMAL;N
2588000;512.39;513.19;NORMAL;N
2590000;511.20;512.00;NORMAL;N
2592000;510.59;511.39;NORMAL;N
2594000;511.37;512.18;NORMAL;N
2596000;512.70;513.51;NORMAL;N
2598000;510.86;511.66;NORMAL;N
2600000;512.24;513.05;NORMAL;N
2602000;512.29;513.10;NORMAL;N
2604000;511.33;512.14;NORMAL;N
2606000;510.62;511.44;NORMAL;N
2608000;511.91;512.73;NORMAL;N
2610000;510.96;511.78;NORMAL;N
2612000;510.01;510.83;NORMAL;N
2614000;511.85;512.67;NORMAL;N
2616000;511.64;512.46;NORMAL;N
2618000;509.61;510.43;NORMAL;N
2620000;510.58;511.41;NORMAL;N
2622000;510.90;511.73;NORMAL;N
2624000;511.21;512.04;NORMAL;N
2626000;510.37;511.20;NORMAL;N
2628000;511.92;512.75;NORMAL;N
2630000;510.64;511.48;NORMAL;N
2632000;510.51;511.35;NORMAL;N
2634000;511.60;512.44;NORMAL;N
2636000;510.20;511.04;NORMAL;N
2638000;511.37;512.21;NORMAL;N
2640000;512.78;513.62;NORMAL;N
2642000;510.24;511.09;NORMAL;N
2644000;510.96;511.81;NORMAL;N
2646000;510.27;511.12;NORMAL;N
2648000;510.70;511.56;NORMAL;N
2650000;510.22;511.07;NORMAL;N
2652000;511.94;512.79;NORMAL;N
2654000;512.09;512.94;NORMAL;N
2656000;512.83;513.69;NORMAL;N
2658000;510.57;511.43;NORMAL;N
2660000;510.50;511.36;NORMAL;N
2662000;511.06;511.92;NORMAL;N
2664000;511.07;511.93;NORMAL;N
2666000;511.47;512.34;NORMAL;N
2668000;509.33;510.19;NORMAL;N
2670000;512.47;513.34;NORMAL;N
2672000;511.96;512.83;NORMAL;N
2674000;511.45;512.32;NORMAL;N
2676000;511.57;512.45;NORMAL;N
2678000;511.46;512.34;NORMAL;N
2680000;512.97;513.85;NORMAL;N
2682000;512.53;513.41;NORMAL;N
2684000;512.01;512.89;NORMAL;N
2686000;511.91;512.79;NORMAL;N
2688000;511.91;512.79;NORMAL;N
2690000;511.33;512.21;NORMAL;N
2692000;511.87;512.76;NORMAL;N
2694000;511.02;511.91;NORMAL;N
2696000;511.68;512.57;NORMAL;N
2698000;510.05;510.94;NORMAL;N
2700000;512.00;512.89;NORMAL;N
2702000;513.33;514.23;NORMAL;N
2704000;510.06;510.95;NORMAL;N
2706000;510.06;510.95;NORMAL;N
2708000;511.94;512.84;NORMAL;N
2710000;511.74;512.64;NORMAL;N
2712000;509.95;510.85;NORMAL;N
2714000;509.53;510.43;NORMAL;N
2716000;509.53;510.43;NORMAL;N
2718000;511.88;512.78;NORMAL;N
2720000;512.74;513.65;NORMAL;N
2722000;511.23;512.13;NORMAL;N
2724000;511.44;512.34;NORMAL;N
2726000;512.15;513.06;NORMAL;N
2728000;510.89;511.80;NORMAL;N
2730000;511.05;511.96;NORMAL;N
2732000;511.93;512.84;NORMAL;N
2734000;511.76;512.68;NORMAL;N
2736000;512.43;513.35;NORMAL;N
2738000;510.66;511.57;NORMAL;N
2740000;511.54;512.45;NORMAL;N
2742000;509.86;510.78;NORMAL;N
2744000;511.55;512.47;NORMAL;N
2746000;509.60;510.52;NORMAL;N
2748000;509.65;510.57;NORMAL;N
2750000;511.22;512.14;NORMAL;N
2752000;509.61;510.54;NORMAL;N
2754000;511.54;512.47;NORMAL;N
2756000;510.95;511.87;NORMAL;N
2758000;510.46;511.39;NORMAL;N
2760000;510.86;511.79;NORMAL;N
2762000;511.16;512.09;NORMAL;N
2764000;511.93;512.87;NORMAL;N
2766000;511.09;512.03;NORMAL;N
2768000;509.84;510.77;NORMAL;N
2770000;511.20;512.14;NORMAL;N
2772000;511.32;512.26;NORMAL;N
2774000;511.33;512.27;NORMAL;N
2776000;512.80;513.74;NORMAL;N
2778000;511.25;512.19;NORMAL;N
2780000;509.30;510.24;NORMAL;N
2782000;511.21;512.15;NORMAL;N
2784000;509.73;510.67;NORMAL;N
2786000;510.58;511.52;NORMAL;N
2788000;509.76;510.70;NORMAL;N
2790000;510.71;511.65;NORMAL;N
2792000;512.25;513.20;NORMAL;N
2794000;510.20;511.15;NORMAL;N
2796000;512.20;513.15;NORMAL;N
2798000;511.63;512.58;NORMAL;N
2800000;511.53;512.48;NORMAL;N
2802000;510.51;511.46;NORMAL;N
2804000;511.44;512.39;NORMAL;N
2806000;511.18;512.13;NORMAL;N
2808000;510.62;511.58;NORMAL;N
2810000;510.29;511.24;NORMAL;N
2812000;509.47;510.43;NORMAL;N
2814000;508.84;509.80;NORMAL;N
2816000;509.85;510.81;NORMAL;N
2818000;511.92;512.88;NORMAL;N
2820000;510.32;511.28;NORMAL;N
2822000;510.35;511.31;NORMAL;N
2824000;511.34;512.30;NORMAL;N
2826000;508.94;509.90;NORMAL;N
2828000;511.27;512.24;NORMAL;N
2830000;511.34;512.30;NORMAL;N
2832000;511.70;512.67;NORMAL;N
2834000;510.82;511.78;NORMAL;N
2836000;511.54;512.51;NORMAL;N
2838000;511.50;512.47;NORMAL;N
2840000;512.02;512.99;NORMAL;N
2842000;509.80;510.77;NORMAL;N
2844000;508.91;509.88;NORMAL;N
2846000;510.72;511.69;NORMAL;N
2848000;510.98;511.95;NORMAL;N
2850000;511.72;512.69;NORMAL;N
2852000;511.66;512.63;NORMAL;N
2854000;511.50;512.47;NORMAL;N
2856000;511.80;512.77;NORMAL;N
2858000;510.32;511.29;NORMAL;N
2860000;510.15;511.13;NORMAL;N
2862000;510.41;511.39;NORMAL;N
2864000;509.78;510.75;NORMAL;N
2866000;509.59;510.57;NORMAL;N
2868000;511.78;512.76;NORMAL;N
2870000;511.35;512.33;NORMAL;N
2872000;511.32;512.30;NORMAL;N
2874000;510.70;511.68;NORMAL;N
2876000;511.79;512.77;NORMAL;N
2878000;510.79;511.77;NORMAL;N
2880000;511.76;512.74;NORMAL;N
2882000;511.25;512.24;NORMAL;N
2884000;511.15;512.13;NORMAL;N
2886000;510.66;511.65;NORMAL;N
2888000;511.03;512.02;NORMAL;N
2890000;510.48;511.47;NORMAL;N
2892000;511.67;512.66;NORMAL;N
2894000;509.75;510.74;NORMAL;N
2896000;511.16;512.15;NORMAL;N
2898000;511.35;512.34;NORMAL;N
2900000;510.85;511.84;NORMAL;N
2902000;509.97;510.96;NORMAL;N
2904000;508.96;509.95;NORMAL;N
2906000;510.18;511.17;NORMAL;N
2908000;510.80;511.79;NORMAL;N
2910000;509.77;510.76;NORMAL;N
2912000;511.03;512.02;NORMAL;N
2914000;511.69;512.68;NORMAL;N
2916000;510.02;511.01;NORMAL;N
2918000;511.60;512.59;NORMAL;N
2920000;510.30;511.29;NORMAL;N
2922000;510.78;511.78;NORMAL;N
2924000;510.85;511.84;NORMAL;N
2926000;510.00;510.99;NORMAL;N
2928000;510.43;511.42;NORMAL;N
2930000;511.30;512.29;NORMAL;N
2932000;511.98;512.97;NORMAL;N
2934000;512.69;513.69;NORMAL;N
2936000;512.01;513.00;NORMAL;N
2938000;512.42;513.41;NORMAL;N
2940000;511.15;512.14;NORMAL;N
2942000;510.78;511.77;NORMAL;N
2944000;509.87;510.86;NORMAL;N
2946000;510.69;511.69;NORMAL;N
2948000;510.60;511.59;NORMAL;N
2950000;509.78;510.77;NORMAL;N
2952000;509.08;510.08;NORMAL;N
2954000;510.86;511.85;NORMAL;N
2956000;512.05;513.05;NORMAL;N
2958000;511.50;512.50;NORMAL;N
2960000;510.87;511.87;NORMAL;N
2962000;509.69;510.69;NORMAL;N
2964000;510.08;511.07;NORMAL;N
2966000;511.21;512.20;NORMAL;N
2968000;510.62;511.62;NORMAL;N
2970000;511.24;512.24;NORMAL;N
2972000;510.81;511.81;NORMAL;N
2974000;510.30;511.30;NORMAL;N
2976000;510.53;511.53;NORMAL;N
2978000;511.21;512.21;NORMAL;N
2980000;510.96;511.96;NORMAL;N
2982000;510.87;511.87;NORMAL;N
2984000;511.58;512.58;NORMAL;N
2986000;510.94;511.94;NORMAL;N
2988000;510.83;511.83;NORMAL;N
2990000;510.65;511.65;NORMAL;N
2992000;510.02;511.02;NORMAL;N
2994000;511.03;512.03;NORMAL;N
2996000;510.51;511.51;NORMAL;N
2998000;509.69;510.69;NORMAL;N
3000000;511.16;512.16;NORMAL;N
3002000;510.80;511.80;NORMAL;N
3004000;510.96;511.96;NORMAL;N
3006000;511.11;512.11;NORMAL;N
3008000;511.41;512.41;NORMAL;N
3010000;511.33;512.33;NORMAL;N
3012000;510.80;511.80;NORMAL;N
3014000;510.50;511.50;NORMAL;N
3016000;511.04;512.04;NORMAL;N
3018000;510.47;511.47;NORMAL;N
3020000;510.94;511.94;NORMAL;N
3022000;511.65;512.65;NORMAL;N
3024000;510.95;511.95;NORMAL;N
3026000;511.78;512.78;NORMAL;N
3028000;510.23;511.23;NORMAL;N
3030000;510.98;511.98;NORMAL;N
3032000;509.59;510.59;NORMAL;N
3034000;511.47;512.47;NORMAL;N
3036000;509.25;510.25;NORMAL;N
3038000;512.25;513.25;NORMAL;N
3040000;511.04;512.03;NORMAL;N
3042000;508.94;509.93;NORMAL;N
3044000;511.00;512.00;NORMAL;N
3046000;510.55;511.55;NORMAL;N
3048000;512.10;513.09;NORMAL;N
3050000;510.69;511.68;NORMAL;N
3052000;511.73;512.72;NORMAL;N
3054000;510.95;511.95;NORMAL;N
3056000;510.82;511.82;NORMAL;N
3058000;510.41;511.40;NORMAL;N
3060000;511.05;512.04;NORMAL;N
3062000;511.57;512.57;NORMAL;N
3064000;512.26;513.25;NORMAL;N
3066000;510.26;511.26;NORMAL;N
3068000;510.50;511.49;NORMAL;N
3070000;509.14;510.14;NORMAL;N
3072000;512.03;513.02;NORMAL;N
3074000;510.27;511.27;NORMAL;N
3076000;510.54;511.53;NORMAL;N
3078000;510.50;511.49;NORMAL;N
3080000;511.48;512.47;NORMAL;N
3082000;510.73;511.73;NORMAL;N
3084000;512.11;513.10;NORMAL;N
3086000;509.96;510.95;NORMAL;N
3088000;510.48;511.47;NORMAL;N
3090000;511.66;512.65;NORMAL;N
3092000;510.93;511.92;NORMAL;N
3094000;512.55;513.54;NORMAL;N
3096000;511.67;512.66;NORMAL;N
3098000;512.72;513.71;NORMAL;N
3100000;511.33;512.32;NORMAL;N
3102000;511.08;512.07;NORMAL;N
3104000;510.65;511.64;NORMAL;N
3106000;511.82;512.81;NORMAL;N
3108000;511.52;512.50;NORMAL;N
3110000;513.35;514.33;NORMAL;N
3112000;511.32;512.30;NORMAL;N
3114000;512.23;513.21;NORMAL;N
3116000;511.83;512.81;NORMAL;N
3118000;511.77;512.75;NORMAL;N
3120000;512.00;512.98;NORMAL;N
3122000;510.45;511.43;NORMAL;N
3124000;510.11;511.09;NORMAL;N
3126000;511.74;512.72;NORMAL;N
3128000;510.64;511.62;NORMAL;N
3130000;510.12;511.10;NORMAL;N
3132000;511.34;512.31;NORMAL;N
3134000;512.02;513.00;NORMAL;N
3136000;511.76;512.74;NORMAL;N
3138000;511.31;512.29;NORMAL;N
3140000;511.89;512.86;NORMAL;N
3142000;511.42;512.40;NORMAL;N
3144000;510.34;511.31;NORMAL;N
3146000;510.84;511.81;NORMAL;N
3148000;511.54;512.52;NORMAL;N
3150000;509.91;510.88;NORMAL;N
3152000;510.78;511.75;NORMAL;N
3154000;512.16;513.13;NORMAL;N
3156000;509.61;510.58;NORMAL;N
3158000;511.65;512.61;NORMAL;N
3160000;509.86;510.83;NORMAL;N
3162000;511.03;512.00;NORMAL;N
3164000;510.32;511.29;NORMAL;N
3166000;510.31;511.28;NORMAL;N
3168000;511.73;512.69;NORMAL;N
3170000;509.97;510.93;NORMAL;N
3172000;510.51;511.47;NORMAL;N
3174000;509.14;510.10;NORMAL;N
3176000;510.94;511.90;NORMAL;N
3178000;512.02;512.98;NORMAL;N
3180000;509.75;510.71;NORMAL;N
3182000;512.35;513.31;NORMAL;N
3184000;511.10;512.06;NORMAL;N
3186000;510.62;511.57;NORMAL;N
3188000;509.13;510.09;NORMAL;N
3190000;511.73;512.68;NORMAL;N
3192000;512.28;513.24;NORMAL;N
3194000;510.83;511.78;NORMAL;N
3196000;511.63;512.58;NORMAL;N
3198000;510.85;511.80;NORMAL;N
3200000;511.10;512.06;NORMAL;N
3202000;510.48;511.43;NORMAL;N
3204000;511.69;512.64;NORMAL;N
3206000;510.65;511.60;NORMAL;N
3208000;511.29;512.24;NORMAL;N
3210000;510.63;511.57;NORMAL;N
3212000;510.81;511.75;NORMAL;N
3214000;510.31;511.25;NORMAL;N
3216000;511.23;512.18;NORMAL;N
3218000;509.88;510.82;NORMAL;N
3220000;511.46;512.40;NORMAL;N
3222000;511.68;512.62;NORMAL;N
3224000;511.66;512.60;NORMAL;N
3226000;511.88;512.82;NORMAL;N
3228000;509.56;510.50;NORMAL;N
3230000;511.06;511.99;NORMAL;N
3232000;511.00;511.93;NORMAL;N
3234000;510.58;511.52;NORMAL;N
3236000;511.01;511.94;NORMAL;N
3238000;508.47;509.40;NORMAL;N
3240000;511.22;512.15;NORMAL;N
3242000;511.10;512.03;NORMAL;N
3244000;511.49;512.41;NORMAL;N
3246000;511.15;512.07;NORMAL;N
3248000;511.78;512.70;NORMAL;N
3250000;512.00;512.92;NORMAL;N
3252000;510.79;511.71;NORMAL;N
3254000;510.78;511.70;NORMAL;N
3256000;511.36;512.28;NORMAL;N
3258000;511.13;512.05;NORMAL;N
3260000;509.83;510.75;NORMAL;N
3262000;511.68;512.60;NORMAL;N
3264000;510.48;511.40;NORMAL;N
3266000;511.33;512.24;NORMAL;N
3268000;510.68;511.60;NORMAL;N
3270000;512.06;512.97;NORMAL;N
3272000;513.08;513.99;NORMAL;N
3274000;511.24;512.15;NORMAL;N
3276000;511.44;512.35;NORMAL;N
3278000;511.40;512.30;NORMAL;N
3280000;510.97;511.88;NORMAL;N
3282000;510.22;511.12;NORMAL;N
3284000;511.62;512.53;NORMAL;N
3286000;510.19;511.09;NORMAL;N
3288000;511.84;512.73;NORMAL;N
3290000;510.96;511.86;NORMAL;N
3292000;510.80;511.70;NORMAL;N
3294000;511.43;512.33;NORMAL;N
3296000;510.66;511.55;NORMAL;N
3298000;510.32;511.21;NORMAL;N
3300000;511.01;511.90;NORMAL;N
3302000;511.90;512.79;NORMAL;N
3304000;512.49;513.38;NORMAL;N
3306000;511.88;512.76;NORMAL;N
3308000;511.05;511.94;NORMAL;N
3310000;512.45;513.33;NORMAL;N
3312000;510.35;511.23;NORMAL;N
3314000;509.71;510.59;NORMAL;N
3316000;510.23;511.11;NORMAL;N
3318000;510.44;511.31;NORMAL;N
3320000;511.46;512.34;NORMAL;N
3322000;511.49;512.36;NORMAL;N
3324000;510.89;511.77;NORMAL;N
3326000;511.32;512.19;NORMAL;N
3328000;511.60;512.47;NORMAL;N
3330000;512.95;513.82;NORMAL;N
3332000;510.48;511.34;NORMAL;N
3334000;511.70;512.56;NORMAL;N
3336000;510.33;511.19;NORMAL;N
3338000;512.20;513.06;NORMAL;N
3340000;510.90;511.76;NORMAL;N
3342000;511.01;511.87;NORMAL;N
3344000;510.95;511.81;NORMAL;N
3346000;513.36;514.22;NORMAL;N
3348000;511.74;512.59;NORMAL;N
3350000;511.44;512.29;NORMAL;N
3352000;510.90;511.75;NORMAL;N
3354000;510.90;511.75;NORMAL;N
3356000;509.57;510.41;NORMAL;N
3358000;512.59;513.43;NORMAL;N
3360000;511.09;511.94;NORMAL;N
3362000;510.61;511.46;NORMAL;N
3364000;510.91;511.75;NORMAL;N
3366000;510.90;511.74;NORMAL;N
3368000;511.31;512.15;NORMAL;N
3370000;511.37;512.21;NORMAL;N
3372000;510.74;511.58;NORMAL;N
3374000;510.70;511.53;NORMAL;N
3376000;511.25;512.08;NORMAL;N
3378000;512.62;513.45;NORMAL;N
3380000;511.75;512.58;NORMAL;N
3382000;510.92;511.75;NORMAL;N
3384000;511.78;512.61;NORMAL;N
3386000;511.22;512.04;NORMAL;N
3388000;511.25;512.07;NORMAL;N
3390000;509.90;510.72;NORMAL;N
3392000;510.13;510.94;NORMAL;N
3394000;511.26;512.08;NORMAL;N
3396000;512.81;513.62;NORMAL;N
3398000;510.96;511.77;NORMAL;N
3400000;510.30;511.11;NORMAL;N
3402000;510.57;511.38;NORMAL;N
3404000;510.96;511.76;NORMAL;N
3406000;510.61;511.41;NORMAL;N
3408000;511.51;512.31;NORMAL;N
3410000;511.29;512.09;NORMAL;N
3412000;511.22;512.01;NORMAL;N
3414000;510.55;511.35;NORMAL;N
3416000;511.90;512.70;NORMAL;N
3418000;510.23;511.03;NORMAL;N
3420000;511.25;512.04;NORMAL;N
3422000;512.68;513.47;NORMAL;N
3424000;510.38;511.17;NORMAL;N
3426000;510.39;511.18;NORMAL;N
3428000;511.15;511.93;NORMAL;N
3430000;512.34;513.12;NORMAL;N
3432000;510.06;510.84;NORMAL;N
3434000;511.75;512.53;NORMAL;N
3436000;513.00;513.78;NORMAL;N
3438000;511.40;512.18;NORMAL;N
3440000;511.26;512.03;NORMAL;N
3442000;511.27;512.04;NORMAL;N
3444000;510.04;510.81;NORMAL;N
3446000;509.99;510.75;NORMAL;N
3448000;510.86;511.62;NORMAL;N
3450000;510.55;511.31;NORMAL;N
3452000;511.29;512.04;NORMAL;N
3454000;510.67;511.43;NORMAL;N
3456000;509.89;510.64;NORMAL;N
3458000;511.43;512.18;NORMAL;N
3460000;511.11;511.86;NORMAL;N
3462000;510.66;511.41;NORMAL;N
3464000;511.05;511.80;NORMAL;N
3466000;511.74;512.48;NORMAL;N
3468000;510.88;511.62;NORMAL;N
3470000;512.02;512.76;NORMAL;N
3472000;509.35;510.09;NORMAL;N
3474000;512.59;513.32;NORMAL;N
3476000;511.63;512.37;NORMAL;N
3478000;512.11;512.84;NORMAL;N
3480000;510.56;511.29;NORMAL;N
3482000;511.78;512.50;NORMAL;N
3484000;510.80;511.53;NORMAL;N
3486000;511.16;511.88;NORMAL;N
3488000;509.77;510.49;NORMAL;N
3490000;512.09;512.81;NORMAL;N
3492000;510.70;511.42;NORMAL;N
3494000;512.13;512.84;NORMAL;N
3496000;512.55;513.26;NORMAL;N
3498000;511.75;512.46;NORMAL;N
3500000;510.59;511.30;NORMAL;N
3502000;511.50;512.21;NORMAL;N
3504000;511.30;512.01;NORMAL;N
3506000;510.62;511.32;NORMAL;N
3508000;511.74;512.44;NORMAL;N
3510000;510.63;511.32;NORMAL;N
3512000;510.95;511.64;NORMAL;N
3514000;511.37;512.06;NORMAL;N
3516000;510.75;511.44;NORMAL;N
3518000;510.42;511.11;NORMAL;N
3520000;511.36;512.05;NORMAL;N
3522000;511.37;512.05;NORMAL;N
3524000;510.72;511.40;NORMAL;N
3526000;510.60;511.27;NORMAL;N
3528000;511.21;511.88;NORMAL;N
3530000;512.06;512.74;NORMAL;N
3532000;512.09;512.76;NORMAL;N
3534000;509.66;510.33;NORMAL;N
3536000;510.04;510.70;NORMAL;N
3538000;510.82;511.48;NORMAL;N
3540000;510.76;511.42;NORMAL;N
3542000;511.31;511.97;NORMAL;N
3544000;510.98;511.64;NORMAL;N
3546000;512.32;512.97;NORMAL;N
3548000;511.15;511.80;NORMAL;N
3550000;511.74;512.39;NORMAL;N
3552000;512.63;513.28;NORMAL;N
3554000;511.58;512.22;NORMAL;N
3556000;512.28;512.92;NORMAL;N
3558000;512.69;513.33;NORMAL;N
3560000;510.75;511.39;NORMAL;N
3562000;511.52;512.15;NORMAL;N
3564000;511.44;512.08;NORMAL;N
3566000;510.95;511.58;NORMAL;N
3568000;511.79;512.42;NORMAL;N
3570000;511.18;511.80;NORMAL;N
3572000;511.35;511.97;NORMAL;N
3574000;512.49;513.11;NORMAL;N
3576000;512.82;513.44;NORMAL;N
3578000;510.83;511.45;NORMAL;N
3580000;511.18;511.79;NORMAL;N
3582000;511.69;512.30;NORMAL;N
3584000;510.55;511.16;NORMAL;N
3586000;510.36;510.97;NORMAL;N
3588000;511.31;511.91;NORMAL;N
3590000;511.50;512.10;NORMAL;N
3592000;511.90;512.49;NORMAL;N
3594000;513.31;513.90;NORMAL;N
3596000;511.05;511.65;NORMAL;N
3598000;512.56;513.15;NORMAL;N
3600000;510.93;511.52;NORMAL;N
3602000;510.79;511.37;NORMAL;N
3604000;511.96;512.54;NORMAL;N
3606000;511.45;512.03;NORMAL;N
3608000;513.23;513.81;NORMAL;N
3610000;511.29;511.87;NORMAL;N
3612000;509.54;510.11;NORMAL;N
3614000;511.38;511.95;NORMAL;N
3616000;512.01;512.57;NORMAL;N
3618000;511.00;511.57;NORMAL;N
3620000;510.25;510.81;NORMAL;N
3622000;510.82;511.38;NORMAL;N
3624000;510.37;510.93;NORMAL;N
3626000;510.67;511.22;NORMAL;N
3628000;512.51;513.06;NORMAL;N
3630000;510.90;511.44;NORMAL;N
3632000;510.21;510.76;NORMAL;N
3634000;511.33;511.87;NORMAL;N
3636000;511.78;512.32;NORMAL;N
3638000;510.78;511.32;NORMAL;N
3640000;512.36;512.90;NORMAL;N
3642000;510.50;511.03;NORMAL;N
3644000;510.00;510.53;NORMAL;N
3646000;510.79;511.32;NORMAL;N
3648000;510.42;510.95;NORMAL;N
3650000;511.03;511.56;NORMAL;N
3652000;511.83;512.35;NORMAL;N
3654000;512.15;512.67;NORMAL;N
3656000;511.64;512.15;NORMAL;N
3658000;510.90;511.41;NORMAL;N
3660000;512.04;512.55;NORMAL;N
3662000;510.37;510.87;NORMAL;N
3664000;511.10;511.61;NORMAL;N
3666000;513.27;513.77;NORMAL;N
3668000;511.05;511.55;NORMAL;N
3670000;509.93;510.43;NORMAL;N
3672000;511.11;511.61;NORMAL;N
3674000;511.34;511.83;NORMAL;N
3676000;511.72;512.21;NORMAL;N
3678000;512.65;513.14;NORMAL;N
3680000;512.26;512.74;NORMAL;N
3682000;511.43;511.90;NORMAL;N
3684000;512.05;512.53;NORMAL;N
3686000;511.34;511.81;NORMAL;N
3688000;513.07;513.54;NORMAL;N
3690000;512.39;512.86;NORMAL;N
3692000;513.32;513.79;NORMAL;N
3694000;510.76;511.22;NORMAL;N
3696000;510.36;510.82;NORMAL;N
3698000;510.93;511.39;NORMAL;N
3700000;512.27;512.72;NORMAL;N
3702000;510.81;511.27;NORMAL;N
3704000;510.37;510.82;NORMAL;N
3706000;510.74;511.18;NORMAL;N
3708000;510.83;511.27;NORMAL;N
3710000;511.38;511.82;NORMAL;N
3712000;511.47;511.90;NORMAL;N
3714000;511.43;511.87;NORMAL;N
3716000;512.52;512.95;NORMAL;N
3718000;512.18;512.61;NORMAL;N
3720000;511.76;512.19;NORMAL;N
3722000;510.32;510.74;NORMAL;N
3724000;512.15;512.57;NORMAL;N
3726000;511.26;511.68;NORMAL;N
3728000;510.71;511.13;NORMAL;N
3730000;512.74;513.16;NORMAL;N
3732000;511.00;511.41;NORMAL;N
3734000;511.71;512.12;NORMAL;N
3736000;511.63;512.03;NORMAL;N
3738000;511.39;511.79;NORMAL;N
3740000;510.62;511.02;NORMAL;N
3742000;511.42;511.82;NORMAL;N
3744000;511.50;511.89;NORMAL;N
3746000;511.50;511.89;NORMAL;N
3748000;511.16;511.55;NORMAL;N
3750000;510.80;511.18;NORMAL;N
3752000;511.92;512.30;NORMAL;N
3754000;511.50;511.88;NORMAL;N
3756000;511.99;512.36;NORMAL;N
3758000;512.48;512.85;NORMAL;N
3760000;511.35;511.72;NORMAL;N
3762000;512.80;513.16;NORMAL;N
3764000;511.57;511.94;NORMAL;N
3766000;512.21;512.57;NORMAL;N
3768000;511.09;511.45;NORMAL;N
3770000;512.03;512.38;NORMAL;N
3772000;513.75;514.10;NORMAL;N
3774000;512.73;513.08;NORMAL;N
3776000;511.46;511.81;NORMAL;N
3778000;510.83;511.18;NORMAL;N
3780000;511.49;511.83;NORMAL;N
3782000;512.37;512.71;NORMAL;N
3784000;511.25;511.58;NORMAL;N
3786000;511.88;512.21;NORMAL;N
3788000;512.45;512.77;NORMAL;N
3790000;511.45;511.77;NORMAL;N
3792000;512.68;513.00;NORMAL;N
3794000;511.10;511.42;NORMAL;N
3796000;511.11;511.43;NORMAL;N
3798000;511.57;511.88;NORMAL;N
3800000;512.46;512.77;NORMAL;N
3802000;510.99;511.30;NORMAL;N
3804000;510.54;510.85;NORMAL;N
3806000;511.44;511.74;NORMAL;N
3808000;510.99;511.28;NORMAL;N
3810000;511.34;511.63;NORMAL;N
3812000;510.61;510.90;NORMAL;N
3814000;512.95;513.24;NORMAL;N
3816000;510.38;510.66;NORMAL;N
3818000;511.35;511.63;NORMAL;N
3820000;512.94;513.22;NORMAL;N
3822000;512.09;512.37;NORMAL;N
3824000;511.68;511.96;NORMAL;N
3826000;510.51;510.78;NORMAL;N
3828000;510.51;510.78;NORMAL;N
3830000;511.68;511.94;NORMAL;N
3832000;511.29;511.55;NORMAL;N
3834000;512.59;512.85;NORMAL;N
3836000;511.38;511.64;NORMAL;N
3838000;513.59;513.84;NORMAL;N
3840000;511.52;511.77;NORMAL;N
3842000;511.17;511.42;NORMAL;N
3844000;510.39;510.63;NORMAL;N
3846000;512.12;512.36;NORMAL;N
3848000;511.04;511.28;NORMAL;N
3850000;512.26;512.49;NORMAL;N
3852000;512.33;512.56;NORMAL;N
3854000;512.25;512.48;NORMAL;N
3856000;512.65;512.87;NORMAL;N
3858000;511.62;511.85;NORMAL;N
3860000;510.83;511.05;NORMAL;N
3862000;510.19;510.41;NORMAL;N
3864000;511.94;512.15;NORMAL;N
3866000;510.37;510.58;NORMAL;N
3868000;512.36;512.57;NORMAL;N
3870000;512.32;512.52;NORMAL;N
3872000;510.49;510.69;NORMAL;N
3874000;511.96;512.16;NORMAL;N
3876000;513.03;513.22;NORMAL;N
3878000;512.76;512.95;NORMAL;N
3880000;511.12;511.30;NORMAL;N
3882000;511.49;511.67;NORMAL;N
3884000;512.05;512.23;NORMAL;N
3886000;511.45;511.63;NORMAL;N
3888000;512.98;513.15;NORMAL;N
3890000;511.72;511.89;NORMAL;N
3892000;510.73;510.90;NORMAL;N
3894000;512.19;512.36;NORMAL;N
3896000;513.45;513.62;NORMAL;N
3898000;512.21;512.37;NORMAL;N
3900000;512.07;512.23;NORMAL;N
3902000;511.59;511.74;NORMAL;N
3904000;511.26;511.42;NORMAL;N
3906000;512.62;512.77;NORMAL;N
3908000;510.50;510.64;NORMAL;N
3910000;512.23;512.37;NORMAL;N
3912000;512.34;512.48;NORMAL;N
3914000;511.39;511.52;NORMAL;N
3916000;511.22;511.35;NORMAL;N
3918000;511.90;512.02;NORMAL;N
3920000;512.53;512.66;NORMAL;N
3922000;512.46;512.58;NORMAL;N
3924000;512.55;512.67;NORMAL;N
3926000;511.62;511.74;NORMAL;N
3928000;513.53;513.64;NORMAL;N
3930000;511.65;511.76;NORMAL;N
3932000;512.75;512.86;NORMAL;N
3934000;511.75;511.85;NORMAL;N
3936000;512.81;512.91;NORMAL;N
3938000;511.62;511.72;NORMAL;N
3940000;511.30;511.40;NORMAL;N
3942000;510.84;510.94;NORMAL;N
3944000;512.96;513.05;NORMAL;N
3946000;513.37;513.45;NORMAL;N
3948000;511.81;511.89;NORMAL;N
3950000;512.55;512.63;NORMAL;N
3952000;512.49;512.56;NORMAL;N
3954000;511.67;511.74;NORMAL;N
3956000;512.61;512.68;NORMAL;N
3958000;512.77;512.83;NORMAL;N
3960000;511.50;511.56;NORMAL;N
3962000;509.96;510.02;NORMAL;N
3964000;513.93;513.98;NORMAL;N
3966000;510.84;510.90;NORMAL;N
3968000;512.22;512.27;NORMAL;N
3970000;513.07;513.12;NORMAL;N
3972000;512.17;512.21;NORMAL;N
3974000;512.52;512.56;NORMAL;N
3976000;511.70;511.74;NORMAL;N
3978000;511.30;511.33;NORMAL;N
3980000;510.62;510.65;NORMAL;N
3982000;512.35;512.38;NORMAL;N
3984000;512.60;512.62;NORMAL;N
3986000;510.00;510.02;NORMAL;N
3988000;511.98;511.99;NORMAL;N
3990000;512.49;512.50;NORMAL;N
3992000;512.70;512.71;NORMAL;N
3994000;510.85;510.86;NORMAL;N
3996000;511.61;511.61;NORMAL;N
3998000;511.34;511.34;NORMAL;N
4000000;510.62;510.62;NORMAL;N
4002000;511.31;511.30;NORMAL;N
4004000;511.74;511.74;NORMAL;N
4006000;511.46;511.45;NORMAL;N
4008000;511.86;511.85;NORMAL;N
4010000;510.94;510.93;NORMAL;N
4012000;512.63;512.61;NORMAL;N
4014000;512.93;512.90;NORMAL;N
4016000;511.77;511.75;NORMAL;N
4018000;512.31;512.28;NORMAL;N
4020000;511.75;511.72;NORMAL;N
4022000;510.81;510.77;NORMAL;N
4024000;511.33;511.29;NORMAL;N
4026000;510.86;510.82;NORMAL;N
4028000;511.07;511.03;NORMAL;N
4030000;512.17;512.13;NORMAL;N
4032000;512.57;512.52;NORMAL;N
4034000;511.70;511.65;NORMAL;N
4036000;511.16;511.10;NORMAL;N
4038000;512.73;512.67;NORMAL;N
4040000;512.25;512.18;NORMAL;N
4042000;512.48;512.42;NORMAL;N
4044000;511.42;511.35;NORMAL;N
4046000;510.64;510.56;NORMAL;N
4048000;513.63;513.56;NORMAL;N
4050000;512.36;512.28;NORMAL;N
4052000;512.10;512.02;NORMAL;N
4054000;512.26;512.17;NORMAL;N
4056000;512.20;512.11;NORMAL;N
4058000;512.30;512.21;NORMAL;N
4060000;512.90;512.80;NORMAL;N
4062000;512.76;512.67;NORMAL;N
4064000;510.99;510.89;NORMAL;N
4066000;511.22;511.11;NORMAL;N
4068000;512.68;512.57;NORMAL;N
4070000;511.97;511.86;NORMAL;N
4072000;512.38;512.26;NORMAL;N
4074000;511.16;511.04;NORMAL;N
4076000;512.66;512.54;NORMAL;N
4078000;512.20;512.08;NORMAL;N
4080000;510.75;510.62;NORMAL;N
4082000;512.70;512.57;NORMAL;N
4084000;512.03;511.90;NORMAL;N
4086000;513.67;513.54;NORMAL;N
4088000;511.44;511.30;NORMAL;N
4090000;513.09;512.95;NORMAL;N
4092000;511.32;511.18;NORMAL;N
4094000;511.48;511.33;NORMAL;N
4096000;511.72;511.57;NORMAL;N
4098000;511.10;510.95;NORMAL;N
4100000;512.35;512.19;NORMAL;N
4102000;511.63;511.47;NORMAL;N
4104000;512.69;512.53;NORMAL;N
4106000;510.53;510.36;NORMAL;N
4108000;511.86;511.69;NORMAL;N
4110000;512.87;512.70;NORMAL;N
4112000;510.94;510.77;NORMAL;N
4114000;514.16;513.98;NORMAL;N
4116000;512.01;511.83;NORMAL;N
4118000;511.85;511.66;NORMAL;N
4120000;511.48;511.30;NORMAL;N
4122000;511.43;511.24;NORMAL;N
4124000;512.34;512.15;NORMAL;N
4126000;512.32;512.12;NORMAL;N
4128000;511.83;511.63;NORMAL;N
4130000;512.94;512.73;NORMAL;N
4132000;512.38;512.17;NORMAL;N
4134000;511.91;511.70;NORMAL;N
4136000;511.70;511.49;NORMAL;N
4138000;511.72;511.50;NORMAL;N
4140000;513.22;513.00;NORMAL;N
4142000;511.63;511.41;NORMAL;N
4144000;510.82;510.60;NORMAL;N
4146000;512.94;512.71;NORMAL;N
4148000;512.11;511.87;NORMAL;N
4150000;512.01;511.78;NORMAL;N
4152000;513.12;512.89;NORMAL;N
4154000;511.62;511.38;NORMAL;N
4156000;513.82;513.58;NORMAL;N
4158000;512.13;511.89;NORMAL;N
4160000;513.36;513.11;NORMAL;N
4162000;511.58;511.33;NORMAL;N
4164000;512.68;512.42;NORMAL;N
4166000;512.41;512.15;NORMAL;N
4168000;513.26;513.00;NORMAL;N
4170000;512.78;512.51;NORMAL;N
4172000;512.45;512.19;NORMAL;N
4174000;512.32;512.05;NORMAL;N
4176000;512.69;512.41;NORMAL;N
4178000;513.70;513.42;NORMAL;N
4180000;511.45;511.18;NORMAL;N
4182000;511.79;511.51;NORMAL;N
4184000;512.79;512.50;NORMAL;N
4186000;512.90;512.61;NORMAL;N
4188000;511.09;510.80;NORMAL;N
4190000;513.16;512.87;NORMAL;N
4192000;513.03;512.73;NORMAL;N
4194000;510.97;510.67;NORMAL;N
4196000;514.09;513.79;NORMAL;N
4198000;511.63;511.33;NORMAL;N
4200000;512.68;512.37;NORMAL;N
4202000;512.42;512.11;NORMAL;N
4204000;512.61;512.29;NORMAL;N
4206000;512.08;511.76;NORMAL;N
4208000;512.69;512.37;NORMAL;N
4210000;510.87;510.55;NORMAL;N
4212000;512.72;512.39;NORMAL;N
4214000;512.65;512.32;NORMAL;N
4216000;512.68;512.35;NORMAL;N
4218000;513.06;512.72;NORMAL;N
4220000;510.54;510.20;NORMAL;N
4222000;512.75;512.41;NORMAL;N
4224000;512.08;511.73;NORMAL;N
4226000;512.35;512.01;NORMAL;N
4228000;512.88;512.53;NORMAL;N
4230000;512.55;512.19;NORMAL;N
4232000;512.51;512.15;NORMAL;N
4234000;512.06;511.71;NORMAL;N
4236000;514.25;513.88;NORMAL;N
4238000;513.05;512.69;NORMAL;N
4240000;513.30;512.93;NORMAL;N
4242000;511.97;511.59;NORMAL;N
4244000;511.16;510.78;NORMAL;N
4246000;511.22;510.84;NORMAL;N
4248000;512.94;512.56;NORMAL;N
4250000;512.38;512.00;NORMAL;N
4252000;511.10;510.71;NORMAL;N
4254000;513.11;512.73;NORMAL;N
4256000;512.91;512.52;NORMAL;N
4258000;512.26;511.87;NORMAL;N
4260000;511.65;511.26;NORMAL;N
4262000;511.76;511.36;NORMAL;N
4264000;512.75;512.35;NORMAL;N
4266000;513.87;513.47;NORMAL;N
4268000;512.77;512.37;NORMAL;N
4270000;511.90;511.49;NORMAL;N
4272000;511.79;511.38;NORMAL;N
4274000;512.32;511.90;NORMAL;N
4276000;512.53;512.11;NORMAL;N
4278000;513.72;513.30;NORMAL;N
4280000;510.39;509.96;NORMAL;N
4282000;512.02;511.59;NORMAL;N
4284000;512.09;511.66;NORMAL;N
4286000;513.49;513.06;NORMAL;N
4288000;512.27;511.83;NORMAL;N
4290000;513.13;512.69;NORMAL;N
4292000;512.18;511.74;NORMAL;N
4294000;513.00;512.55;NORMAL;N
4296000;512.00;511.56;NORMAL;N
4298000;512.79;512.34;NORMAL;N
4300000;513.01;512.55;NORMAL;N
4302000;512.77;512.31;NORMAL;N
4304000;512.92;512.46;NORMAL;N
4306000;512.38;511.92;NORMAL;N
4308000;511.35;510.89;NORMAL;N
4310000;512.84;512.37;NORMAL;N
4312000;513.74;513.27;NORMAL;N
4314000;512.40;511.93;NORMAL;N
4316000;511.65;511.17;NORMAL;N
4318000;511.03;510.55;NORMAL;N
4320000;513.38;512.89;NORMAL;N
4322000;512.08;511.60;NORMAL;N
4324000;514.27;513.79;NORMAL;N
4326000;512.44;511.95;NORMAL;N
4328000;512.47;511.98;NORMAL;N
4330000;514.73;514.23;NORMAL;N
4332000;513.02;512.52;NORMAL;N
4334000;512.40;511.90;NORMAL;N
4336000;514.14;513.63;NORMAL;N
4338000;512.33;511.83;NORMAL;N
4340000;512.12;511.61;NORMAL;N
4342000;511.43;510.91;NORMAL;N
4344000;512.65;512.14;NORMAL;N
4346000;513.26;512.74;NORMAL;N
4348000;511.99;511.47;NORMAL;N
4350000;513.85;513.33;NORMAL;N
4352000;513.00;512.47;NORMAL;N
4354000;512.65;512.12;NORMAL;N
4356000;511.66;511.13;NORMAL;N
4358000;512.14;511.61;NORMAL;N
4360000;513.11;512.57;NORMAL;N
4362000;512.85;512.32;NORMAL;N
4364000;513.47;512.93;NORMAL;N
4366000;512.82;512.27;NORMAL;N
4368000;512.82;512.27;NORMAL;N
4370000;513.24;512.70;NORMAL;N
4372000;512.15;511.60;NORMAL;N
4374000;512.28;511.73;NORMAL;N
4376000;513.50;512.95;NORMAL;N
4378000;512.05;511.49;NORMAL;N
4380000;512.33;511.77;NORMAL;N
4382000;512.38;511.81;NORMAL;N
4384000;514.08;513.51;NORMAL;N
4386000;513.31;512.74;NORMAL;N
4388000;513.61;513.04;NORMAL;N
4390000;513.03;512.45;NORMAL;N
4392000;513.13;512.56;NORMAL;N
4394000;512.53;511.95;NORMAL;N
4396000;513.16;512.58;NORMAL;N
4398000;511.77;511.19;NORMAL;N
4400000;512.10;511.51;NORMAL;N
4402000;512.78;512.19;NORMAL;N
4404000;510.95;510.36;NORMAL;N
4406000;512.77;512.18;NORMAL;N
4408000;513.73;513.13;NORMAL;N
4410000;512.05;511.45;NORMAL;N
4412000;512.50;511.90;NORMAL;N
4414000;511.95;511.34;NORMAL;N
4416000;512.19;511.58;NORMAL;N
4418000;511.31;510.69;NORMAL;N
4420000;512.23;511.61;NORMAL;N
4422000;512.31;511.70;NORMAL;N
4424000;512.43;511.82;NORMAL;N
4426000;512.23;511.61;NORMAL;N
4428000;511.66;511.03;NORMAL;N
4430000;512.29;511.66;NORMAL;N
4432000;512.49;511.86;NORMAL;N
4434000;512.97;512.34;NORMAL;N
4436000;512.44;511.80;NORMAL;N
4438000;512.01;511.37;NORMAL;N
4440000;513.68;513.04;NORMAL;N
4442000;512.81;512.17;NORMAL;N
4444000;514.35;513.71;NORMAL;N
4446000;513.36;512.71;NORMAL;N
4448000;512.73;512.08;NORMAL;N
4450000;512.93;512.28;NORMAL;N
4452000;511.66;511.01;NORMAL;N
4454000;511.68;511.03;NORMAL;N
4456000;513.38;512.73;NORMAL;N
4458000;514.36;513.70;NORMAL;N
4460000;511.29;510.63;NORMAL;N
4462000;513.00;512.34;NORMAL;N
4464000;512.33;511.67;NORMAL;N
4466000;514.00;513.34;NORMAL;N
4468000;511.62;510.95;NORMAL;N
4470000;513.65;512.98;NORMAL;N
4472000;513.08;512.40;NORMAL;N
4474000;511.80;511.12;NORMAL;N
4476000;513.88;513.20;NORMAL;N
4478000;511.45;510.76;NORMAL;N
4480000;513.50;512.82;NORMAL;N
4482000;512.24;511.55;NORMAL;N
4484000;512.16;511.47;NORMAL;N
4486000;513.23;512.54;NORMAL;N
4488000;513.28;512.59;NORMAL;N
4490000;511.74;511.04;NORMAL;N
4492000;511.90;511.20;NORMAL;N
4494000;513.46;512.76;NORMAL;N
4496000;513.00;512.30;NORMAL;N
4498000;512.79;512.08;NORMAL;N
4500000;512.14;511.43;NORMAL;N
4502000;512.04;511.33;NORMAL;N
4504000;512.15;511.44;NORMAL;N
4506000;512.58;511.86;NORMAL;N
4508000;512.93;512.21;NORMAL;N
4510000;512.84;512.13;NORMAL;N
4512000;513.77;513.05;NORMAL;N
4514000;512.84;512.11;NORMAL;N
4516000;513.81;513.08;NORMAL;N
4518000;512.14;511.41;NORMAL;N
4520000;512.66;511.93;NORMAL;N
4522000;511.93;511.20;NORMAL;N
4524000;512.47;511.74;NORMAL;N
4526000;513.10;512.37;NORMAL;N
4528000;513.10;512.37;NORMAL;N
4530000;512.16;511.42;NORMAL;N
4532000;513.92;513.18;NORMAL;N
4534000;513.13;512.38;NORMAL;N
4536000;512.77;512.03;NORMAL;N
4538000;512.04;511.29;NORMAL;N
4540000;514.09;513.34;NORMAL;N
4542000;512.54;511.79;NORMAL;N
4544000;513.45;512.69;NORMAL;N
4546000;514.08;513.32;NORMAL;N
4548000;513.50;512.74;NORMAL;N
4550000;512.31;511.55;NORMAL;N
4552000;512.80;512.03;NORMAL;N
4554000;512.56;511.80;NORMAL;N
4556000;511.22;510.45;NORMAL;N
4558000;512.25;511.49;NORMAL;N
4560000;513.51;512.74;NORMAL;N
4562000;514.57;513.80;NORMAL;N
4564000;512.47;511.69;NORMAL;N
4566000;512.63;511.85;NORMAL;N
4568000;512.84;512.07;NORMAL;N
4570000;512.53;511.75;NORMAL;N
4572000;512.00;511.21;NORMAL;N
4574000;513.06;512.28;NORMAL;N
4576000;513.19;512.40;NORMAL;N
4578000;512.52;511.73;NORMAL;N
4580000;511.99;511.20;NORMAL;N
4582000;512.89;512.09;NORMAL;N
4584000;512.72;511.93;NORMAL;N
4586000;512.96;512.16;NORMAL;N
4588000;511.52;510.72;NORMAL;N
4590000;512.09;511.29;NORMAL;N
4592000;511.50;510.70;NORMAL;N
4594000;512.64;511.83;NORMAL;N
4596000;513.49;512.69;NORMAL;N
4598000;512.86;512.06;NORMAL;N
4600000;512.16;511.35;NORMAL;N
4602000;513.40;512.59;NORMAL;N
4604000;512.99;512.18;NORMAL;N
4606000;512.94;512.12;NORMAL;N
4608000;512.09;511.27;NORMAL;N
4610000;515.00;514.18;NORMAL;N
4612000;512.12;511.30;NORMAL;N
4614000;513.72;512.90;NORMAL;N
4616000;512.41;511.58;NORMAL;N
4618000;513.36;512.54;NORMAL;N
4620000;512.74;511.91;NORMAL;N
4622000;512.96;512.14;NORMAL;N
4624000;514.75;513.92;NORMAL;N
4626000;513.30;512.47;NORMAL;N
4628000;512.54;511.70;NORMAL;N
4630000;512.91;512.07;NORMAL;N
4632000;513.36;512.53;NORMAL;N
4634000;512.88;512.04;NORMAL;N
4636000;511.69;510.85;NORMAL;N
4638000;512.63;511.78;NORMAL;N
4640000;513.13;512.29;NORMAL;N
4642000;511.78;510.93;NORMAL;N
4644000;512.32;511.47;NORMAL;N
4646000;514.27;513.42;NORMAL;N
4648000;513.22;512.37;NORMAL;N
4650000;513.17;512.32;NORMAL;N
4652000;513.06;512.21;NORMAL;N
4654000;514.22;513.37;NORMAL;N
4656000;514.10;513.24;NORMAL;N
4658000;511.77;510.91;NORMAL;N
4660000;510.92;510.06;NORMAL;N
4662000;513.53;512.66;NORMAL;N
4664000;513.92;513.06;NORMAL;N
4666000;511.86;510.99;NORMAL;N
4668000;513.41;512.54;NORMAL;N
4670000;512.14;511.27;NORMAL;N
4672000;513.03;512.16;NORMAL;N
4674000;512.90;512.03;NORMAL;N
4676000;513.01;512.13;NORMAL;N
4678000;512.67;511.80;NORMAL;N
4680000;512.73;511.85;NORMAL;N
4682000;512.18;511.31;NORMAL;N
4684000;512.06;511.18;NORMAL;N
4686000;513.72;512.84;NORMAL;N
4688000;513.93;513.05;NORMAL;N
4690000;513.55;512.66;NORMAL;N
4692000;513.46;512.57;NORMAL;N
4694000;515.60;514.71;NORMAL;N
4696000;512.14;511.25;NORMAL;N
4698000;513.23;512.34;NORMAL;N
4700000;513.25;512.36;NORMAL;N
4702000;512.99;512.10;NORMAL;N
4704000;513.49;512.60;NORMAL;N
4706000;513.53;512.63;NORMAL;N
4708000;513.62;512.73;NORMAL;N
4710000;512.57;511.67;NORMAL;N
4712000;512.45;511.55;NORMAL;N
4714000;513.02;512.12;NORMAL;N
4716000;512.59;511.69;NORMAL;N
4718000;512.26;511.36;NORMAL;N
4720000;512.95;512.04;NORMAL;N
4722000;513.17;512.26;NORMAL;N
4724000;513.20;512.29;NORMAL;N
4726000;514.22;513.31;NORMAL;N
4728000;513.89;512.98;NORMAL;N
4730000;513.81;512.90;NORMAL;N
4732000;513.92;513.00;NORMAL;N
4734000;512.80;511.89;NORMAL;N
4736000;512.45;511.54;NORMAL;N
4738000;511.35;510.43;NORMAL;N
4740000;512.59;511.68;NORMAL;N
4742000;512.24;511.32;NORMAL;N
4744000;514.11;513.19;NORMAL;N
4746000;513.31;512.39;NORMAL;N
4748000;512.65;511.73;NORMAL;N
4750000;511.28;510.36;NORMAL;N
4752000;514.72;513.79;NORMAL;N
4754000;512.13;511.21;NORMAL;N
4756000;512.23;511.30;NORMAL;N
4758000;511.03;510.10;NORMAL;N
4760000;512.11;511.18;NORMAL;N
4762000;512.15;511.22;NORMAL;N
4764000;513.33;512.40;NORMAL;N
4766000;513.08;512.14;NORMAL;N
4768000;513.84;512.91;NORMAL;N
4770000;512.30;511.36;NORMAL;N
4772000;513.79;512.85;NORMAL;N
4774000;513.66;512.72;NORMAL;N
4776000;512.97;512.03;NORMAL;N
4778000;514.14;513.20;NORMAL;N
4780000;513.19;512.25;NORMAL;N
4782000;512.86;511.92;NORMAL;N
4784000;513.64;512.70;NORMAL;N
4786000;514.60;513.66;NORMAL;N
4788000;512.95;512.01;NORMAL;N
4790000;513.11;512.17;NORMAL;N
4792000;513.17;512.23;NORMAL;N
4794000;513.32;512.37;NORMAL;N
4796000;512.91;511.96;NORMAL;N
4798000;513.11;512.16;NORMAL;N
4800000;513.94;512.99;NORMAL;N
4802000;513.93;512.98;NORMAL;N
4804000;513.44;512.49;NORMAL;N
4806000;512.82;511.86;NORMAL;N
4808000;513.39;512.44;NORMAL;N
4810000;513.34;512.39;NORMAL;N
4812000;513.16;512.21;NORMAL;N
4814000;514.01;513.05;NORMAL;N
4816000;513.02;512.07;NORMAL;N
4818000;513.66;512.70;NORMAL;N
4820000;512.05;511.09;NORMAL;N
4822000;512.94;511.98;NORMAL;N
4824000;513.63;512.67;NORMAL;N
4826000;513.70;512.73;NORMAL;N
4828000;512.86;511.90;NORMAL;N
4830000;512.48;511.52;NORMAL;N
4832000;513.87;512.90;NORMAL;N
4834000;513.74;512.78;NORMAL;N
4836000;513.20;512.23;NORMAL;N
4838000;513.97;513.00;NORMAL;N
4840000;513.02;512.05;NORMAL;N
4842000;512.88;511.91;NORMAL;N
4844000;513.80;512.83;NORMAL;N
4846000;513.05;512.08;NORMAL;N
4848000;512.74;511.77;NORMAL;N
4850000;513.17;512.19;NORMAL;N
4852000;513.62;512.65;NORMAL;N
4854000;514.53;513.56;NORMAL;N
4856000;513.34;512.36;NORMAL;N
4858000;513.24;512.27;NORMAL;N
4860000;512.53;511.55;NORMAL;N
4862000;511.84;510.86;NORMAL;N
4864000;513.06;512.08;NORMAL;N
4866000;513.71;512.74;NORMAL;N
4868000;513.11;512.13;NORMAL;N
4870000;513.86;512.88;NORMAL;N
4872000;512.43;511.45;NORMAL;N
4874000;513.39;512.41;NORMAL;N
4876000;513.85;512.87;NORMAL;N
4878000;514.36;513.37;NORMAL;N
4880000;512.92;511.94;NORMAL;N
4882000;513.03;512.05;NORMAL;N
4884000;512.65;511.67;NORMAL;N
4886000;513.73;512.74;NORMAL;N
4888000;512.78;511.79;NORMAL;N
4890000;513.02;512.03;NORMAL;N
4892000;513.20;512.22;NORMAL;N
4894000;513.20;512.21;NORMAL;N
4896000;512.60;511.61;NORMAL;N
4898000;511.50;510.52;NORMAL;N
4900000;513.37;512.39;NORMAL;N
4902000;513.95;512.96;NORMAL;N
4904000;513.30;512.31;NORMAL;N
4906000;512.78;511.79;NORMAL;N
4908000;513.64;512.65;NORMAL;N
4910000;512.75;511.76;NORMAL;N
4912000;512.41;511.42;NORMAL;N
4914000;510.84;509.85;NORMAL;N
4916000;514.22;513.23;NORMAL;N
4918000;512.38;511.39;NORMAL;N
4920000;513.39;512.40;NORMAL;N
4922000;513.37;512.38;NORMAL;N
4924000;515.26;514.26;NORMAL;N
4926000;512.25;511.25;NORMAL;N
4928000;512.71;511.71;NORMAL;N
4930000;513.44;512.45;NORMAL;N
4932000;513.66;512.67;NORMAL;N
4934000;513.31;512.31;NORMAL;N
4936000;512.76;511.77;NORMAL;N
4938000;513.13;512.13;NORMAL;N
4940000;513.67;512.67;NORMAL;N
4942000;513.11;512.12;NORMAL;N
4944000;512.83;511.84;NORMAL;N
4946000;513.83;512.83;NORMAL;N
4948000;512.27;511.27;NORMAL;N
4950000;512.69;511.69;NORMAL;N
4952000;513.27;512.27;NORMAL;N
4954000;513.71;512.72;NORMAL;N
4956000;512.00;511.00;NORMAL;N
4958000;512.49;511.49;NORMAL;N
4960000;512.60;511.60;NORMAL;N
4962000;513.78;512.78;NORMAL;N
4964000;513.10;512.10;NORMAL;N
4966000;513.12;512.12;NORMAL;N
4968000;514.17;513.17;NORMAL;N
4970000;513.47;512.47;NORMAL;N
4972000;511.96;510.96;NORMAL;N
4974000;512.15;511.15;NORMAL;N
4976000;513.83;512.83;NORMAL;N
4978000;511.65;510.65;NORMAL;N
4980000;511.41;510.41;NORMAL;N
4982000;512.46;511.46;NORMAL;N
4984000;512.09;511.09;NORMAL;N
4986000;513.95;512.95;NORMAL;N
4988000;511.79;510.79;NORMAL;N
4990000;512.96;511.96;NORMAL;N
4992000;513.19;512.19;NORMAL;N
4994000;512.40;511.40;NORMAL;N
4996000;512.33;511.33;NORMAL;N
4998000;512.55;511.55;NORMAL;N
5000000;514.10;513.10;NORMAL;N
5002000;513.17;512.17;NORMAL;N
5004000;512.36;511.36;NORMAL;N
5006000;514.21;513.21;NORMAL;N
5008000;512.62;511.62;NORMAL;N
5010000;512.12;511.12;NORMAL;N
5012000;513.33;512.33;NORMAL;N
5014000;512.33;511.33;NORMAL;N
5016000;512.51;511.51;NORMAL;N
5018000;513.35;512.35;NORMAL;N
5020000;512.04;511.04;NORMAL;N
5022000;512.15;511.15;NORMAL;N
5024000;513.58;512.58;NORMAL;N
5026000;513.40;512.40;NORMAL;N
5028000;514.07;513.07;NORMAL;N
5030000;511.67;510.67;NORMAL;N
5032000;512.11;511.11;NORMAL;N
5034000;514.14;513.14;NORMAL;N
5036000;513.44;512.44;NORMAL;N
5038000;512.29;511.30;NORMAL;N
5040000;513.10;512.10;NORMAL;N
5042000;512.76;511.77;NORMAL;N
5044000;512.54;511.54;NORMAL;N
5046000;511.99;510.99;NORMAL;N
5048000;512.83;511.83;NORMAL;N
5050000;513.78;512.79;NORMAL;N
5052000;512.59;511.59;NORMAL;N
5054000;512.14;511.14;NORMAL;N
5056000;514.99;514.00;NORMAL;N
5058000;514.06;513.06;NORMAL;N
5060000;511.49;510.50;NORMAL;N
5062000;512.48;511.49;NORMAL;N
5064000;511.68;510.68;NORMAL;N
5066000;514.43;513.44;NORMAL;N
5068000;513.10;512.11;NORMAL;N
5070000;513.36;512.37;NORMAL;N
5072000;512.62;511.63;NORMAL;N
5074000;513.96;512.96;NORMAL;N
5076000;512.32;511.32;NORMAL;N
5078000;512.77;511.78;NORMAL;N
5080000;513.43;512.44;NORMAL;N
5082000;511.84;510.85;NORMAL;N
5084000;511.44;510.45;NORMAL;N
5086000;513.46;512.47;NORMAL;N
5088000;513.11;512.12;NORMAL;N
5090000;513.40;512.41;NORMAL;N
5092000;514.00;513.01;NORMAL;N
5094000;514.37;513.38;NORMAL;N
5096000;513.75;512.76;NORMAL;N
5098000;513.06;512.07;NORMAL;N
5100000;512.52;511.53;NORMAL;N
5102000;511.40;510.41;NORMAL;N
5104000;512.21;511.22;NORMAL;N
5106000;512.78;511.79;NORMAL;N
5108000;514.00;513.02;NORMAL;N
5110000;512.55;511.56;NORMAL;N
5112000;513.64;512.65;NORMAL;N
5114000;513.44;512.46;NORMAL;N
5116000;513.38;512.40;NORMAL;N
5118000;512.58;511.60;NORMAL;N
5120000;511.88;510.90;NORMAL;N
5122000;514.61;513.63;NORMAL;N
5124000;513.97;512.99;NORMAL;N
5126000;513.02;512.03;NORMAL;N
5128000;513.15;512.17;NORMAL;N
5130000;511.50;510.52;NORMAL;N
5132000;512.50;511.52;NORMAL;N
5134000;512.48;511.50;NORMAL;N
5136000;511.00;510.02;NORMAL;N
5138000;511.78;510.81;NORMAL;N
5140000;513.04;512.06;NORMAL;N
5142000;512.12;511.14;NORMAL;N
5144000;513.44;512.47;NORMAL;N
5146000;514.40;513.43;NORMAL;N
5148000;513.66;512.69;NORMAL;N
5150000;513.09;512.11;NORMAL;N
5152000;514.72;513.75;NORMAL;N
5154000;513.84;512.87;NORMAL;N
5156000;511.80;510.83;NORMAL;N
5158000;513.41;512.44;NORMAL;N
5160000;513.78;512.81;NORMAL;N
5162000;513.83;512.86;NORMAL;N
5164000;512.95;511.99;NORMAL;N
5166000;513.55;512.58;NORMAL;N
5168000;513.02;512.05;NORMAL;N
5170000;512.31;511.35;NORMAL;N
5172000;512.47;511.51;NORMAL;N
5174000;514.47;513.50;NORMAL;N
5176000;512.71;511.75;NORMAL;N
5178000;513.00;512.04;NORMAL;N
5180000;512.11;511.15;NORMAL;N
5182000;513.42;512.46;NORMAL;N
5184000;512.49;511.53;NORMAL;N
5186000;511.98;511.02;NORMAL;N
5188000;513.39;512.44;NORMAL;N
5190000;513.27;512.31;NORMAL;N
5192000;513.90;512.94;NORMAL;N
5194000;513.44;512.49;NORMAL;N
5196000;513.45;512.50;NORMAL;N
5198000;512.57;511.61;NORMAL;N
5200000;513.06;512.11;NORMAL;N
5202000;512.74;511.79;NORMAL;N
5204000;513.10;512.15;NORMAL;N
5206000;512.88;511.93;NORMAL;N
5208000;512.64;511.70;NORMAL;N
5210000;512.95;512.01;NORMAL;N
5212000;512.94;512.00;NORMAL;N
5214000;512.14;511.20;NORMAL;N
5216000;512.93;511.99;NORMAL;N
5218000;511.95;511.01;NORMAL;N
5220000;513.14;512.20;NORMAL;N
5222000;513.83;512.89;NORMAL;N
5224000;513.10;512.16;NORMAL;N
5226000;512.22;511.28;NORMAL;N
5228000;513.15;512.22;NORMAL;N
5230000;513.26;512.33;NORMAL;N
5232000;513.27;512.33;NORMAL;N
5234000;513.05;512.11;NORMAL;N
5236000;513.32;512.39;NORMAL;N
5238000;513.63;512.70;NORMAL;N
5240000;512.63;511.70;NORMAL;N
5242000;514.36;513.43;NORMAL;N
5244000;513.58;512.65;NORMAL;N
5246000;513.49;512.57;NORMAL;N
5248000;512.50;511.57;NORMAL;N
5250000;511.87;510.94;NORMAL;N
5252000;512.84;511.92;NORMAL;N
5254000;514.11;513.19;NORMAL;N
5256000;513.63;512.71;NORMAL;N
5258000;513.87;512.95;NORMAL;N
5260000;513.71;512.79;NORMAL;N
5262000;513.03;512.11;NORMAL;N
5264000;512.36;511.44;NORMAL;N
5266000;512.37;511.46;NORMAL;N
5268000;512.13;511.22;NORMAL;N
5270000;513.34;512.43;NORMAL;N
5272000;512.64;511.73;NORMAL;N
5274000;513.32;512.41;NORMAL;N
5276000;513.62;512.71;NORMAL;N
5278000;513.35;512.45;NORMAL;N
5280000;511.65;510.75;NORMAL;N
5282000;510.01;509.10;NORMAL;N
5284000;513.83;512.93;NORMAL;N
5286000;512.55;511.65;NORMAL;N
5288000;513.38;512.48;NORMAL;N
5290000;512.62;511.72;NORMAL;N
5292000;513.82;512.93;NORMAL;N
5294000;512.82;511.92;NORMAL;N
5296000;512.91;512.01;NORMAL;N
5298000;512.81;511.91;NORMAL;N
5300000;512.88;511.99;NORMAL;N
5302000;513.82;512.93;NORMAL;N
5304000;513.00;512.11;NORMAL;N
5306000;513.51;512.62;NORMAL;N
5308000;511.18;510.30;NORMAL;N
5310000;510.97;510.08;NORMAL;N
5312000;513.97;513.09;NORMAL;N
5314000;512.18;511.30;NORMAL;N
5316000;512.06;511.18;NORMAL;N
5318000;513.74;512.86;NORMAL;N
5320000;513.17;512.29;NORMAL;N
5322000;512.36;511.48;NORMAL;N
5324000;512.76;511.89;NORMAL;N
5326000;512.75;511.88;NORMAL;N
5328000;512.34;511.47;NORMAL;N
5330000;513.97;513.10;NORMAL;N
5332000;513.44;512.58;NORMAL;N
5334000;512.79;511.92;NORMAL;N
5336000;513.18;512.31;NORMAL;N
5338000;513.26;512.40;NORMAL;N
5340000;512.46;511.60;NORMAL;N
5342000;513.58;512.72;NORMAL;N
5344000;512.79;511.93;NORMAL;N
5346000;511.90;511.04;NORMAL;N
5348000;513.12;512.26;NORMAL;N
5350000;511.88;511.03;NORMAL;N
5352000;512.69;511.83;NORMAL;N
5354000;512.81;511.96;NORMAL;N
5356000;513.42;512.57;NORMAL;N
5358000;511.95;511.10;NORMAL;N
5360000;512.60;511.76;NORMAL;N
5362000;511.54;510.70;NORMAL;N
5364000;512.55;511.71;NORMAL;N
5366000;513.31;512.47;NORMAL;N
5368000;512.15;511.31;NORMAL;N
5370000;512.63;511.80;NORMAL;N
5372000;512.39;511.56;NORMAL;N
5374000;514.77;513.94;NORMAL;N
5376000;512.91;512.08;NORMAL;N
5378000;512.60;511.77;NORMAL;N
5380000;513.17;512.34;NORMAL;N
5382000;512.86;512.04;NORMAL;N
5384000;513.11;512.29;NORMAL;N
5386000;512.79;511.97;NORMAL;N
5388000;511.96;511.14;NORMAL;N
5390000;512.13;511.32;NORMAL;N
5392000;512.29;511.47;NORMAL;N
5394000;512.73;511.92;NORMAL;N
5396000;512.60;511.78;NORMAL;N
5398000;512.89;512.07;NORMAL;N
5400000;513.01;512.20;NORMAL;N
5402000;512.87;512.06;NORMAL;N
5404000;512.52;511.72;NORMAL;N
5406000;512.86;512.06;NORMAL;N
5408000;511.73;510.93;NORMAL;N
5410000;514.33;513.53;NORMAL;N
5412000;512.69;511.90;NORMAL;N
5414000;513.25;512.46;NORMAL;N
5416000;511.85;511.06;NORMAL;N
5418000;512.83;512.04;NORMAL;N
5420000;513.73;512.94;NORMAL;N
5422000;513.05;512.26;NORMAL;N
5424000;514.37;513.58;NORMAL;N
5426000;512.53;511.75;NORMAL;N
5428000;513.19;512.41;NORMAL;N
5430000;512.07;511.29;NORMAL;N
5432000;512.80;512.03;NORMAL;N
5434000;513.40;512.63;NORMAL;N
5436000;513.62;512.84;NORMAL;N
5438000;513.85;513.08;NORMAL;N
5440000;513.31;512.53;NORMAL;N
5442000;513.26;512.49;NORMAL;N
5444000;513.09;512.32;NORMAL;N
5446000;512.68;511.92;NORMAL;N
5448000;514.65;513.88;NORMAL;N
5450000;513.21;512.45;NORMAL;N
5452000;512.97;512.21;NORMAL;N
5454000;514.68;513.92;NORMAL;N
5456000;512.24;511.49;NORMAL;N
5458000;512.32;511.57;NORMAL;N
5460000;512.39;511.64;NORMAL;N
5462000;513.92;513.17;NORMAL;N
5464000;511.39;510.64;NORMAL;N
5466000;511.10;510.35;NORMAL;N
5468000;512.95;512.21;NORMAL;N
5470000;511.34;510.60;NORMAL;N
5472000;513.01;512.27;NORMAL;N
5474000;513.28;512.54;NORMAL;N
5476000;512.76;512.03;NORMAL;N
5478000;512.29;511.56;NORMAL;N
5480000;512.86;512.13;NORMAL;N
5482000;512.89;512.16;NORMAL;N
5484000;513.55;512.83;NORMAL;N
5486000;513.13;512.40;NORMAL;N
5488000;512.11;511.39;NORMAL;N
5490000;512.41;511.69;NORMAL;N
5492000;511.79;511.07;NORMAL;N
5494000;512.27;511.55;NORMAL;N
5496000;513.10;512.39;NORMAL;N
5498000;512.08;511.37;NORMAL;N
5500000;512.64;511.93;NORMAL;N
5502000;514.96;514.26;NORMAL;N
5504000;512.19;511.49;NORMAL;N
5506000;513.08;512.38;NORMAL;N
5508000;513.19;512.50;NORMAL;N
5510000;512.35;511.65;NORMAL;N
5512000;513.06;512.37;NORMAL;N
5514000;512.46;511.77;NORMAL;N
5516000;514.20;513.51;NORMAL;N
5518000;513.11;512.42;NORMAL;N
5520000;511.94;511.26;NORMAL;N
5522000;513.56;512.87;NORMAL;N
5524000;511.41;510.73;NORMAL;N
5526000;512.22;511.54;NORMAL;N
5528000;512.65;511.97;NORMAL;N
5530000;511.80;511.12;NORMAL;N
5532000;512.59;511.91;NORMAL;N
5534000;512.60;511.93;NORMAL;N
5536000;512.61;511.94;NORMAL;N
5538000;511.77;511.10;NORMAL;N
5540000;512.80;512.14;NORMAL;N
5542000;512.62;511.97;NORMAL;N
5544000;513.72;513.06;NORMAL;N
5546000;512.28;511.62;NORMAL;N
5548000;512.84;512.18;NORMAL;N
5550000;513.02;512.37;NORMAL;N
5552000;512.82;512.18;NORMAL;N
5554000;512.41;511.77;NORMAL;N
5556000;512.84;512.20;NORMAL;N
5558000;511.49;510.85;NORMAL;N
5560000;512.18;511.55;NORMAL;N
5562000;513.38;512.74;NORMAL;N
5564000;512.87;512.23;NORMAL;N
5566000;513.25;512.62;NORMAL;N
5568000;511.95;511.33;NORMAL;N
5570000;512.98;512.36;NORMAL;N
5572000;512.49;511.87;NORMAL;N
5574000;513.05;512.43;NORMAL;N
5576000;512.86;512.25;NORMAL;N
5578000;513.49;512.88;NORMAL;N
5580000;512.20;511.59;NORMAL;N
5582000;513.47;512.86;NORMAL;N
5584000;513.13;512.53;NORMAL;N
5586000;512.60;511.99;NORMAL;N
5588000;512.26;511.65;NORMAL;N
5590000;512.44;511.84;NORMAL;N
5592000;511.75;511.15;NORMAL;N
5594000;512.07;511.47;NORMAL;N
5596000;512.98;512.39;NORMAL;N
5598000;512.80;512.21;NORMAL;N
5600000;512.50;511.91;NORMAL;N
5602000;512.81;512.22;NORMAL;N
5604000;513.94;513.36;NORMAL;N
5606000;513.11;512.53;NORMAL;N
5608000;512.52;511.94;NORMAL;N
5610000;513.55;512.97;NORMAL;N
5612000;513.64;513.06;NORMAL;N
5614000;512.32;511.75;NORMAL;N
5616000;513.41;512.85;NORMAL;N
5618000;511.78;511.22;NORMAL;N
5620000;511.77;511.21;NORMAL;N
5622000;512.54;511.98;NORMAL;N
5624000;512.24;511.68;NORMAL;N
5626000;512.69;512.13;NORMAL;N
5628000;512.07;511.52;NORMAL;N
5630000;512.80;512.25;NORMAL;N
5632000;513.24;512.69;NORMAL;N
5634000;513.03;512.49;NORMAL;N
5636000;511.54;511.00;NORMAL;N
5638000;512.63;512.09;NORMAL;N
5640000;512.03;511.50;NORMAL;N
5642000;514.23;513.70;NORMAL;N
5644000;512.35;511.82;NORMAL;N
5646000;512.32;511.79;NORMAL;N
5648000;512.14;511.62;NORMAL;N
5650000;511.79;511.27;NORMAL;N
5652000;510.90;510.38;NORMAL;N
5654000;513.06;512.54;NORMAL;N
5656000;513.41;512.90;NORMAL;N
5658000;513.58;513.07;NORMAL;N
5660000;511.69;511.18;NORMAL;N
5662000;511.43;510.93;NORMAL;N
5664000;511.43;510.92;NORMAL;N
5666000;511.92;511.42;NORMAL;N
5668000;513.09;512.59;NORMAL;N
5670000;512.51;512.01;NORMAL;N
5672000;514.31;513.82;NORMAL;N
5674000;511.87;511.38;NORMAL;N
5676000;511.25;510.76;NORMAL;N
5678000;512.48;511.99;NORMAL;N
5680000;511.30;510.81;NORMAL;N
5682000;512.62;512.15;NORMAL;N
5684000;511.86;511.38;NORMAL;N
5686000;512.14;511.67;NORMAL;N
5688000;512.51;512.04;NORMAL;N
5690000;512.32;511.85;NORMAL;N
5692000;512.62;512.16;NORMAL;N
5694000;510.39;509.93;NORMAL;N
5696000;511.67;511.21;NORMAL;N
5698000;513.62;513.17;NORMAL;N
5700000;511.75;511.30;NORMAL;N
5702000;511.91;511.46;NORMAL;N
5704000;511.85;511.40;NORMAL;N
5706000;512.85;512.40;NORMAL;N
5708000;511.61;511.16;NORMAL;N
5710000;511.72;511.28;NORMAL;N
5712000;512.69;512.25;NORMAL;N
5714000;512.43;512.00;NORMAL;N
5716000;513.02;512.59;NORMAL;N
5718000;510.80;510.37;NORMAL;N
5720000;511.71;511.29;NORMAL;N
5722000;512.29;511.87;NORMAL;N
5724000;513.32;512.90;NORMAL;N
5726000;513.64;513.22;NORMAL;N
5728000;512.16;511.75;NORMAL;N
5730000;511.18;510.77;NORMAL;N
5732000;512.29;511.88;NORMAL;N
5734000;513.00;512.60;NORMAL;N
5736000;512.22;511.82;NORMAL;N
5738000;513.42;513.02;NORMAL;N
5740000;512.02;511.62;NORMAL;N
5742000;512.54;512.15;NORMAL;N
5744000;512.65;512.25;NORMAL;N
5746000;513.03;512.64;NORMAL;N
5748000;510.99;510.61;NORMAL;N
5750000;512.64;512.26;NORMAL;N
5752000;512.25;511.87;NORMAL;N
5754000;511.34;510.96;NORMAL;N
5756000;513.41;513.04;NORMAL;N
5758000;512.25;511.88;NORMAL;N
5760000;514.12;513.76;NORMAL;N
5762000;511.38;511.01;NORMAL;N
5764000;513.17;512.81;NORMAL;N
5766000;511.16;510.80;NORMAL;N
5768000;512.13;511.78;NORMAL;N
5770000;510.92;510.57;NORMAL;N
5772000;512.14;511.79;NORMAL;N
5774000;512.91;512.56;NORMAL;N
5776000;512.54;512.19;NORMAL;N
5778000;512.29;511.94;NORMAL;N
5780000;513.20;512.86;NORMAL;N
5782000;511.27;510.93;NORMAL;N
5784000;512.14;511.81;NORMAL;N
5786000;511.52;511.19;NORMAL;N
5788000;512.27;511.94;NORMAL;N
5790000;511.99;511.67;NORMAL;N
5792000;513.12;512.79;NORMAL;N
5794000;511.55;511.23;NORMAL;N
5796000;511.86;511.54;NORMAL;N
5798000;512.12;511.81;NORMAL;N
5800000;512.17;511.86;NORMAL;N
5802000;513.32;513.01;NORMAL;N
5804000;511.92;511.61;NORMAL;N
5806000;512.74;512.44;NORMAL;N
5808000;513.79;513.49;NORMAL;N
5810000;514.11;513.82;NORMAL;N
5812000;511.57;511.28;NORMAL;N
5814000;512.34;512.06;NORMAL;N
5816000;512.66;512.37;NORMAL;N
5818000;512.85;512.57;NORMAL;N
5820000;512.31;512.04;NORMAL;N
5822000;512.73;512.46;NORMAL;N
5824000;512.73;512.45;NORMAL;N
5826000;513.51;513.24;NORMAL;N
5828000;512.03;511.76;NORMAL;N
5830000;511.26;510.99;NORMAL;N
5832000;512.50;512.24;NORMAL;N
5834000;511.38;511.13;NORMAL;N
5836000;511.97;511.71;NORMAL;N
5838000;512.79;512.53;NORMAL;N
5840000;511.45;511.20;NORMAL;N
5842000;512.50;512.25;NORMAL;N
5844000;511.46;511.22;NORMAL;N
5846000;512.41;512.17;NORMAL;N
5848000;512.28;512.05;NORMAL;N
5850000;512.42;512.19;NORMAL;N
5852000;512.33;512.10;NORMAL;N
5854000;511.19;510.96;NORMAL;N
5856000;510.92;510.69;NORMAL;N
5858000;511.31;511.09;NORMAL;N
5860000;512.06;511.84;NORMAL;N
5862000;511.83;511.62;NORMAL;N
5864000;511.17;510.96;NORMAL;N
5866000;511.50;511.29;NORMAL;N
5868000;513.15;512.94;NORMAL;N
5870000;512.42;512.22;NORMAL;N
5872000;511.72;511.52;NORMAL;N
5874000;511.64;511.44;NORMAL;N
5876000;512.98;512.78;NORMAL;N
5878000;511.69;511.50;NORMAL;N
5880000;511.68;511.49;NORMAL;N
5882000;512.24;512.06;NORMAL;N
5884000;510.82;510.64;NORMAL;N
5886000;510.84;510.66;NORMAL;N
5888000;513.08;512.90;NORMAL;N
5890000;511.55;511.38;NORMAL;N
5892000;510.83;510.66;NORMAL;N
5894000;513.80;513.64;NORMAL;N
5896000;512.83;512.66;NORMAL;N
5898000;512.25;512.09;NORMAL;N
5900000;511.80;511.64;NORMAL;N
5902000;512.91;512.76;NORMAL;N
5904000;511.27;511.12;NORMAL;N
5906000;513.53;513.38;NORMAL;N
5908000;512.02;511.88;NORMAL;N
5910000;512.64;512.50;NORMAL;N
5912000;512.60;512.46;NORMAL;N
5914000;512.13;512.00;NORMAL;N
5916000;513.52;513.39;NORMAL;N
5918000;512.78;512.65;NORMAL;N
5920000;511.95;511.82;NORMAL;N
5922000;512.17;512.04;NORMAL;N
5924000;512.28;512.16;NORMAL;N
5926000;513.43;513.31;NORMAL;N
5928000;511.19;511.07;NORMAL;N
5930000;511.95;511.84;NORMAL;N
5932000;513.69;513.59;NORMAL;N
5934000;512.99;512.88;NORMAL;N
5936000;511.72;511.62;NORMAL;N
5938000;513.05;512.95;NORMAL;N
5940000;512.42;512.33;NORMAL;N
5942000;511.94;511.85;NORMAL;N
5944000;510.74;510.65;NORMAL;N
5946000;511.48;511.40;NORMAL;N
5948000;513.23;513.15;NORMAL;N
5950000;511.16;511.08;NORMAL;N
5952000;510.87;510.80;NORMAL;N
5954000;512.29;512.22;NORMAL;N
5956000;513.55;513.48;NORMAL;N
5958000;512.23;512.17;NORMAL;N
5960000;512.27;512.21;NORMAL;N
5962000;511.50;511.44;NORMAL;N
5964000;513.21;513.15;NORMAL;N
5966000;511.58;511.53;NORMAL;N
5968000;509.98;509.93;NORMAL;N
5970000;511.96;511.91;NORMAL;N
5972000;512.41;512.36;NORMAL;N
5974000;511.39;511.35;NORMAL;N
5976000;512.74;512.71;NORMAL;N
5978000;512.26;512.23;NORMAL;N
5980000;511.60;511.57;NORMAL;N
5982000;510.73;510.70;NORMAL;N
5984000;511.79;511.77;NORMAL;N
5986000;511.64;511.62;NORMAL;N
5988000;511.15;511.13;NORMAL;N
5990000;512.42;512.41;NORMAL;N
5992000;511.53;511.51;NORMAL;N
5994000;509.81;509.80;NORMAL;N
5996000;512.27;512.26;NORMAL;N
5998000;510.49;510.48;NORMAL;N
6000000;512.96;512.96;NORMAL;N
6002000;511.69;511.69;NORMAL;N
6004000;511.29;511.29;NORMAL;N
6006000;512.57;512.58;NORMAL;N
6008000;512.77;512.78;NORMAL;N
6010000;512.04;512.06;NORMAL;N
6012000;511.55;511.57;NORMAL;N
6014000;510.75;510.77;NORMAL;N
6016000;512.46;512.49;NORMAL;N
6018000;513.82;513.84;NORMAL;N
6020000;512.17;512.20;NORMAL;N
6022000;511.99;512.03;NORMAL;N
6024000;512.48;512.52;NORMAL;N
6026000;511.67;511.71;NORMAL;N
6028000;512.74;512.78;NORMAL;N
6030000;512.61;512.66;NORMAL;N
6032000;512.18;512.23;NORMAL;N
6034000;511.69;511.74;NORMAL;N
6036000;512.11;512.17;NORMAL;N
6038000;512.13;512.19;NORMAL;N
6040000;513.01;513.08;NORMAL;N
6042000;510.62;510.68;NORMAL;N
6044000;511.80;511.87;NORMAL;N
6046000;511.52;511.59;NORMAL;N
6048000;513.04;513.12;NORMAL;N
6050000;512.66;512.74;NORMAL;N
6052000;511.37;511.45;NORMAL;N
6054000;512.10;512.19;NORMAL;N
6056000;512.67;512.76;NORMAL;N
6058000;511.39;511.48;NORMAL;N
6060000;511.44;511.54;NORMAL;N
6062000;512.29;512.38;NORMAL;N
6064000;512.73;512.83;NORMAL;N
6066000;513.09;513.20;NORMAL;N
6068000;511.57;511.68;NORMAL;N
6070000;512.02;512.13;NORMAL;N
6072000;511.87;511.99;NORMAL;N
6074000;511.79;511.90;NORMAL;N
6076000;511.54;511.66;NORMAL;N
6078000;511.18;511.30;NORMAL;N
6080000;511.49;511.62;NORMAL;N
6082000;511.96;512.08;NORMAL;N
6084000;512.61;512.74;NORMAL;N
6086000;511.63;511.77;NORMAL;N
6088000;513.37;513.51;NORMAL;N
6090000;510.34;510.48;NORMAL;N
6092000;510.62;510.76;NORMAL;N
6094000;511.29;511.44;NORMAL;N
6096000;512.34;512.49;NORMAL;N
6098000;512.80;512.95;NORMAL;N
6100000;512.41;512.57;NORMAL;N
6102000;512.16;512.32;NORMAL;N
6104000;511.44;511.60;NORMAL;N
6106000;510.27;510.43;NORMAL;N
6108000;513.57;513.74;NORMAL;N
6110000;513.32;513.49;NORMAL;N
6112000;512.21;512.39;NORMAL;N
6114000;512.21;512.39;NORMAL;N
6116000;512.34;512.53;NORMAL;N
6118000;511.72;511.91;NORMAL;N
6120000;511.77;511.96;NORMAL;N
6122000;512.20;512.39;NORMAL;N
6124000;511.99;512.18;NORMAL;N
6126000;512.71;512.91;NORMAL;N
6128000;510.54;510.74;NORMAL;N
6130000;511.36;511.57;NORMAL;N
6132000;510.13;510.34;NORMAL;N
6134000;511.12;511.33;NORMAL;N
6136000;512.15;512.36;NORMAL;N
6138000;511.13;511.34;NORMAL;N
6140000;510.51;510.73;NORMAL;N
6142000;512.32;512.54;NORMAL;N
6144000;512.02;512.25;NORMAL;N
6146000;512.30;512.53;NORMAL;N
6148000;513.89;514.12;NORMAL;N
6150000;512.19;512.42;NORMAL;N
6152000;511.94;512.18;NORMAL;N
6154000;512.70;512.94;NORMAL;N
6156000;511.74;511.99;NORMAL;N
6158000;511.04;511.28;NORMAL;N
6160000;511.84;512.09;NORMAL;N
6162000;511.21;511.46;NORMAL;N
6164000;512.17;512.43;NORMAL;N
6166000;512.20;512.46;NORMAL;N
6168000;513.16;513.42;NORMAL;N
6170000;511.34;511.60;NORMAL;N
6172000;511.80;512.06;NORMAL;N
6174000;510.93;511.20;NORMAL;N
6176000;512.01;512.28;NORMAL;N
6178000;511.23;511.50;NORMAL;N
6180000;512.14;512.42;NORMAL;N
6182000;511.50;511.78;NORMAL;N
6184000;511.01;511.30;NORMAL;N
6186000;511.81;512.10;NORMAL;N
6188000;512.35;512.64;NORMAL;N
6190000;511.57;511.87;NORMAL;N
6192000;511.74;512.03;NORMAL;N
6194000;511.42;511.72;NORMAL;N
6196000;511.03;511.34;NORMAL;N
6198000;509.53;509.84;NORMAL;N
6200000;511.24;511.55;NORMAL;N
6202000;510.57;510.89;NORMAL;N
6204000;511.81;512.13;NORMAL;N
6206000;510.08;510.40;NORMAL;N
6208000;511.14;511.46;NORMAL;N
6210000;513.56;513.88;NORMAL;N
6212000;512.08;512.41;NORMAL;N
6214000;511.13;511.46;NORMAL;N
6216000;510.81;511.14;NORMAL;N
6218000;511.38;511.72;NORMAL;N
6220000;511.71;512.05;NORMAL;N
6222000;512.06;512.40;NORMAL;N
6224000;510.51;510.85;NORMAL;N
6226000;510.88;511.23;NORMAL;N
6228000;512.14;512.49;NORMAL;N
6230000;511.16;511.51;NORMAL;N
6232000;511.64;511.99;NORMAL;N
6234000;511.58;511.94;NORMAL;N
6236000;512.14;512.51;NORMAL;N
6238000;510.07;510.44;NORMAL;N
6240000;509.99;510.35;NORMAL;N
6242000;511.55;511.93;NORMAL;N
6244000;511.09;511.46;NORMAL;N
6246000;512.27;512.64;NORMAL;N
6248000;512.71;513.09;NORMAL;N
6250000;510.88;511.27;NORMAL;N
6252000;511.63;512.02;NORMAL;N
6254000;510.98;511.37;NORMAL;N
6256000;511.21;511.60;NORMAL;N
6258000;510.99;511.39;NORMAL;N
6260000;510.88;511.28;NORMAL;N
6262000;511.44;511.84;NORMAL;N
6264000;512.47;512.88;NORMAL;N
6266000;511.20;511.60;NORMAL;N
6268000;511.08;511.49;NORMAL;N
6270000;511.76;512.17;NORMAL;N
6272000;512.20;512.61;NORMAL;N
6274000;510.53;510.95;NORMAL;N
6276000;511.58;512.00;NORMAL;N
6278000;509.83;510.25;NORMAL;N
6280000;511.30;511.73;NORMAL;N
6282000;510.29;510.72;NORMAL;N
6284000;513.52;513.96;NORMAL;N
6286000;512.40;512.84;NORMAL;N
6288000;510.54;510.98;NORMAL;N
6290000;511.38;511.82;NORMAL;N
6292000;512.15;512.59;NORMAL;N
6294000;511.23;511.68;NORMAL;N
6296000;511.93;512.38;NORMAL;N
6298000;511.17;511.62;NORMAL;N
6300000;512.68;513.14;NORMAL;N
6302000;511.09;511.54;NORMAL;N
6304000;512.69;513.15;NORMAL;N
6306000;510.70;511.16;NORMAL;N
6308000;511.08;511.55;NORMAL;N
6310000;511.77;512.24;NORMAL;N
6312000;511.37;511.84;NORMAL;N
6314000;511.19;511.66;NORMAL;N
6316000;509.85;510.33;NORMAL;N
6318000;511.12;511.60;NORMAL;N
6320000;513.06;513.54;NORMAL;N
6322000;510.54;511.03;NORMAL;N
6324000;511.09;511.58;NORMAL;N
6326000;511.55;512.04;NORMAL;N
6328000;511.79;512.28;NORMAL;N
6330000;510.92;511.42;NORMAL;N
6332000;512.12;512.62;NORMAL;N
6334000;511.48;511.99;NORMAL;N
6336000;510.83;511.33;NORMAL;N
6338000;509.77;510.27;NORMAL;N
6340000;511.79;512.30;NORMAL;N
6342000;511.21;511.73;NORMAL;N
6344000;512.11;512.62;NORMAL;N
6346000;511.40;511.92;NORMAL;N
6348000;512.27;512.79;NORMAL;N
6350000;511.76;512.28;NORMAL;N
6352000;510.82;511.35;NORMAL;N
6354000;510.58;511.11;NORMAL;N
6356000;510.72;511.25;NORMAL;N
6358000;511.96;512.49;NORMAL;N
6360000;511.46;511.99;NORMAL;N
6362000;511.30;511.83;NORMAL;N
6364000;511.26;511.80;NORMAL;N
6366000;510.99;511.54;NORMAL;N
6368000;512.37;512.92;NORMAL;N
6370000;513.49;514.04;NORMAL;N
6372000;511.87;512.42;NORMAL;N
6374000;512.15;512.71;NORMAL;N
6376000;511.18;511.74;NORMAL;N
6378000;512.39;512.95;NORMAL;N
6380000;511.39;511.95;NORMAL;N
6382000;511.40;511.96;NORMAL;N
6384000;511.31;511.87;NORMAL;N
6386000;511.04;511.61;NORMAL;N
6388000;510.75;511.32;NORMAL;N
6390000;512.19;512.77;NORMAL;N
6392000;510.49;511.07;NORMAL;N
6394000;512.46;513.04;NORMAL;N
6396000;512.55;513.14;NORMAL;N
6398000;511.53;512.12;NORMAL;N
6400000;510.86;511.45;NORMAL;N
6402000;511.74;512.33;NORMAL;N
6404000;509.77;510.36;NORMAL;N
6406000;511.96;512.55;NORMAL;N
6408000;511.07;511.67;NORMAL;N
6410000;512.00;512.60;NORMAL;N
6412000;513.18;513.79;NORMAL;N
6414000;510.51;511.11;NORMAL;N
6416000;511.49;512.10;NORMAL;N
6418000;512.07;512.68;NORMAL;N
6420000;510.59;511.20;NORMAL;N
6422000;510.38;510.99;NORMAL;N
6424000;510.87;511.49;NORMAL;N
6426000;510.16;510.78;NORMAL;N
6428000;512.62;513.24;NORMAL;N
6430000;509.49;510.12;NORMAL;N
6432000;511.57;512.20;NORMAL;N
6434000;510.78;511.41;NORMAL;N
6436000;511.07;511.70;NORMAL;N
6438000;510.49;511.12;NORMAL;N
6440000;510.46;511.10;NORMAL;N
6442000;511.87;512.51;NORMAL;N
6444000;512.35;512.99;NORMAL;N
6446000;512.67;513.32;NORMAL;N
6448000;513.29;513.94;NORMAL;N
6450000;512.00;512.65;NORMAL;N
6452000;511.96;512.62;NORMAL;N
6454000;511.06;511.71;NORMAL;N
6456000;511.92;512.58;NORMAL;N
6458000;510.96;511.62;NORMAL;N
6460000;511.20;511.87;NORMAL;N
6462000;511.11;511.77;NORMAL;N
6464000;511.22;511.89;NORMAL;N
6466000;512.00;512.67;NORMAL;N
6468000;512.17;512.84;NORMAL;N
6470000;510.22;510.89;NORMAL;N
6472000;511.05;511.73;NORMAL;N
6474000;511.16;511.83;NORMAL;N
6476000;511.51;512.19;NORMAL;N
6478000;512.93;513.61;NORMAL;N
6480000;511.20;511.89;NORMAL;N
6482000;511.18;511.86;NORMAL;N
6484000;510.24;510.92;NORMAL;N
6486000;509.75;510.44;NORMAL;N
6488000;510.51;511.20;NORMAL;N
6490000;510.58;511.28;NORMAL;N
6492000;512.22;512.92;NORMAL;N
6494000;511.30;512.00;NORMAL;N
6496000;510.86;511.56;NORMAL;N
6498000;511.50;512.20;NORMAL;N
6500000;510.34;511.04;NORMAL;N
6502000;511.05;511.76;NORMAL;N
6504000;510.59;511.30;NORMAL;N
6506000;511.62;512.34;NORMAL;N
6508000;513.04;513.75;NORMAL;N
6510000;510.89;511.61;NORMAL;N
6512000;510.36;511.08;NORMAL;N
6514000;512.15;512.87;NORMAL;N
6516000;511.76;512.48;NORMAL;N
6518000;509.39;510.11;NORMAL;N
6520000;511.96;512.69;NORMAL;N
6522000;511.25;511.98;NORMAL;N
6524000;511.89;512.63;NORMAL;N
6526000;510.21;510.95;NORMAL;N
6528000;509.67;510.41;NORMAL;N
6530000;511.42;512.16;NORMAL;N
6532000;511.59;512.33;NORMAL;N
6534000;512.02;512.77;NORMAL;N
6536000;511.69;512.43;NORMAL;N
6538000;511.05;511.80;NORMAL;N
6540000;513.04;513.79;NORMAL;N
6542000;511.12;511.87;NORMAL;N
6544000;511.73;512.49;NORMAL;N
6546000;511.56;512.31;NORMAL;N
6548000;510.50;511.26;NORMAL;N
6550000;510.95;511.71;NORMAL;N
6552000;511.90;512.67;NORMAL;N
6554000;511.64;512.40;NORMAL;N
6556000;510.69;511.45;NORMAL;N
6558000;510.53;511.30;NORMAL;N
6560000;511.15;511.92;NORMAL;N
6562000;510.70;511.47;NORMAL;N
6564000;511.12;511.90;NORMAL;N
6566000;511.93;512.71;NORMAL;N
6568000;511.90;512.68;NORMAL;N
6570000;510.20;510.98;NORMAL;N
6572000;511.71;512.49;NORMAL;N
6574000;511.01;511.80;NORMAL;N
6576000;509.73;510.51;NORMAL;N
6578000;511.13;511.92;NORMAL;N
6580000;509.55;510.34;NORMAL;N
6582000;511.83;512.62;NORMAL;N
6584000;511.12;511.92;NORMAL;N
6586000;509.94;510.73;NORMAL;N
6588000;510.65;511.45;NORMAL;N
6590000;510.66;511.46;NORMAL;N
6592000;510.27;511.07;NORMAL;N
6594000;510.88;511.69;NORMAL;N
6596000;512.85;513.66;NORMAL;N
6598000;512.16;512.97;NORMAL;N
6600000;510.85;511.66;NORMAL;N
6602000;509.82;510.63;NORMAL;N
6604000;512.50;513.31;NORMAL;N
6606000;512.70;513.51;NORMAL;N
6608000;510.65;511.47;NORMAL;N
6610000;510.48;511.30;NORMAL;N
6612000;511.91;512.73;NORMAL;N
6614000;509.63;510.45;NORMAL;N
6616000;510.00;510.82;NORMAL;N
6618000;511.00;511.82;NORMAL;N
6620000;510.83;511.66;NORMAL;N
6622000;510.40;511.23;NORMAL;N
6624000;511.31;512.14;NORMAL;N
6626000;512.00;512.83;NORMAL;N
6628000;509.83;510.67;NORMAL;N
6630000;511.82;512.66;NORMAL;N
6632000;511.48;512.31;NORMAL;N
6634000;510.28;511.12;NORMAL;N
6636000;510.59;511.43;NORMAL;N
6638000;511.41;512.26;NORMAL;N
6640000;511.42;512.27;NORMAL;N
6642000;511.11;511.96;NORMAL;N
6644000;511.93;512.78;NORMAL;N
6646000;511.93;512.78;NORMAL;N
6648000;510.93;511.78;NORMAL;N
6650000;511.16;512.01;NORMAL;N
6652000;511.98;512.83;NORMAL;N
6654000;510.62;511.48;NORMAL;N
6656000;510.87;511.73;NORMAL;N
6658000;511.83;512.69;NORMAL;N
6660000;512.43;513.29;NORMAL;N
6662000;510.86;511.73;NORMAL;N
6664000;510.55;511.41;NORMAL;N
6666000;510.60;511.47;NORMAL;N
6668000;510.32;511.18;NORMAL;N
6670000;511.08;511.95;NORMAL;N
6672000;510.76;511.63;NORMAL;N
6674000;511.91;512.78;NORMAL;N
6676000;510.73;511.60;NORMAL;N
6678000;510.91;511.79;NORMAL;N
6680000;510.71;511.58;NORMAL;N
6682000;511.65;512.53;NORMAL;N
6684000;511.56;512.44;NORMAL;N
6686000;511.26;512.14;NORMAL;N
6688000;510.48;511.36;NORMAL;N
6690000;510.27;511.15;NORMAL;N
6692000;512.14;513.03;NORMAL;N
6694000;513.08;513.97;NORMAL;N
6696000;510.97;511.85;NORMAL;N
6698000;511.61;512.50;NORMAL;N
6700000;509.69;510.58;NORMAL;N
6702000;511.15;512.04;NORMAL;N
6704000;510.57;511.46;NORMAL;N
6706000;511.39;512.28;NORMAL;N
6708000;510.73;511.63;NORMAL;N
6710000;509.78;510.68;NORMAL;N
6712000;509.83;510.73;NORMAL;N
6714000;511.16;512.06;NORMAL;N
6716000;511.60;512.50;NORMAL;N
6718000;508.97;509.87;NORMAL;N
6720000;511.20;512.10;NORMAL;N
6722000;510.79;511.70;NORMAL;N
6724000;509.95;510.86;NORMAL;N
6726000;510.08;510.99;NORMAL;N
6728000;510.71;511.62;NORMAL;N
6730000;510.56;511.47;NORMAL;N
6732000;510.68;511.59;NORMAL;N
6734000;509.55;510.46;NORMAL;N
6736000;510.13;511.04;NORMAL;N
6738000;510.91;511.83;NORMAL;N
6740000;511.75;512.66;NORMAL;N
6742000;511.41;512.33;NORMAL;N
6744000;511.37;512.29;NORMAL;N
6746000;513.09;514.01;NORMAL;N
6748000;511.20;512.12;NORMAL;N
6750000;510.00;510.92;NORMAL;N
6752000;512.20;513.12;NORMAL;N
6754000;510.27;511.19;NORMAL;N
6756000;511.03;511.95;NORMAL;N
6758000;511.06;511.99;NORMAL;N
6760000;511.96;512.89;NORMAL;N
6762000;511.24;512.18;NORMAL;N
6764000;511.46;512.39;NORMAL;N
6766000;510.26;511.19;NORMAL;N
6768000;513.31;514.24;NORMAL;N
6770000;511.04;511.97;NORMAL;N
6772000;511.06;511.99;NORMAL;N
6774000;511.45;512.38;NORMAL;N
6776000;512.49;513.43;NORMAL;N
6778000;510.93;511.87;NORMAL;N
6780000;511.39;512.33;NORMAL;N
6782000;510.76;511.70;NORMAL;N
6784000;510.59;511.53;NORMAL;N
6786000;512.51;513.46;NORMAL;N
6788000;510.81;511.76;NORMAL;N
6790000;510.53;511.48;NORMAL;N
6792000;511.43;512.38;NORMAL;N
6794000;511.09;512.04;NORMAL;N
6796000;511.02;511.97;NORMAL;N
6798000;511.09;512.04;NORMAL;N
6800000;512.25;513.20;NORMAL;N
6802000;510.83;511.78;NORMAL;N
6804000;509.67;510.62;NORMAL;N
6806000;510.70;511.65;NORMAL;N
6808000;512.09;513.05;NORMAL;N
6810000;510.22;511.18;NORMAL;N
6812000;510.34;511.30;NORMAL;N
6814000;511.48;512.43;NORMAL;N
6816000;510.40;511.36;NORMAL;N
6818000;511.00;511.96;NORMAL;N
6820000;512.12;513.08;NORMAL;N
6822000;511.89;512.85;NORMAL;N
6824000;511.87;512.83;NORMAL;N
6826000;510.49;511.45;NORMAL;N
6828000;511.00;511.96;NORMAL;N
6830000;511.75;512.72;NORMAL;N
6832000;512.54;513.51;NORMAL;N
6834000;509.79;510.75;NORMAL;N
6836000;509.03;509.99;NORMAL;N
6838000;509.12;510.09;NORMAL;N
6840000;511.66;512.63;NORMAL;N
6842000;510.49;511.46;NORMAL;N
6844000;511.48;512.45;NORMAL;N
6846000;511.10;512.07;NORMAL;N
6848000;511.99;512.96;NORMAL;N
6850000;510.85;511.82;NORMAL;N
6852000;510.94;511.91;NORMAL;N
6854000;510.23;511.21;NORMAL;N
6856000;510.58;511.55;NORMAL;N
6858000;511.03;512.01;NORMAL;N
6860000;510.60;511.57;NORMAL;N
6862000;509.87;510.85;NORMAL;N
6864000;511.22;512.20;NORMAL;N
6866000;509.89;510.87;NORMAL;N
6868000;509.89;510.86;NORMAL;N
6870000;510.16;511.14;NORMAL;N
6872000;511.09;512.07;NORMAL;N
6874000;511.68;512.66;NORMAL;N
6876000;511.71;512.69;NORMAL;N
6878000;510.58;511.56;NORMAL;N
6880000;512.26;513.24;NORMAL;N
6882000;510.49;511.47;NORMAL;N
6884000;511.57;512.56;NORMAL;N
6886000;509.60;510.58;NORMAL;N
6888000;510.45;511.44;NORMAL;N
6890000;511.04;512.03;NORMAL;N
6892000;510.91;511.90;NORMAL;N
6894000;512.58;513.56;NORMAL;N
6896000;510.62;511.61;NORMAL;N
6898000;509.65;510.64;NORMAL;N
6900000;510.51;511.49;NORMAL;N
6902000;509.39;510.38;NORMAL;N
6904000;510.04;511.03;NORMAL;N
6906000;511.80;512.79;NORMAL;N
6908000;510.40;511.39;NORMAL;N
6910000;510.63;511.62;NORMAL;N
6912000;512.77;513.76;NORMAL;N
6914000;511.18;512.17;NORMAL;N
6916000;511.22;512.21;NORMAL;N
6918000;511.18;512.17;NORMAL;N
6920000;511.61;512.60;NORMAL;N
6922000;510.91;511.90;NORMAL;N
6924000;510.62;511.62;NORMAL;N
6926000;510.83;511.82;NORMAL;N
6928000;510.27;511.26;NORMAL;N
6930000;511.62;512.61;NORMAL;N
6932000;510.36;511.36;NORMAL;N
6934000;510.45;511.45;NORMAL;N
6936000;511.94;512.93;NORMAL;N
6938000;510.66;511.66;NORMAL;N
6940000;511.61;512.60;NORMAL;N
6942000;511.10;512.10;NORMAL;N
6944000;510.12;511.12;NORMAL;N
6946000;511.51;512.51;NORMAL;N
6948000;510.74;511.74;NORMAL;N
6950000;510.38;511.38;NORMAL;N
6952000;512.69;513.68;NORMAL;N
6954000;511.30;512.29;NORMAL;N
6956000;511.32;512.31;NORMAL;N
6958000;511.18;512.18;NORMAL;N
6960000;510.37;511.37;NORMAL;N
6962000;511.80;512.80;NORMAL;N
6964000;510.48;511.48;NORMAL;N
6966000;509.97;510.97;NORMAL;N
6968000;510.88;511.88;NORMAL;N
6970000;511.95;512.95;NORMAL;N
6972000;510.93;511.93;NORMAL;N
6974000;511.33;512.33;NORMAL;N
6976000;511.56;512.56;NORMAL;N
6978000;510.69;511.69;NORMAL;N
6980000;511.21;512.21;NORMAL;N
6982000;510.75;511.75;NORMAL;N
6984000;510.21;511.21;NORMAL;N
6986000;511.62;512.62;NORMAL;N
6988000;510.64;511.64;NORMAL;N
6990000;510.90;511.90;NORMAL;N
6992000;512.57;513.57;NORMAL;N
6994000;511.43;512.43;NORMAL;N
6996000;511.56;512.56;NORMAL;N
6998000;510.28;511.28;NORMAL;N
7000000;510.68;511.68;NORMAL;N
7002000;511.74;512.74;NORMAL;N
7004000;510.84;511.84;NORMAL;N
7006000;511.69;512.69;NORMAL;N
7008000;510.55;511.55;NORMAL;N
7010000;511.69;512.69;NORMAL;N
7012000;510.54;511.54;NORMAL;N
7014000;511.72;512.72;NORMAL;N
7016000;511.49;512.49;NORMAL;N
7018000;510.53;511.52;NORMAL;N
7020000;511.37;512.37;NORMAL;N
7022000;510.90;511.90;NORMAL;N
7024000;510.55;511.55;NORMAL;N
7026000;512.28;513.28;NORMAL;N
7028000;510.36;511.35;NORMAL;N
7030000;510.73;511.73;NORMAL;N
7032000;510.67;511.67;NORMAL;N
7034000;510.38;511.38;NORMAL;N
7036000;511.03;512.03;NORMAL;N
7038000;511.02;512.02;NORMAL;N
7040000;511.01;512.01;NORMAL;N
7042000;509.13;510.13;NORMAL;N
7044000;511.43;512.43;NORMAL;N
7046000;511.10;512.10;NORMAL;N
7048000;510.95;511.94;NORMAL;N
7050000;510.89;511.88;NORMAL;N
7052000;512.39;513.39;NORMAL;N
7054000;511.62;512.61;NORMAL;N
7056000;510.76;511.75;NORMAL;N
7058000;511.91;512.91;NORMAL;N
7060000;511.96;512.95;NORMAL;N
7062000;510.47;511.46;NORMAL;N
7064000;512.72;513.72;NORMAL;N
7066000;512.01;513.00;NORMAL;N
7068000;510.91;511.90;NORMAL;N
7070000;512.25;513.24;NORMAL;N
7072000;511.50;512.49;NORMAL;N
7074000;512.06;513.05;NORMAL;N
7076000;510.08;511.07;NORMAL;N
7078000;511.12;512.11;NORMAL;N
7080000;509.87;510.86;NORMAL;N
7082000;510.88;511.87;NORMAL;N
7084000;511.42;512.41;NORMAL;N
7086000;511.70;512.69;NORMAL;N
7088000;511.10;512.10;NORMAL;N
7090000;510.66;511.65;NORMAL;N
7092000;510.80;511.79;NORMAL;N
7094000;509.51;510.50;NORMAL;N
7096000;511.89;512.88;NORMAL;N
7098000;510.45;511.44;NORMAL;N
7100000;510.55;511.54;NORMAL;N
7102000;510.58;511.56;NORMAL;N
7104000;510.01;511.00;NORMAL;N
7106000;511.94;512.93;NORMAL;N
7108000;512.26;513.24;NORMAL;N
7110000;511.39;512.38;NORMAL;N
7112000;509.93;510.91;NORMAL;N
7114000;511.08;512.07;NORMAL;N
7116000;512.01;512.99;NORMAL;N
7118000;510.54;511.53;NORMAL;N
7120000;510.15;511.14;NORMAL;N
7122000;512.17;513.15;NORMAL;N
7124000;510.79;511.77;NORMAL;N
7126000;512.80;513.78;NORMAL;N
7128000;511.50;512.48;NORMAL;N
7130000;510.85;511.83;NORMAL;N
7132000;510.56;511.54;NORMAL;N
7134000;510.47;511.45;NORMAL;N
7136000;510.74;511.72;NORMAL;N
7138000;511.88;512.86;NORMAL;N
7140000;511.56;512.53;NORMAL;N
7142000;512.05;513.03;NORMAL;N
7144000;512.15;513.13;NORMAL;N
7146000;510.56;511.54;NORMAL;N
7148000;511.37;512.35;NORMAL;N
7150000;509.95;510.92;NORMAL;N
7152000;511.92;512.89;NORMAL;N
7154000;510.44;511.41;NORMAL;N
7156000;512.52;513.49;NORMAL;N
7158000;510.81;511.78;NORMAL;N
7160000;510.94;511.91;NORMAL;N
7162000;510.88;511.85;NORMAL;N
7164000;510.82;511.79;NORMAL;N
7166000;510.80;511.76;NORMAL;N
7168000;509.78;510.74;NORMAL;N
7170000;512.25;513.21;NORMAL;N
7172000;511.59;512.56;NORMAL;N
7174000;510.29;511.25;NORMAL;N
7176000;511.37;512.33;NORMAL;N
7178000;510.35;511.31;NORMAL;N
7180000;511.15;512.11;NORMAL;N
7182000;509.84;510.80;NORMAL;N
7184000;511.25;512.20;NORMAL;N
7186000;510.87;511.82;NORMAL;N
7188000;511.43;512.39;NORMAL;N
7190000;510.77;511.72;NORMAL;N
7192000;511.27;512.23;NORMAL;N
7194000;511.95;512.90;NORMAL;N
7196000;510.56;511.51;NORMAL;N
7198000;511.53;512.48;NORMAL;N
7200000;509.82;510.78;NORMAL;N
7202000;510.77;511.72;NORMAL;N
7204000;510.44;511.39;NORMAL;N
7206000;510.78;511.73;NORMAL;N
7208000;509.20;510.15;NORMAL;N
7210000;511.77;512.72;NORMAL;N
7212000;509.44;510.39;NORMAL;N
7214000;511.09;512.04;NORMAL;N
7216000;510.70;511.65;NORMAL;N
7218000;511.02;511.96;NORMAL;N
7220000;511.99;512.93;NORMAL;N
7222000;508.74;509.68;NORMAL;N
7224000;510.13;511.07;NORMAL;N
7226000;510.08;511.02;NORMAL;N
7228000;510.78;511.72;NORMAL;N
7230000;511.03;511.97;NORMAL;N
7232000;510.58;511.52;NORMAL;N
7234000;510.72;511.66;NORMAL;N
7236000;511.98;512.91;NORMAL;N
7238000;512.43;513.36;NORMAL;N
7240000;511.85;512.78;NORMAL;N
7242000;511.99;512.91;NORMAL;N
7244000;512.94;513.87;NORMAL;N
7246000;510.77;511.69;NORMAL;N
7248000;510.36;511.28;NORMAL;N
7250000;510.87;511.79;NORMAL;N
7252000;511.39;512.32;NORMAL;N
7254000;512.00;512.93;NORMAL;N
7256000;511.32;512.25;NORMAL;N
7258000;511.49;512.41;NORMAL;N
7260000;510.26;511.17;NORMAL;N
7262000;512.15;513.06;NORMAL;N
7264000;510.58;511.50;NORMAL;N
7266000;511.24;512.16;NORMAL;N
7268000;510.17;511.08;NORMAL;N
7270000;509.93;510.84;NORMAL;N
7272000;510.54;511.45;NORMAL;N
7274000;510.79;511.70;NORMAL;N
7276000;511.23;512.14;NORMAL;N
7278000;510.98;511.89;NORMAL;N
7280000;511.18;512.09;NORMAL;N
7282000;509.78;510.68;NORMAL;N
7284000;511.67;512.57;NORMAL;N
7286000;511.51;512.41;NORMAL;N
7288000;509.82;510.72;NORMAL;N
7290000;512.47;513.36;NORMAL;N
7292000;511.51;512.41;NORMAL;N
7294000;513.13;514.03;NORMAL;N
7296000;510.19;511.09;NORMAL;N
7298000;510.76;511.65;NORMAL;N
7300000;511.32;512.21;NORMAL;N
7302000;512.07;512.96;NORMAL;N
7304000;509.23;510.12;NORMAL;N
7306000;510.81;511.70;NORMAL;N
7308000;510.64;511.52;NORMAL;N
7310000;511.68;512.56;NORMAL;N
7312000;511.82;512.71;NORMAL;N
7314000;509.11;509.99;NORMAL;N
7316000;510.71;511.59;NORMAL;N
7318000;512.26;513.14;NORMAL;N
7320000;512.43;513.31;NORMAL;N
7322000;510.02;510.90;NORMAL;N
7324000;510.78;511.65;NORMAL;N
7326000;510.94;511.81;NORMAL;N
7328000;508.86;509.73;NORMAL;N
7330000;511.80;512.67;NORMAL;N
7332000;512.08;512.95;NORMAL;N
7334000;511.05;511.91;NORMAL;N
7336000;512.52;513.39;NORMAL;N
7338000;510.83;511.69;NORMAL;N
7340000;511.24;512.10;NORMAL;N
7342000;511.52;512.38;NORMAL;N
7344000;510.80;511.66;NORMAL;N
7346000;511.87;512.72;NORMAL;N
7348000;510.66;511.51;NORMAL;N
7350000;511.78;512.64;NORMAL;N
7352000;510.44;511.29;NORMAL;N
7354000;511.08;511.93;NORMAL;N
7356000;509.84;510.69;NORMAL;N
7358000;511.72;512.56;NORMAL;N
7360000;511.40;512.25;NORMAL;N
7362000;510.88;511.72;NORMAL;N
7364000;512.20;513.04;NORMAL;N
7366000;511.94;512.78;NORMAL;N
7368000;511.79;512.63;NORMAL;N
7370000;512.06;512.90;NORMAL;N
7372000;510.48;511.32;NORMAL;N
7374000;511.63;512.46;NORMAL;N
7376000;510.39;511.22;NORMAL;N
7378000;510.92;511.75;NORMAL;N
7380000;510.28;511.11;NORMAL;N
7382000;511.34;512.17;NORMAL;N
7384000;511.85;512.67;NORMAL;N
7386000;510.94;511.76;NORMAL;N
7388000;510.87;511.69;NORMAL;N
7390000;511.44;512.25;NORMAL;N
7392000;511.67;512.49;NORMAL;N
7394000;510.67;511.48;NORMAL;N
7396000;510.81;511.62;NORMAL;N
7398000;511.14;511.95;NORMAL;N
7400000;512.55;513.36;NORMAL;N
7402000;510.46;511.27;NORMAL;N
7404000;512.92;513.72;NORMAL;N
7406000;512.88;513.69;NORMAL;N
7408000;510.25;511.05;NORMAL;N
7410000;511.66;512.45;NORMAL;N
7412000;510.94;511.74;NORMAL;N
7414000;512.61;513.41;NORMAL;N
7416000;510.83;511.62;NORMAL;N
7418000;510.47;511.26;NORMAL;N
7420000;512.59;513.38;NORMAL;N
7422000;510.95;511.73;NORMAL;N
7424000;510.91;511.69;NORMAL;N
7426000;511.39;512.18;NORMAL;N
7428000;511.23;512.01;NORMAL;N
7430000;511.19;511.97;NORMAL;N
7432000;511.14;511.92;NORMAL;N
7434000;511.47;512.25;NORMAL;N
7436000;510.38;511.15;NORMAL;N
7438000;509.55;510.32;NORMAL;N
7440000;511.83;512.60;NORMAL;N
7442000;511.33;512.10;NORMAL;N
7444000;512.15;512.91;NORMAL;N
7446000;511.49;512.26;NORMAL;N
7448000;510.09;510.85;NORMAL;N
7450000;510.56;511.32;NORMAL;N
7452000;512.66;513.41;NORMAL;N
7454000;511.81;512.57;NORMAL;N
7456000;510.01;510.77;NORMAL;N
7458000;511.13;511.88;NORMAL;N
7460000;510.01;510.76;NORMAL;N
7462000;512.60;513.35;NORMAL;N
7464000;511.05;511.80;NORMAL;N
7466000;513.31;514.05;NORMAL;N
7468000;511.24;511.98;NORMAL;N
7470000;510.98;511.72;NORMAL;N
7472000;510.74;511.48;NORMAL;N
7474000;509.42;510.16;NORMAL;N
7476000;511.57;512.31;NORMAL;N
7478000;510.86;511.59;NORMAL;N
7480000;511.82;512.55;NORMAL;N
7482000;508.69;509.42;NORMAL;N
7484000;510.80;511.52;NORMAL;N
7486000;511.19;511.92;NORMAL;N
7488000;511.00;511.72;NORMAL;N
7490000;509.14;509.86;NORMAL;N
7492000;510.99;511.71;NORMAL;N
7494000;512.08;512.80;NORMAL;N
7496000;511.27;511.98;NORMAL;N
7498000;510.90;511.61;NORMAL;N
7500000;511.75;512.46;NORMAL;N
7502000;512.66;513.36;NORMAL;N
7504000;512.50;513.21;NORMAL;N
7506000;510.36;511.06;NORMAL;N
7508000;511.48;512.18;NORMAL;N
7510000;511.25;511.94;NORMAL;N
7512000;512.76;513.45;NORMAL;N
7514000;511.29;511.98;NORMAL;N
7516000;512.08;512.77;NORMAL;N
7518000;511.95;512.64;NORMAL;N
7520000;510.88;511.57;NORMAL;N
7522000;510.84;511.52;NORMAL;N
7524000;511.94;512.62;NORMAL;N
7526000;512.08;512.76;NORMAL;N
7528000;511.78;512.46;NORMAL;N
7530000;511.20;511.87;NORMAL;N
7532000;511.36;512.03;NORMAL;N
7534000;510.16;510.83;NORMAL;N
7536000;510.75;511.42;NORMAL;N
7538000;511.13;511.79;NORMAL;N
7540000;513.27;513.93;NORMAL;N
7542000;511.91;512.57;NORMAL;N
7544000;510.91;511.56;NORMAL;N
7546000;512.03;512.69;NORMAL;N
7548000;510.20;510.86;NORMAL;N
7550000;511.55;512.20;NORMAL;N
7552000;511.32;511.97;NORMAL;N
7554000;511.14;511.78;NORMAL;N
7556000;512.33;512.97;NORMAL;N
7558000;511.71;512.35;NORMAL;N
7560000;510.64;511.27;NORMAL;N
7562000;511.50;512.14;NORMAL;N
7564000;511.82;512.46;NORMAL;N
7566000;510.73;511.36;NORMAL;N
7568000;510.46;511.08;NORMAL;N
7570000;511.95;512.58;NORMAL;N
7572000;511.57;512.19;NORMAL;N
7574000;511.63;512.25;NORMAL;N
7576000;512.14;512.76;NORMAL;N
7578000;511.76;512.37;NORMAL;N
7580000;510.67;511.29;NORMAL;N
7582000;511.84;512.45;NORMAL;N
7584000;512.44;513.05;NORMAL;N
7586000;511.59;512.19;NORMAL;N
7588000;510.93;511.54;NORMAL;N
7590000;511.59;512.19;NORMAL;N
7592000;510.59;511.19;NORMAL;N
7594000;511.75;512.34;NORMAL;N
7596000;510.49;511.09;NORMAL;N
7598000;510.59;511.18;NORMAL;N
7600000;512.15;512.73;NORMAL;N
7602000;513.43;514.02;NORMAL;N
7604000;511.23;511.81;NORMAL;N
7606000;510.88;511.46;NORMAL;N
7608000;511.10;511.68;NORMAL;N
7610000;512.57;513.15;NORMAL;N
7612000;512.62;513.19;NORMAL;N
7614000;511.12;511.69;NORMAL;N
7616000;511.50;512.07;NORMAL;N
7618000;509.99;510.55;NORMAL;N
7620000;511.24;511.80;NORMAL;N
7622000;512.95;513.51;NORMAL;N
7624000;510.76;511.32;NORMAL;N
7626000;511.63;512.18;NORMAL;N
7628000;509.69;510.24;NORMAL;N
7630000;511.55;512.10;NORMAL;N
7632000;511.21;511.76;NORMAL;N
7634000;512.57;513.12;NORMAL;N
7636000;511.98;512.52;NORMAL;N
7638000;511.60;512.14;NORMAL;N
7640000;510.03;510.56;NORMAL;N
7642000;511.17;511.70;NORMAL;N
7644000;511.35;511.88;NORMAL;N
7646000;512.08;512.60;NORMAL;N
7648000;510.39;510.92;NORMAL;N
7650000;510.61;511.14;NORMAL;N
7652000;511.68;512.20;NORMAL;N
7654000;511.42;511.93;NORMAL;N
7656000;512.02;512.53;NORMAL;N
7658000;512.59;513.10;NORMAL;N
7660000;511.47;511.98;NORMAL;N
7662000;510.33;510.84;NORMAL;N
7664000;510.32;510.82;NORMAL;N
7666000;511.51;512.01;NORMAL;N
7668000;512.30;512.79;NORMAL;N
7670000;512.90;513.39;NORMAL;N
7672000;512.11;512.60;NORMAL;N
7674000;511.73;512.22;NORMAL;N
7676000;510.64;511.12;NORMAL;N
7678000;511.63;512.12;NORMAL;N
7680000;512.23;512.71;NORMAL;N
7682000;510.51;510.99;NORMAL;N
7684000;512.31;512.79;NORMAL;N
7686000;511.32;511.79;NORMAL;N
7688000;513.06;513.53;NORMAL;N
7690000;511.17;511.63;NORMAL;N
7692000;510.16;510.62;NORMAL;N
7694000;512.21;512.67;NORMAL;N
7696000;511.03;511.49;NORMAL;N
7698000;512.38;512.84;NORMAL;N
7700000;511.64;512.10;NORMAL;N
7702000;511.43;511.88;NORMAL;N
7704000;511.47;511.92;NORMAL;N
7706000;512.45;512.90;NORMAL;N
7708000;511.42;511.86;NORMAL;N
7710000;511.68;512.12;NORMAL;N
7712000;510.39;510.83;NORMAL;N
7714000;510.56;511.00;NORMAL;N
7716000;511.66;512.10;NORMAL;N
7718000;511.34;511.77;NORMAL;N
7720000;511.46;511.88;NORMAL;N
7722000;511.88;512.31;NORMAL;N
7724000;510.41;510.83;NORMAL;N
7726000;512.21;512.63;NORMAL;N
7728000;510.72;511.14;NORMAL;N
7730000;509.56;509.97;NORMAL;N
7732000;510.46;510.87;NORMAL;N
7734000;511.28;511.69;NORMAL;N
7736000;511.73;512.13;NORMAL;N
7738000;511.21;511.61;NORMAL;N
7740000;513.37;513.77;NORMAL;N
7742000;510.56;510.95;NORMAL;N
7744000;512.43;512.82;NORMAL;N
7746000;511.12;511.51;NORMAL;N
7748000;511.71;512.09;NORMAL;N
7750000;513.04;513.43;NORMAL;N
7752000;512.16;512.54;NORMAL;N
7754000;510.52;510.90;NORMAL;N
7756000;513.14;513.52;NORMAL;N
7758000;511.32;511.69;NORMAL;N
7760000;512.85;513.22;NORMAL;N
7762000;512.50;512.86;NORMAL;N
7764000;512.24;512.60;NORMAL;N
7766000;511.10;511.46;NORMAL;N
7768000;511.66;512.01;NORMAL;N
7770000;510.01;510.36;NORMAL;N
7772000;511.92;512.27;NORMAL;N
7774000;513.07;513.42;NORMAL;N
7776000;513.10;513.44;NORMAL;N
7778000;512.08;512.43;NORMAL;N
7780000;512.42;512.76;NORMAL;N
7782000;512.15;512.49;NORMAL;N
7784000;512.55;512.88;NORMAL;N
7786000;512.68;513.01;NORMAL;N
7788000;511.40;511.73;NORMAL;N
7790000;511.23;511.55;NORMAL;N
7792000;512.48;512.80;NORMAL;N
7794000;511.00;511.32;NORMAL;N
7796000;510.99;511.31;NORMAL;N
7798000;511.35;511.66;NORMAL;N
7800000;512.17;512.47;NORMAL;N
7802000;511.80;512.11;NORMAL;N
7804000;512.70;513.00;NORMAL;N
7806000;510.04;510.34;NORMAL;N
7808000;512.14;512.44;NORMAL;N
7810000;511.64;511.94;NORMAL;N
7812000;513.32;513.61;NORMAL;N
7814000;511.35;511.63;NORMAL;N
7816000;512.64;512.92;NORMAL;N
7818000;511.74;512.02;NORMAL;N
7820000;511.77;512.05;NORMAL;N
7822000;511.13;511.41;NORMAL;N
7824000;510.99;511.26;NORMAL;N
7826000;511.46;511.73;NORMAL;N
7828000;510.12;510.39;NORMAL;N
7830000;512.96;513.22;NORMAL;N
7832000;512.89;513.15;NORMAL;N
7834000;512.23;512.49;NORMAL;N
7836000;512.07;512.32;NORMAL;N
7838000;511.39;511.64;NORMAL;N
7840000;513.33;513.58;NORMAL;N
7842000;510.81;511.05;NORMAL;N
7844000;511.65;511.89;NORMAL;N
7846000;512.56;512.80;NORMAL;N
7848000;512.97;513.20;NORMAL;N
7850000;512.01;512.24;NORMAL;N
7852000;511.95;512.18;NORMAL;N
7854000;511.31;511.53;NORMAL;N
7856000;511.38;511.61;NORMAL;N
7858000;511.70;511.92;NORMAL;N
7860000;511.49;511.71;NORMAL;N
7862000;512.57;512.79;NORMAL;N
7864000;511.63;511.84;NORMAL;N
7866000;512.02;512.23;NORMAL;N
7868000;512.20;512.40;NORMAL;N
7870000;511.20;511.40;NORMAL;N
7872000;511.04;511.24;NORMAL;N
7874000;512.94;513.14;NORMAL;N
7876000;511.77;511.96;NORMAL;N
7878000;511.45;511.64;NORMAL;N
7880000;511.27;511.46;NORMAL;N
7882000;511.55;511.73;NORMAL;N
7884000;513.04;513.22;NORMAL;N
7886000;511.99;512.17;NORMAL;N
7888000;511.67;511.85;NORMAL;N
7890000;510.83;511.00;NORMAL;N
7892000;511.37;511.54;NORMAL;N
7894000;511.48;511.65;NORMAL;N
7896000;510.76;510.93;NORMAL;N
7898000;511.78;511.94;NORMAL;N
7900000;512.08;512.23;NORMAL;N
7902000;511.14;511.29;NORMAL;N
7904000;511.19;511.34;NORMAL;N
7906000;512.90;513.05;NORMAL;N
7908000;512.05;512.20;NORMAL;N
7910000;510.81;510.95;NORMAL;N
7912000;511.68;511.82;NORMAL;N
7914000;511.98;512.12;NORMAL;N
7916000;511.15;511.29;NORMAL;N
7918000;510.70;510.82;NORMAL;N
7920000;511.87;511.99;NORMAL;N
7922000;509.91;510.03;NORMAL;N
7924000;512.01;512.13;NORMAL;N
7926000;512.56;512.67;NORMAL;N
7928000;511.59;511.70;NORMAL;N
7930000;512.35;512.46;NORMAL;N
7932000;511.66;511.76;NORMAL;N
7934000;510.22;510.32;NORMAL;N
7936000;511.37;511.47;NORMAL;N
7938000;511.19;511.29;NORMAL;N
7940000;511.90;512.00;NORMAL;N
7942000;511.38;511.47;NORMAL;N
7944000;513.26;513.35;NORMAL;N
7946000;513.09;513.17;NORMAL;N
7948000;511.94;512.02;NORMAL;N
7950000;513.03;513.11;NORMAL;N
7952000;512.83;512.90;NORMAL;N
7954000;512.96;513.03;NORMAL;N
7956000;511.92;511.99;NORMAL;N
7958000;512.96;513.02;NORMAL;N
7960000;510.83;510.90;NORMAL;N
7962000;510.87;510.93;NORMAL;N
7964000;510.96;511.02;NORMAL;N
7966000;512.73;512.79;NORMAL;N
7968000;510.67;510.72;NORMAL;N
7970000;511.79;511.84;NORMAL;N
7972000;511.78;511.83;NORMAL;N
7974000;513.06;513.10;NORMAL;N
7976000;511.44;511.48;NORMAL;N
7978000;511.48;511.51;NORMAL;N
7980000;511.15;511.19;NORMAL;N
7982000;511.77;511.79;NORMAL;N
7984000;511.41;511.43;NORMAL;N
7986000;511.76;511.78;NORMAL;N
7988000;511.98;512.00;NORMAL;N
7990000;512.65;512.66;NORMAL;N
7992000;513.25;513.26;NORMAL;N
7994000;511.60;511.61;NORMAL;N
7996000;512.66;512.67;NORMAL;N
7998000;511.69;511.69;NORMAL;N
8000000;511.04;511.04;NORMAL;N
8002000;510.92;510.92;NORMAL;N
8004000;512.25;512.24;NORMAL;N
8006000;510.71;510.70;NORMAL;N
8008000;511.44;511.43;NORMAL;N
8010000;513.82;513.81;NORMAL;N
8012000;511.66;511.64;NORMAL;N
8014000;511.34;511.31;NORMAL;N
8016000;510.82;510.80;NORMAL;N
8018000;512.68;512.65;NORMAL;N
8020000;512.04;512.01;NORMAL;N
8022000;512.02;511.99;NORMAL;N
8024000;512.33;512.30;NORMAL;N
8026000;511.94;511.90;NORMAL;N
8028000;512.23;512.19;NORMAL;N
8030000;510.05;510.01;NORMAL;N
8032000;512.27;512.22;NORMAL;N
8034000;512.68;512.62;NORMAL;N
8036000;510.68;510.62;NORMAL;N
8038000;513.66;513.60;NORMAL;N
8040000;511.63;511.57;NORMAL;N
8042000;513.33;513.27;NORMAL;N
8044000;511.40;511.33;NORMAL;N
8046000;513.18;513.10;NORMAL;N
8048000;512.25;512.17;NORMAL;N
8050000;511.49;511.42;NORMAL;N
8052000;511.78;511.70;NORMAL;N
8054000;510.83;510.75;NORMAL;N
8056000;512.59;512.50;NORMAL;N
8058000;511.37;511.28;NORMAL;N
8060000;512.82;512.73;NORMAL;N
8062000;511.55;511.45;NORMAL;N
8064000;511.64;511.54;NORMAL;N
8066000;512.36;512.26;NORMAL;N
8068000;512.38;512.27;NORMAL;N
8070000;512.09;511.98;NORMAL;N
8072000;510.99;510.87;NORMAL;N
8074000;512.94;512.82;NORMAL;N
8076000;512.29;512.17;NORMAL;N
8078000;513.00;512.88;NORMAL;N
8080000;511.21;511.08;NORMAL;N
8082000;512.95;512.82;NORMAL;N
8084000;512.27;512.14;NORMAL;N
8086000;512.27;512.14;NORMAL;N
8088000;511.64;511.51;NORMAL;N
8090000;512.61;512.47;NORMAL;N
8092000;513.12;512.97;NORMAL;N
8094000;511.70;511.55;NORMAL;N
8096000;512.63;512.48;NORMAL;N
8098000;510.87;510.72;NORMAL;N
8100000;512.52;512.37;NORMAL;N
8102000;512.65;512.50;NORMAL;N
8104000;512.60;512.44;NORMAL;N
8106000;512.36;512.20;NORMAL;N
8108000;512.15;511.98;NORMAL;N
8110000;512.97;512.79;NORMAL;N
8112000;511.94;511.76;NORMAL;N
8114000;512.38;512.20;NORMAL;N
8116000;511.88;511.70;NORMAL;N
8118000;512.39;512.21;NORMAL;N
8120000;512.57;512.38;NORMAL;N
8122000;513.23;513.04;NORMAL;N
8124000;512.31;512.12;NORMAL;N
8126000;512.65;512.45;NORMAL;N
8128000;511.81;511.61;NORMAL;N
8130000;510.74;510.54;NORMAL;N
8132000;512.14;511.93;NORMAL;N
8134000;511.94;511.73;NORMAL;N
8136000;511.88;511.67;NORMAL;N
8138000;513.10;512.89;NORMAL;N
8140000;510.72;510.50;NORMAL;N
8142000;512.40;512.18;NORMAL;N
8144000;512.01;511.79;NORMAL;N
8146000;510.92;510.69;NORMAL;N
8148000;512.28;512.05;NORMAL;N
8150000;512.63;512.40;NORMAL;N
8152000;511.01;510.78;NORMAL;N
8154000;512.61;512.37;NORMAL;N
8156000;512.52;512.28;NORMAL;N
8158000;512.07;511.83;NORMAL;N
8160000;511.83;511.58;NORMAL;N
8162000;512.55;512.30;NORMAL;N
8164000;511.62;511.37;NORMAL;N
8166000;511.03;510.78;NORMAL;N
8168000;512.45;512.19;NORMAL;N
8170000;512.51;512.24;NORMAL;N
8172000;512.34;512.07;NORMAL;N
8174000;512.18;511.91;NORMAL;N
8176000;512.81;512.54;NORMAL;N
8178000;512.86;512.59;NORMAL;N
8180000;512.00;511.72;NORMAL;N
8182000;511.39;511.11;NORMAL;N
8184000;511.86;511.58;NORMAL;N
8186000;511.87;511.59;NORMAL;N
8188000;511.92;511.63;NORMAL;N
8190000;512.41;512.12;NORMAL;N
8192000;512.22;511.92;NORMAL;N
8194000;514.37;514.07;NORMAL;N
8196000;512.74;512.44;NORMAL;N
8198000;510.96;510.65;NORMAL;N
8200000;513.05;512.74;NORMAL;N
8202000;512.74;512.43;NORMAL;N
8204000;512.28;511.97;NORMAL;N
8206000;510.30;509.99;NORMAL;N
8208000;513.01;512.69;NORMAL;N
8210000;512.23;511.90;NORMAL;N
8212000;510.89;510.56;NORMAL;N
8214000;511.27;510.94;NORMAL;N
8216000;511.32;510.99;NORMAL;N
8218000;511.65;511.31;NORMAL;N
8220000;511.51;511.17;NORMAL;N
8222000;512.57;512.23;NORMAL;N
8224000;512.23;511.89;NORMAL;N
8226000;512.62;512.27;NORMAL;N
8228000;512.75;512.40;NORMAL;N
8230000;512.61;512.26;NORMAL;N
8232000;512.79;512.43;NORMAL;N
8234000;513.67;513.31;NORMAL;N
8236000;511.92;511.56;NORMAL;N
8238000;513.02;512.65;NORMAL;N
8240000;512.03;511.66;NORMAL;N
8242000;512.15;511.78;NORMAL;N
8244000;512.22;511.85;NORMAL;N
8246000;513.25;512.87;NORMAL;N
8248000;512.27;511.89;NORMAL;N
8250000;511.92;511.53;NORMAL;N
8252000;510.85;510.47;NORMAL;N
8254000;511.34;510.95;NORMAL;N
8256000;512.82;512.42;NORMAL;N
8258000;513.49;513.10;NORMAL;N
8260000;512.67;512.27;NORMAL;N
8262000;510.62;510.22;NORMAL;N
8264000;513.19;512.79;NORMAL;N
8266000;512.62;512.22;NORMAL;N
8268000;514.44;514.03;NORMAL;N
8270000;513.25;512.84;NORMAL;N
8272000;513.62;513.20;NORMAL;N
8274000;512.50;512.09;NORMAL;N
8276000;513.57;513.15;NORMAL;N
8278000;512.98;512.56;NORMAL;N
8280000;512.20;511.78;NORMAL;N
8282000;512.28;511.85;NORMAL;N
8284000;513.51;513.08;NORMAL;N
8286000;513.02;512.59;NORMAL;N
8288000;512.82;512.38;NORMAL;N
8290000;512.31;511.87;NORMAL;N
8292000;512.94;512.50;NORMAL;N
8294000;512.24;511.80;NORMAL;N
8296000;512.15;511.70;NORMAL;N
8298000;511.47;511.02;NORMAL;N
8300000;513.36;512.91;NORMAL;N
8302000;512.82;512.37;NORMAL;N
8304000;512.44;511.98;NORMAL;N
8306000;512.25;511.79;NORMAL;N
8308000;512.32;511.86;NORMAL;N
8310000;512.56;512.09;NORMAL;N
8312000;512.17;511.70;NORMAL;N
8314000;511.86;511.39;NORMAL;N
8316000;513.33;512.85;NORMAL;N
8318000;512.69;512.21;NORMAL;N
8320000;513.80;513.32;NORMAL;N
8322000;511.95;511.47;NORMAL;N
8324000;512.74;512.25;NORMAL;N
8326000;512.76;512.27;NORMAL;N
8328000;512.17;511.68;NORMAL;N
8330000;513.38;512.89;NORMAL;N
8332000;511.35;510.85;NORMAL;N
8334000;511.98;511.48;NORMAL;N
8336000;512.48;511.97;NORMAL;N
8338000;513.16;512.65;NORMAL;N
8340000;514.08;513.58;NORMAL;N
8342000;512.05;511.54;NORMAL;N
8344000;511.97;511.46;NORMAL;N
8346000;511.64;511.13;NORMAL;N
8348000;513.44;512.92;NORMAL;N
8350000;512.09;511.57;NORMAL;N
8352000;511.45;510.92;NORMAL;N
8354000;512.79;512.26;NORMAL;N
8356000;512.81;512.28;NORMAL;N
8358000;512.46;511.93;NORMAL;N
8360000;513.19;512.65;NORMAL;N
8362000;510.80;510.26;NORMAL;N
8364000;513.70;513.16;NORMAL;N
8366000;511.95;511.41;NORMAL;N
8368000;512.72;512.18;NORMAL;N
8370000;512.48;511.94;NORMAL;N
8372000;511.90;511.35;NORMAL;N
8374000;514.38;513.83;NORMAL;N
8376000;512.42;511.86;NORMAL;N
8378000;513.87;513.31;NORMAL;N
8380000;512.12;511.55;NORMAL;N
8382000;513.26;512.70;NORMAL;N
8384000;512.49;511.92;NORMAL;N
8386000;511.42;510.85;NORMAL;N
8388000;511.62;511.05;NORMAL;N
8390000;512.61;512.04;NORMAL;N
8392000;513.60;513.02;NORMAL;N
8394000;511.33;510.75;NORMAL;N
8396000;511.91;511.33;NORMAL;N
8398000;511.94;511.35;NORMAL;N
8400000;513.60;513.01;NORMAL;N
8402000;513.28;512.69;NORMAL;N
8404000;512.46;511.86;NORMAL;N
8406000;511.91;511.32;NORMAL;N
8408000;512.17;511.57;NORMAL;N
8410000;511.99;511.39;NORMAL;N
8412000;512.21;511.60;NORMAL;N
8414000;513.74;513.14;NORMAL;N
8416000;512.07;511.46;NORMAL;N
8418000;512.11;511.50;NORMAL;N
8420000;512.89;512.28;NORMAL;N
8422000;511.13;510.52;NORMAL;N
8424000;512.43;511.81;NORMAL;N
8426000;511.76;511.14;NORMAL;N
8428000;511.45;510.82;NORMAL;N
8430000;512.76;512.14;NORMAL;N
8432000;513.91;513.28;NORMAL;N
8434000;513.39;512.76;NORMAL;N
8436000;512.21;511.58;NORMAL;N
8438000;511.34;510.70;NORMAL;N
8440000;513.12;512.48;NORMAL;N
8442000;512.50;511.86;NORMAL;N
8444000;511.45;510.81;NORMAL;N
8446000;513.25;512.60;NORMAL;N
8448000;513.16;512.52;NORMAL;N
8450000;514.01;513.36;NORMAL;N
8452000;513.40;512.75;NORMAL;N
8454000;513.20;512.55;NORMAL;N
8456000;513.18;512.53;NORMAL;N
8458000;512.58;511.92;NORMAL;N
8460000;512.26;511.59;NORMAL;N
8462000;511.28;510.61;NORMAL;N
8464000;514.95;514.28;NORMAL;N
8466000;512.65;511.98;NORMAL;N
8468000;513.37;512.70;NORMAL;N
8470000;512.88;512.21;NORMAL;N
8472000;512.83;512.16;NORMAL;N
8474000;512.58;511.90;NORMAL;N
8476000;512.89;512.21;NORMAL;N
8478000;513.66;512.97;NORMAL;N
8480000;511.45;510.77;NORMAL;N
8482000;510.38;509.70;NORMAL;N
8484000;512.69;512.00;NORMAL;N
8486000;514.53;513.84;NORMAL;N
8488000;513.13;512.44;NORMAL;N
8490000;512.53;511.83;NORMAL;N
8492000;512.89;512.19;NORMAL;N
8494000;513.02;512.32;NORMAL;N
8496000;515.21;514.51;NORMAL;N
8498000;512.93;512.23;NORMAL;N
8500000;512.15;511.45;NORMAL;N
8502000;512.64;511.93;NORMAL;N
8504000;514.10;513.39;NORMAL;N
8506000;513.08;512.36;NORMAL;N
8508000;513.16;512.45;NORMAL;N
8510000;512.04;511.32;NORMAL;N
8512000;512.50;511.78;NORMAL;N
8514000;512.78;512.05;NORMAL;N
8516000;511.98;511.26;NORMAL;N
8518000;512.60;511.87;NORMAL;N
8520000;512.90;512.17;NORMAL;N
8522000;512.43;511.69;NORMAL;N
8524000;512.83;512.10;NORMAL;N
8526000;512.46;511.73;NORMAL;N
8528000;513.10;512.36;NORMAL;N
8530000;512.57;511.83;NORMAL;N
8532000;514.02;513.27;NORMAL;N
8534000;511.95;511.21;NORMAL;N
8536000;513.03;512.28;NORMAL;N
8538000;513.11;512.36;NORMAL;N
8540000;513.31;512.56;NORMAL;N
8542000;513.08;512.33;NORMAL;N
8544000;512.76;512.01;NORMAL;N
8546000;512.86;512.11;NORMAL;N
8548000;513.76;513.00;NORMAL;N
8550000;514.62;513.86;NORMAL;N
8552000;511.09;510.33;NORMAL;N
8554000;512.41;511.65;NORMAL;N
8556000;512.13;511.36;NORMAL;N
8558000;513.65;512.88;NORMAL;N
8560000;512.29;511.52;NORMAL;N
8562000;512.83;512.06;NORMAL;N
8564000;512.95;512.18;NORMAL;N
8566000;512.62;511.84;NORMAL;N
8568000;512.57;511.79;NORMAL;N
8570000;513.45;512.67;NORMAL;N
8572000;514.02;513.24;NORMAL;N
8574000;511.52;510.74;NORMAL;N
8576000;513.53;512.74;NORMAL;N
8578000;512.14;511.36;NORMAL;N
8580000;512.47;511.68;NORMAL;N
8582000;512.54;511.75;NORMAL;N
8584000;514.12;513.32;NORMAL;N
8586000;512.15;511.35;NORMAL;N
8588000;512.49;511.69;NORMAL;N
8590000;512.24;511.44;NORMAL;N
8592000;513.92;513.12;NORMAL;N
8594000;512.69;511.89;NORMAL;N
8596000;513.86;513.05;NORMAL;N
8598000;512.75;511.94;NORMAL;N
8600000;513.02;512.21;NORMAL;N
8602000;511.53;510.72;NORMAL;N
8604000;512.09;511.28;NORMAL;N
8606000;512.18;511.36;NORMAL;N
8608000;514.64;513.82;NORMAL;N
8610000;511.95;511.13;NORMAL;N
8612000;512.46;511.64;NORMAL;N
8614000;513.07;512.25;NORMAL;N
8616000;512.12;511.30;NORMAL;N
8618000;513.00;512.18;NORMAL;N
8620000;512.51;511.69;NORMAL;N
8622000;512.57;511.74;NORMAL;N
8624000;515.02;514.19;NORMAL;N
8626000;512.98;512.15;NORMAL;N
8628000;513.89;513.06;NORMAL;N
8630000;514.26;513.43;NORMAL;N
8632000;511.03;510.19;NORMAL;N
8634000;513.28;512.45;NORMAL;N
8636000;511.84;511.00;NORMAL;N
8638000;513.05;512.20;NORMAL;N
8640000;513.13;512.29;NORMAL;N
8642000;511.27;510.43;NORMAL;N
8644000;511.22;510.38;NORMAL;N
8646000;512.47;511.62;NORMAL;N
8648000;511.71;510.86;NORMAL;N
8650000;512.59;511.73;NORMAL;N
8652000;513.08;512.22;NORMAL;N
8654000;512.79;511.94;NORMAL;N
8656000;512.40;511.54;NORMAL;N
8658000;513.63;512.77;NORMAL;N
8660000;512.19;511.33;NORMAL;N
8662000;512.48;511.62;NORMAL;N
8664000;512.49;511.63;NORMAL;N
8666000;511.29;510.42;NORMAL;N
8668000;514.28;513.42;NORMAL;N
8670000;513.14;512.27;NORMAL;N
8672000;512.72;511.85;NORMAL;N
8674000;513.56;512.69;NORMAL;N
8676000;513.99;513.12;NORMAL;N
8678000;512.05;511.18;NORMAL;N
8680000;512.49;511.61;NORMAL;N
8682000;513.26;512.38;NORMAL;N
8684000;512.36;511.48;NORMAL;N
8686000;512.53;511.65;NORMAL;N
8688000;512.47;511.59;NORMAL;N
8690000;512.89;512.00;NORMAL;N
8692000;512.73;511.84;NORMAL;N
8694000;514.13;513.24;NORMAL;N
8696000;512.32;511.43;NORMAL;N
8698000;513.04;512.15;NORMAL;N
8700000;513.98;513.09;NORMAL;N
8702000;511.83;510.94;NORMAL;N
8704000;513.54;512.65;NORMAL;N
8706000;513.21;512.31;NORMAL;N
8708000;513.53;512.63;NORMAL;N
8710000;511.82;510.92;NORMAL;N
8712000;513.14;512.24;NORMAL;N
8714000;512.60;511.70;NORMAL;N
8716000;512.16;511.26;NORMAL;N
8718000;513.42;512.51;NORMAL;N
8720000;513.37;512.47;NORMAL;N
8722000;514.09;513.18;NORMAL;N
8724000;511.69;510.78;NORMAL;N
8726000;513.66;512.75;NORMAL;N
8728000;512.87;511.96;NORMAL;N
8730000;512.85;511.94;NORMAL;N
8732000;513.52;512.61;NORMAL;N
8734000;513.76;512.84;NORMAL;N
8736000;513.12;512.20;NORMAL;N
8738000;510.91;509.99;NORMAL;N
8740000;512.74;511.83;NORMAL;N
8742000;511.87;510.96;NORMAL;N
8744000;511.92;511.00;NORMAL;N
8746000;512.51;511.59;NORMAL;N
8748000;512.53;511.60;NORMAL;N
8750000;512.80;511.87;NORMAL;N
8752000;512.39;511.46;NORMAL;N
8754000;511.75;510.82;NORMAL;N
8756000;512.09;511.16;NORMAL;N
8758000;512.80;511.87;NORMAL;N
8760000;511.62;510.69;NORMAL;N
8762000;513.57;512.64;NORMAL;N
8764000;512.31;511.38;NORMAL;N
8766000;512.48;511.54;NORMAL;N
8768000;514.40;513.46;NORMAL;N
8770000;512.41;511.48;NORMAL;N
8772000;511.91;510.98;NORMAL;N
8774000;514.18;513.24;NORMAL;N
8776000;511.62;510.68;NORMAL;N
8778000;514.22;513.28;NORMAL;N
8780000;512.38;511.44;NORMAL;N
8782000;511.70;510.76;NORMAL;N
8784000;511.87;510.93;NORMAL;N
8786000;513.35;512.40;NORMAL;N
8788000;513.19;512.24;NORMAL;N
8790000;513.73;512.78;NORMAL;N
8792000;511.90;510.95;NORMAL;N
8794000;512.48;511.53;NORMAL;N
8796000;513.68;512.73;NORMAL;N
8798000;513.19;512.24;NORMAL;N
8800000;514.83;513.87;NORMAL;N
8802000;513.12;512.17;NORMAL;N
8804000;512.89;511.94;NORMAL;N
8806000;511.82;510.86;NORMAL;N
8808000;512.69;511.73;NORMAL;N
8810000;513.99;513.04;NORMAL;N
8812000;512.84;511.88;NORMAL;N
8814000;511.63;510.67;NORMAL;N
8816000;512.77;511.81;NORMAL;N
8818000;511.89;510.93;NORMAL;N
8820000;512.84;511.88;NORMAL;N
8822000;512.10;511.13;NORMAL;N
8824000;513.20;512.24;NORMAL;N
8826000;513.92;512.96;NORMAL;N
8828000;513.58;512.62;NORMAL;N
8830000;512.29;511.32;NORMAL;N
8832000;514.19;513.23;NORMAL;N
8834000;511.95;510.98;NORMAL;N
8836000;512.57;511.60;NORMAL;N
8838000;512.24;511.27;NORMAL;N
8840000;512.26;511.29;NORMAL;N
8842000;513.76;512.79;NORMAL;N
8844000;513.21;512.24;NORMAL;N
8846000;512.31;511.34;NORMAL;N
8848000;512.59;511.62;NORMAL;N
8850000;512.79;511.82;NORMAL;N
8852000;513.63;512.66;NORMAL;N
8854000;513.20;512.23;NORMAL;N
8856000;512.44;511.46;NORMAL;N
8858000;514.60;513.62;NORMAL;N
8860000;513.68;512.70;NORMAL;N
8862000;513.17;512.19;NORMAL;N
8864000;512.66;511.68;NORMAL;N
8866000;513.12;512.14;NORMAL;N
8868000;511.66;510.68;NORMAL;N
8870000;513.17;512.20;NORMAL;N
8872000;512.74;511.76;NORMAL;N
8874000;512.51;511.53;NORMAL;N
8876000;513.32;512.34;NORMAL;N
8878000;513.46;512.48;NORMAL;N
8880000;514.09;513.10;NORMAL;N
8882000;512.89;511.91;NORMAL;N
8884000;511.97;510.99;NORMAL;N
8886000;514.12;513.14;NORMAL;N
8888000;513.94;512.95;NORMAL;N
8890000;514.30;513.32;NORMAL;N
8892000;512.07;511.09;NORMAL;N
8894000;514.02;513.03;NORMAL;N
8896000;512.24;511.25;NORMAL;N
8898000;513.03;512.05;NORMAL;N
8900000;512.92;511.93;NORMAL;N
8902000;513.86;512.88;NORMAL;N
8904000;513.65;512.66;NORMAL;N
8906000;514.20;513.21;NORMAL;N
8908000;512.34;511.35;NORMAL;N
8910000;513.30;512.31;NORMAL;N
8912000;513.99;513.00;NORMAL;N
8914000;513.17;512.18;NORMAL;N
8916000;513.06;512.07;NORMAL;N
8918000;512.59;511.60;NORMAL;N
8920000;513.49;512.50;NORMAL;N
8922000;513.32;512.33;NORMAL;N
8924000;514.02;513.03;NORMAL;N
8926000;512.44;511.44;NORMAL;N
8928000;513.34;512.35;NORMAL;N
8930000;513.39;512.40;NORMAL;N
8932000;513.05;512.05;NORMAL;N
8934000;513.70;512.70;NORMAL;N
8936000;511.11;510.11;NORMAL;N
8938000;514.58;513.59;NORMAL;N
8940000;513.80;512.80;NORMAL;N
8942000;513.11;512.12;NORMAL;N
8944000;513.70;512.71;NORMAL;N
8946000;513.47;512.47;NORMAL;N
8948000;512.12;511.12;NORMAL;N
8950000;513.03;512.03;NORMAL;N
8952000;513.06;512.06;NORMAL;N
8954000;512.62;511.62;NORMAL;N
8956000;513.58;512.58;NORMAL;N
8958000;513.05;512.05;NORMAL;N
8960000;512.69;511.69;NORMAL;N
8962000;513.87;512.87;NORMAL;N
8964000;512.35;511.35;NORMAL;N
8966000;513.05;512.05;NORMAL;N
8968000;513.11;512.11;NORMAL;N
8970000;512.29;511.29;NORMAL;N
8972000;511.26;510.27;NORMAL;N
8974000;513.26;512.26;NORMAL;N
8976000;514.83;513.83;NORMAL;N
8978000;514.06;513.06;NORMAL;N
8980000;511.90;510.90;NORMAL;N
8982000;513.29;512.29;NORMAL;N
8984000;513.68;512.68;NORMAL;N
8986000;514.05;513.05;NORMAL;N
8988000;512.97;511.97;NORMAL;N
8990000;513.03;512.03;NORMAL;N
8992000;511.62;510.62;NORMAL;N
8994000;512.23;511.23;NORMAL;N
8996000;511.35;510.35;NORMAL;N
8998000;512.78;511.78;NORMAL;N
9000000;512.91;511.91;NORMAL;N
9002000;512.85;511.85;NORMAL;N
9004000;512.68;511.68;NORMAL;N
9006000;512.28;511.28;NORMAL;N
9008000;513.42;512.42;NORMAL;N
9010000;513.08;512.08;NORMAL;N
9012000;513.50;512.50;NORMAL;N
9014000;513.31;512.31;NORMAL;N
9016000;514.07;513.07;NORMAL;N
9018000;512.52;511.52;NORMAL;N
9020000;512.31;511.31;NORMAL;N
9022000;512.31;511.31;NORMAL;N
9024000;512.94;511.94;NORMAL;N
9026000;514.03;513.03;NORMAL;N
9028000;512.85;511.85;NORMAL;N
9030000;512.31;511.32;NORMAL;N
9032000;513.16;512.16;NORMAL;N
9034000;512.12;511.12;NORMAL;N
9036000;513.18;512.18;NORMAL;N
9038000;513.57;512.57;NORMAL;N
9040000;511.16;510.16;NORMAL;N
9042000;513.05;512.05;NORMAL;N
9044000;512.95;511.95;NORMAL;N
9046000;513.71;512.71;NORMAL;N
9048000;513.77;512.77;NORMAL;N
9050000;513.39;512.39;NORMAL;N
9052000;512.56;511.56;NORMAL;N
9054000;512.70;511.70;NORMAL;N
9056000;512.39;511.39;NORMAL;N
9058000;512.88;511.89;NORMAL;N
9060000;512.79;511.79;NORMAL;N
9062000;512.39;511.40;NORMAL;N
9064000;512.28;511.28;NORMAL;N
9066000;513.39;512.40;NORMAL;N
9068000;513.60;512.61;NORMAL;N
9070000;513.44;512.44;NORMAL;N
9072000;513.33;512.34;NORMAL;N
9074000;513.56;512.57;NORMAL;N
9076000;512.74;511.75;NORMAL;N
9078000;513.74;512.75;NORMAL;N
9080000;513.73;512.74;NORMAL;N
9082000;512.37;511.38;NORMAL;N
9084000;514.33;513.34;NORMAL;N
9086000;512.02;511.03;NORMAL;N
9088000;512.54;511.55;NORMAL;N
9090000;515.39;514.40;NORMAL;N
9092000;513.61;512.62;NORMAL;N
9094000;511.80;510.81;NORMAL;N
9096000;512.67;511.68;NORMAL;N
9098000;513.57;512.58;NORMAL;N
9100000;512.82;511.84;NORMAL;N
9102000;512.30;511.31;NORMAL;N
9104000;514.08;513.10;NORMAL;N
9106000;512.96;511.98;NORMAL;N
9108000;513.20;512.21;NORMAL;N
9110000;513.65;512.67;NORMAL;N
9112000;513.96;512.97;NORMAL;N
9114000;513.88;512.89;NORMAL;N
9116000;512.33;511.34;NORMAL;N
9118000;511.84;510.85;NORMAL;N
9120000;512.77;511.79;NORMAL;N
9122000;512.70;511.72;NORMAL;N
9124000;512.78;511.80;NORMAL;N
9126000;513.93;512.95;NORMAL;N
9128000;512.62;511.64;NORMAL;N
9130000;512.84;511.86;NORMAL;N
9132000;512.97;512.00;NORMAL;N
9134000;511.51;510.53;NORMAL;N
9136000;512.29;511.32;NORMAL;N
9138000;513.68;512.71;NORMAL;N
9140000;513.22;512.24;NORMAL;N
9142000;513.22;512.24;NORMAL;N
9144000;512.55;511.57;NORMAL;N
9146000;512.83;511.86;NORMAL;N
9148000;514.17;513.20;NORMAL;N
9150000;512.85;511.88;NORMAL;N
9152000;513.49;512.52;NORMAL;N
9154000;511.15;510.18;NORMAL;N
9156000;513.34;512.37;NORMAL;N
9158000;512.46;511.49;NORMAL;N
9160000;512.16;511.19;NORMAL;N
9162000;511.55;510.58;NORMAL;N
9164000;514.51;513.54;NORMAL;N
9166000;513.64;512.67;NORMAL;N
9168000;513.67;512.70;NORMAL;N
9170000;512.72;511.76;NORMAL;N
9172000;513.42;512.46;NORMAL;N
9174000;513.22;512.26;NORMAL;N
9176000;512.93;511.97;NORMAL;N
9178000;512.99;512.02;NORMAL;N
9180000;511.55;510.59;NORMAL;N
9182000;512.05;511.09;NORMAL;N
9184000;514.04;513.08;NORMAL;N
9186000;513.37;512.41;NORMAL;N
9188000;511.54;510.59;NORMAL;N
9190000;513.28;512.32;NORMAL;N
9192000;512.16;511.21;NORMAL;N
9194000;512.07;511.11;NORMAL;N
9196000;512.63;511.68;NORMAL;N
9198000;513.20;512.25;NORMAL;N
9200000;514.37;513.42;NORMAL;N
9202000;511.32;510.36;NORMAL;N
9204000;514.24;513.29;NORMAL;N
9206000;511.27;510.32;NORMAL;N
9208000;513.21;512.26;NORMAL;N
9210000;513.58;512.64;NORMAL;N
9212000;514.08;513.13;NORMAL;N
9214000;512.12;511.18;NORMAL;N
9216000;513.03;512.09;NORMAL;N
9218000;512.68;511.74;NORMAL;N
9220000;514.09;513.15;NORMAL;N
9222000;513.67;512.73;NORMAL;N
9224000;511.96;511.02;NORMAL;N
9226000;512.85;511.91;NORMAL;N
9228000;512.41;511.47;NORMAL;N
9230000;511.68;510.75;NORMAL;N
9232000;514.25;513.32;NORMAL;N
9234000;513.39;512.46;NORMAL;N
9236000;511.83;510.90;NORMAL;N
9238000;513.13;512.20;NORMAL;N
9240000;513.40;512.47;NORMAL;N
9242000;510.90;509.98;NORMAL;N
9244000;512.20;511.27;NORMAL;N
9246000;512.90;511.98;NORMAL;N
9248000;512.42;511.49;NORMAL;N
9250000;511.75;510.82;NORMAL;N
9252000;513.21;512.28;NORMAL;N
9254000;513.34;512.42;NORMAL;N
9256000;512.95;512.03;NORMAL;N
9258000;514.20;513.28;NORMAL;N
9260000;512.67;511.76;NORMAL;N
9262000;512.69;511.77;NORMAL;N
9264000;513.72;512.81;NORMAL;N
9266000;513.06;512.15;NORMAL;N
9268000;512.96;512.05;NORMAL;N
9270000;511.65;510.74;NORMAL;N
9272000;511.60;510.69;NORMAL;N
9274000;512.15;511.24;NORMAL;N
9276000;511.91;511.00;NORMAL;N
9278000;513.72;512.81;NORMAL;N
9280000;513.12;512.21;NORMAL;N
9282000;512.98;512.08;NORMAL;N
9284000;512.77;511.87;NORMAL;N
9286000;513.40;512.50;NORMAL;N
9288000;512.94;512.04;NORMAL;N
9290000;513.62;512.72;NORMAL;N
9292000;512.08;511.19;NORMAL;N
9294000;513.46;512.56;NORMAL;N
9296000;513.83;512.93;NORMAL;N
9298000;512.18;511.29;NORMAL;N
9300000;513.03;512.13;NORMAL;N
9302000;512.07;511.18;NORMAL;N
9304000;512.21;511.33;NORMAL;N
9306000;513.84;512.95;NORMAL;N
9308000;513.33;512.44;NORMAL;N
9310000;513.02;512.13;NORMAL;N
9312000;512.17;511.29;NORMAL;N
9314000;513.77;512.89;NORMAL;N
9316000;511.38;510.50;NORMAL;N
9318000;514.42;513.54;NORMAL;N
9320000;513.73;512.86;NORMAL;N
9322000;514.34;513.47;NORMAL;N
9324000;510.68;509.81;NORMAL;N
9326000;512.28;511.41;NORMAL;N
9328000;513.28;512.41;NORMAL;N
9330000;513.43;512.56;NORMAL;N
9332000;513.11;512.24;NORMAL;N
9334000;512.80;511.94;NORMAL;N
9336000;512.98;512.11;NORMAL;N
9338000;514.22;513.36;NORMAL;N
9340000;512.65;511.79;NORMAL;N
9342000;512.58;511.72;NORMAL;N
9344000;511.99;511.13;NORMAL;N
9346000;512.87;512.01;NORMAL;N
9348000;512.77;511.92;NORMAL;N
9350000;514.12;513.27;NORMAL;N
9352000;511.02;510.17;NORMAL;N
9354000;512.53;511.68;NORMAL;N
9356000;512.66;511.81;NORMAL;N
9358000;513.59;512.74;NORMAL;N
9360000;513.40;512.55;NORMAL;N
9362000;512.15;511.31;NORMAL;N
9364000;513.55;512.71;NORMAL;N
9366000;512.64;511.80;NORMAL;N
9368000;512.37;511.54;NORMAL;N
9370000;511.93;511.09;NORMAL;N
9372000;513.99;513.16;NORMAL;N
9374000;512.76;511.92;NORMAL;N
9376000;512.43;511.60;NORMAL;N
9378000;513.43;512.60;NORMAL;N
9380000;511.92;511.09;NORMAL;N
9382000;512.26;511.43;NORMAL;N
9384000;512.89;512.07;NORMAL;N
9386000;512.97;512.15;NORMAL;N
9388000;513.63;512.81;NORMAL;N
9390000;510.82;510.01;NORMAL;N
9392000;514.05;513.23;NORMAL;N
9394000;512.75;511.94;NORMAL;N
9396000;515.01;514.20;NORMAL;N
9398000;513.84;513.03;NORMAL;N
9400000;513.53;512.72;NORMAL;N
9402000;512.17;511.37;NORMAL;N
9404000;514.93;514.13;NORMAL;N
9406000;514.01;513.21;NORMAL;N
9408000;513.14;512.34;NORMAL;N
9410000;513.31;512.51;NORMAL;N
9412000;513.53;512.74;NORMAL;N
9414000;512.77;511.98;NORMAL;N
9416000;512.42;511.62;NORMAL;N
9418000;512.72;511.93;NORMAL;N
9420000;513.41;512.62;NORMAL;N
9422000;512.72;511.93;NORMAL;N
9424000;512.85;512.07;NORMAL;N
9426000;513.53;512.75;NORMAL;N
9428000;513.40;512.61;NORMAL;N
9430000;512.81;512.03;NORMAL;N
9432000;511.87;511.09;NORMAL;N
9434000;512.13;511.35;NORMAL;N
9436000;512.47;511.70;NORMAL;N
9438000;512.02;511.24;NORMAL;N
9440000;512.25;511.48;NORMAL;N
9442000;513.53;512.76;NORMAL;N
9444000;511.46;510.70;NORMAL;N
9446000;513.45;512.68;NORMAL;N
9448000;512.99;512.22;NORMAL;N
9450000;512.36;511.60;NORMAL;N
9452000;512.88;512.12;NORMAL;N
9454000;511.89;511.14;NORMAL;N
9456000;512.41;511.66;NORMAL;N
9458000;513.53;512.77;NORMAL;N
9460000;511.86;511.11;NORMAL;N
9462000;512.08;511.33;NORMAL;N
9464000;513.31;512.57;NORMAL;N
9466000;511.23;510.49;NORMAL;N
9468000;511.63;510.89;NORMAL;N
9470000;513.37;512.63;NORMAL;N
9472000;512.55;511.81;NORMAL;N
9474000;512.63;511.89;NORMAL;N
9476000;512.96;512.22;NORMAL;N
9478000;513.94;513.20;NORMAL;N
9480000;513.42;512.69;NORMAL;N
9482000;512.16;511.43;NORMAL;N
9484000;513.20;512.47;NORMAL;N
9486000;513.59;512.87;NORMAL;N
9488000;513.00;512.28;NORMAL;N
9490000;512.92;512.20;NORMAL;N
9492000;512.51;511.79;NORMAL;N
9494000;513.22;512.51;NORMAL;N
9496000;512.68;511.97;NORMAL;N
9498000;513.29;512.58;NORMAL;N
9500000;511.87;511.16;NORMAL;N
9502000;512.22;511.52;NORMAL;N
9504000;512.49;511.79;NORMAL;N
9506000;511.38;510.68;NORMAL;N
9508000;512.17;511.47;NORMAL;N
9510000;512.60;511.91;NORMAL;N
9512000;511.68;510.98;NORMAL;N
9514000;511.32;510.63;NORMAL;N
9516000;512.28;511.59;NORMAL;N
9518000;513.11;512.42;NORMAL;N
9520000;512.72;512.03;NORMAL;N
9522000;512.44;511.76;NORMAL;N
9524000;513.19;512.51;NORMAL;N
9526000;512.86;512.18;NORMAL;N
9528000;513.01;512.34;NORMAL;N
9530000;512.18;511.51;NORMAL;N
9532000;512.37;511.70;NORMAL;N
9534000;512.00;511.33;NORMAL;N
9536000;512.03;511.37;NORMAL;N
9538000;513.46;512.79;NORMAL;N
9540000;514.23;513.57;NORMAL;N
9542000;511.52;510.86;NORMAL;N
9544000;512.31;511.65;NORMAL;N
9546000;512.10;511.45;NORMAL;N
9548000;510.98;510.33;NORMAL;N
9550000;512.39;511.74;NORMAL;N
9552000;512.36;511.71;NORMAL;N
9554000;511.86;511.22;NORMAL;N
9556000;513.07;512.43;NORMAL;N
9558000;512.11;511.47;NORMAL;N
9560000;513.71;513.07;NORMAL;N
9562000;513.95;513.32;NORMAL;N
9564000;513.39;512.76;NORMAL;N
9566000;512.56;511.93;NORMAL;N
9568000;513.04;512.41;NORMAL;N
9570000;513.78;513.16;NORMAL;N
9572000;512.28;511.66;NORMAL;N
9574000;512.98;512.36;NORMAL;N
9576000;512.22;511.60;NORMAL;N
9578000;512.79;512.18;NORMAL;N
9580000;511.88;511.27;NORMAL;N
9582000;513.45;512.84;NORMAL;N
9584000;511.94;511.33;NORMAL;N
9586000;512.27;511.66;NORMAL;N
9588000;514.40;513.79;NORMAL;N
9590000;512.78;512.18;NORMAL;N
9592000;513.17;512.57;NORMAL;N
9594000;512.13;511.54;NORMAL;N
9596000;511.76;511.17;NORMAL;N
9598000;512.21;511.62;NORMAL;N
9600000;511.98;511.39;NORMAL;N
9602000;514.01;513.42;NORMAL;N
9604000;511.62;511.04;NORMAL;N
9606000;513.30;512.72;NORMAL;N
9608000;511.71;511.13;NORMAL;N
9610000;512.44;511.86;NORMAL;N
9612000;514.49;513.92;NORMAL;N
9614000;512.72;512.15;NORMAL;N
9616000;512.76;512.19;NORMAL;N
9618000;511.66;511.09;NORMAL;N
9620000;512.48;511.92;NORMAL;N
9622000;512.64;512.08;NORMAL;N
9624000;512.74;512.18;NORMAL;N
9626000;514.19;513.64;NORMAL;N
9628000;511.64;511.09;NORMAL;N
9630000;512.74;512.19;NORMAL;N
9632000;512.90;512.35;NORMAL;N
9634000;511.89;511.35;NORMAL;N
9636000;512.10;511.56;NORMAL;N
9638000;513.10;512.56;NORMAL;N
9640000;511.65;511.11;NORMAL;N
9642000;512.58;512.04;NORMAL;N
9644000;512.97;512.44;NORMAL;N
9646000;512.35;511.82;NORMAL;N
9648000;513.91;513.39;NORMAL;N
9650000;513.08;512.55;NORMAL;N
9652000;513.98;513.46;NORMAL;N
9654000;511.97;511.45;NORMAL;N
9656000;513.22;512.70;NORMAL;N
9658000;510.75;510.24;NORMAL;N
9660000;513.73;513.22;NORMAL;N
9662000;511.92;511.41;NORMAL;N
9664000;512.97;512.47;NORMAL;N
9666000;512.47;511.97;NORMAL;N
9668000;511.81;511.31;NORMAL;N
9670000;511.02;510.53;NORMAL;N
9672000;512.25;511.75;NORMAL;N
9674000;512.76;512.27;NORMAL;N
9676000;512.46;511.98;NORMAL;N
9678000;512.47;511.99;NORMAL;N
9680000;511.64;511.16;NORMAL;N
9682000;512.56;512.08;NORMAL;N
9684000;512.88;512.41;NORMAL;N
9686000;512.60;512.12;NORMAL;N
9688000;511.97;511.50;NORMAL;N
9690000;512.77;512.30;NORMAL;N
9692000;512.27;511.80;NORMAL;N
9694000;512.18;511.71;NORMAL;N
9696000;512.69;512.23;NORMAL;N
9698000;513.79;513.34;NORMAL;N
9700000;512.93;512.48;NORMAL;N
9702000;512.59;512.14;NORMAL;N
9704000;512.69;512.24;NORMAL;N
9706000;511.35;510.90;NORMAL;N
9708000;513.49;513.04;NORMAL;N
9710000;511.82;511.38;NORMAL;N
9712000;511.04;510.60;NORMAL;N
9714000;512.86;512.43;NORMAL;N
9716000;513.10;512.67;NORMAL;N
9718000;512.32;511.90;NORMAL;N
9720000;512.05;511.63;NORMAL;N
9722000;513.56;513.14;NORMAL;N
9724000;512.13;511.71;NORMAL;N
9726000;512.52;512.10;NORMAL;N
9728000;511.76;511.35;NORMAL;N
9730000;513.02;512.61;NORMAL;N
9732000;511.10;510.70;NORMAL;N
9734000;513.75;513.34;NORMAL;N
9736000;512.57;512.17;NORMAL;N
9738000;513.81;513.41;NORMAL;N
9740000;511.06;510.66;NORMAL;N
9742000;512.24;511.85;NORMAL;N
9744000;513.68;513.29;NORMAL;N
9746000;512.18;511.80;NORMAL;N
9748000;514.14;513.75;NORMAL;N
9750000;511.70;511.32;NORMAL;N
9752000;513.05;512.67;NORMAL;N
9754000;511.72;511.34;NORMAL;N
9756000;512.72;512.35;NORMAL;N
9758000;511.96;511.59;NORMAL;N
9760000;510.83;510.46;NORMAL;N
9762000;511.78;511.42;NORMAL;N
9764000;513.93;513.56;NORMAL;N
9766000;511.58;511.22;NORMAL;N
9768000;511.53;511.17;NORMAL;N
9770000;512.15;511.80;NORMAL;N
9772000;512.62;512.27;NORMAL;N
9774000;513.31;512.96;NORMAL;N
9776000;511.08;510.74;NORMAL;N
9778000;513.49;513.15;NORMAL;N
9780000;513.75;513.41;NORMAL;N
9782000;512.67;512.33;NORMAL;N
9784000;512.59;512.26;NORMAL;N
9786000;511.45;511.12;NORMAL;N
9788000;512.50;512.17;NORMAL;N
9790000;511.36;511.04;NORMAL;N
9792000;513.41;513.09;NORMAL;N
9794000;511.90;511.59;NORMAL;N
9796000;512.35;512.03;NORMAL;N
9798000;512.68;512.37;NORMAL;N
9800000;512.02;511.71;NORMAL;N
9802000;511.57;511.27;NORMAL;N
9804000;512.31;512.00;NORMAL;N
9806000;511.13;510.83;NORMAL;N
9808000;512.66;512.36;NORMAL;N
9810000;510.89;510.59;NORMAL;N
9812000;511.67;511.37;NORMAL;N
9814000;512.38;512.09;NORMAL;N
9816000;511.63;511.35;NORMAL;N
9818000;513.76;513.47;NORMAL;N
9820000;511.08;510.81;NORMAL;N
9822000;512.60;512.32;NORMAL;N
9824000;511.39;511.11;NORMAL;N
9826000;513.19;512.92;NORMAL;N
9828000;513.23;512.96;NORMAL;N
9830000;512.55;512.29;NORMAL;N
9832000;511.80;511.54;NORMAL;N
9834000;512.81;512.55;NORMAL;N
9836000;513.04;512.78;NORMAL;N
9838000;511.79;511.54;NORMAL;N
9840000;512.34;512.09;NORMAL;N
9842000;512.06;511.82;NORMAL;N
9844000;512.35;512.11;NORMAL;N
9846000;512.21;511.97;NORMAL;N
9848000;512.60;512.36;NORMAL;N
9850000;512.27;512.03;NORMAL;N
9852000;511.38;511.15;NORMAL;N
9854000;512.59;512.37;NORMAL;N
9856000;511.43;511.21;NORMAL;N
9858000;512.02;511.80;NORMAL;N
9860000;511.27;511.06;NORMAL;N
9862000;512.08;511.86;NORMAL;N
9864000;511.29;511.08;NORMAL;N
9866000;512.93;512.72;NORMAL;N
9868000;511.62;511.42;NORMAL;N
9870000;512.06;511.86;NORMAL;N
9872000;511.85;511.65;NORMAL;N
9874000;513.13;512.93;NORMAL;N
9876000;512.95;512.76;NORMAL;N
9878000;510.63;510.44;NORMAL;N
9880000;511.40;511.21;NORMAL;N
9882000;511.97;511.79;NORMAL;N
9884000;512.42;512.24;NORMAL;N
9886000;512.30;512.12;NORMAL;N
9888000;511.43;511.26;NORMAL;N
9890000;512.92;512.75;NORMAL;N
9892000;513.18;513.01;NORMAL;N
9894000;512.18;512.01;NORMAL;N
9896000;514.56;514.40;NORMAL;N
9898000;511.26;511.10;NORMAL;N
9900000;511.66;511.50;NORMAL;N
9902000;511.79;511.64;NORMAL;N
9904000;513.01;512.86;NORMAL;N
9906000;512.53;512.38;NORMAL;N
9908000;511.85;511.71;NORMAL;N
9910000;511.84;511.70;NORMAL;N
9912000;512.01;511.87;NORMAL;N
9914000;512.54;512.41;NORMAL;N
9916000;512.81;512.68;NORMAL;N
9918000;513.39;513.27;NORMAL;N
9920000;511.33;511.21;NORMAL;N
9922000;512.58;512.46;NORMAL;N
9924000;511.21;511.09;NORMAL;N
9926000;513.72;513.60;NORMAL;N
9928000;513.13;513.02;NORMAL;N
9930000;512.49;512.38;NORMAL;N
9932000;511.01;510.90;NORMAL;N
9934000;512.56;512.46;NORMAL;N
9936000;512.92;512.82;NORMAL;N
9938000;511.60;511.50;NORMAL;N
9940000;511.19;511.09;NORMAL;N
9942000;511.83;511.74;NORMAL;N
9944000;511.32;511.23;NORMAL;N
9946000;513.13;513.04;NORMAL;N
9948000;511.05;510.97;NORMAL;N
9950000;512.40;512.32;NORMAL;N
9952000;511.70;511.62;NORMAL;N
9954000;511.55;511.48;NORMAL;N
9956000;512.08;512.01;NORMAL;N
9958000;512.67;512.60;NORMAL;N
9960000;510.51;510.45;NORMAL;N
9962000;512.82;512.76;NORMAL;N
9964000;512.32;512.26;NORMAL;N
9966000;512.83;512.78;NORMAL;N
9968000;512.31;512.26;NORMAL;N
9970000;512.14;512.10;NORMAL;N
9972000;511.73;511.69;NORMAL;N
9974000;514.00;513.96;NORMAL;N
9976000;513.48;513.44;NORMAL;N
9978000;512.21;512.17;NORMAL;N
9980000;511.04;511.01;NORMAL;N
9982000;512.36;512.33;NORMAL;N
9984000;511.15;511.12;NORMAL;N
9986000;511.00;510.98;NORMAL;N
9988000;510.71;510.69;NORMAL;N
9990000;512.83;512.82;NORMAL;N
9992000;511.14;511.12;NORMAL;N
9994000;511.93;511.92;NORMAL;N
9996000;511.48;511.48;NORMAL;N
9998000;512.25;512.24;NORMAL;N
