timestamp_us;raw_adc;filtered_val;rhythm;class_code
0;513.62;513.62;BRADYCARDIA;BRADY
2000;512.90;512.90;BRADYCARDIA;BRADY
4000;514.22;514.21;BRADYCARDIA;BRADY
6000;513.65;513.64;BRADYCARDIA;BRADY
8000;513.41;513.39;BRADYCARDIA;BRADY
10000;513.11;513.10;BRADYCARDIA;BRADY
12000;513.29;513.27;BRADYCARDIA;BRADY
14000;511.48;511.46;BRADYCARDIA;BRADY
16000;511.99;511.96;BRADYCARDIA;BRADY
18000;511.78;511.76;BRADYCARDIA;BRADY
20000;512.72;512.69;BRADYCARDIA;BRADY
22000;511.91;511.88;BRADYCARDIA;BRADY
24000;511.83;511.79;BRADYCARDIA;BRADY
26000;513.32;513.28;BRADYCARDIA;BRADY
28000;511.61;511.56;BRADYCARDIA;BRADY
30000;511.57;511.52;BRADYCARDIA;BRADY
32000;512.40;512.35;BRADYCARDIA;BRADY
34000;511.26;511.20;BRADYCARDIA;BRADY
36000;513.33;513.27;BRADYCARDIA;BRADY
38000;511.06;511.01;BRADYCARDIA;BRADY
40000;511.43;511.36;BRADYCARDIA;BRADY
42000;511.23;511.17;BRADYCARDIA;BRADY
44000;511.04;510.97;BRADYCARDIA;BRADY
46000;510.98;510.91;BRADYCARDIA;BRADY
48000;512.79;512.71;BRADYCARDIA;BRADY
50000;510.50;510.42;BRADYCARDIA;BRADY
52000;511.44;511.36;BRADYCARDIA;BRADY
54000;511.81;511.72;BRADYCARDIA;BRADY
56000;512.22;512.13;BRADYCARDIA;BRADY
58000;511.03;510.94;BRADYCARDIA;BRADY
60000;511.89;511.80;BRADYCARDIA;BRADY
62000;512.17;512.07;BRADYCARDIA;BRADY
64000;511.09;510.99;BRADYCARDIA;BRADY
66000;511.25;511.14;BRADYCARDIA;BRADY
68000;512.66;512.55;BRADYCARDIA;BRADY
70000;512.33;512.22;BRADYCARDIA;BRADY
72000;513.04;512.93;BRADYCARDIA;BRADY
74000;512.11;511.99;BRADYCARDIA;BRADY
76000;511.27;511.15;BRADYCARDIA;BRADY
78000;511.17;511.05;BRADYCARDIA;BRADY
80000;511.76;511.64;BRADYCARDIA;BRADY
82000;511.82;511.69;BRADYCARDIA;BRADY
84000;511.78;511.65;BRADYCARDIA;BRADY
86000;513.62;513.49;BRADYCARDIA;BRADY
88000;513.26;513.12;BRADYCARDIA;BRADY
90000;512.74;512.60;BRADYCARDIA;BRADY
92000;511.59;511.44;BRADYCARDIA;BRADY
94000;513.58;513.43;BRADYCARDIA;BRADY
96000;511.34;511.19;BRADYCARDIA;BRADY
98000;512.09;511.93;BRADYCARDIA;BRADY
100000;512.35;512.20;BRADYCARDIA;BRADY
102000;511.10;510.94;BRADYCARDIA;BRADY
104000;512.27;512.11;BRADYCARDIA;BRADY
106000;513.13;512.96;BRADYCARDIA;BRADY
108000;513.08;512.91;BRADYCARDIA;BRADY
110000;512.16;511.99;BRADYCARDIA;BRADY
112000;511.89;511.72;BRADYCARDIA;BRADY
114000;512.56;512.38;BRADYCARDIA;BRADY
116000;512.58;512.40;BRADYCARDIA;BRADY
118000;511.14;510.96;BRADYCARDIA;BRADY
120000;512.69;512.50;BRADYCARDIA;BRADY
122000;511.41;511.22;BRADYCARDIA;BRADY
124000;511.11;510.91;BRADYCARDIA;BRADY
126000;512.02;511.83;BRADYCARDIA;BRADY
128000;511.99;511.79;BRADYCARDIA;BRADY
130000;513.33;513.13;BRADYCARDIA;BRADY
132000;511.92;511.72;BRADYCARDIA;BRADY
134000;513.25;513.04;BRADYCARDIA;BRADY
136000;511.29;511.08;BRADYCARDIA;BRADY
138000;512.19;511.97;BRADYCARDIA;BRADY
140000;513.19;512.98;BRADYCARDIA;BRADY
142000;511.71;511.49;BRADYCARDIA;BRADY
144000;511.90;511.67;BRADYCARDIA;BRADY
146000;511.65;511.42;BRADYCARDIA;BRADY
148000;512.40;512.17;BRADYCARDIA;BRADY
150000;512.21;511.97;BRADYCARDIA;BRADY
152000;513.02;512.79;BRADYCARDIA;BRADY
154000;511.90;511.66;BRADYCARDIA;BRADY
156000;512.05;511.81;BRADYCARDIA;BRADY
158000;513.75;513.51;BRADYCARDIA;BRADY
160000;511.37;511.12;BRADYCARDIA;BRADY
162000;512.84;512.59;BRADYCARDIA;BRADY
164000;510.56;510.30;BRADYCARDIA;BRADY
166000;512.87;512.61;BRADYCARDIA;BRADY
168000;512.77;512.51;BRADYCARDIA;BRADY
170000;512.39;512.13;BRADYCARDIA;BRADY
172000;511.71;511.44;BRADYCARDIA;BRADY
174000;513.02;512.75;BRADYCARDIA;BRADY
176000;511.08;510.80;BRADYCARDIA;BRADY
178000;511.88;511.60;BRADYCARDIA;BRADY
180000;511.30;511.02;BRADYCARDIA;BRADY
182000;512.42;512.13;BRADYCARDIA;BRADY
184000;512.64;512.35;BRADYCARDIA;BRADY
186000;512.19;511.90;BRADYCARDIA;BRADY
188000;512.80;512.51;BRADYCARDIA;BRADY
190000;512.82;512.53;BRADYCARDIA;BRADY
192000;513.62;513.32;BRADYCARDIA;BRADY
194000;511.04;510.74;BRADYCARDIA;BRADY
196000;510.81;510.51;BRADYCARDIA;BRADY
198000;512.74;512.43;BRADYCARDIA;BRADY
200000;512.09;511.78;BRADYCARDIA;BRADY
202000;511.86;511.55;BRADYCARDIA;BRADY
204000;512.40;512.08;BRADYCARDIA;BRADY
206000;511.43;511.12;BRADYCARDIA;BRADY
208000;512.10;511.78;BRADYCARDIA;BRADY
210000;513.87;513.55;BRADYCARDIA;BRADY
212000;513.15;512.82;BRADYCARDIA;BRADY
214000;511.81;511.48;BRADYCARDIA;BRADY
216000;512.33;511.99;BRADYCARDIA;BRADY
218000;512.92;512.58;BRADYCARDIA;BRADY
220000;512.16;511.82;BRADYCARDIA;BRADY
222000;511.13;510.79;BRADYCARDIA;BRADY
224000;511.82;511.47;BRADYCARDIA;BRADY
226000;512.40;512.05;BRADYCARDIA;BRADY
228000;512.28;511.93;BRADYCARDIA;BRADY
230000;511.22;510.86;BRADYCARDIA;BRADY
232000;512.64;512.28;BRADYCARDIA;BRADY
234000;512.39;512.03;BRADYCARDIA;BRADY
236000;513.77;513.41;BRADYCARDIA;BRADY
238000;514.77;514.40;BRADYCARDIA;BRADY
240000;511.78;511.41;BRADYCARDIA;BRADY
242000;512.41;512.04;BRADYCARDIA;BRADY
244000;512.13;511.76;BRADYCARDIA;BRADY
246000;512.78;512.41;BRADYCARDIA;BRADY
248000;510.95;510.57;BRADYCARDIA;BRADY
250000;512.28;511.89;BRADYCARDIA;BRADY
252000;511.16;510.78;BRADYCARDIA;BRADY
254000;511.67;511.28;BRADYCARDIA;BRADY
256000;512.56;512.17;BRADYCARDIA;BRADY
258000;511.52;511.12;BRADYCARDIA;BRADY
260000;511.79;511.39;BRADYCARDIA;BRADY
262000;512.40;512.00;BRADYCARDIA;BRADY
264000;512.47;512.07;BRADYCARDIA;BRADY
266000;512.17;511.77;BRADYCARDIA;BRADY
268000;512.10;511.69;BRADYCARDIA;BRADY
270000;513.79;513.38;BRADYCARDIA;BRADY
272000;512.79;512.38;BRADYCARDIA;BRADY
274000;511.19;510.77;BRADYCARDIA;BRADY
276000;511.70;511.28;BRADYCARDIA;BRADY
278000;512.23;511.81;BRADYCARDIA;BRADY
280000;511.11;510.69;BRADYCARDIA;BRADY
282000;511.38;510.95;BRADYCARDIA;BRADY
284000;510.09;509.65;BRADYCARDIA;BRADY
286000;512.73;512.29;BRADYCARDIA;BRADY
288000;513.08;512.64;BRADYCARDIA;BRADY
290000;512.13;511.69;BRADYCARDIA;BRADY
292000;513.32;512.88;BRADYCARDIA;BRADY
294000;512.53;512.09;BRADYCARDIA;BRADY
296000;513.47;513.02;BRADYCARDIA;BRADY
298000;510.98;510.53;BRADYCARDIA;BRADY
300000;511.68;511.23;BRADYCARDIA;BRADY
302000;512.01;511.55;BRADYCARDIA;BRADY
304000;513.86;513.40;BRADYCARDIA;BRADY
306000;512.37;511.91;BRADYCARDIA;BRADY
308000;512.13;511.67;BRADYCARDIA;BRADY
310000;512.66;512.19;BRADYCARDIA;BRADY
312000;512.26;511.79;BRADYCARDIA;BRADY
314000;512.95;512.48;BRADYCARDIA;BRADY
316000;511.51;511.03;BRADYCARDIA;BRADY
318000;511.07;510.59;BRADYCARDIA;BRADY
320000;512.60;512.12;BRADYCARDIA;BRADY
322000;512.52;512.04;BRADYCARDIA;BRADY
324000;513.22;512.74;BRADYCARDIA;BRADY
326000;511.83;511.34;BRADYCARDIA;BRADY
328000;512.52;512.02;BRADYCARDIA;BRADY
330000;512.69;512.20;BRADYCARDIA;BRADY
332000;511.50;511.01;BRADYCARDIA;BRADY
334000;510.43;509.93;BRADYCARDIA;BRADY
336000;512.21;511.71;BRADYCARDIA;BRADY
338000;512.56;512.05;BRADYCARDIA;BRADY
340000;512.82;512.31;BRADYCARDIA;BRADY
342000;513.14;512.63;BRADYCARDIA;BRADY
344000;513.02;512.50;BRADYCARDIA;BRADY
346000;512.52;512.00;BRADYCARDIA;BRADY
348000;511.69;511.17;BRADYCARDIA;BRADY
350000;512.61;512.09;BRADYCARDIA;BRADY
352000;512.66;512.14;BRADYCARDIA;BRADY
354000;512.65;512.13;BRADYCARDIA;BRADY
356000;512.40;511.86;BRADYCARDIA;BRADY
358000;512.27;511.74;BRADYCARDIA;BRADY
360000;512.49;511.96;BRADYCARDIA;BRADY
362000;511.81;511.27;BRADYCARDIA;BRADY
364000;512.51;511.97;BRADYCARDIA;BRADY
366000;511.54;511.00;BRADYCARDIA;BRADY
368000;513.80;513.26;BRADYCARDIA;BRADY
370000;511.71;511.16;BRADYCARDIA;BRADY
372000;512.87;512.32;BRADYCARDIA;BRADY
374000;511.42;510.87;BRADYCARDIA;BRADY
376000;513.05;512.50;BRADYCARDIA;BRADY
378000;511.67;511.11;BRADYCARDIA;BRADY
380000;511.69;511.12;BRADYCARDIA;BRADY
382000;512.73;512.17;BRADYCARDIA;BRADY
384000;512.12;511.55;BRADYCARDIA;BRADY
386000;512.54;511.97;BRADYCARDIA;BRADY
388000;512.46;511.89;BRADYCARDIA;BRADY
390000;513.23;512.66;BRADYCARDIA;BRADY
392000;513.26;512.68;BRADYCARDIA;BRADY
394000;512.50;511.91;BRADYCARDIA;BRADY
396000;511.96;511.37;BRADYCARDIA;BRADY
398000;512.38;511.79;BRADYCARDIA;BRADY
400000;512.84;512.25;BRADYCARDIA;BRADY
402000;512.05;511.46;BRADYCARDIA;BRADY
404000;510.66;510.07;BRADYCARDIA;BRADY
406000;513.33;512.73;BRADYCARDIA;BRADY
408000;510.82;510.22;BRADYCARDIA;BRADY
410000;513.49;512.89;BRADYCARDIA;BRADY
412000;512.70;512.10;BRADYCARDIA;BRADY
414000;512.81;512.20;BRADYCARDIA;BRADY
416000;513.33;512.72;BRADYCARDIA;BRADY
418000;513.23;512.62;BRADYCARDIA;BRADY
420000;513.09;512.48;BRADYCARDIA;BRADY
422000;511.84;511.22;BRADYCARDIA;BRADY
424000;512.38;511.76;BRADYCARDIA;BRADY
426000;510.86;510.24;BRADYCARDIA;BRADY
428000;512.16;511.53;BRADYCARDIA;BRADY
430000;512.51;511.89;BRADYCARDIA;BRADY
432000;512.18;511.55;BRADYCARDIA;BRADY
434000;513.53;512.90;BRADYCARDIA;BRADY
436000;512.04;511.41;BRADYCARDIA;BRADY
438000;512.02;511.38;BRADYCARDIA;BRADY
440000;514.20;513.56;BRADYCARDIA;BRADY
442000;512.98;512.34;BRADYCARDIA;BRADY
444000;512.81;512.17;BRADYCARDIA;BRADY
446000;512.35;511.70;BRADYCARDIA;BRADY
448000;513.00;512.35;BRADYCARDIA;BRADY
450000;513.35;512.70;BRADYCARDIA;BRADY
452000;512.38;511.73;BRADYCARDIA;BRADY
454000;514.22;513.57;BRADYCARDIA;BRADY
456000;512.75;512.09;BRADYCARDIA;BRADY
458000;514.90;514.25;BRADYCARDIA;BRADY
460000;512.27;511.61;BRADYCARDIA;BRADY
462000;513.06;512.40;BRADYCARDIA;BRADY
464000;513.30;512.63;BRADYCARDIA;BRADY
466000;511.39;510.72;BRADYCARDIA;BRADY
468000;511.62;510.95;BRADYCARDIA;BRADY
470000;513.07;512.39;BRADYCARDIA;BRADY
472000;512.65;511.98;BRADYCARDIA;BRADY
474000;513.47;512.80;BRADYCARDIA;BRADY
476000;512.87;512.19;BRADYCARDIA;BRADY
478000;512.55;511.87;BRADYCARDIA;BRADY
480000;513.12;512.43;BRADYCARDIA;BRADY
482000;513.18;512.49;BRADYCARDIA;BRADY
484000;512.19;511.50;BRADYCARDIA;BRADY
486000;513.57;512.87;BRADYCARDIA;BRADY
488000;511.39;510.69;BRADYCARDIA;BRADY
490000;512.51;511.81;BRADYCARDIA;BRADY
492000;512.53;511.83;BRADYCARDIA;BRADY
494000;512.94;512.24;BRADYCARDIA;BRADY
496000;513.13;512.43;BRADYCARDIA;BRADY
498000;512.51;511.80;BRADYCARDIA;BRADY
500000;512.93;512.22;BRADYCARDIA;BRADY
502000;511.75;511.04;BRADYCARDIA;BRADY
504000;513.32;512.61;BRADYCARDIA;BRADY
506000;513.83;513.12;BRADYCARDIA;BRADY
508000;512.96;512.25;BRADYCARDIA;BRADY
510000;513.36;512.64;BRADYCARDIA;BRADY
512000;512.44;511.72;BRADYCARDIA;BRADY
514000;511.92;511.20;BRADYCARDIA;BRADY
516000;513.09;512.36;BRADYCARDIA;BRADY
518000;512.57;511.85;BRADYCARDIA;BRADY
520000;513.37;512.64;BRADYCARDIA;BRADY
522000;513.33;512.60;BRADYCARDIA;BRADY
524000;513.21;512.48;BRADYCARDIA;BRADY
526000;512.32;511.58;BRADYCARDIA;BRADY
528000;513.70;512.96;BRADYCARDIA;BRADY
530000;510.55;509.82;BRADYCARDIA;BRADY
532000;512.37;511.62;BRADYCARDIA;BRADY
534000;512.53;511.79;BRADYCARDIA;BRADY
536000;513.04;512.30;BRADYCARDIA;BRADY
538000;512.87;512.12;BRADYCARDIA;BRADY
540000;512.99;512.24;BRADYCARDIA;BRADY
542000;512.63;511.88;BRADYCARDIA;BRADY
544000;511.32;510.57;BRADYCARDIA;BRADY
546000;511.22;510.46;BRADYCARDIA;BRADY
548000;513.07;512.31;BRADYCARDIA;BRADY
550000;512.07;511.31;BRADYCARDIA;BRADY
552000;511.62;510.86;BRADYCARDIA;BRADY
554000;513.02;512.26;BRADYCARDIA;BRADY
556000;511.68;510.91;BRADYCARDIA;BRADY
558000;512.91;512.14;BRADYCARDIA;BRADY
560000;512.90;512.13;BRADYCARDIA;BRADY
562000;512.41;511.64;BRADYCARDIA;BRADY
564000;512.16;511.39;BRADYCARDIA;BRADY
566000;513.43;512.65;BRADYCARDIA;BRADY
568000;513.29;512.51;BRADYCARDIA;BRADY
570000;513.31;512.53;BRADYCARDIA;BRADY
572000;511.78;511.00;BRADYCARDIA;BRADY
574000;511.49;510.70;BRADYCARDIA;BRADY
576000;512.88;512.09;BRADYCARDIA;BRADY
578000;514.08;513.29;BRADYCARDIA;BRADY
580000;512.67;511.88;BRADYCARDIA;BRADY
582000;512.73;511.94;BRADYCARDIA;BRADY
584000;511.52;510.73;BRADYCARDIA;BRADY
586000;513.25;512.45;BRADYCARDIA;BRADY
588000;512.80;512.00;BRADYCARDIA;BRADY
590000;513.17;512.37;BRADYCARDIA;BRADY
592000;511.82;511.02;BRADYCARDIA;BRADY
594000;512.75;511.95;BRADYCARDIA;BRADY
596000;511.44;510.64;BRADYCARDIA;BRADY
598000;512.79;511.98;BRADYCARDIA;BRADY
600000;511.93;511.12;BRADYCARDIA;BRADY
602000;511.73;510.91;BRADYCARDIA;BRADY
604000;511.95;511.14;BRADYCARDIA;BRADY
606000;512.60;511.78;BRADYCARDIA;BRADY
608000;512.44;511.63;BRADYCARDIA;BRADY
610000;513.22;512.41;BRADYCARDIA;BRADY
612000;512.82;512.00;BRADYCARDIA;BRADY
614000;513.76;512.94;BRADYCARDIA;BRADY
616000;513.92;513.10;BRADYCARDIA;BRADY
618000;510.59;509.77;BRADYCARDIA;BRADY
620000;513.99;513.16;BRADYCARDIA;BRADY
622000;513.53;512.70;BRADYCARDIA;BRADY
624000;513.28;512.45;BRADYCARDIA;BRADY
626000;513.73;512.90;BRADYCARDIA;BRADY
628000;512.81;511.98;BRADYCARDIA;BRADY
630000;513.03;512.20;BRADYCARDIA;BRADY
632000;512.43;511.59;BRADYCARDIA;BRADY
634000;512.43;511.59;BRADYCARDIA;BRADY
636000;513.46;512.62;BRADYCARDIA;BRADY
638000;512.45;511.61;BRADYCARDIA;BRADY
640000;511.53;510.68;BRADYCARDIA;BRADY
642000;513.86;513.01;BRADYCARDIA;BRADY
644000;512.11;511.26;BRADYCARDIA;BRADY
646000;513.41;512.56;BRADYCARDIA;BRADY
648000;512.90;512.05;BRADYCARDIA;BRADY
650000;513.24;512.39;BRADYCARDIA;BRADY
652000;511.86;511.00;BRADYCARDIA;BRADY
654000;510.99;510.14;BRADYCARDIA;BRADY
656000;512.92;512.06;BRADYCARDIA;BRADY
658000;513.60;512.74;BRADYCARDIA;BRADY
660000;513.00;512.14;BRADYCARDIA;BRADY
662000;513.59;512.72;BRADYCARDIA;BRADY
664000;512.61;511.74;BRADYCARDIA;BRADY
666000;512.51;511.64;BRADYCARDIA;BRADY
668000;513.59;512.72;BRADYCARDIA;BRADY
670000;512.34;511.47;BRADYCARDIA;BRADY
672000;512.79;511.92;BRADYCARDIA;BRADY
674000;512.36;511.49;BRADYCARDIA;BRADY
676000;512.39;511.51;BRADYCARDIA;BRADY
678000;513.06;512.18;BRADYCARDIA;BRADY
680000;514.61;513.73;BRADYCARDIA;BRADY
682000;513.54;512.66;BRADYCARDIA;BRADY
684000;510.98;510.10;BRADYCARDIA;BRADY
686000;512.92;512.04;BRADYCARDIA;BRADY
688000;513.90;513.01;BRADYCARDIA;BRADY
690000;512.72;511.83;BRADYCARDIA;BRADY
692000;512.41;511.52;BRADYCARDIA;BRADY
694000;513.00;512.11;BRADYCARDIA;BRADY
696000;513.64;512.75;BRADYCARDIA;BRADY
698000;512.12;511.23;BRADYCARDIA;BRADY
700000;513.84;512.95;BRADYCARDIA;BRADY
702000;512.34;511.45;BRADYCARDIA;BRADY
704000;513.63;512.73;BRADYCARDIA;BRADY
706000;512.72;511.83;BRADYCARDIA;BRADY
708000;512.81;511.92;BRADYCARDIA;BRADY
710000;510.63;509.73;BRADYCARDIA;BRADY
712000;514.01;513.11;BRADYCARDIA;BRADY
714000;513.58;512.68;BRADYCARDIA;BRADY
716000;512.41;511.51;BRADYCARDIA;BRADY
718000;512.79;511.89;BRADYCARDIA;BRADY
720000;512.97;512.06;BRADYCARDIA;BRADY
722000;514.42;513.51;BRADYCARDIA;BRADY
724000;513.80;512.89;BRADYCARDIA;BRADY
726000;513.33;512.42;BRADYCARDIA;BRADY
728000;513.48;512.57;BRADYCARDIA;BRADY
730000;511.81;510.90;BRADYCARDIA;BRADY
732000;512.24;511.33;BRADYCARDIA;BRADY
734000;511.94;511.02;BRADYCARDIA;BRADY
736000;512.93;512.01;BRADYCARDIA;BRADY
738000;512.28;511.36;BRADYCARDIA;BRADY
740000;513.27;512.35;BRADYCARDIA;BRADY
742000;513.18;512.26;BRADYCARDIA;BRADY
744000;514.02;513.10;BRADYCARDIA;BRADY
746000;512.04;511.12;BRADYCARDIA;BRADY
748000;513.69;512.77;BRADYCARDIA;BRADY
750000;511.30;510.38;BRADYCARDIA;BRADY
752000;512.11;511.19;BRADYCARDIA;BRADY
754000;512.95;512.02;BRADYCARDIA;BRADY
756000;511.62;510.70;BRADYCARDIA;BRADY
758000;514.12;513.19;BRADYCARDIA;BRADY
760000;513.71;512.78;BRADYCARDIA;BRADY
762000;512.60;511.67;BRADYCARDIA;BRADY
764000;512.42;511.49;BRADYCARDIA;BRADY
766000;512.86;511.93;BRADYCARDIA;BRADY
768000;513.57;512.63;BRADYCARDIA;BRADY
770000;512.34;511.41;BRADYCARDIA;BRADY
772000;511.71;510.77;BRADYCARDIA;BRADY
774000;511.88;510.94;BRADYCARDIA;BRADY
776000;512.58;511.64;BRADYCARDIA;BRADY
778000;512.99;512.05;BRADYCARDIA;BRADY
780000;512.87;511.93;BRADYCARDIA;BRADY
782000;512.66;511.72;BRADYCARDIA;BRADY
784000;513.67;512.73;BRADYCARDIA;BRADY
786000;513.97;513.03;BRADYCARDIA;BRADY
788000;513.38;512.44;BRADYCARDIA;BRADY
790000;511.49;510.55;BRADYCARDIA;BRADY
792000;515.20;514.26;BRADYCARDIA;BRADY
794000;512.64;511.69;BRADYCARDIA;BRADY
796000;512.95;512.00;BRADYCARDIA;BRADY
798000;512.75;511.80;BRADYCARDIA;BRADY
800000;511.98;511.03;BRADYCARDIA;BRADY
802000;512.89;511.94;BRADYCARDIA;BRADY
804000;513.32;512.37;BRADYCARDIA;BRADY
806000;512.23;511.28;BRADYCARDIA;BRADY
808000;513.34;512.38;BRADYCARDIA;BRADY
810000;512.69;511.73;BRADYCARDIA;BRADY
812000;511.78;510.82;BRADYCARDIA;BRADY
814000;512.30;511.35;BRADYCARDIA;BRADY
816000;512.73;511.77;BRADYCARDIA;BRADY
818000;511.95;510.99;BRADYCARDIA;BRADY
820000;513.04;512.08;BRADYCARDIA;BRADY
822000;511.99;511.02;BRADYCARDIA;BRADY
824000;513.33;512.36;BRADYCARDIA;BRADY
826000;512.48;511.52;BRADYCARDIA;BRADY
828000;512.71;511.75;BRADYCARDIA;BRADY
830000;512.91;511.94;BRADYCARDIA;BRADY
832000;512.96;512.00;BRADYCARDIA;BRADY
834000;512.66;511.69;BRADYCARDIA;BRADY
836000;513.24;512.28;BRADYCARDIA;BRADY
838000;513.35;512.38;BRADYCARDIA;BRADY
840000;513.08;512.11;BRADYCARDIA;BRADY
842000;513.01;512.04;BRADYCARDIA;BRADY
844000;513.58;512.61;BRADYCARDIA;BRADY
846000;514.38;513.40;BRADYCARDIA;BRADY
848000;513.73;512.76;BRADYCARDIA;BRADY
850000;512.72;511.75;BRADYCARDIA;BRADY
852000;511.26;510.29;BRADYCARDIA;BRADY
854000;513.09;512.11;BRADYCARDIA;BRADY
856000;512.35;511.37;BRADYCARDIA;BRADY
858000;511.72;510.75;BRADYCARDIA;BRADY
860000;513.37;512.40;BRADYCARDIA;BRADY
862000;513.77;512.79;BRADYCARDIA;BRADY
864000;514.29;513.32;BRADYCARDIA;BRADY
866000;513.42;512.45;BRADYCARDIA;BRADY
868000;512.03;511.05;BRADYCARDIA;BRADY
870000;513.46;512.48;BRADYCARDIA;BRADY
872000;513.50;512.52;BRADYCARDIA;BRADY
874000;512.42;511.44;BRADYCARDIA;BRADY
876000;513.15;512.17;BRADYCARDIA;BRADY
878000;513.65;512.67;BRADYCARDIA;BRADY
880000;513.03;512.05;BRADYCARDIA;BRADY
882000;514.45;513.47;BRADYCARDIA;BRADY
884000;511.39;510.41;BRADYCARDIA;BRADY
886000;512.91;511.93;BRADYCARDIA;BRADY
888000;511.86;510.87;BRADYCARDIA;BRADY
890000;512.09;511.10;BRADYCARDIA;BRADY
892000;513.94;512.96;BRADYCARDIA;BRADY
894000;512.43;511.45;BRADYCARDIA;BRADY
896000;511.90;510.91;BRADYCARDIA;BRADY
898000;512.20;511.21;BRADYCARDIA;BRADY
900000;513.39;512.40;BRADYCARDIA;BRADY
902000;514.01;513.02;BRADYCARDIA;BRADY
904000;513.36;512.37;BRADYCARDIA;BRADY
906000;513.01;512.02;BRADYCARDIA;BRADY
908000;514.29;513.30;BRADYCARDIA;BRADY
910000;512.86;511.87;BRADYCARDIA;BRADY
912000;513.59;512.60;BRADYCARDIA;BRADY
914000;511.23;510.24;BRADYCARDIA;BRADY
916000;513.19;512.19;BRADYCARDIA;BRADY
918000;513.23;512.24;BRADYCARDIA;BRADY
920000;512.36;511.36;BRADYCARDIA;BRADY
922000;512.98;511.99;BRADYCARDIA;BRADY
924000;513.47;512.48;BRADYCARDIA;BRADY
926000;512.91;511.92;BRADYCARDIA;BRADY
928000;512.75;511.76;BRADYCARDIA;BRADY
930000;513.20;512.21;BRADYCARDIA;BRADY
932000;513.46;512.46;BRADYCARDIA;BRADY
934000;512.59;511.59;BRADYCARDIA;BRADY
936000;512.91;511.91;BRADYCARDIA;BRADY
938000;512.79;511.79;BRADYCARDIA;BRADY
940000;513.85;512.86;BRADYCARDIA;BRADY
942000;512.72;511.72;BRADYCARDIA;BRADY
944000;513.50;512.50;BRADYCARDIA;BRADY
946000;512.79;511.79;BRADYCARDIA;BRADY
948000;511.53;510.53;BRADYCARDIA;BRADY
950000;512.60;511.61;BRADYCARDIA;BRADY
952000;514.35;513.35;BRADYCARDIA;BRADY
954000;513.23;512.23;BRADYCARDIA;BRADY
956000;511.97;510.97;BRADYCARDIA;BRADY
958000;513.28;512.28;BRADYCARDIA;BRADY
960000;512.96;511.96;BRADYCARDIA;BRADY
962000;513.13;512.13;BRADYCARDIA;BRADY
964000;513.68;512.68;BRADYCARDIA;BRADY
966000;514.20;513.20;BRADYCARDIA;BRADY
968000;512.10;511.10;BRADYCARDIA;BRADY
970000;512.72;511.72;BRADYCARDIA;BRADY
972000;512.63;511.63;BRADYCARDIA;BRADY
974000;512.90;511.90;BRADYCARDIA;BRADY
976000;513.31;512.31;BRADYCARDIA;BRADY
978000;512.91;511.91;BRADYCARDIA;BRADY
980000;512.33;511.34;BRADYCARDIA;BRADY
982000;513.18;512.18;BRADYCARDIA;BRADY
984000;512.69;511.69;BRADYCARDIA;BRADY
986000;511.44;510.44;BRADYCARDIA;BRADY
988000;514.41;513.41;BRADYCARDIA;BRADY
990000;513.25;512.25;BRADYCARDIA;BRADY
992000;512.36;511.36;BRADYCARDIA;BRADY
994000;514.19;513.19;BRADYCARDIA;BRADY
996000;512.19;511.19;BRADYCARDIA;BRADY
998000;512.89;511.89;BRADYCARDIA;BRADY
1000000;513.73;512.73;BRADYCARDIA;BRADY
1002000;511.95;510.95;BRADYCARDIA;BRADY
1004000;513.26;512.26;BRADYCARDIA;BRADY
1006000;512.99;511.99;BRADYCARDIA;BRADY
1008000;512.94;511.94;BRADYCARDIA;BRADY
1010000;512.54;511.54;BRADYCARDIA;BRADY
1012000;512.46;511.46;BRADYCARDIA;BRADY
1014000;512.21;511.21;BRADYCARDIA;BRADY
1016000;513.58;512.58;BRADYCARDIA;BRADY
1018000;512.59;511.59;BRADYCARDIA;BRADY
1020000;512.94;511.94;BRADYCARDIA;BRADY
1022000;514.00;513.00;BRADYCARDIA;BRADY
1024000;513.43;512.43;BRADYCARDIA;BRADY
1026000;514.40;513.40;BRADYCARDIA;BRADY
1028000;512.49;511.49;BRADYCARDIA;BRADY
1030000;510.57;509.57;BRADYCARDIA;BRADY
1032000;513.03;512.03;BRADYCARDIA;BRADY
1034000;513.84;512.84;BRADYCARDIA;BRADY
1036000;512.58;511.58;BRADYCARDIA;BRADY
1038000;512.05;511.05;BRADYCARDIA;BRADY
1040000;512.23;511.24;BRADYCARDIA;BRADY
1042000;514.03;513.03;BRADYCARDIA;BRADY
1044000;513.25;512.25;BRADYCARDIA;BRADY
1046000;513.53;512.54;BRADYCARDIA;BRADY
1048000;512.15;511.15;BRADYCARDIA;BRADY
1050000;513.29;512.29;BRADYCARDIA;BRADY
1052000;513.45;512.46;BRADYCARDIA;BRADY
1054000;512.80;511.80;BRADYCARDIA;BRADY
1056000;511.56;510.56;BRADYCARDIA;BRADY
1058000;513.77;512.78;BRADYCARDIA;BRADY
1060000;514.39;513.40;BRADYCARDIA;BRADY
1062000;512.66;511.66;BRADYCARDIA;BRADY
1064000;513.36;512.36;BRADYCARDIA;BRADY
1066000;513.21;512.21;BRADYCARDIA;BRADY
1068000;512.85;511.85;BRADYCARDIA;BRADY
1070000;513.37;512.38;BRADYCARDIA;BRADY
1072000;513.33;512.33;BRADYCARDIA;BRADY
1074000;512.40;511.40;BRADYCARDIA;BRADY
1076000;512.77;511.78;BRADYCARDIA;BRADY
1078000;512.18;511.19;BRADYCARDIA;BRADY
1080000;512.96;511.96;BRADYCARDIA;BRADY
1082000;512.33;511.34;BRADYCARDIA;BRADY
1084000;512.83;511.84;BRADYCARDIA;BRADY
1086000;512.52;511.53;BRADYCARDIA;BRADY
1088000;514.69;513.70;BRADYCARDIA;BRADY
1090000;512.16;511.17;BRADYCARDIA;BRADY
1092000;512.87;511.88;BRADYCARDIA;BRADY
1094000;511.64;510.65;BRADYCARDIA;BRADY
1096000;513.22;512.23;BRADYCARDIA;BRADY
1098000;511.55;510.56;BRADYCARDIA;BRADY
1100000;513.67;512.68;BRADYCARDIA;BRADY
1102000;512.40;511.42;BRADYCARDIA;BRADY
1104000;513.87;512.89;BRADYCARDIA;BRADY
1106000;513.64;512.65;BRADYCARDIA;BRADY
1108000;512.95;511.97;BRADYCARDIA;BRADY
1110000;511.58;510.60;BRADYCARDIA;BRADY
1112000;513.17;512.19;BRADYCARDIA;BRADY
1114000;512.09;511.11;BRADYCARDIA;BRADY
1116000;513.47;512.49;BRADYCARDIA;BRADY
1118000;513.52;512.54;BRADYCARDIA;BRADY
1120000;512.63;511.65;BRADYCARDIA;BRADY
1122000;514.31;513.32;BRADYCARDIA;BRADY
1124000;514.33;513.35;BRADYCARDIA;BRADY
1126000;513.89;512.91;BRADYCARDIA;BRADY
1128000;512.62;511.64;BRADYCARDIA;BRADY
1130000;514.13;513.15;BRADYCARDIA;BRADY
1132000;512.75;511.77;BRADYCARDIA;BRADY
1134000;512.30;511.32;BRADYCARDIA;BRADY
1136000;512.98;512.00;BRADYCARDIA;BRADY
1138000;513.13;512.16;BRADYCARDIA;BRADY
1140000;513.57;512.59;BRADYCARDIA;BRADY
1142000;513.93;512.96;BRADYCARDIA;BRADY
1144000;512.57;511.60;BRADYCARDIA;BRADY
1146000;512.13;511.15;BRADYCARDIA;BRADY
1148000;513.65;512.68;BRADYCARDIA;BRADY
1150000;513.38;512.41;BRADYCARDIA;BRADY
1152000;512.27;511.30;BRADYCARDIA;BRADY
1154000;513.20;512.23;BRADYCARDIA;BRADY
1156000;512.37;511.40;BRADYCARDIA;BRADY
1158000;513.91;512.94;BRADYCARDIA;BRADY
1160000;512.33;511.36;BRADYCARDIA;BRADY
1162000;512.99;512.03;BRADYCARDIA;BRADY
1164000;510.40;509.43;BRADYCARDIA;BRADY
1166000;513.79;512.83;BRADYCARDIA;BRADY
1168000;513.50;512.53;BRADYCARDIA;BRADY
1170000;514.33;513.37;BRADYCARDIA;BRADY
1172000;512.06;511.09;BRADYCARDIA;BRADY
1174000;514.14;513.18;BRADYCARDIA;BRADY
1176000;512.78;511.82;BRADYCARDIA;BRADY
1178000;512.77;511.81;BRADYCARDIA;BRADY
1180000;512.25;511.29;BRADYCARDIA;BRADY
1182000;512.10;511.14;BRADYCARDIA;BRADY
1184000;513.08;512.12;BRADYCARDIA;BRADY
1186000;513.96;513.01;BRADYCARDIA;BRADY
1188000;512.41;511.45;BRADYCARDIA;BRADY
1190000;513.42;512.47;BRADYCARDIA;BRADY
1192000;513.57;512.62;BRADYCARDIA;BRADY
1194000;512.47;511.52;BRADYCARDIA;BRADY
1196000;513.34;512.39;BRADYCARDIA;BRADY
1198000;511.87;510.92;BRADYCARDIA;BRADY
1200000;512.15;511.20;BRADYCARDIA;BRADY
1202000;513.65;512.70;BRADYCARDIA;BRADY
1204000;511.63;510.68;BRADYCARDIA;BRADY
1206000;512.97;512.02;BRADYCARDIA;BRADY
1208000;514.14;513.19;BRADYCARDIA;BRADY
1210000;513.94;512.99;BRADYCARDIA;BRADY
1212000;512.48;511.53;BRADYCARDIA;BRADY
1214000;512.19;511.25;BRADYCARDIA;BRADY
1216000;512.80;511.85;BRADYCARDIA;BRADY
1218000;513.15;512.21;BRADYCARDIA;BRADY
1220000;512.78;511.84;BRADYCARDIA;BRADY
1222000;513.21;512.27;BRADYCARDIA;BRADY
1224000;512.41;511.47;BRADYCARDIA;BRADY
1226000;512.77;511.83;BRADYCARDIA;BRADY
1228000;512.18;511.24;BRADYCARDIA;BRADY
1230000;513.48;512.55;BRADYCARDIA;BRADY
1232000;512.31;511.37;BRADYCARDIA;BRADY
1234000;513.29;512.36;BRADYCARDIA;BRADY
1236000;512.58;511.65;BRADYCARDIA;BRADY
1238000;512.77;511.84;BRADYCARDIA;BRADY
1240000;512.18;511.25;BRADYCARDIA;BRADY
1242000;512.78;511.86;BRADYCARDIA;BRADY
1244000;512.71;511.78;BRADYCARDIA;BRADY
1246000;513.04;512.11;BRADYCARDIA;BRADY
1248000;512.66;511.74;BRADYCARDIA;BRADY
1250000;513.24;512.32;BRADYCARDIA;BRADY
1252000;511.92;510.99;BRADYCARDIA;BRADY
1254000;512.61;511.69;BRADYCARDIA;BRADY
1256000;511.82;510.90;BRADYCARDIA;BRADY
1258000;513.57;512.65;BRADYCARDIA;BRADY
1260000;511.94;511.02;BRADYCARDIA;BRADY
1262000;512.70;511.78;BRADYCARDIA;BRADY
1264000;512.87;511.95;BRADYCARDIA;BRADY
1266000;514.28;513.36;BRADYCARDIA;BRADY
1268000;512.27;511.36;BRADYCARDIA;BRADY
1270000;513.77;512.86;BRADYCARDIA;BRADY
1272000;514.90;513.99;BRADYCARDIA;BRADY
1274000;512.19;511.28;BRADYCARDIA;BRADY
1276000;512.85;511.94;BRADYCARDIA;BRADY
1278000;512.61;511.70;BRADYCARDIA;BRADY
1280000;512.43;511.53;BRADYCARDIA;BRADY
1282000;512.87;511.97;BRADYCARDIA;BRADY
1284000;514.85;513.95;BRADYCARDIA;BRADY
1286000;513.10;512.20;BRADYCARDIA;BRADY
1288000;515.30;514.40;BRADYCARDIA;BRADY
1290000;513.47;512.57;BRADYCARDIA;BRADY
1292000;511.89;510.99;BRADYCARDIA;BRADY
1294000;513.47;512.58;BRADYCARDIA;BRADY
1296000;513.13;512.24;BRADYCARDIA;BRADY
1298000;512.96;512.07;BRADYCARDIA;BRADY
1300000;513.98;513.09;BRADYCARDIA;BRADY
1302000;512.37;511.48;BRADYCARDIA;BRADY
1304000;513.70;512.81;BRADYCARDIA;BRADY
1306000;512.13;511.24;BRADYCARDIA;BRADY
1308000;513.91;513.03;BRADYCARDIA;BRADY
1310000;512.91;512.02;BRADYCARDIA;BRADY
1312000;512.61;511.73;BRADYCARDIA;BRADY
1314000;513.17;512.28;BRADYCARDIA;BRADY
1316000;513.67;512.79;BRADYCARDIA;BRADY
1318000;513.60;512.73;BRADYCARDIA;BRADY
1320000;513.37;512.49;BRADYCARDIA;BRADY
1322000;513.15;512.28;BRADYCARDIA;BRADY
1324000;513.04;512.16;BRADYCARDIA;BRADY
1326000;512.98;512.11;BRADYCARDIA;BRADY
1328000;513.32;512.45;BRADYCARDIA;BRADY
1330000;512.58;511.71;BRADYCARDIA;BRADY
1332000;512.68;511.81;BRADYCARDIA;BRADY
1334000;513.59;512.73;BRADYCARDIA;BRADY
1336000;513.50;512.64;BRADYCARDIA;BRADY
1338000;511.88;511.02;BRADYCARDIA;BRADY
1340000;510.45;509.59;BRADYCARDIA;BRADY
1342000;513.77;512.91;BRADYCARDIA;BRADY
1344000;511.43;510.57;BRADYCARDIA;BRADY
1346000;514.18;513.33;BRADYCARDIA;BRADY
1348000;511.78;510.93;BRADYCARDIA;BRADY
1350000;511.97;511.12;BRADYCARDIA;BRADY
1352000;514.57;513.72;BRADYCARDIA;BRADY
1354000;512.37;511.52;BRADYCARDIA;BRADY
1356000;510.83;509.98;BRADYCARDIA;BRADY
1358000;514.15;513.30;BRADYCARDIA;BRADY
1360000;513.87;513.03;BRADYCARDIA;BRADY
1362000;513.34;512.50;BRADYCARDIA;BRADY
1364000;512.24;511.40;BRADYCARDIA;BRADY
1366000;512.98;512.14;BRADYCARDIA;BRADY
1368000;512.45;511.61;BRADYCARDIA;BRADY
1370000;513.22;512.39;BRADYCARDIA;BRADY
1372000;512.82;511.98;BRADYCARDIA;BRADY
1374000;512.29;511.46;BRADYCARDIA;BRADY
1376000;513.73;512.90;BRADYCARDIA;BRADY
1378000;512.92;512.09;BRADYCARDIA;BRADY
1380000;512.06;511.23;BRADYCARDIA;BRADY
1382000;512.44;511.62;BRADYCARDIA;BRADY
1384000;514.45;513.62;BRADYCARDIA;BRADY
1386000;513.18;512.35;BRADYCARDIA;BRADY
1388000;513.48;512.66;BRADYCARDIA;BRADY
1390000;512.82;512.01;BRADYCARDIA;BRADY
1392000;512.36;511.55;BRADYCARDIA;BRADY
1394000;512.62;511.81;BRADYCARDIA;BRADY
1396000;512.85;512.04;BRADYCARDIA;BRADY
1398000;513.01;512.20;BRADYCARDIA;BRADY
1400000;513.36;512.56;BRADYCARDIA;BRADY
1402000;511.80;510.99;BRADYCARDIA;BRADY
1404000;512.54;511.73;BRADYCARDIA;BRADY
1406000;512.50;511.69;BRADYCARDIA;BRADY
1408000;512.80;512.00;BRADYCARDIA;BRADY
1410000;512.78;511.98;BRADYCARDIA;BRADY
1412000;512.27;511.47;BRADYCARDIA;BRADY
1414000;513.04;512.25;BRADYCARDIA;BRADY
1416000;513.31;512.52;BRADYCARDIA;BRADY
1418000;512.25;511.46;BRADYCARDIA;BRADY
1420000;512.08;511.29;BRADYCARDIA;BRADY
1422000;513.70;512.91;BRADYCARDIA;BRADY
1424000;513.55;512.76;BRADYCARDIA;BRADY
1426000;512.53;511.75;BRADYCARDIA;BRADY
1428000;513.95;513.17;BRADYCARDIA;BRADY
1430000;513.48;512.70;BRADYCARDIA;BRADY
1432000;513.21;512.43;BRADYCARDIA;BRADY
1434000;511.42;510.64;BRADYCARDIA;BRADY
1436000;512.31;511.53;BRADYCARDIA;BRADY
1438000;512.80;512.03;BRADYCARDIA;BRADY
1440000;513.50;512.73;BRADYCARDIA;BRADY
1442000;512.17;511.40;BRADYCARDIA;BRADY
1444000;514.02;513.26;BRADYCARDIA;BRADY
1446000;512.53;511.77;BRADYCARDIA;BRADY
1448000;512.32;511.56;BRADYCARDIA;BRADY
1450000;512.50;511.74;BRADYCARDIA;BRADY
1452000;512.17;511.41;BRADYCARDIA;BRADY
1454000;512.71;511.95;BRADYCARDIA;BRADY
1456000;513.90;513.15;BRADYCARDIA;BRADY
1458000;512.60;511.85;BRADYCARDIA;BRADY
1460000;512.47;511.72;BRADYCARDIA;BRADY
1462000;514.00;513.25;BRADYCARDIA;BRADY
1464000;513.23;512.48;BRADYCARDIA;BRADY
1466000;512.10;511.36;BRADYCARDIA;BRADY
1468000;513.79;513.05;BRADYCARDIA;BRADY
1470000;513.89;513.15;BRADYCARDIA;BRADY
1472000;512.74;512.00;BRADYCARDIA;BRADY
1474000;511.85;511.11;BRADYCARDIA;BRADY
1476000;513.40;512.67;BRADYCARDIA;BRADY
1478000;514.40;513.67;BRADYCARDIA;BRADY
1480000;510.03;509.30;BRADYCARDIA;BRADY
1482000;513.39;512.66;BRADYCARDIA;BRADY
1484000;514.23;513.51;BRADYCARDIA;BRADY
1486000;510.64;509.92;BRADYCARDIA;BRADY
1488000;512.68;511.96;BRADYCARDIA;BRADY
1490000;513.14;512.42;BRADYCARDIA;BRADY
1492000;514.06;513.34;BRADYCARDIA;BRADY
1494000;512.64;511.93;BRADYCARDIA;BRADY
1496000;513.96;513.25;BRADYCARDIA;BRADY
1498000;512.82;512.11;BRADYCARDIA;BRADY
1500000;512.49;511.78;BRADYCARDIA;BRADY
1502000;513.60;512.90;BRADYCARDIA;BRADY
1504000;512.48;511.78;BRADYCARDIA;BRADY
1506000;514.28;513.58;BRADYCARDIA;BRADY
1508000;513.12;512.42;BRADYCARDIA;BRADY
1510000;512.40;511.71;BRADYCARDIA;BRADY
1512000;512.79;512.10;BRADYCARDIA;BRADY
1514000;514.54;513.85;BRADYCARDIA;BRADY
1516000;511.79;511.10;BRADYCARDIA;BRADY
1518000;511.49;510.80;BRADYCARDIA;BRADY
1520000;512.90;512.21;BRADYCARDIA;BRADY
1522000;512.80;512.12;BRADYCARDIA;BRADY
1524000;513.18;512.50;BRADYCARDIA;BRADY
1526000;511.50;510.82;BRADYCARDIA;BRADY
1528000;512.59;511.92;BRADYCARDIA;BRADY
1530000;512.84;512.17;BRADYCARDIA;BRADY
1532000;512.55;511.88;BRADYCARDIA;BRADY
1534000;513.07;512.40;BRADYCARDIA;BRADY
1536000;512.75;512.09;BRADYCARDIA;BRADY
1538000;512.97;512.31;BRADYCARDIA;BRADY
1540000;512.83;512.16;BRADYCARDIA;BRADY
1542000;511.33;510.67;BRADYCARDIA;BRADY
1544000;512.86;512.20;BRADYCARDIA;BRADY
1546000;512.25;511.59;BRADYCARDIA;BRADY
1548000;512.84;512.18;BRADYCARDIA;BRADY
1550000;514.17;513.52;BRADYCARDIA;BRADY
1552000;512.60;511.95;BRADYCARDIA;BRADY
1554000;513.34;512.70;BRADYCARDIA;BRADY
1556000;513.73;513.09;BRADYCARDIA;BRADY
1558000;512.85;512.22;BRADYCARDIA;BRADY
1560000;512.52;511.88;BRADYCARDIA;BRADY
1562000;512.67;512.03;BRADYCARDIA;BRADY
1564000;512.33;511.69;BRADYCARDIA;BRADY
1566000;513.31;512.68;BRADYCARDIA;BRADY
1568000;514.17;513.54;BRADYCARDIA;BRADY
1570000;513.05;512.43;BRADYCARDIA;BRADY
1572000;511.82;511.20;BRADYCARDIA;BRADY
1574000;512.43;511.81;BRADYCARDIA;BRADY
1576000;513.87;513.25;BRADYCARDIA;BRADY
1578000;513.59;512.97;BRADYCARDIA;BRADY
1580000;513.50;512.88;BRADYCARDIA;BRADY
1582000;512.44;511.83;BRADYCARDIA;BRADY
1584000;512.13;511.53;BRADYCARDIA;BRADY
1586000;512.23;511.63;BRADYCARDIA;BRADY
1588000;513.31;512.71;BRADYCARDIA;BRADY
1590000;511.89;511.29;BRADYCARDIA;BRADY
1592000;513.03;512.43;BRADYCARDIA;BRADY
1594000;511.78;511.19;BRADYCARDIA;BRADY
1596000;512.02;511.43;BRADYCARDIA;BRADY
1598000;512.74;512.15;BRADYCARDIA;BRADY
1600000;511.87;511.28;BRADYCARDIA;BRADY
1602000;512.74;512.15;BRADYCARDIA;BRADY
1604000;513.83;513.25;BRADYCARDIA;BRADY
1606000;512.15;511.57;BRADYCARDIA;BRADY
1608000;512.50;511.93;BRADYCARDIA;BRADY
1610000;512.25;511.68;BRADYCARDIA;BRADY
1612000;511.96;511.39;BRADYCARDIA;BRADY
1614000;511.90;511.33;BRADYCARDIA;BRADY
1616000;513.40;512.83;BRADYCARDIA;BRADY
1618000;513.52;512.96;BRADYCARDIA;BRADY
1620000;510.58;510.01;BRADYCARDIA;BRADY
1622000;511.68;511.12;BRADYCARDIA;BRADY
1624000;512.82;512.26;BRADYCARDIA;BRADY
1626000;513.61;513.06;BRADYCARDIA;BRADY
1628000;512.50;511.95;BRADYCARDIA;BRADY
1630000;512.37;511.82;BRADYCARDIA;BRADY
1632000;512.82;512.27;BRADYCARDIA;BRADY
1634000;511.31;510.77;BRADYCARDIA;BRADY
1636000;511.34;510.80;BRADYCARDIA;BRADY
1638000;512.46;511.92;BRADYCARDIA;BRADY
1640000;511.40;510.87;BRADYCARDIA;BRADY
1642000;512.29;511.75;BRADYCARDIA;BRADY
1644000;513.14;512.61;BRADYCARDIA;BRADY
1646000;513.32;512.79;BRADYCARDIA;BRADY
1648000;512.81;512.28;BRADYCARDIA;BRADY
1650000;513.38;512.86;BRADYCARDIA;BRADY
1652000;513.62;513.10;BRADYCARDIA;BRADY
1654000;512.03;511.51;BRADYCARDIA;BRADY
1656000;513.39;512.87;BRADYCARDIA;BRADY
1658000;514.17;513.66;BRADYCARDIA;BRADY
1660000;512.29;511.78;BRADYCARDIA;BRADY
1662000;512.36;511.85;BRADYCARDIA;BRADY
1664000;511.56;511.05;BRADYCARDIA;BRADY
1666000;512.37;511.87;BRADYCARDIA;BRADY
1668000;511.57;511.07;BRADYCARDIA;BRADY
1670000;512.08;511.58;BRADYCARDIA;BRADY
1672000;511.09;510.60;BRADYCARDIA;BRADY
1674000;514.94;514.45;BRADYCARDIA;BRADY
1676000;512.69;512.20;BRADYCARDIA;BRADY
1678000;512.65;512.16;BRADYCARDIA;BRADY
1680000;513.76;513.28;BRADYCARDIA;BRADY
1682000;513.61;513.13;BRADYCARDIA;BRADY
1684000;513.43;512.96;BRADYCARDIA;BRADY
1686000;511.58;511.10;BRADYCARDIA;BRADY
1688000;513.30;512.83;BRADYCARDIA;BRADY
1690000;513.23;512.76;BRADYCARDIA;BRADY
1692000;513.09;512.63;BRADYCARDIA;BRADY
1694000;511.82;511.35;BRADYCARDIA;BRADY
1696000;513.07;512.61;BRADYCARDIA;BRADY
1698000;512.72;512.27;BRADYCARDIA;BRADY
1700000;511.69;511.24;BRADYCARDIA;BRADY
1702000;511.54;511.09;BRADYCARDIA;BRADY
1704000;512.95;512.50;BRADYCARDIA;BRADY
1706000;511.95;511.50;BRADYCARDIA;BRADY
1708000;513.24;512.80;BRADYCARDIA;BRADY
1710000;513.55;513.11;BRADYCARDIA;BRADY
1712000;511.21;510.77;BRADYCARDIA;BRADY
1714000;512.07;511.63;BRADYCARDIA;BRADY
1716000;510.77;510.34;BRADYCARDIA;BRADY
1718000;512.57;512.14;BRADYCARDIA;BRADY
1720000;512.10;511.67;BRADYCARDIA;BRADY
1722000;511.07;510.64;BRADYCARDIA;BRADY
1724000;511.65;511.23;BRADYCARDIA;BRADY
1726000;512.03;511.62;BRADYCARDIA;BRADY
1728000;512.97;512.55;BRADYCARDIA;BRADY
1730000;511.73;511.31;BRADYCARDIA;BRADY
1732000;511.16;510.75;BRADYCARDIA;BRADY
1734000;512.38;511.98;BRADYCARDIA;BRADY
1736000;513.96;513.56;BRADYCARDIA;BRADY
1738000;512.69;512.29;BRADYCARDIA;BRADY
1740000;512.05;511.65;BRADYCARDIA;BRADY
1742000;512.85;512.45;BRADYCARDIA;BRADY
1744000;513.48;513.09;BRADYCARDIA;BRADY
1746000;512.57;512.19;BRADYCARDIA;BRADY
1748000;513.04;512.65;BRADYCARDIA;BRADY
1750000;511.31;510.92;BRADYCARDIA;BRADY
1752000;512.80;512.42;BRADYCARDIA;BRADY
1754000;512.60;512.22;BRADYCARDIA;BRADY
1756000;512.89;512.52;BRADYCARDIA;BRADY
1758000;512.99;512.62;BRADYCARDIA;BRADY
1760000;513.05;512.68;BRADYCARDIA;BRADY
1762000;513.25;512.89;BRADYCARDIA;BRADY
1764000;512.46;512.10;BRADYCARDIA;BRADY
1766000;511.67;511.31;BRADYCARDIA;BRADY
1768000;512.38;512.02;BRADYCARDIA;BRADY
1770000;511.69;511.34;BRADYCARDIA;BRADY
1772000;511.83;511.48;BRADYCARDIA;BRADY
1774000;510.73;510.38;BRADYCARDIA;BRADY
1776000;512.24;511.89;BRADYCARDIA;BRADY
1778000;512.61;512.27;BRADYCARDIA;BRADY
1780000;511.21;510.88;BRADYCARDIA;BRADY
1782000;513.16;512.82;BRADYCARDIA;BRADY
1784000;512.70;512.37;BRADYCARDIA;BRADY
1786000;512.07;511.74;BRADYCARDIA;BRADY
1788000;510.84;510.51;BRADYCARDIA;BRADY
1790000;512.74;512.41;BRADYCARDIA;BRADY
1792000;511.39;511.07;BRADYCARDIA;BRADY
1794000;512.82;512.50;BRADYCARDIA;BRADY
1796000;511.38;511.07;BRADYCARDIA;BRADY
1798000;514.06;513.75;BRADYCARDIA;BRADY
1800000;512.30;511.99;BRADYCARDIA;BRADY
1802000;511.26;510.95;BRADYCARDIA;BRADY
1804000;512.33;512.03;BRADYCARDIA;BRADY
1806000;513.44;513.14;BRADYCARDIA;BRADY
1808000;510.72;510.42;BRADYCARDIA;BRADY
1810000;511.37;511.08;BRADYCARDIA;BRADY
1812000;511.36;511.06;BRADYCARDIA;BRADY
1814000;513.55;513.26;BRADYCARDIA;BRADY
1816000;510.45;510.16;BRADYCARDIA;BRADY
1818000;512.86;512.58;BRADYCARDIA;BRADY
1820000;512.80;512.52;BRADYCARDIA;BRADY
1822000;512.28;512.00;BRADYCARDIA;BRADY
1824000;512.02;511.74;BRADYCARDIA;BRADY
1826000;513.25;512.98;BRADYCARDIA;BRADY
1828000;511.62;511.35;BRADYCARDIA;BRADY
1830000;512.75;512.49;BRADYCARDIA;BRADY
1832000;512.34;512.08;BRADYCARDIA;BRADY
1834000;511.94;511.68;BRADYCARDIA;BRADY
1836000;513.47;513.22;BRADYCARDIA;BRADY
1838000;512.84;512.59;BRADYCARDIA;BRADY
1840000;512.74;512.50;BRADYCARDIA;BRADY
1842000;510.89;510.65;BRADYCARDIA;BRADY
1844000;511.22;510.97;BRADYCARDIA;BRADY
1846000;511.69;511.45;BRADYCARDIA;BRADY
1848000;512.03;511.80;BRADYCARDIA;BRADY
1850000;511.59;511.36;BRADYCARDIA;BRADY
1852000;511.16;510.93;BRADYCARDIA;BRADY
1854000;512.23;512.00;BRADYCARDIA;BRADY
1856000;511.45;511.22;BRADYCARDIA;BRADY
1858000;513.63;513.41;BRADYCARDIA;BRADY
1860000;513.57;513.35;BRADYCARDIA;BRADY
1862000;510.59;510.37;BRADYCARDIA;BRADY
1864000;511.20;510.99;BRADYCARDIA;BRADY
1866000;511.22;511.02;BRADYCARDIA;BRADY
1868000;512.20;511.99;BRADYCARDIA;BRADY
1870000;512.37;512.16;BRADYCARDIA;BRADY
1872000;511.53;511.33;BRADYCARDIA;BRADY
1874000;513.01;512.81;BRADYCARDIA;BRADY
1876000;512.12;511.92;BRADYCARDIA;BRADY
1878000;512.15;511.96;BRADYCARDIA;BRADY
1880000;511.44;511.26;BRADYCARDIA;BRADY
1882000;511.41;511.22;BRADYCARDIA;BRADY
1884000;509.78;509.60;BRADYCARDIA;BRADY
1886000;510.55;510.37;BRADYCARDIA;BRADY
1888000;511.74;511.57;BRADYCARDIA;BRADY
1890000;512.72;512.55;BRADYCARDIA;BRADY
1892000;511.52;511.35;BRADYCARDIA;BRADY
1894000;511.49;511.33;BRADYCARDIA;BRADY
1896000;512.74;512.58;BRADYCARDIA;BRADY
1898000;512.74;512.58;BRADYCARDIA;BRADY
1900000;511.54;511.38;BRADYCARDIA;BRADY
1902000;513.57;513.42;BRADYCARDIA;BRADY
1904000;512.35;512.20;BRADYCARDIA;BRADY
1906000;510.20;510.06;BRADYCARDIA;BRADY
1908000;513.21;513.07;BRADYCARDIA;BRADY
1910000;512.37;512.22;BRADYCARDIA;BRADY
1912000;511.05;510.91;BRADYCARDIA;BRADY
1914000;512.56;512.42;BRADYCARDIA;BRADY
1916000;511.45;511.32;BRADYCARDIA;BRADY
1918000;511.76;511.63;BRADYCARDIA;BRADY
1920000;511.83;511.71;BRADYCARDIA;BRADY
1922000;512.26;512.14;BRADYCARDIA;BRADY
1924000;511.50;511.38;BRADYCARDIA;BRADY
1926000;512.31;512.20;BRADYCARDIA;BRADY
1928000;512.69;512.58;BRADYCARDIA;BRADY
1930000;510.47;510.36;BRADYCARDIA;BRADY
1932000;513.10;513.00;BRADYCARDIA;BRADY
1934000;512.95;512.84;BRADYCARDIA;BRADY
1936000;511.57;511.47;BRADYCARDIA;BRADY
1938000;510.70;510.60;BRADYCARDIA;BRADY
1940000;511.55;511.45;BRADYCARDIA;BRADY
1942000;513.22;513.13;BRADYCARDIA;BRADY
1944000;513.29;513.20;BRADYCARDIA;BRADY
1946000;511.86;511.78;BRADYCARDIA;BRADY
1948000;512.57;512.49;BRADYCARDIA;BRADY
1950000;511.87;511.79;BRADYCARDIA;BRADY
1952000;511.92;511.84;BRADYCARDIA;BRADY
1954000;511.59;511.52;BRADYCARDIA;BRADY
1956000;511.24;511.17;BRADYCARDIA;BRADY
1958000;513.58;513.51;BRADYCARDIA;BRADY
1960000;512.66;512.59;BRADYCARDIA;BRADY
1962000;512.10;512.04;BRADYCARDIA;BRADY
1964000;511.94;511.89;BRADYCARDIA;BRADY
1966000;511.01;510.96;BRADYCARDIA;BRADY
1968000;512.93;512.88;BRADYCARDIA;BRADY
1970000;513.66;513.61;BRADYCARDIA;BRADY
1972000;511.10;511.06;BRADYCARDIA;BRADY
1974000;510.89;510.85;BRADYCARDIA;BRADY
1976000;510.63;510.60;BRADYCARDIA;BRADY
1978000;512.79;512.76;BRADYCARDIA;BRADY
1980000;512.79;512.76;BRADYCARDIA;BRADY
1982000;513.38;513.35;BRADYCARDIA;BRADY
1984000;511.72;511.70;BRADYCARDIA;BRADY
1986000;511.99;511.97;BRADYCARDIA;BRADY
1988000;511.49;511.47;BRADYCARDIA;BRADY
1990000;512.03;512.02;BRADYCARDIA;BRADY
1992000;510.79;510.78;BRADYCARDIA;BRADY
1994000;511.48;511.47;BRADYCARDIA;BRADY
1996000;511.18;511.17;BRADYCARDIA;BRADY
1998000;512.88;512.88;BRADYCARDIA;BRADY
2000000;512.05;512.05;BRADYCARDIA;BRADY
2002000;512.29;512.29;BRADYCARDIA;BRADY
2004000;511.43;511.43;BRADYCARDIA;BRADY
2006000;511.78;511.79;BRADYCARDIA;BRADY
2008000;511.34;511.35;BRADYCARDIA;BRADY
2010000;511.52;511.54;BRADYCARDIA;BRADY
2012000;511.91;511.93;BRADYCARDIA;BRADY
2014000;512.05;512.07;BRADYCARDIA;BRADY
2016000;513.09;513.11;BRADYCARDIA;BRADY
2018000;513.30;513.32;BRADYCARDIA;BRADY
2020000;513.37;513.40;BRADYCARDIA;BRADY
2022000;511.51;511.55;BRADYCARDIA;BRADY
2024000;511.71;511.74;BRADYCARDIA;BRADY
2026000;511.90;511.94;BRADYCARDIA;BRADY
2028000;511.95;511.99;BRADYCARDIA;BRADY
2030000;511.93;511.97;BRADYCARDIA;BRADY
2032000;512.36;512.41;BRADYCARDIA;BRADY
2034000;512.17;512.22;BRADYCARDIA;BRADY
2036000;512.26;512.31;BRADYCARDIA;BRADY
2038000;513.63;513.69;BRADYCARDIA;BRADY
2040000;512.84;512.90;BRADYCARDIA;BRADY
2042000;512.49;512.56;BRADYCARDIA;BRADY
2044000;512.66;512.73;BRADYCARDIA;BRADY
2046000;511.96;512.03;BRADYCARDIA;BRADY
2048000;512.22;512.30;BRADYCARDIA;BRADY
2050000;513.02;513.10;BRADYCARDIA;BRADY
2052000;512.49;512.57;BRADYCARDIA;BRADY
2054000;511.52;511.60;BRADYCARDIA;BRADY
2056000;511.85;511.94;BRADYCARDIA;BRADY
2058000;512.47;512.57;BRADYCARDIA;BRADY
2060000;511.14;511.23;BRADYCARDIA;BRADY
2062000;512.45;512.55;BRADYCARDIA;BRADY
2064000;511.15;511.25;BRADYCARDIA;BRADY
2066000;511.74;511.84;BRADYCARDIA;BRADY
2068000;510.61;510.72;BRADYCARDIA;BRADY
2070000;511.61;511.72;BRADYCARDIA;BRADY
2072000;511.77;511.89;BRADYCARDIA;BRADY
2074000;510.73;510.85;BRADYCARDIA;BRADY
2076000;512.00;512.12;BRADYCARDIA;BRADY
2078000;510.79;510.91;BRADYCARDIA;BRADY
2080000;511.84;511.96;BRADYCARDIA;BRADY
2082000;512.96;513.09;BRADYCARDIA;BRADY
2084000;512.63;512.76;BRADYCARDIA;BRADY
2086000;511.27;511.40;BRADYCARDIA;BRADY
2088000;511.39;511.53;BRADYCARDIA;BRADY
2090000;512.38;512.52;BRADYCARDIA;BRADY
2092000;511.59;511.73;BRADYCARDIA;BRADY
2094000;510.55;510.70;BRADYCARDIA;BRADY
2096000;512.16;512.31;BRADYCARDIA;BRADY
2098000;510.83;510.98;BRADYCARDIA;BRADY
2100000;512.29;512.44;BRADYCARDIA;BRADY
2102000;512.91;513.07;BRADYCARDIA;BRADY
2104000;510.39;510.55;BRADYCARDIA;BRADY
2106000;511.50;511.66;BRADYCARDIA;BRADY
2108000;512.64;512.81;BRADYCARDIA;BRADY
2110000;512.85;513.02;BRADYCARDIA;BRADY
2112000;512.66;512.84;BRADYCARDIA;BRADY
2114000;511.78;511.96;BRADYCARDIA;BRADY
2116000;512.08;512.27;BRADYCARDIA;BRADY
2118000;512.37;512.55;BRADYCARDIA;BRADY
2120000;511.53;511.72;BRADYCARDIA;BRADY
2122000;511.86;512.05;BRADYCARDIA;BRADY
2124000;513.14;513.33;BRADYCARDIA;BRADY
2126000;511.69;511.89;BRADYCARDIA;BRADY
2128000;513.42;513.62;BRADYCARDIA;BRADY
2130000;511.88;512.08;BRADYCARDIA;BRADY
2132000;511.69;511.89;BRADYCARDIA;BRADY
2134000;511.49;511.70;BRADYCARDIA;BRADY
2136000;513.59;513.80;BRADYCARDIA;BRADY
2138000;511.18;511.39;BRADYCARDIA;BRADY
2140000;512.24;512.46;BRADYCARDIA;BRADY
2142000;512.45;512.67;BRADYCARDIA;BRADY
2144000;509.88;510.11;BRADYCARDIA;BRADY
2146000;511.76;511.99;BRADYCARDIA;BRADY
2148000;511.77;512.00;BRADYCARDIA;BRADY
2150000;510.95;511.18;BRADYCARDIA;BRADY
2152000;511.84;512.08;BRADYCARDIA;BRADY
2154000;512.95;513.19;BRADYCARDIA;BRADY
2156000;510.89;511.13;BRADYCARDIA;BRADY
2158000;510.74;510.99;BRADYCARDIA;BRADY
2160000;511.91;512.16;BRADYCARDIA;BRADY
2162000;511.76;512.01;BRADYCARDIA;BRADY
2164000;510.71;510.97;BRADYCARDIA;BRADY
2166000;511.84;512.10;BRADYCARDIA;BRADY
2168000;510.78;511.04;BRADYCARDIA;BRADY
2170000;512.09;512.36;BRADYCARDIA;BRADY
2172000;510.93;511.19;BRADYCARDIA;BRADY
2174000;511.15;511.42;BRADYCARDIA;BRADY
2176000;511.75;512.02;BRADYCARDIA;BRADY
2178000;511.97;512.24;BRADYCARDIA;BRADY
2180000;513.23;513.51;BRADYCARDIA;BRADY
2182000;510.37;510.65;BRADYCARDIA;BRADY
2184000;511.15;511.43;BRADYCARDIA;BRADY
2186000;509.39;509.68;BRADYCARDIA;BRADY
2188000;513.53;513.82;BRADYCARDIA;BRADY
2190000;511.59;511.89;BRADYCARDIA;BRADY
2192000;513.03;513.33;BRADYCARDIA;BRADY
2194000;511.40;511.70;BRADYCARDIA;BRADY
2196000;512.24;512.54;BRADYCARDIA;BRADY
2198000;511.74;512.05;BRADYCARDIA;BRADY
2200000;510.42;510.73;BRADYCARDIA;BRADY
2202000;510.54;510.85;BRADYCARDIA;BRADY
2204000;510.36;510.67;BRADYCARDIA;BRADY
2206000;511.02;511.34;BRADYCARDIA;BRADY
2208000;511.61;511.93;BRADYCARDIA;BRADY
2210000;510.92;511.24;BRADYCARDIA;BRADY
2212000;511.63;511.95;BRADYCARDIA;BRADY
2214000;512.53;512.86;BRADYCARDIA;BRADY
2216000;512.37;512.71;BRADYCARDIA;BRADY
2218000;510.67;511.00;BRADYCARDIA;BRADY
2220000;511.70;512.04;BRADYCARDIA;BRADY
2222000;511.17;511.51;BRADYCARDIA;BRADY
2224000;512.13;512.47;BRADYCARDIA;BRADY
2226000;510.95;511.29;BRADYCARDIA;BRADY
2228000;510.98;511.33;BRADYCARDIA;BRADY
2230000;510.52;510.88;BRADYCARDIA;BRADY
2232000;512.40;512.75;BRADYCARDIA;BRADY
2234000;512.26;512.62;BRADYCARDIA;BRADY
2236000;512.09;512.46;BRADYCARDIA;BRADY
2238000;511.51;511.88;BRADYCARDIA;BRADY
2240000;510.74;511.11;BRADYCARDIA;BRADY
2242000;511.31;511.68;BRADYCARDIA;BRADY
2244000;510.07;510.44;BRADYCARDIA;BRADY
2246000;510.24;510.62;BRADYCARDIA;BRADY
2248000;511.42;511.80;BRADYCARDIA;BRADY
2250000;514.01;514.39;BRADYCARDIA;BRADY
2252000;511.03;511.42;BRADYCARDIA;BRADY
2254000;512.09;512.48;BRADYCARDIA;BRADY
2256000;510.38;510.77;BRADYCARDIA;BRADY
2258000;512.02;512.41;BRADYCARDIA;BRADY
2260000;512.61;513.00;BRADYCARDIA;BRADY
2262000;511.76;512.16;BRADYCARDIA;BRADY
2264000;511.85;512.26;BRADYCARDIA;BRADY
2266000;511.78;512.18;BRADYCARDIA;BRADY
2268000;511.18;511.59;BRADYCARDIA;BRADY
2270000;513.02;513.44;BRADYCARDIA;BRADY
2272000;511.00;511.41;BRADYCARDIA;BRADY
2274000;512.33;512.75;BRADYCARDIA;BRADY
2276000;512.03;512.45;BRADYCARDIA;BRADY
2278000;509.47;509.90;BRADYCARDIA;BRADY
2280000;510.04;510.47;BRADYCARDIA;BRADY
2282000;511.86;512.29;BRADYCARDIA;BRADY
2284000;511.71;512.14;BRADYCARDIA;BRADY
2286000;511.78;512.22;BRADYCARDIA;BRADY
2288000;511.31;511.75;BRADYCARDIA;BRADY
2290000;512.89;513.33;BRADYCARDIA;BRADY
2292000;511.49;511.93;BRADYCARDIA;BRADY
2294000;512.00;512.45;BRADYCARDIA;BRADY
2296000;510.68;511.13;BRADYCARDIA;BRADY
2298000;512.30;512.75;BRADYCARDIA;BRADY
2300000;511.54;512.00;BRADYCARDIA;BRADY
2302000;511.53;511.99;BRADYCARDIA;BRADY
2304000;511.37;511.83;BRADYCARDIA;BRADY
2306000;510.87;511.34;BRADYCARDIA;BRADY
2308000;511.88;512.34;BRADYCARDIA;BRADY
2310000;511.81;512.28;BRADYCARDIA;BRADY
2312000;510.94;511.41;BRADYCARDIA;BRADY
2314000;509.73;510.21;BRADYCARDIA;BRADY
2316000;511.96;512.43;BRADYCARDIA;BRADY
2318000;511.42;511.90;BRADYCARDIA;BRADY
2320000;510.67;511.15;BRADYCARDIA;BRADY
2322000;510.80;511.28;BRADYCARDIA;BRADY
2324000;512.96;513.44;BRADYCARDIA;BRADY
2326000;510.96;511.45;BRADYCARDIA;BRADY
2328000;510.39;510.89;BRADYCARDIA;BRADY
2330000;511.89;512.39;BRADYCARDIA;BRADY
2332000;510.93;511.43;BRADYCARDIA;BRADY
2334000;511.90;512.40;BRADYCARDIA;BRADY
2336000;510.46;510.96;BRADYCARDIA;BRADY
2338000;512.60;513.11;BRADYCARDIA;BRADY
2340000;511.98;512.49;BRADYCARDIA;BRADY
2342000;510.12;510.63;BRADYCARDIA;BRADY
2344000;510.88;511.39;BRADYCARDIA;BRADY
2346000;510.74;511.26;BRADYCARDIA;BRADY
2348000;511.73;512.25;BRADYCARDIA;BRADY
2350000;511.54;512.06;BRADYCARDIA;BRADY
2352000;511.66;512.19;BRADYCARDIA;BRADY
2354000;511.47;512.00;BRADYCARDIA;BRADY
2356000;511.59;512.12;BRADYCARDIA;BRADY
2358000;511.31;511.84;BRADYCARDIA;BRADY
2360000;511.33;511.87;BRADYCARDIA;BRADY
2362000;510.43;510.97;BRADYCARDIA;BRADY
2364000;510.86;511.40;BRADYCARDIA;BRADY
2366000;511.77;512.32;BRADYCARDIA;BRADY
2368000;511.30;511.85;BRADYCARDIA;BRADY
2370000;510.54;511.09;BRADYCARDIA;BRADY
2372000;512.10;512.65;BRADYCARDIA;BRADY
2374000;510.16;510.71;BRADYCARDIA;BRADY
2376000;510.41;510.96;BRADYCARDIA;BRADY
2378000;512.27;512.83;BRADYCARDIA;BRADY
2380000;511.61;512.17;BRADYCARDIA;BRADY
2382000;511.01;511.57;BRADYCARDIA;BRADY
2384000;511.47;512.04;BRADYCARDIA;BRADY
2386000;512.34;512.91;BRADYCARDIA;BRADY
2388000;510.70;511.27;BRADYCARDIA;BRADY
2390000;513.87;514.45;BRADYCARDIA;BRADY
2392000;511.34;511.92;BRADYCARDIA;BRADY
2394000;512.34;512.92;BRADYCARDIA;BRADY
2396000;512.39;512.97;BRADYCARDIA;BRADY
2398000;511.67;512.26;BRADYCARDIA;BRADY
2400000;509.95;510.54;BRADYCARDIA;BRADY
2402000;511.20;511.79;BRADYCARDIA;BRADY
2404000;510.11;510.70;BRADYCARDIA;BRADY
2406000;511.18;511.77;BRADYCARDIA;BRADY
2408000;511.89;512.48;BRADYCARDIA;BRADY
2410000;512.42;513.02;BRADYCARDIA;BRADY
2412000;511.27;511.87;BRADYCARDIA;BRADY
2414000;511.68;512.29;BRADYCARDIA;BRADY
2416000;511.18;511.79;BRADYCARDIA;BRADY
2418000;510.85;511.46;BRADYCARDIA;BRADY
2420000;511.20;511.82;BRADYCARDIA;BRADY
2422000;511.67;512.29;BRADYCARDIA;BRADY
2424000;512.47;513.09;BRADYCARDIA;BRADY
2426000;512.95;513.57;BRADYCARDIA;BRADY
2428000;512.19;512.81;BRADYCARDIA;BRADY
2430000;511.72;512.34;BRADYCARDIA;BRADY
2432000;512.45;513.08;BRADYCARDIA;BRADY
2434000;511.39;512.02;BRADYCARDIA;BRADY
2436000;512.44;513.08;BRADYCARDIA;BRADY
2438000;511.18;511.81;BRADYCARDIA;BRADY
2440000;511.68;512.32;BRADYCARDIA;BRADY
2442000;510.52;511.16;BRADYCARDIA;BRADY
2444000;510.45;511.10;BRADYCARDIA;BRADY
2446000;511.61;512.26;BRADYCARDIA;BRADY
2448000;511.00;511.65;BRADYCARDIA;BRADY
2450000;510.58;511.23;BRADYCARDIA;BRADY
2452000;511.29;511.94;BRADYCARDIA;BRADY
2454000;511.74;512.39;BRADYCARDIA;BRADY
2456000;511.44;512.10;BRADYCARDIA;BRADY
2458000;510.29;510.95;BRADYCARDIA;BRADY
2460000;513.50;514.16;BRADYCARDIA;BRADY
2462000;511.27;511.93;BRADYCARDIA;BRADY
2464000;510.55;511.22;BRADYCARDIA;BRADY
2466000;511.00;511.67;BRADYCARDIA;BRADY
2468000;510.77;511.45;BRADYCARDIA;BRADY
2470000;511.36;512.03;BRADYCARDIA;BRADY
2472000;511.50;512.18;BRADYCARDIA;BRADY
2474000;512.06;512.74;BRADYCARDIA;BRADY
2476000;511.42;512.10;BRADYCARDIA;BRADY
2478000;511.06;511.74;BRADYCARDIA;BRADY
2480000;511.44;512.12;BRADYCARDIA;BRADY
2482000;510.23;510.91;BRADYCARDIA;BRADY
2484000;511.82;512.51;BRADYCARDIA;BRADY
2486000;511.03;511.72;BRADYCARDIA;BRADY
2488000;512.56;513.26;BRADYCARDIA;BRADY
2490000;511.07;511.76;BRADYCARDIA;BRADY
2492000;511.08;511.78;BRADYCARDIA;BRADY
2494000;511.46;512.16;BRADYCARDIA;BRADY
2496000;511.35;512.05;BRADYCARDIA;BRADY
2498000;509.56;510.26;BRADYCARDIA;BRADY
2500000;511.04;511.75;BRADYCARDIA;BRADY
2502000;510.79;511.50;BRADYCARDIA;BRADY
2504000;510.45;511.16;BRADYCARDIA;BRADY
2506000;510.03;510.75;BRADYCARDIA;BRADY
2508000;511.31;512.03;BRADYCARDIA;BRADY
2510000;510.26;510.97;BRADYCARDIA;BRADY
2512000;511.97;512.69;BRADYCARDIA;BRADY
2514000;512.38;513.10;BRADYCARDIA;BRADY
2516000;512.20;512.93;BRADYCARDIA;BRADY
2518000;512.21;512.93;BRADYCARDIA;BRADY
2520000;511.62;512.35;BRADYCARDIA;BRADY
2522000;511.13;511.86;BRADYCARDIA;BRADY
2524000;511.41;512.14;BRADYCARDIA;BRADY
2526000;511.75;512.49;BRADYCARDIA;BRADY
2528000;509.36;510.10;BRADYCARDIA;BRADY
2530000;511.86;512.60;BRADYCARDIA;BRADY
2532000;511.02;511.76;BRADYCARDIA;BRADY
2534000;511.67;512.42;BRADYCARDIA;BRADY
2536000;509.77;510.52;BRADYCARDIA;BRADY
2538000;510.06;510.81;BRADYCARDIA;BRADY
2540000;511.21;511.96;BRADYCARDIA;BRADY
2542000;511.65;512.41;BRADYCARDIA;BRADY
2544000;511.04;511.79;BRADYCARDIA;BRADY
2546000;511.94;512.70;BRADYCARDIA;BRADY
2548000;511.09;511.84;BRADYCARDIA;BRADY
2550000;510.43;511.19;BRADYCARDIA;BRADY
2552000;511.10;511.87;BRADYCARDIA;BRADY
2554000;509.66;510.42;BRADYCARDIA;BRADY
2556000;510.15;510.91;BRADYCARDIA;BRADY
2558000;512.32;513.09;BRADYCARDIA;BRADY
2560000;512.25;513.02;BRADYCARDIA;BRADY
2562000;510.01;510.78;BRADYCARDIA;BRADY
2564000;511.07;511.84;BRADYCARDIA;BRADY
2566000;511.19;511.96;BRADYCARDIA;BRADY
2568000;511.15;511.93;BRADYCARDIA;BRADY
2570000;513.04;513.82;BRADYCARDIA;BRADY
2572000;511.66;512.44;BRADYCARDIA;BRADY
2574000;511.03;511.81;BRADYCARDIA;BRADY
2576000;510.99;511.78;BRADYCARDIA;BRADY
2578000;510.92;511.71;BRADYCARDIA;BRADY
2580000;512.30;513.09;BRADYCARDIA;BRADY
2582000;510.03;510.83;BRADYCARDIA;BRADY
2584000;511.33;512.12;BRADYCARDIA;BRADY
2586000;512.63;513.43;BRADYCARDIA;BRADY
2588000;512.09;512.89;BRADYCARDIA;BRADY
2590000;510.83;511.63;BRADYCARDIA;BRADY
2592000;510.77;511.57;BRADYCARDIA;BRADY
2594000;512.45;513.26;BRADYCARDIA;BRADY
2596000;512.53;513.34;BRADYCARDIA;BRADY
2598000;510.95;511.76;BRADYCARDIA;BRADY
2600000;512.15;512.96;BRADYCARDIA;BRADY
2602000;512.27;513.08;BRADYCARDIA;BRADY
2604000;509.70;510.51;BRADYCARDIA;BRADY
2606000;510.34;511.16;BRADYCARDIA;BRADY
2608000;511.06;511.87;BRADYCARDIA;BRADY
2610000;510.85;511.67;BRADYCARDIA;BRADY
2612000;512.48;513.30;BRADYCARDIA;BRADY
2614000;508.57;509.39;BRADYCARDIA;BRADY
2616000;511.32;512.14;BRADYCARDIA;BRADY
2618000;510.46;511.28;BRADYCARDIA;BRADY
2620000;511.88;512.71;BRADYCARDIA;BRADY
2622000;512.02;512.85;BRADYCARDIA;BRADY
2624000;510.24;511.07;BRADYCARDIA;BRADY
2626000;511.27;512.10;BRADYCARDIA;BRADY
2628000;512.97;513.80;BRADYCARDIA;BRADY
2630000;511.09;511.92;BRADYCARDIA;BRADY
2632000;510.77;511.61;BRADYCARDIA;BRADY
2634000;510.73;511.57;BRADYCARDIA;BRADY
2636000;511.14;511.98;BRADYCARDIA;BRADY
2638000;511.24;512.08;BRADYCARDIA;BRADY
2640000;510.88;511.72;BRADYCARDIA;BRADY
2642000;510.52;511.36;BRADYCARDIA;BRADY
2644000;510.48;511.33;BRADYCARDIA;BRADY
2646000;509.53;510.38;BRADYCARDIA;BRADY
2648000;511.71;512.56;BRADYCARDIA;BRADY
2650000;511.37;512.22;BRADYCARDIA;BRADY
2652000;510.82;511.68;BRADYCARDIA;BRADY
2654000;511.38;512.24;BRADYCARDIA;BRADY
2656000;511.07;511.92;BRADYCARDIA;BRADY
2658000;510.82;511.68;BRADYCARDIA;BRADY
2660000;510.80;511.66;BRADYCARDIA;BRADY
2662000;512.05;512.91;BRADYCARDIA;BRADY
2664000;510.84;511.70;BRADYCARDIA;BRADY
2666000;511.63;512.49;BRADYCARDIA;BRADY
2668000;510.80;511.67;BRADYCARDIA;BRADY
2670000;511.33;512.19;BRADYCARDIA;BRADY
2672000;509.97;510.84;BRADYCARDIA;BRADY
2674000;511.23;512.10;BRADYCARDIA;BRADY
2676000;511.31;512.19;BRADYCARDIA;BRADY
2678000;510.07;510.95;BRADYCARDIA;BRADY
2680000;512.20;513.08;BRADYCARDIA;BRADY
2682000;509.05;509.93;BRADYCARDIA;BRADY
2684000;511.49;512.37;BRADYCARDIA;BRADY
2686000;512.44;513.32;BRADYCARDIA;BRADY
2688000;512.24;513.13;BRADYCARDIA;BRADY
2690000;511.40;512.28;BRADYCARDIA;BRADY
2692000;511.64;512.52;BRADYCARDIA;BRADY
2694000;511.55;512.44;BRADYCARDIA;BRADY
2696000;512.25;513.14;BRADYCARDIA;BRADY
2698000;509.95;510.84;BRADYCARDIA;BRADY
2700000;510.55;511.44;BRADYCARDIA;BRADY
2702000;511.47;512.36;BRADYCARDIA;BRADY
2704000;511.33;512.22;BRADYCARDIA;BRADY
2706000;510.46;511.36;BRADYCARDIA;BRADY
2708000;510.52;511.42;BRADYCARDIA;BRADY
2710000;510.79;511.68;BRADYCARDIA;BRADY
2712000;511.72;512.62;BRADYCARDIA;BRADY
2714000;513.03;513.93;BRADYCARDIA;BRADY
2716000;510.52;511.42;BRADYCARDIA;BRADY
2718000;512.24;513.14;BRADYCARDIA;BRADY
2720000;510.63;511.53;BRADYCARDIA;BRADY
2722000;510.66;511.57;BRADYCARDIA;BRADY
2724000;511.17;512.07;BRADYCARDIA;BRADY
2726000;510.39;511.30;BRADYCARDIA;BRADY
2728000;510.34;511.25;BRADYCARDIA;BRADY
2730000;511.06;511.97;BRADYCARDIA;BRADY
2732000;510.48;511.39;BRADYCARDIA;BRADY
2734000;512.17;513.08;BRADYCARDIA;BRADY
2736000;508.66;509.57;BRADYCARDIA;BRADY
2738000;511.12;512.04;BRADYCARDIA;BRADY
2740000;511.24;512.16;BRADYCARDIA;BRADY
2742000;510.68;511.60;BRADYCARDIA;BRADY
2744000;510.72;511.64;BRADYCARDIA;BRADY
2746000;512.39;513.31;BRADYCARDIA;BRADY
2748000;511.89;512.81;BRADYCARDIA;BRADY
2750000;509.90;510.82;BRADYCARDIA;BRADY
2752000;510.93;511.85;BRADYCARDIA;BRADY
2754000;509.65;510.58;BRADYCARDIA;BRADY
2756000;510.51;511.43;BRADYCARDIA;BRADY
2758000;511.76;512.69;BRADYCARDIA;BRADY
2760000;511.29;512.22;BRADYCARDIA;BRADY
2762000;511.33;512.26;BRADYCARDIA;BRADY
2764000;511.00;511.93;BRADYCARDIA;BRADY
2766000;512.24;513.18;BRADYCARDIA;BRADY
2768000;512.29;513.23;BRADYCARDIA;BRADY
2770000;511.33;512.26;BRADYCARDIA;BRADY
2772000;512.28;513.22;BRADYCARDIA;BRADY
2774000;510.77;511.71;BRADYCARDIA;BRADY
2776000;511.11;512.05;BRADYCARDIA;BRADY
2778000;511.79;512.73;BRADYCARDIA;BRADY
2780000;509.26;510.20;BRADYCARDIA;BRADY
2782000;511.17;512.11;BRADYCARDIA;BRADY
2784000;510.45;511.40;BRADYCARDIA;BRADY
2786000;510.67;511.62;BRADYCARDIA;BRADY
2788000;510.06;511.00;BRADYCARDIA;BRADY
2790000;511.27;512.21;BRADYCARDIA;BRADY
2792000;510.34;511.29;BRADYCARDIA;BRADY
2794000;511.20;512.14;BRADYCARDIA;BRADY
2796000;510.61;511.56;BRADYCARDIA;BRADY
2798000;510.18;511.13;BRADYCARDIA;BRADY
2800000;510.20;511.15;BRADYCARDIA;BRADY
2802000;511.31;512.26;BRADYCARDIA;BRADY
2804000;511.11;512.06;BRADYCARDIA;BRADY
2806000;511.28;512.24;BRADYCARDIA;BRADY
2808000;511.67;512.63;BRADYCARDIA;BRADY
2810000;511.45;512.41;BRADYCARDIA;BRADY
2812000;510.21;511.17;BRADYCARDIA;BRADY
2814000;511.46;512.42;BRADYCARDIA;BRADY
2816000;510.75;511.70;BRADYCARDIA;BRADY
2818000;509.80;510.76;BRADYCARDIA;BRADY
2820000;511.08;512.04;BRADYCARDIA;BRADY
2822000;510.31;511.28;BRADYCARDIA;BRADY
2824000;511.23;512.19;BRADYCARDIA;BRADY
2826000;510.80;511.76;BRADYCARDIA;BRADY
2828000;510.81;511.78;BRADYCARDIA;BRADY
2830000;511.63;512.60;BRADYCARDIA;BRADY
2832000;510.37;511.34;BRADYCARDIA;BRADY
2834000;511.52;512.49;BRADYCARDIA;BRADY
2836000;511.29;512.25;BRADYCARDIA;BRADY
2838000;509.98;510.95;BRADYCARDIA;BRADY
2840000;511.47;512.44;BRADYCARDIA;BRADY
2842000;510.03;511.00;BRADYCARDIA;BRADY
2844000;510.63;511.60;BRADYCARDIA;BRADY
2846000;511.86;512.84;BRADYCARDIA;BRADY
2848000;511.81;512.78;BRADYCARDIA;BRADY
2850000;512.45;513.42;BRADYCARDIA;BRADY
2852000;510.25;511.23;BRADYCARDIA;BRADY
2854000;511.52;512.49;BRADYCARDIA;BRADY
2856000;510.92;511.89;BRADYCARDIA;BRADY
2858000;509.77;510.75;BRADYCARDIA;BRADY
2860000;510.23;511.21;BRADYCARDIA;BRADY
2862000;512.06;513.03;BRADYCARDIA;BRADY
2864000;511.20;512.18;BRADYCARDIA;BRADY
2866000;509.33;510.31;BRADYCARDIA;BRADY
2868000;511.85;512.83;BRADYCARDIA;BRADY
2870000;511.92;512.90;BRADYCARDIA;BRADY
2872000;511.51;512.49;BRADYCARDIA;BRADY
2874000;511.17;512.15;BRADYCARDIA;BRADY
2876000;510.37;511.35;BRADYCARDIA;BRADY
2878000;511.66;512.64;BRADYCARDIA;BRADY
2880000;511.41;512.39;BRADYCARDIA;BRADY
2882000;511.21;512.19;BRADYCARDIA;BRADY
2884000;508.89;509.88;BRADYCARDIA;BRADY
2886000;512.23;513.21;BRADYCARDIA;BRADY
2888000;512.82;513.81;BRADYCARDIA;BRADY
2890000;510.69;511.68;BRADYCARDIA;BRADY
2892000;510.11;511.10;BRADYCARDIA;BRADY
2894000;511.25;512.24;BRADYCARDIA;BRADY
2896000;511.87;512.85;BRADYCARDIA;BRADY
2898000;510.89;511.88;BRADYCARDIA;BRADY
2900000;512.53;513.52;BRADYCARDIA;BRADY
2902000;512.22;513.21;BRADYCARDIA;BRADY
2904000;510.68;511.67;BRADYCARDIA;BRADY
2906000;511.30;512.29;BRADYCARDIA;BRADY
2908000;510.42;511.41;BRADYCARDIA;BRADY
2910000;513.41;514.40;BRADYCARDIA;BRADY
2912000;511.18;512.17;BRADYCARDIA;BRADY
2914000;510.54;511.53;BRADYCARDIA;BRADY
2916000;510.78;511.77;BRADYCARDIA;BRADY
2918000;510.92;511.92;BRADYCARDIA;BRADY
2920000;509.79;510.78;BRADYCARDIA;BRADY
2922000;511.09;512.08;BRADYCARDIA;BRADY
2924000;511.42;512.41;BRADYCARDIA;BRADY
2926000;512.27;513.26;BRADYCARDIA;BRADY
2928000;511.40;512.39;BRADYCARDIA;BRADY
2930000;509.43;510.43;BRADYCARDIA;BRADY
2932000;511.70;512.69;BRADYCARDIA;BRADY
2934000;511.56;512.56;BRADYCARDIA;BRADY
2936000;510.67;511.66;BRADYCARDIA;BRADY
2938000;511.05;512.04;BRADYCARDIA;BRADY
2940000;511.66;512.66;BRADYCARDIA;BRADY
2942000;510.19;511.18;BRADYCARDIA;BRADY
2944000;510.66;511.66;BRADYCARDIA;BRADY
2946000;510.98;511.98;BRADYCARDIA;BRADY
2948000;511.08;512.08;BRADYCARDIA;BRADY
2950000;511.46;512.46;BRADYCARDIA;BRADY
2952000;510.50;511.50;BRADYCARDIA;BRADY
2954000;510.17;511.16;BRADYCARDIA;BRADY
2956000;511.39;512.38;BRADYCARDIA;BRADY
2958000;511.93;512.93;BRADYCARDIA;BRADY
2960000;510.42;511.42;BRADYCARDIA;BRADY
2962000;511.87;512.87;BRADYCARDIA;BRADY
2964000;510.95;511.95;BRADYCARDIA;BRADY
2966000;511.19;512.19;BRADYCARDIA;BRADY
2968000;511.31;512.31;BRADYCARDIA;BRADY
2970000;511.36;512.36;BRADYCARDIA;BRADY
2972000;510.60;511.60;BRADYCARDIA;BRADY
2974000;511.76;512.76;BRADYCARDIA;BRADY
2976000;511.14;512.13;BRADYCARDIA;BRADY
2978000;513.01;514.01;BRADYCARDIA;BRADY
2980000;510.72;511.72;BRADYCARDIA;BRADY
2982000;511.57;512.57;BRADYCARDIA;BRADY
2984000;511.53;512.53;BRADYCARDIA;BRADY
2986000;511.27;512.27;BRADYCARDIA;BRADY
2988000;511.27;512.27;BRADYCARDIA;BRADY
2990000;510.31;511.31;BRADYCARDIA;BRADY
2992000;511.84;512.84;BRADYCARDIA;BRADY
2994000;510.97;511.97;BRADYCARDIA;BRADY
2996000;510.25;511.25;BRADYCARDIA;BRADY
2998000;511.40;512.40;BRADYCARDIA;BRADY
3000000;511.32;512.32;BRADYCARDIA;BRADY
3002000;510.68;511.68;BRADYCARDIA;BRADY
3004000;510.14;511.14;BRADYCARDIA;BRADY
3006000;510.75;511.75;BRADYCARDIA;BRADY
3008000;511.41;512.41;BRADYCARDIA;BRADY
3010000;511.79;512.79;BRADYCARDIA;BRADY
3012000;511.45;512.45;BRADYCARDIA;BRADY
3014000;511.48;512.48;BRADYCARDIA;BRADY
3016000;510.26;511.26;BRADYCARDIA;BRADY
3018000;510.76;511.76;BRADYCARDIA;BRADY
3020000;510.22;511.22;BRADYCARDIA;BRADY
3022000;511.85;512.85;BRADYCARDIA;BRADY
3024000;510.49;511.49;BRADYCARDIA;BRADY
3026000;510.72;511.71;BRADYCARDIA;BRADY
3028000;512.17;513.17;BRADYCARDIA;BRADY
3030000;509.40;510.40;BRADYCARDIA;BRADY
3032000;511.74;512.74;BRADYCARDIA;BRADY
3034000;511.02;512.02;BRADYCARDIA;BRADY
3036000;511.10;512.09;BRADYCARDIA;BRADY
3038000;509.69;510.69;BRADYCARDIA;BRADY
3040000;512.21;513.21;BRADYCARDIA;BRADY
3042000;510.64;511.64;BRADYCARDIA;BRADY
3044000;510.18;511.18;BRADYCARDIA;BRADY
3046000;510.77;511.77;BRADYCARDIA;BRADY
3048000;510.82;511.82;BRADYCARDIA;BRADY
3050000;511.02;512.01;BRADYCARDIA;BRADY
3052000;512.78;513.78;BRADYCARDIA;BRADY
3054000;510.05;511.05;BRADYCARDIA;BRADY
3056000;510.49;511.48;BRADYCARDIA;BRADY
3058000;510.99;511.98;BRADYCARDIA;BRADY
3060000;510.85;511.85;BRADYCARDIA;BRADY
3062000;510.54;511.53;BRADYCARDIA;BRADY
3064000;511.06;512.05;BRADYCARDIA;BRADY
3066000;512.88;513.88;BRADYCARDIA;BRADY
3068000;511.13;512.13;BRADYCARDIA;BRADY
3070000;511.46;512.45;BRADYCARDIA;BRADY
3072000;510.98;511.97;BRADYCARDIA;BRADY
3074000;513.29;514.28;BRADYCARDIA;BRADY
3076000;509.39;510.38;BRADYCARDIA;BRADY
3078000;510.42;511.41;BRADYCARDIA;BRADY
3080000;512.56;513.55;BRADYCARDIA;BRADY
3082000;510.34;511.33;BRADYCARDIA;BRADY
3084000;511.50;512.49;BRADYCARDIA;BRADY
3086000;511.33;512.32;BRADYCARDIA;BRADY
3088000;511.15;512.14;BRADYCARDIA;BRADY
3090000;510.95;511.94;BRADYCARDIA;BRADY
3092000;511.28;512.27;BRADYCARDIA;BRADY
3094000;510.11;511.10;BRADYCARDIA;BRADY
3096000;510.75;511.74;BRADYCARDIA;BRADY
3098000;511.32;512.31;BRADYCARDIA;BRADY
3100000;510.65;511.64;BRADYCARDIA;BRADY
3102000;511.95;512.93;BRADYCARDIA;BRADY
3104000;510.54;511.53;BRADYCARDIA;BRADY
3106000;510.58;511.56;BRADYCARDIA;BRADY
3108000;512.24;513.22;BRADYCARDIA;BRADY
3110000;510.76;511.74;BRADYCARDIA;BRADY
3112000;510.86;511.85;BRADYCARDIA;BRADY
3114000;511.41;512.39;BRADYCARDIA;BRADY
3116000;510.72;511.71;BRADYCARDIA;BRADY
3118000;509.97;510.95;BRADYCARDIA;BRADY
3120000;511.01;511.99;BRADYCARDIA;BRADY
3122000;509.87;510.85;BRADYCARDIA;BRADY
3124000;510.99;511.97;BRADYCARDIA;BRADY
3126000;511.27;512.25;BRADYCARDIA;BRADY
3128000;510.30;511.28;BRADYCARDIA;BRADY
3130000;511.25;512.23;BRADYCARDIA;BRADY
3132000;510.51;511.49;BRADYCARDIA;BRADY
3134000;511.66;512.64;BRADYCARDIA;BRADY
3136000;510.51;511.49;BRADYCARDIA;BRADY
3138000;511.38;512.36;BRADYCARDIA;BRADY
3140000;511.43;512.40;BRADYCARDIA;BRADY
3142000;512.91;513.89;BRADYCARDIA;BRADY
3144000;510.83;511.81;BRADYCARDIA;BRADY
3146000;511.64;512.61;BRADYCARDIA;BRADY
3148000;511.28;512.26;BRADYCARDIA;BRADY
3150000;511.91;512.88;BRADYCARDIA;BRADY
3152000;511.05;512.02;BRADYCARDIA;BRADY
3154000;509.77;510.74;BRADYCARDIA;BRADY
3156000;511.40;512.37;BRADYCARDIA;BRADY
3158000;512.10;513.07;BRADYCARDIA;BRADY
3160000;512.21;513.18;BRADYCARDIA;BRADY
3162000;510.25;511.22;BRADYCARDIA;BRADY
3164000;511.70;512.67;BRADYCARDIA;BRADY
3166000;510.80;511.77;BRADYCARDIA;BRADY
3168000;510.33;511.30;BRADYCARDIA;BRADY
3170000;511.02;511.99;BRADYCARDIA;BRADY
3172000;509.22;510.18;BRADYCARDIA;BRADY
3174000;511.21;512.18;BRADYCARDIA;BRADY
3176000;511.40;512.36;BRADYCARDIA;BRADY
3178000;510.76;511.73;BRADYCARDIA;BRADY
3180000;511.86;512.82;BRADYCARDIA;BRADY
3182000;511.08;512.04;BRADYCARDIA;BRADY
3184000;511.11;512.07;BRADYCARDIA;BRADY
3186000;510.69;511.65;BRADYCARDIA;BRADY
3188000;511.43;512.39;BRADYCARDIA;BRADY
3190000;509.91;510.86;BRADYCARDIA;BRADY
3192000;510.66;511.61;BRADYCARDIA;BRADY
3194000;511.04;511.99;BRADYCARDIA;BRADY
3196000;511.79;512.74;BRADYCARDIA;BRADY
3198000;511.31;512.27;BRADYCARDIA;BRADY
3200000;510.66;511.61;BRADYCARDIA;BRADY
3202000;511.79;512.74;BRADYCARDIA;BRADY
3204000;511.50;512.45;BRADYCARDIA;BRADY
3206000;510.36;511.31;BRADYCARDIA;BRADY
3208000;510.17;511.12;BRADYCARDIA;BRADY
3210000;510.86;511.81;BRADYCARDIA;BRADY
3212000;511.35;512.30;BRADYCARDIA;BRADY
3214000;510.53;511.48;BRADYCARDIA;BRADY
3216000;510.66;511.61;BRADYCARDIA;BRADY
3218000;511.54;512.48;BRADYCARDIA;BRADY
3220000;511.87;512.81;BRADYCARDIA;BRADY
3222000;510.84;511.78;BRADYCARDIA;BRADY
3224000;511.27;512.21;BRADYCARDIA;BRADY
3226000;510.82;511.75;BRADYCARDIA;BRADY
3228000;510.73;511.67;BRADYCARDIA;BRADY
3230000;512.69;513.62;BRADYCARDIA;BRADY
3232000;511.40;512.34;BRADYCARDIA;BRADY
3234000;511.07;512.00;BRADYCARDIA;BRADY
3236000;511.38;512.31;BRADYCARDIA;BRADY
3238000;512.29;513.22;BRADYCARDIA;BRADY
3240000;510.64;511.57;BRADYCARDIA;BRADY
3242000;511.28;512.21;BRADYCARDIA;BRADY
3244000;511.92;512.85;BRADYCARDIA;BRADY
3246000;511.00;511.92;BRADYCARDIA;BRADY
3248000;511.50;512.42;BRADYCARDIA;BRADY
3250000;511.08;512.00;BRADYCARDIA;BRADY
3252000;510.75;511.67;BRADYCARDIA;BRADY
3254000;512.19;513.11;BRADYCARDIA;BRADY
3256000;512.89;513.81;BRADYCARDIA;BRADY
3258000;511.21;512.13;BRADYCARDIA;BRADY
3260000;511.27;512.19;BRADYCARDIA;BRADY
3262000;510.82;511.73;BRADYCARDIA;BRADY
3264000;512.54;513.46;BRADYCARDIA;BRADY
3266000;510.11;511.02;BRADYCARDIA;BRADY
3268000;512.03;512.94;BRADYCARDIA;BRADY
3270000;510.00;510.91;BRADYCARDIA;BRADY
3272000;510.50;511.41;BRADYCARDIA;BRADY
3274000;509.26;510.17;BRADYCARDIA;BRADY
3276000;511.10;512.00;BRADYCARDIA;BRADY
3278000;509.57;510.48;BRADYCARDIA;BRADY
3280000;510.75;511.66;BRADYCARDIA;BRADY
3282000;511.17;512.07;BRADYCARDIA;BRADY
3284000;509.38;510.28;BRADYCARDIA;BRADY
3286000;510.67;511.57;BRADYCARDIA;BRADY
3288000;511.17;512.07;BRADYCARDIA;BRADY
3290000;511.67;512.57;BRADYCARDIA;BRADY
3292000;509.55;510.44;BRADYCARDIA;BRADY
3294000;510.46;511.35;BRADYCARDIA;BRADY
3296000;512.34;513.23;BRADYCARDIA;BRADY
3298000;511.14;512.04;BRADYCARDIA;BRADY
3300000;510.81;511.71;BRADYCARDIA;BRADY
3302000;511.81;512.70;BRADYCARDIA;BRADY
3304000;510.87;511.76;BRADYCARDIA;BRADY
3306000;512.34;513.22;BRADYCARDIA;BRADY
3308000;511.21;512.10;BRADYCARDIA;BRADY
3310000;511.34;512.23;BRADYCARDIA;BRADY
3312000;511.24;512.12;BRADYCARDIA;BRADY
3314000;512.91;513.79;BRADYCARDIA;BRADY
3316000;510.30;511.18;BRADYCARDIA;BRADY
3318000;510.73;511.61;BRADYCARDIA;BRADY
3320000;511.57;512.45;BRADYCARDIA;BRADY
3322000;512.46;513.33;BRADYCARDIA;BRADY
3324000;509.62;510.49;BRADYCARDIA;BRADY
3326000;511.58;512.45;BRADYCARDIA;BRADY
3328000;511.06;511.93;BRADYCARDIA;BRADY
3330000;510.97;511.84;BRADYCARDIA;BRADY
3332000;512.10;512.96;BRADYCARDIA;BRADY
3334000;512.28;513.15;BRADYCARDIA;BRADY
3336000;511.50;512.36;BRADYCARDIA;BRADY
3338000;510.34;511.20;BRADYCARDIA;BRADY
3340000;510.15;511.01;BRADYCARDIA;BRADY
3342000;510.76;511.62;BRADYCARDIA;BRADY
3344000;510.85;511.70;BRADYCARDIA;BRADY
3346000;510.48;511.34;BRADYCARDIA;BRADY
3348000;511.01;511.86;BRADYCARDIA;BRADY
3350000;510.32;511.17;BRADYCARDIA;BRADY
3352000;510.58;511.43;BRADYCARDIA;BRADY
3354000;511.07;511.92;BRADYCARDIA;BRADY
3356000;511.60;512.45;BRADYCARDIA;BRADY
3358000;511.42;512.26;BRADYCARDIA;BRADY
3360000;511.21;512.05;BRADYCARDIA;BRADY
3362000;512.14;512.98;BRADYCARDIA;BRADY
3364000;511.04;511.88;BRADYCARDIA;BRADY
3366000;510.64;511.47;BRADYCARDIA;BRADY
3368000;511.01;511.85;BRADYCARDIA;BRADY
3370000;511.53;512.36;BRADYCARDIA;BRADY
3372000;511.13;511.97;BRADYCARDIA;BRADY
3374000;510.05;510.88;BRADYCARDIA;BRADY
3376000;510.95;511.78;BRADYCARDIA;BRADY
3378000;511.69;512.52;BRADYCARDIA;BRADY
3380000;511.64;512.46;BRADYCARDIA;BRADY
3382000;511.87;512.70;BRADYCARDIA;BRADY
3384000;511.12;511.94;BRADYCARDIA;BRADY
3386000;511.27;512.09;BRADYCARDIA;BRADY
3388000;511.41;512.23;BRADYCARDIA;BRADY
3390000;511.52;512.33;BRADYCARDIA;BRADY
3392000;511.15;511.97;BRADYCARDIA;BRADY
3394000;511.70;512.52;BRADYCARDIA;BRADY
3396000;510.66;511.47;BRADYCARDIA;BRADY
3398000;511.91;512.72;BRADYCARDIA;BRADY
3400000;510.14;510.95;BRADYCARDIA;BRADY
3402000;510.85;511.66;BRADYCARDIA;BRADY
3404000;511.67;512.48;BRADYCARDIA;BRADY
3406000;510.74;511.54;BRADYCARDIA;BRADY
3408000;511.90;512.70;BRADYCARDIA;BRADY
3410000;512.08;512.88;BRADYCARDIA;BRADY
3412000;511.66;512.46;BRADYCARDIA;BRADY
3414000;509.89;510.69;BRADYCARDIA;BRADY
3416000;511.52;512.32;BRADYCARDIA;BRADY
3418000;510.00;510.79;BRADYCARDIA;BRADY
3420000;511.24;512.03;BRADYCARDIA;BRADY
3422000;511.16;511.94;BRADYCARDIA;BRADY
3424000;511.90;512.68;BRADYCARDIA;BRADY
3426000;511.05;511.83;BRADYCARDIA;BRADY
3428000;510.69;511.47;BRADYCARDIA;BRADY
3430000;511.62;512.40;BRADYCARDIA;BRADY
3432000;511.79;512.56;BRADYCARDIA;BRADY
3434000;510.21;510.99;BRADYCARDIA;BRADY
3436000;511.25;512.02;BRADYCARDIA;BRADY
3438000;509.35;510.12;BRADYCARDIA;BRADY
3440000;510.89;511.67;BRADYCARDIA;BRADY
3442000;510.63;511.40;BRADYCARDIA;BRADY
3444000;510.57;511.34;BRADYCARDIA;BRADY
3446000;511.78;512.55;BRADYCARDIA;BRADY
3448000;512.13;512.89;BRADYCARDIA;BRADY
3450000;510.96;511.72;BRADYCARDIA;BRADY
3452000;510.43;511.19;BRADYCARDIA;BRADY
3454000;510.42;511.17;BRADYCARDIA;BRADY
3456000;511.38;512.13;BRADYCARDIA;BRADY
3458000;511.33;512.08;BRADYCARDIA;BRADY
3460000;510.81;511.56;BRADYCARDIA;BRADY
3462000;512.32;513.06;BRADYCARDIA;BRADY
3464000;510.44;511.18;BRADYCARDIA;BRADY
3466000;510.24;510.98;BRADYCARDIA;BRADY
3468000;512.46;513.20;BRADYCARDIA;BRADY
3470000;511.76;512.50;BRADYCARDIA;BRADY
3472000;511.56;512.30;BRADYCARDIA;BRADY
3474000;510.35;511.09;BRADYCARDIA;BRADY
3476000;511.55;512.28;BRADYCARDIA;BRADY
3478000;511.33;512.07;BRADYCARDIA;BRADY
3480000;511.16;511.89;BRADYCARDIA;BRADY
3482000;510.94;511.67;BRADYCARDIA;BRADY
3484000;512.36;513.09;BRADYCARDIA;BRADY
3486000;510.91;511.63;BRADYCARDIA;BRADY
3488000;511.58;512.30;BRADYCARDIA;BRADY
3490000;510.98;511.69;BRADYCARDIA;BRADY
3492000;512.56;513.27;BRADYCARDIA;BRADY
3494000;510.65;511.37;BRADYCARDIA;BRADY
3496000;511.22;511.93;BRADYCARDIA;BRADY
3498000;510.55;511.26;BRADYCARDIA;BRADY
3500000;511.29;511.99;BRADYCARDIA;BRADY
3502000;512.46;513.16;BRADYCARDIA;BRADY
3504000;513.29;513.99;BRADYCARDIA;BRADY
3506000;511.57;512.27;BRADYCARDIA;BRADY
3508000;510.49;511.19;BRADYCARDIA;BRADY
3510000;511.59;512.28;BRADYCARDIA;BRADY
3512000;511.57;512.27;BRADYCARDIA;BRADY
3514000;510.38;511.07;BRADYCARDIA;BRADY
3516000;513.62;514.31;BRADYCARDIA;BRADY
3518000;510.24;510.92;BRADYCARDIA;BRADY
3520000;509.80;510.49;BRADYCARDIA;BRADY
3522000;513.36;514.04;BRADYCARDIA;BRADY
3524000;510.83;511.51;BRADYCARDIA;BRADY
3526000;511.59;512.26;BRADYCARDIA;BRADY
3528000;510.80;511.48;BRADYCARDIA;BRADY
3530000;511.11;511.78;BRADYCARDIA;BRADY
3532000;512.25;512.92;BRADYCARDIA;BRADY
3534000;511.03;511.70;BRADYCARDIA;BRADY
3536000;511.43;512.09;BRADYCARDIA;BRADY
3538000;512.30;512.97;BRADYCARDIA;BRADY
3540000;511.69;512.35;BRADYCARDIA;BRADY
3542000;511.67;512.33;BRADYCARDIA;BRADY
3544000;510.89;511.54;BRADYCARDIA;BRADY
3546000;512.15;512.81;BRADYCARDIA;BRADY
3548000;511.04;511.70;BRADYCARDIA;BRADY
3550000;509.68;510.33;BRADYCARDIA;BRADY
3552000;511.10;511.75;BRADYCARDIA;BRADY
3554000;511.07;511.71;BRADYCARDIA;BRADY
3556000;511.31;511.95;BRADYCARDIA;BRADY
3558000;510.29;510.92;BRADYCARDIA;BRADY
3560000;510.81;511.45;BRADYCARDIA;BRADY
3562000;511.50;512.13;BRADYCARDIA;BRADY
3564000;510.64;511.27;BRADYCARDIA;BRADY
3566000;509.88;510.51;BRADYCARDIA;BRADY
3568000;509.89;510.52;BRADYCARDIA;BRADY
3570000;513.19;513.81;BRADYCARDIA;BRADY
3572000;510.90;511.52;BRADYCARDIA;BRADY
3574000;512.28;512.91;BRADYCARDIA;BRADY
3576000;513.04;513.65;BRADYCARDIA;BRADY
3578000;510.94;511.56;BRADYCARDIA;BRADY
3580000;510.59;511.20;BRADYCARDIA;BRADY
3582000;510.69;511.30;BRADYCARDIA;BRADY
3584000;511.57;512.18;BRADYCARDIA;BRADY
3586000;510.25;510.85;BRADYCARDIA;BRADY
3588000;511.81;512.42;BRADYCARDIA;BRADY
3590000;510.17;510.77;BRADYCARDIA;BRADY
3592000;510.80;511.40;BRADYCARDIA;BRADY
3594000;510.16;510.75;BRADYCARDIA;BRADY
3596000;510.91;511.50;BRADYCARDIA;BRADY
3598000;509.72;510.31;BRADYCARDIA;BRADY
3600000;511.12;511.71;BRADYCARDIA;BRADY
3602000;511.36;511.94;BRADYCARDIA;BRADY
3604000;511.51;512.09;BRADYCARDIA;BRADY
3606000;511.84;512.42;BRADYCARDIA;BRADY
3608000;510.66;511.24;BRADYCARDIA;BRADY
3610000;510.77;511.35;BRADYCARDIA;BRADY
3612000;510.38;510.95;BRADYCARDIA;BRADY
3614000;511.12;511.69;BRADYCARDIA;BRADY
3616000;511.14;511.70;BRADYCARDIA;BRADY
3618000;510.32;510.88;BRADYCARDIA;BRADY
3620000;511.85;512.41;BRADYCARDIA;BRADY
3622000;511.92;512.48;BRADYCARDIA;BRADY
3624000;511.54;512.09;BRADYCARDIA;BRADY
3626000;510.60;511.16;BRADYCARDIA;BRADY
3628000;511.55;512.10;BRADYCARDIA;BRADY
3630000;512.44;512.99;BRADYCARDIA;BRADY
3632000;510.79;511.33;BRADYCARDIA;BRADY
3634000;511.62;512.16;BRADYCARDIA;BRADY
3636000;511.80;512.34;BRADYCARDIA;BRADY
3638000;512.12;512.66;BRADYCARDIA;BRADY
3640000;511.18;511.71;BRADYCARDIA;BRADY
3642000;509.58;510.11;BRADYCARDIA;BRADY
3644000;512.20;512.73;BRADYCARDIA;BRADY
3646000;510.92;511.45;BRADYCARDIA;BRADY
3648000;511.14;511.66;BRADYCARDIA;BRADY
3650000;511.24;511.76;BRADYCARDIA;BRADY
3652000;510.96;511.48;BRADYCARDIA;BRADY
3654000;510.80;511.32;BRADYCARDIA;BRADY
3656000;511.66;512.18;BRADYCARDIA;BRADY
3658000;512.46;512.97;BRADYCARDIA;BRADY
3660000;511.53;512.04;BRADYCARDIA;BRADY
3662000;512.65;513.15;BRADYCARDIA;BRADY
3664000;511.26;511.76;BRADYCARDIA;BRADY
3666000;510.87;511.37;BRADYCARDIA;BRADY
3668000;512.29;512.79;BRADYCARDIA;BRADY
3670000;511.35;511.84;BRADYCARDIA;BRADY
3672000;512.73;513.22;BRADYCARDIA;BRADY
3674000;511.49;511.98;BRADYCARDIA;BRADY
3676000;512.43;512.92;BRADYCARDIA;BRADY
3678000;512.89;513.38;BRADYCARDIA;BRADY
3680000;510.31;510.79;BRADYCARDIA;BRADY
3682000;511.42;511.90;BRADYCARDIA;BRADY
3684000;511.12;511.59;BRADYCARDIA;BRADY
3686000;511.18;511.66;BRADYCARDIA;BRADY
3688000;512.43;512.90;BRADYCARDIA;BRADY
3690000;512.39;512.86;BRADYCARDIA;BRADY
3692000;513.22;513.68;BRADYCARDIA;BRADY
3694000;511.51;511.97;BRADYCARDIA;BRADY
3696000;512.29;512.75;BRADYCARDIA;BRADY
3698000;512.28;512.74;BRADYCARDIA;BRADY
3700000;511.47;511.92;BRADYCARDIA;BRADY
3702000;511.50;511.95;BRADYCARDIA;BRADY
3704000;512.02;512.47;BRADYCARDIA;BRADY
3706000;511.93;512.38;BRADYCARDIA;BRADY
3708000;512.94;513.38;BRADYCARDIA;BRADY
3710000;513.66;514.10;BRADYCARDIA;BRADY
3712000;511.68;512.11;BRADYCARDIA;BRADY
3714000;511.32;511.76;BRADYCARDIA;BRADY
3716000;511.15;511.58;BRADYCARDIA;BRADY
3718000;510.60;511.03;BRADYCARDIA;BRADY
3720000;510.57;511.00;BRADYCARDIA;BRADY
3722000;511.64;512.06;BRADYCARDIA;BRADY
3724000;511.69;512.11;BRADYCARDIA;BRADY
3726000;512.37;512.79;BRADYCARDIA;BRADY
3728000;511.25;511.66;BRADYCARDIA;BRADY
3730000;511.43;511.84;BRADYCARDIA;BRADY
3732000;513.02;513.43;BRADYCARDIA;BRADY
3734000;510.89;511.30;BRADYCARDIA;BRADY
3736000;511.82;512.22;BRADYCARDIA;BRADY
3738000;512.58;512.98;BRADYCARDIA;BRADY
3740000;511.76;512.15;BRADYCARDIA;BRADY
3742000;510.45;510.84;BRADYCARDIA;BRADY
3744000;512.80;513.19;BRADYCARDIA;BRADY
3746000;511.97;512.36;BRADYCARDIA;BRADY
3748000;511.79;512.17;BRADYCARDIA;BRADY
3750000;512.48;512.87;BRADYCARDIA;BRADY
3752000;512.14;512.52;BRADYCARDIA;BRADY
3754000;512.72;513.10;BRADYCARDIA;BRADY
3756000;511.37;511.75;BRADYCARDIA;BRADY
3758000;512.17;512.54;BRADYCARDIA;BRADY
3760000;511.37;511.74;BRADYCARDIA;BRADY
3762000;511.35;511.72;BRADYCARDIA;BRADY
3764000;512.74;513.10;BRADYCARDIA;BRADY
3766000;511.97;512.33;BRADYCARDIA;BRADY
3768000;511.46;511.81;BRADYCARDIA;BRADY
3770000;510.34;510.69;BRADYCARDIA;BRADY
3772000;511.45;511.80;BRADYCARDIA;BRADY
3774000;512.01;512.36;BRADYCARDIA;BRADY
3776000;511.13;511.47;BRADYCARDIA;BRADY
3778000;510.83;511.17;BRADYCARDIA;BRADY
3780000;509.92;510.26;BRADYCARDIA;BRADY
3782000;511.68;512.01;BRADYCARDIA;BRADY
3784000;511.81;512.14;BRADYCARDIA;BRADY
3786000;510.92;511.25;BRADYCARDIA;BRADY
3788000;512.27;512.60;BRADYCARDIA;BRADY
3790000;511.07;511.40;BRADYCARDIA;BRADY
3792000;511.95;512.27;BRADYCARDIA;BRADY
3794000;511.87;512.19;BRADYCARDIA;BRADY
3796000;512.01;512.33;BRADYCARDIA;BRADY
3798000;512.26;512.57;BRADYCARDIA;BRADY
3800000;510.17;510.48;BRADYCARDIA;BRADY
3802000;512.09;512.39;BRADYCARDIA;BRADY
3804000;512.75;513.05;BRADYCARDIA;BRADY
3806000;511.32;511.62;BRADYCARDIA;BRADY
3808000;512.43;512.73;BRADYCARDIA;BRADY
3810000;511.99;512.29;BRADYCARDIA;BRADY
3812000;511.83;512.12;BRADYCARDIA;BRADY
3814000;510.56;510.85;BRADYCARDIA;BRADY
3816000;511.73;512.02;BRADYCARDIA;BRADY
3818000;511.97;512.25;BRADYCARDIA;BRADY
3820000;511.40;511.68;BRADYCARDIA;BRADY
3822000;510.98;511.25;BRADYCARDIA;BRADY
3824000;512.08;512.35;BRADYCARDIA;BRADY
3826000;510.17;510.44;BRADYCARDIA;BRADY
3828000;511.46;511.72;BRADYCARDIA;BRADY
3830000;512.72;512.98;BRADYCARDIA;BRADY
3832000;512.06;512.32;BRADYCARDIA;BRADY
3834000;512.80;513.06;BRADYCARDIA;BRADY
3836000;513.13;513.39;BRADYCARDIA;BRADY
3838000;512.78;513.03;BRADYCARDIA;BRADY
3840000;512.18;512.43;BRADYCARDIA;BRADY
3842000;512.43;512.68;BRADYCARDIA;BRADY
3844000;511.75;511.99;BRADYCARDIA;BRADY
3846000;511.60;511.84;BRADYCARDIA;BRADY
3848000;511.16;511.40;BRADYCARDIA;BRADY
3850000;512.39;512.62;BRADYCARDIA;BRADY
3852000;512.94;513.17;BRADYCARDIA;BRADY
3854000;511.28;511.51;BRADYCARDIA;BRADY
3856000;513.53;513.75;BRADYCARDIA;BRADY
3858000;511.69;511.91;BRADYCARDIA;BRADY
3860000;511.88;512.10;BRADYCARDIA;BRADY
3862000;511.16;511.38;BRADYCARDIA;BRADY
3864000;512.09;512.30;BRADYCARDIA;BRADY
3866000;511.12;511.33;BRADYCARDIA;BRADY
3868000;511.19;511.40;BRADYCARDIA;BRADY
3870000;512.62;512.82;BRADYCARDIA;BRADY
3872000;512.81;513.01;BRADYCARDIA;BRADY
3874000;513.17;513.36;BRADYCARDIA;BRADY
3876000;511.69;511.88;BRADYCARDIA;BRADY
3878000;511.80;511.99;BRADYCARDIA;BRADY
3880000;512.02;512.21;BRADYCARDIA;BRADY
3882000;510.35;510.54;BRADYCARDIA;BRADY
3884000;511.42;511.60;BRADYCARDIA;BRADY
3886000;510.72;510.89;BRADYCARDIA;BRADY
3888000;511.25;511.42;BRADYCARDIA;BRADY
3890000;511.88;512.05;BRADYCARDIA;BRADY
3892000;513.32;513.49;BRADYCARDIA;BRADY
3894000;512.42;512.58;BRADYCARDIA;BRADY
3896000;512.06;512.22;BRADYCARDIA;BRADY
3898000;511.37;511.53;BRADYCARDIA;BRADY
3900000;511.93;512.09;BRADYCARDIA;BRADY
3902000;511.47;511.62;BRADYCARDIA;BRADY
3904000;511.90;512.05;BRADYCARDIA;BRADY
3906000;510.67;510.82;BRADYCARDIA;BRADY
3908000;512.37;512.52;BRADYCARDIA;BRADY
3910000;512.51;512.65;BRADYCARDIA;BRADY
3912000;512.69;512.82;BRADYCARDIA;BRADY
3914000;512.65;512.78;BRADYCARDIA;BRADY
3916000;511.28;511.41;BRADYCARDIA;BRADY
3918000;511.28;511.41;BRADYCARDIA;BRADY
3920000;510.68;510.81;BRADYCARDIA;BRADY
3922000;512.13;512.26;BRADYCARDIA;BRADY
3924000;510.60;510.72;BRADYCARDIA;BRADY
3926000;510.69;510.80;BRADYCARDIA;BRADY
3928000;509.71;509.82;BRADYCARDIA;BRADY
3930000;512.23;512.34;BRADYCARDIA;BRADY
3932000;513.57;513.68;BRADYCARDIA;BRADY
3934000;511.92;512.03;BRADYCARDIA;BRADY
3936000;511.52;511.62;BRADYCARDIA;BRADY
3938000;511.78;511.88;BRADYCARDIA;BRADY
3940000;511.32;511.41;BRADYCARDIA;BRADY
3942000;513.02;513.11;BRADYCARDIA;BRADY
3944000;511.74;511.83;BRADYCARDIA;BRADY
3946000;512.22;512.30;BRADYCARDIA;BRADY
3948000;512.05;512.13;BRADYCARDIA;BRADY
3950000;511.33;511.41;BRADYCARDIA;BRADY
3952000;510.82;510.90;BRADYCARDIA;BRADY
3954000;511.79;511.86;BRADYCARDIA;BRADY
3956000;511.02;511.09;BRADYCARDIA;BRADY
3958000;511.92;511.98;BRADYCARDIA;BRADY
3960000;511.03;511.09;BRADYCARDIA;BRADY
3962000;511.24;511.30;BRADYCARDIA;BRADY
3964000;513.59;513.65;BRADYCARDIA;BRADY
3966000;511.62;511.67;BRADYCARDIA;BRADY
3968000;512.98;513.03;BRADYCARDIA;BRADY
3970000;512.46;512.51;BRADYCARDIA;BRADY
3972000;513.27;513.31;BRADYCARDIA;BRADY
3974000;512.33;512.37;BRADYCARDIA;BRADY
3976000;511.05;511.09;BRADYCARDIA;BRADY
3978000;512.01;512.04;BRADYCARDIA;BRADY
3980000;512.35;512.38;BRADYCARDIA;BRADY
3982000;510.46;510.49;BRADYCARDIA;BRADY
3984000;511.49;511.51;BRADYCARDIA;BRADY
3986000;511.94;511.97;BRADYCARDIA;BRADY
3988000;512.66;512.68;BRADYCARDIA;BRADY
3990000;512.70;512.71;BRADYCARDIA;BRADY
3992000;510.61;510.62;BRADYCARDIA;BRADY
3994000;512.32;512.33;BRADYCARDIA;BRADY
3996000;512.63;512.64;BRADYCARDIA;BRADY
3998000;512.47;512.47;BRADYCARDIA;BRADY
4000000;512.24;512.24;BRADYCARDIA;BRADY
4002000;512.15;512.14;BRADYCARDIA;BRADY
4004000;511.98;511.98;BRADYCARDIA;BRADY
4006000;511.65;511.64;BRADYCARDIA;BRADY
4008000;511.66;511.65;BRADYCARDIA;BRADY
4010000;512.11;512.09;BRADYCARDIA;BRADY
4012000;511.38;511.36;BRADYCARDIA;BRADY
4014000;511.98;511.96;BRADYCARDIA;BRADY
4016000;513.38;513.36;BRADYCARDIA;BRADY
4018000;511.52;511.49;BRADYCARDIA;BRADY
4020000;512.83;512.80;BRADYCARDIA;BRADY
4022000;512.66;512.62;BRADYCARDIA;BRADY
4024000;512.86;512.82;BRADYCARDIA;BRADY
4026000;512.80;512.76;BRADYCARDIA;BRADY
4028000;512.94;512.90;BRADYCARDIA;BRADY
4030000;512.61;512.56;BRADYCARDIA;BRADY
4032000;512.13;512.08;BRADYCARDIA;BRADY
4034000;511.20;511.14;BRADYCARDIA;BRADY
4036000;511.92;511.86;BRADYCARDIA;BRADY
4038000;513.04;512.98;BRADYCARDIA;BRADY
4040000;512.81;512.74;BRADYCARDIA;BRADY
4042000;512.46;512.40;BRADYCARDIA;BRADY
4044000;511.55;511.48;BRADYCARDIA;BRADY
4046000;512.64;512.57;BRADYCARDIA;BRADY
4048000;510.54;510.46;BRADYCARDIA;BRADY
4050000;512.28;512.20;BRADYCARDIA;BRADY
4052000;512.49;512.41;BRADYCARDIA;BRADY
4054000;512.02;511.93;BRADYCARDIA;BRADY
4056000;511.80;511.71;BRADYCARDIA;BRADY
4058000;512.30;512.21;BRADYCARDIA;BRADY
4060000;511.21;511.12;BRADYCARDIA;BRADY
4062000;512.69;512.59;BRADYCARDIA;BRADY
4064000;511.81;511.71;BRADYCARDIA;BRADY
4066000;511.26;511.16;BRADYCARDIA;BRADY
4068000;512.50;512.40;BRADYCARDIA;BRADY
4070000;513.25;513.14;BRADYCARDIA;BRADY
4072000;511.93;511.82;BRADYCARDIA;BRADY
4074000;511.09;510.98;BRADYCARDIA;BRADY
4076000;513.32;513.20;BRADYCARDIA;BRADY
4078000;511.98;511.86;BRADYCARDIA;BRADY
4080000;510.65;510.52;BRADYCARDIA;BRADY
4082000;512.45;512.32;BRADYCARDIA;BRADY
4084000;511.75;511.62;BRADYCARDIA;BRADY
4086000;513.40;513.26;BRADYCARDIA;BRADY
4088000;512.07;511.94;BRADYCARDIA;BRADY
4090000;512.47;512.33;BRADYCARDIA;BRADY
4092000;510.79;510.65;BRADYCARDIA;BRADY
4094000;513.26;513.11;BRADYCARDIA;BRADY
4096000;513.32;513.17;BRADYCARDIA;BRADY
4098000;513.13;512.97;BRADYCARDIA;BRADY
4100000;512.26;512.10;BRADYCARDIA;BRADY
4102000;512.09;511.93;BRADYCARDIA;BRADY
4104000;513.36;513.20;BRADYCARDIA;BRADY
4106000;512.35;512.18;BRADYCARDIA;BRADY
4108000;511.66;511.49;BRADYCARDIA;BRADY
4110000;512.79;512.62;BRADYCARDIA;BRADY
4112000;512.61;512.43;BRADYCARDIA;BRADY
4114000;512.80;512.62;BRADYCARDIA;BRADY
4116000;511.24;511.06;BRADYCARDIA;BRADY
4118000;512.58;512.39;BRADYCARDIA;BRADY
4120000;512.25;512.06;BRADYCARDIA;BRADY
4122000;511.45;511.26;BRADYCARDIA;BRADY
4124000;511.60;511.41;BRADYCARDIA;BRADY
4126000;512.57;512.38;BRADYCARDIA;BRADY
4128000;512.90;512.70;BRADYCARDIA;BRADY
4130000;511.44;511.23;BRADYCARDIA;BRADY
4132000;512.60;512.40;BRADYCARDIA;BRADY
4134000;512.77;512.56;BRADYCARDIA;BRADY
4136000;511.27;511.06;BRADYCARDIA;BRADY
4138000;512.27;512.06;BRADYCARDIA;BRADY
4140000;512.60;512.38;BRADYCARDIA;BRADY
4142000;511.09;510.86;BRADYCARDIA;BRADY
4144000;511.93;511.70;BRADYCARDIA;BRADY
4146000;512.01;511.79;BRADYCARDIA;BRADY
4148000;511.47;511.24;BRADYCARDIA;BRADY
4150000;512.43;512.20;BRADYCARDIA;BRADY
4152000;511.68;511.44;BRADYCARDIA;BRADY
4154000;511.88;511.64;BRADYCARDIA;BRADY
4156000;513.11;512.87;BRADYCARDIA;BRADY
4158000;512.51;512.26;BRADYCARDIA;BRADY
4160000;511.97;511.73;BRADYCARDIA;BRADY
4162000;512.93;512.68;BRADYCARDIA;BRADY
4164000;511.75;511.49;BRADYCARDIA;BRADY
4166000;512.46;512.20;BRADYCARDIA;BRADY
4168000;512.73;512.47;BRADYCARDIA;BRADY
4170000;511.67;511.41;BRADYCARDIA;BRADY
4172000;512.65;512.38;BRADYCARDIA;BRADY
4174000;512.93;512.66;BRADYCARDIA;BRADY
4176000;512.48;512.21;BRADYCARDIA;BRADY
4178000;512.78;512.50;BRADYCARDIA;BRADY
4180000;512.15;511.87;BRADYCARDIA;BRADY
4182000;513.38;513.10;BRADYCARDIA;BRADY
4184000;511.60;511.31;BRADYCARDIA;BRADY
4186000;512.63;512.34;BRADYCARDIA;BRADY
4188000;512.46;512.17;BRADYCARDIA;BRADY
4190000;511.68;511.39;BRADYCARDIA;BRADY
4192000;511.98;511.68;BRADYCARDIA;BRADY
4194000;512.39;512.09;BRADYCARDIA;BRADY
4196000;512.31;512.01;BRADYCARDIA;BRADY
4198000;513.28;512.97;BRADYCARDIA;BRADY
4200000;510.56;510.25;BRADYCARDIA;BRADY
4202000;511.06;510.75;BRADYCARDIA;BRADY
4204000;511.81;511.50;BRADYCARDIA;BRADY
4206000;511.97;511.66;BRADYCARDIA;BRADY
4208000;513.48;513.16;BRADYCARDIA;BRADY
4210000;512.46;512.14;BRADYCARDIA;BRADY
4212000;512.55;512.23;BRADYCARDIA;BRADY
4214000;512.45;512.12;BRADYCARDIA;BRADY
4216000;512.72;512.39;BRADYCARDIA;BRADY
4218000;512.76;512.42;BRADYCARDIA;BRADY
4220000;513.28;512.94;BRADYCARDIA;BRADY
4222000;512.38;512.04;BRADYCARDIA;BRADY
4224000;512.48;512.14;BRADYCARDIA;BRADY
4226000;510.43;510.08;BRADYCARDIA;BRADY
4228000;512.18;511.83;BRADYCARDIA;BRADY
4230000;512.35;511.99;BRADYCARDIA;BRADY
4232000;512.09;511.73;BRADYCARDIA;BRADY
4234000;513.02;512.66;BRADYCARDIA;BRADY
4236000;511.82;511.45;BRADYCARDIA;BRADY
4238000;512.82;512.46;BRADYCARDIA;BRADY
4240000;512.33;511.96;BRADYCARDIA;BRADY
4242000;512.03;511.66;BRADYCARDIA;BRADY
4244000;510.82;510.45;BRADYCARDIA;BRADY
4246000;512.20;511.82;BRADYCARDIA;BRADY
4248000;511.89;511.51;BRADYCARDIA;BRADY
4250000;512.87;512.49;BRADYCARDIA;BRADY
4252000;513.44;513.06;BRADYCARDIA;BRADY
4254000;511.44;511.05;BRADYCARDIA;BRADY
4256000;512.33;511.94;BRADYCARDIA;BRADY
4258000;513.28;512.89;BRADYCARDIA;BRADY
4260000;511.93;511.53;BRADYCARDIA;BRADY
4262000;511.75;511.35;BRADYCARDIA;BRADY
4264000;511.52;511.12;BRADYCARDIA;BRADY
4266000;512.72;512.31;BRADYCARDIA;BRADY
4268000;513.02;512.61;BRADYCARDIA;BRADY
4270000;512.81;512.40;BRADYCARDIA;BRADY
4272000;512.53;512.12;BRADYCARDIA;BRADY
4274000;512.12;511.71;BRADYCARDIA;BRADY
4276000;513.12;512.70;BRADYCARDIA;BRADY
4278000;512.72;512.30;BRADYCARDIA;BRADY
4280000;511.60;511.17;BRADYCARDIA;BRADY
4282000;512.10;511.67;BRADYCARDIA;BRADY
4284000;512.63;512.20;BRADYCARDIA;BRADY
4286000;511.66;511.23;BRADYCARDIA;BRADY
4288000;512.08;511.65;BRADYCARDIA;BRADY
4290000;512.84;512.40;BRADYCARDIA;BRADY
4292000;512.35;511.90;BRADYCARDIA;BRADY
4294000;512.70;512.25;BRADYCARDIA;BRADY
4296000;513.05;512.61;BRADYCARDIA;BRADY
4298000;513.27;512.82;BRADYCARDIA;BRADY
4300000;512.44;511.99;BRADYCARDIA;BRADY
4302000;512.77;512.31;BRADYCARDIA;BRADY
4304000;512.33;511.87;BRADYCARDIA;BRADY
4306000;513.17;512.71;BRADYCARDIA;BRADY
4308000;511.44;510.97;BRADYCARDIA;BRADY
4310000;511.33;510.86;BRADYCARDIA;BRADY
4312000;511.87;511.40;BRADYCARDIA;BRADY
4314000;513.08;512.60;BRADYCARDIA;BRADY
4316000;513.09;512.61;BRADYCARDIA;BRADY
4318000;512.45;511.97;BRADYCARDIA;BRADY
4320000;512.49;512.01;BRADYCARDIA;BRADY
4322000;512.46;511.98;BRADYCARDIA;BRADY
4324000;513.35;512.87;BRADYCARDIA;BRADY
4326000;511.45;510.96;BRADYCARDIA;BRADY
4328000;513.68;513.19;BRADYCARDIA;BRADY
4330000;511.99;511.49;BRADYCARDIA;BRADY
4332000;513.02;512.52;BRADYCARDIA;BRADY
4334000;512.65;512.15;BRADYCARDIA;BRADY
4336000;511.54;511.03;BRADYCARDIA;BRADY
4338000;512.04;511.54;BRADYCARDIA;BRADY
4340000;513.49;512.98;BRADYCARDIA;BRADY
4342000;511.55;511.04;BRADYCARDIA;BRADY
4344000;512.44;511.93;BRADYCARDIA;BRADY
4346000;511.06;510.54;BRADYCARDIA;BRADY
4348000;511.65;511.13;BRADYCARDIA;BRADY
4350000;512.70;512.18;BRADYCARDIA;BRADY
4352000;512.26;511.74;BRADYCARDIA;BRADY
4354000;512.29;511.77;BRADYCARDIA;BRADY
4356000;513.42;512.89;BRADYCARDIA;BRADY
4358000;512.07;511.53;BRADYCARDIA;BRADY
4360000;512.31;511.77;BRADYCARDIA;BRADY
4362000;512.21;511.67;BRADYCARDIA;BRADY
4364000;512.74;512.20;BRADYCARDIA;BRADY
4366000;512.52;511.97;BRADYCARDIA;BRADY
4368000;512.14;511.59;BRADYCARDIA;BRADY
4370000;514.56;514.02;BRADYCARDIA;BRADY
4372000;513.94;513.39;BRADYCARDIA;BRADY
4374000;511.79;511.24;BRADYCARDIA;BRADY
4376000;512.71;512.15;BRADYCARDIA;BRADY
4378000;513.11;512.55;BRADYCARDIA;BRADY
4380000;513.11;512.55;BRADYCARDIA;BRADY
4382000;512.79;512.22;BRADYCARDIA;BRADY
4384000;512.62;512.05;BRADYCARDIA;BRADY
4386000;513.52;512.95;BRADYCARDIA;BRADY
4388000;512.81;512.24;BRADYCARDIA;BRADY
4390000;510.53;509.95;BRADYCARDIA;BRADY
4392000;511.66;511.08;BRADYCARDIA;BRADY
4394000;510.98;510.40;BRADYCARDIA;BRADY
4396000;511.86;511.28;BRADYCARDIA;BRADY
4398000;511.98;511.40;BRADYCARDIA;BRADY
4400000;512.76;512.18;BRADYCARDIA;BRADY
4402000;511.89;511.30;BRADYCARDIA;BRADY
4404000;512.90;512.31;BRADYCARDIA;BRADY
4406000;512.47;511.88;BRADYCARDIA;BRADY
4408000;511.93;511.33;BRADYCARDIA;BRADY
4410000;513.11;512.51;BRADYCARDIA;BRADY
4412000;512.52;511.91;BRADYCARDIA;BRADY
4414000;513.14;512.53;BRADYCARDIA;BRADY
4416000;513.08;512.48;BRADYCARDIA;BRADY
4418000;512.98;512.37;BRADYCARDIA;BRADY
4420000;511.74;511.12;BRADYCARDIA;BRADY
4422000;512.79;512.17;BRADYCARDIA;BRADY
4424000;512.78;512.16;BRADYCARDIA;BRADY
4426000;513.41;512.79;BRADYCARDIA;BRADY
4428000;512.27;511.64;BRADYCARDIA;BRADY
4430000;514.09;513.47;BRADYCARDIA;BRADY
4432000;512.52;511.90;BRADYCARDIA;BRADY
4434000;513.72;513.09;BRADYCARDIA;BRADY
4436000;512.70;512.07;BRADYCARDIA;BRADY
4438000;511.97;511.34;BRADYCARDIA;BRADY
4440000;513.99;513.36;BRADYCARDIA;BRADY
4442000;510.78;510.14;BRADYCARDIA;BRADY
4444000;513.98;513.34;BRADYCARDIA;BRADY
4446000;512.48;511.83;BRADYCARDIA;BRADY
4448000;513.18;512.54;BRADYCARDIA;BRADY
4450000;512.31;511.66;BRADYCARDIA;BRADY
4452000;513.52;512.87;BRADYCARDIA;BRADY
4454000;512.84;512.19;BRADYCARDIA;BRADY
4456000;512.69;512.03;BRADYCARDIA;BRADY
4458000;513.81;513.15;BRADYCARDIA;BRADY
4460000;512.62;511.96;BRADYCARDIA;BRADY
4462000;511.05;510.39;BRADYCARDIA;BRADY
4464000;512.02;511.36;BRADYCARDIA;BRADY
4466000;512.80;512.13;BRADYCARDIA;BRADY
4468000;513.00;512.33;BRADYCARDIA;BRADY
4470000;514.27;513.60;BRADYCARDIA;BRADY
4472000;513.03;512.35;BRADYCARDIA;BRADY
4474000;512.65;511.97;BRADYCARDIA;BRADY
4476000;511.70;511.02;BRADYCARDIA;BRADY
4478000;512.60;511.91;BRADYCARDIA;BRADY
4480000;512.04;511.36;BRADYCARDIA;BRADY
4482000;512.61;511.93;BRADYCARDIA;BRADY
4484000;512.14;511.45;BRADYCARDIA;BRADY
4486000;513.41;512.72;BRADYCARDIA;BRADY
4488000;513.80;513.11;BRADYCARDIA;BRADY
4490000;512.75;512.06;BRADYCARDIA;BRADY
4492000;511.73;511.03;BRADYCARDIA;BRADY
4494000;512.50;511.80;BRADYCARDIA;BRADY
4496000;513.04;512.34;BRADYCARDIA;BRADY
4498000;512.97;512.27;BRADYCARDIA;BRADY
4500000;513.47;512.77;BRADYCARDIA;BRADY
4502000;512.73;512.02;BRADYCARDIA;BRADY
4504000;512.91;512.20;BRADYCARDIA;BRADY
4506000;512.45;511.74;BRADYCARDIA;BRADY
4508000;514.09;513.37;BRADYCARDIA;BRADY
4510000;512.58;511.86;BRADYCARDIA;BRADY
4512000;512.75;512.03;BRADYCARDIA;BRADY
4514000;512.29;511.57;BRADYCARDIA;BRADY
4516000;512.73;512.01;BRADYCARDIA;BRADY
4518000;512.19;511.46;BRADYCARDIA;BRADY
4520000;512.65;511.92;BRADYCARDIA;BRADY
4522000;512.78;512.05;BRADYCARDIA;BRADY
4524000;510.75;510.02;BRADYCARDIA;BRADY
4526000;511.64;510.91;BRADYCARDIA;BRADY
4528000;514.03;513.29;BRADYCARDIA;BRADY
4530000;511.41;510.67;BRADYCARDIA;BRADY
4532000;512.24;511.49;BRADYCARDIA;BRADY
4534000;512.60;511.86;BRADYCARDIA;BRADY
4536000;513.18;512.44;BRADYCARDIA;BRADY
4538000;511.46;510.71;BRADYCARDIA;BRADY
4540000;511.75;511.00;BRADYCARDIA;BRADY
4542000;512.41;511.66;BRADYCARDIA;BRADY
4544000;512.58;511.83;BRADYCARDIA;BRADY
4546000;512.46;511.71;BRADYCARDIA;BRADY
4548000;513.64;512.88;BRADYCARDIA;BRADY
4550000;512.04;511.28;BRADYCARDIA;BRADY
4552000;512.07;511.31;BRADYCARDIA;BRADY
4554000;513.18;512.42;BRADYCARDIA;BRADY
4556000;512.45;511.69;BRADYCARDIA;BRADY
4558000;513.22;512.45;BRADYCARDIA;BRADY
4560000;513.28;512.51;BRADYCARDIA;BRADY
4562000;515.34;514.56;BRADYCARDIA;BRADY
4564000;511.95;511.17;BRADYCARDIA;BRADY
4566000;512.16;511.39;BRADYCARDIA;BRADY
4568000;512.36;511.59;BRADYCARDIA;BRADY
4570000;511.88;511.10;BRADYCARDIA;BRADY
4572000;512.75;511.96;BRADYCARDIA;BRADY
4574000;512.86;512.08;BRADYCARDIA;BRADY
4576000;513.57;512.78;BRADYCARDIA;BRADY
4578000;513.16;512.37;BRADYCARDIA;BRADY
4580000;512.47;511.68;BRADYCARDIA;BRADY
4582000;511.27;510.48;BRADYCARDIA;BRADY
4584000;514.09;513.30;BRADYCARDIA;BRADY
4586000;512.86;512.07;BRADYCARDIA;BRADY
4588000;512.76;511.96;BRADYCARDIA;BRADY
4590000;514.11;513.31;BRADYCARDIA;BRADY
4592000;512.68;511.88;BRADYCARDIA;BRADY
4594000;513.91;513.10;BRADYCARDIA;BRADY
4596000;513.00;512.19;BRADYCARDIA;BRADY
4598000;513.20;512.39;BRADYCARDIA;BRADY
4600000;511.80;510.99;BRADYCARDIA;BRADY
4602000;513.61;512.80;BRADYCARDIA;BRADY
4604000;512.88;512.07;BRADYCARDIA;BRADY
4606000;512.91;512.09;BRADYCARDIA;BRADY
4608000;512.04;511.22;BRADYCARDIA;BRADY
4610000;512.92;512.11;BRADYCARDIA;BRADY
4612000;512.81;511.99;BRADYCARDIA;BRADY
4614000;513.20;512.38;BRADYCARDIA;BRADY
4616000;510.41;509.58;BRADYCARDIA;BRADY
4618000;513.54;512.72;BRADYCARDIA;BRADY
4620000;512.99;512.16;BRADYCARDIA;BRADY
4622000;512.69;511.86;BRADYCARDIA;BRADY
4624000;513.58;512.75;BRADYCARDIA;BRADY
4626000;511.65;510.82;BRADYCARDIA;BRADY
4628000;511.84;511.01;BRADYCARDIA;BRADY
4630000;514.73;513.89;BRADYCARDIA;BRADY
4632000;513.79;512.95;BRADYCARDIA;BRADY
4634000;513.75;512.91;BRADYCARDIA;BRADY
4636000;512.78;511.94;BRADYCARDIA;BRADY
4638000;511.80;510.96;BRADYCARDIA;BRADY
4640000;513.60;512.76;BRADYCARDIA;BRADY
4642000;511.88;511.04;BRADYCARDIA;BRADY
4644000;512.45;511.60;BRADYCARDIA;BRADY
4646000;512.57;511.72;BRADYCARDIA;BRADY
4648000;511.95;511.10;BRADYCARDIA;BRADY
4650000;512.70;511.85;BRADYCARDIA;BRADY
4652000;513.62;512.76;BRADYCARDIA;BRADY
4654000;513.70;512.84;BRADYCARDIA;BRADY
4656000;513.90;513.04;BRADYCARDIA;BRADY
4658000;513.43;512.57;BRADYCARDIA;BRADY
4660000;512.73;511.87;BRADYCARDIA;BRADY
4662000;511.99;511.12;BRADYCARDIA;BRADY
4664000;513.10;512.23;BRADYCARDIA;BRADY
4666000;513.31;512.44;BRADYCARDIA;BRADY
4668000;512.02;511.15;BRADYCARDIA;BRADY
4670000;513.45;512.58;BRADYCARDIA;BRADY
4672000;512.96;512.09;BRADYCARDIA;BRADY
4674000;514.03;513.16;BRADYCARDIA;BRADY
4676000;512.75;511.88;BRADYCARDIA;BRADY
4678000;512.96;512.09;BRADYCARDIA;BRADY
4680000;511.85;510.97;BRADYCARDIA;BRADY
4682000;511.99;511.12;BRADYCARDIA;BRADY
4684000;514.24;513.36;BRADYCARDIA;BRADY
4686000;512.31;511.43;BRADYCARDIA;BRADY
4688000;513.66;512.78;BRADYCARDIA;BRADY
4690000;513.66;512.78;BRADYCARDIA;BRADY
4692000;513.08;512.20;BRADYCARDIA;BRADY
4694000;512.98;512.10;BRADYCARDIA;BRADY
4696000;513.12;512.23;BRADYCARDIA;BRADY
4698000;513.03;512.15;BRADYCARDIA;BRADY
4700000;513.03;512.14;BRADYCARDIA;BRADY
4702000;513.18;512.28;BRADYCARDIA;BRADY
4704000;514.18;513.29;BRADYCARDIA;BRADY
4706000;512.69;511.80;BRADYCARDIA;BRADY
4708000;512.69;511.79;BRADYCARDIA;BRADY
4710000;512.61;511.72;BRADYCARDIA;BRADY
4712000;512.25;511.35;BRADYCARDIA;BRADY
4714000;512.11;511.21;BRADYCARDIA;BRADY
4716000;513.06;512.15;BRADYCARDIA;BRADY
4718000;513.23;512.33;BRADYCARDIA;BRADY
4720000;513.06;512.15;BRADYCARDIA;BRADY
4722000;512.38;511.47;BRADYCARDIA;BRADY
4724000;512.35;511.44;BRADYCARDIA;BRADY
4726000;515.19;514.28;BRADYCARDIA;BRADY
4728000;512.23;511.32;BRADYCARDIA;BRADY
4730000;513.22;512.31;BRADYCARDIA;BRADY
4732000;514.39;513.47;BRADYCARDIA;BRADY
4734000;513.27;512.35;BRADYCARDIA;BRADY
4736000;512.29;511.37;BRADYCARDIA;BRADY
4738000;513.59;512.68;BRADYCARDIA;BRADY
4740000;513.43;512.51;BRADYCARDIA;BRADY
4742000;512.24;511.32;BRADYCARDIA;BRADY
4744000;512.81;511.88;BRADYCARDIA;BRADY
4746000;512.82;511.90;BRADYCARDIA;BRADY
4748000;513.29;512.37;BRADYCARDIA;BRADY
4750000;513.62;512.69;BRADYCARDIA;BRADY
4752000;511.96;511.03;BRADYCARDIA;BRADY
4754000;512.06;511.14;BRADYCARDIA;BRADY
4756000;513.93;513.01;BRADYCARDIA;BRADY
4758000;512.42;511.49;BRADYCARDIA;BRADY
4760000;511.90;510.97;BRADYCARDIA;BRADY
4762000;513.46;512.53;BRADYCARDIA;BRADY
4764000;512.03;511.10;BRADYCARDIA;BRADY
4766000;513.10;512.17;BRADYCARDIA;BRADY
4768000;513.60;512.67;BRADYCARDIA;BRADY
4770000;512.37;511.44;BRADYCARDIA;BRADY
4772000;512.45;511.51;BRADYCARDIA;BRADY
4774000;512.69;511.75;BRADYCARDIA;BRADY
4776000;512.92;511.98;BRADYCARDIA;BRADY
4778000;513.81;512.87;BRADYCARDIA;BRADY
4780000;513.47;512.53;BRADYCARDIA;BRADY
4782000;513.92;512.98;BRADYCARDIA;BRADY
4784000;513.57;512.63;BRADYCARDIA;BRADY
4786000;512.46;511.51;BRADYCARDIA;BRADY
4788000;512.97;512.02;BRADYCARDIA;BRADY
4790000;512.69;511.74;BRADYCARDIA;BRADY
4792000;512.80;511.85;BRADYCARDIA;BRADY
4794000;514.03;513.09;BRADYCARDIA;BRADY
4796000;513.10;512.15;BRADYCARDIA;BRADY
4798000;512.91;511.96;BRADYCARDIA;BRADY
4800000;512.88;511.93;BRADYCARDIA;BRADY
4802000;513.54;512.59;BRADYCARDIA;BRADY
4804000;512.54;511.59;BRADYCARDIA;BRADY
4806000;512.72;511.77;BRADYCARDIA;BRADY
4808000;511.88;510.93;BRADYCARDIA;BRADY
4810000;512.31;511.36;BRADYCARDIA;BRADY
4812000;512.06;511.10;BRADYCARDIA;BRADY
4814000;513.40;512.44;BRADYCARDIA;BRADY
4816000;514.07;513.11;BRADYCARDIA;BRADY
4818000;513.16;512.20;BRADYCARDIA;BRADY
4820000;513.12;512.16;BRADYCARDIA;BRADY
4822000;512.12;511.16;BRADYCARDIA;BRADY
4824000;512.75;511.78;BRADYCARDIA;BRADY
4826000;513.19;512.23;BRADYCARDIA;BRADY
4828000;512.36;511.39;BRADYCARDIA;BRADY
4830000;512.30;511.33;BRADYCARDIA;BRADY
4832000;512.23;511.26;BRADYCARDIA;BRADY
4834000;513.51;512.55;BRADYCARDIA;BRADY
4836000;513.42;512.46;BRADYCARDIA;BRADY
4838000;510.62;509.65;BRADYCARDIA;BRADY
4840000;512.99;512.02;BRADYCARDIA;BRADY
4842000;514.36;513.39;BRADYCARDIA;BRADY
4844000;514.96;513.99;BRADYCARDIA;BRADY
4846000;514.03;513.06;BRADYCARDIA;BRADY
4848000;511.96;510.98;BRADYCARDIA;BRADY
4850000;512.61;511.64;BRADYCARDIA;BRADY
4852000;512.11;511.13;BRADYCARDIA;BRADY
4854000;511.54;510.57;BRADYCARDIA;BRADY
4856000;511.77;510.80;BRADYCARDIA;BRADY
4858000;512.37;511.39;BRADYCARDIA;BRADY
4860000;513.48;512.51;BRADYCARDIA;BRADY
4862000;512.88;511.91;BRADYCARDIA;BRADY
4864000;510.95;509.97;BRADYCARDIA;BRADY
4866000;512.66;511.68;BRADYCARDIA;BRADY
4868000;511.49;510.51;BRADYCARDIA;BRADY
4870000;513.56;512.58;BRADYCARDIA;BRADY
4872000;512.62;511.64;BRADYCARDIA;BRADY
4874000;512.92;511.94;BRADYCARDIA;BRADY
4876000;513.20;512.22;BRADYCARDIA;BRADY
4878000;513.07;512.09;BRADYCARDIA;BRADY
4880000;514.07;513.09;BRADYCARDIA;BRADY
4882000;512.57;511.59;BRADYCARDIA;BRADY
4884000;512.41;511.42;BRADYCARDIA;BRADY
4886000;513.44;512.46;BRADYCARDIA;BRADY
4888000;513.32;512.34;BRADYCARDIA;BRADY
4890000;512.94;511.96;BRADYCARDIA;BRADY
4892000;511.87;510.88;BRADYCARDIA;BRADY
4894000;513.25;512.26;BRADYCARDIA;BRADY
4896000;512.38;511.39;BRADYCARDIA;BRADY
4898000;512.74;511.76;BRADYCARDIA;BRADY
4900000;513.55;512.57;BRADYCARDIA;BRADY
4902000;512.17;511.19;BRADYCARDIA;BRADY
4904000;512.45;511.46;BRADYCARDIA;BRADY
4906000;513.87;512.88;BRADYCARDIA;BRADY
4908000;512.98;511.99;BRADYCARDIA;BRADY
4910000;512.92;511.93;BRADYCARDIA;BRADY
4912000;513.51;512.52;BRADYCARDIA;BRADY
4914000;511.99;511.00;BRADYCARDIA;BRADY
4916000;511.69;510.70;BRADYCARDIA;BRADY
4918000;513.14;512.15;BRADYCARDIA;BRADY
4920000;512.58;511.59;BRADYCARDIA;BRADY
4922000;513.49;512.50;BRADYCARDIA;BRADY
4924000;513.86;512.87;BRADYCARDIA;BRADY
4926000;513.63;512.64;BRADYCARDIA;BRADY
4928000;512.41;511.42;BRADYCARDIA;BRADY
4930000;513.51;512.52;BRADYCARDIA;BRADY
4932000;512.03;511.04;BRADYCARDIA;BRADY
4934000;512.22;511.23;BRADYCARDIA;BRADY
4936000;513.13;512.14;BRADYCARDIA;BRADY
4938000;513.69;512.70;BRADYCARDIA;BRADY
4940000;513.76;512.76;BRADYCARDIA;BRADY
4942000;513.21;512.21;BRADYCARDIA;BRADY
4944000;513.13;512.13;BRADYCARDIA;BRADY
4946000;512.92;511.92;BRADYCARDIA;BRADY
4948000;515.23;514.23;BRADYCARDIA;BRADY
4950000;513.70;512.70;BRADYCARDIA;BRADY
4952000;512.56;511.56;BRADYCARDIA;BRADY
4954000;512.67;511.67;BRADYCARDIA;BRADY
4956000;512.46;511.46;BRADYCARDIA;BRADY
4958000;512.78;511.78;BRADYCARDIA;BRADY
4960000;510.61;509.61;BRADYCARDIA;BRADY
4962000;513.62;512.62;BRADYCARDIA;BRADY
4964000;513.95;512.95;BRADYCARDIA;BRADY
4966000;513.18;512.18;BRADYCARDIA;BRADY
4968000;513.73;512.73;BRADYCARDIA;BRADY
4970000;513.27;512.27;BRADYCARDIA;BRADY
4972000;513.09;512.09;BRADYCARDIA;BRADY
4974000;512.16;511.17;BRADYCARDIA;BRADY
4976000;513.38;512.39;BRADYCARDIA;BRADY
4978000;514.33;513.33;BRADYCARDIA;BRADY
4980000;512.96;511.96;BRADYCARDIA;BRADY
4982000;513.49;512.49;BRADYCARDIA;BRADY
4984000;512.19;511.20;BRADYCARDIA;BRADY
4986000;512.68;511.68;BRADYCARDIA;BRADY
4988000;513.40;512.40;BRADYCARDIA;BRADY
4990000;514.54;513.54;BRADYCARDIA;BRADY
4992000;512.45;511.45;BRADYCARDIA;BRADY
4994000;514.28;513.28;BRADYCARDIA;BRADY
4996000;514.73;513.73;BRADYCARDIA;BRADY
4998000;513.20;512.20;BRADYCARDIA;BRADY
5000000;513.99;512.99;BRADYCARDIA;BRADY
5002000;513.75;512.75;BRADYCARDIA;BRADY
5004000;512.50;511.50;BRADYCARDIA;BRADY
5006000;513.44;512.44;BRADYCARDIA;BRADY
5008000;513.50;512.50;BRADYCARDIA;BRADY
5010000;513.77;512.77;BRADYCARDIA;BRADY
5012000;512.93;511.93;BRADYCARDIA;BRADY
5014000;513.04;512.04;BRADYCARDIA;BRADY
5016000;514.47;513.47;BRADYCARDIA;BRADY
5018000;512.69;511.69;BRADYCARDIA;BRADY
5020000;514.08;513.08;BRADYCARDIA;BRADY
5022000;513.82;512.82;BRADYCARDIA;BRADY
5024000;514.75;513.75;BRADYCARDIA;BRADY
5026000;512.44;511.44;BRADYCARDIA;BRADY
5028000;513.80;512.80;BRADYCARDIA;BRADY
5030000;512.65;511.66;BRADYCARDIA;BRADY
5032000;512.77;511.77;BRADYCARDIA;BRADY
5034000;514.41;513.41;BRADYCARDIA;BRADY
5036000;512.01;511.01;BRADYCARDIA;BRADY
5038000;512.66;511.66;BRADYCARDIA;BRADY
5040000;513.97;512.98;BRADYCARDIA;BRADY
5042000;512.75;511.75;BRADYCARDIA;BRADY
5044000;515.47;514.47;BRADYCARDIA;BRADY
5046000;513.62;512.63;BRADYCARDIA;BRADY
5048000;513.96;512.96;BRADYCARDIA;BRADY
5050000;512.58;511.58;BRADYCARDIA;BRADY
5052000;512.62;511.63;BRADYCARDIA;BRADY
5054000;514.56;513.57;BRADYCARDIA;BRADY
5056000;513.24;512.24;BRADYCARDIA;BRADY
5058000;514.00;513.01;BRADYCARDIA;BRADY
5060000;513.86;512.86;BRADYCARDIA;BRADY
5062000;513.25;512.26;BRADYCARDIA;BRADY
5064000;512.62;511.62;BRADYCARDIA;BRADY
5066000;512.52;511.53;BRADYCARDIA;BRADY
5068000;513.09;512.09;BRADYCARDIA;BRADY
5070000;512.03;511.03;BRADYCARDIA;BRADY
5072000;515.43;514.43;BRADYCARDIA;BRADY
5074000;511.74;510.75;BRADYCARDIA;BRADY
5076000;513.90;512.90;BRADYCARDIA;BRADY
5078000;512.68;511.69;BRADYCARDIA;BRADY
5080000;512.28;511.29;BRADYCARDIA;BRADY
5082000;512.64;511.65;BRADYCARDIA;BRADY
5084000;514.13;513.14;BRADYCARDIA;BRADY
5086000;513.13;512.14;BRADYCARDIA;BRADY
5088000;512.68;511.69;BRADYCARDIA;BRADY
5090000;512.91;511.92;BRADYCARDIA;BRADY
5092000;512.89;511.90;BRADYCARDIA;BRADY
5094000;514.25;513.26;BRADYCARDIA;BRADY
5096000;512.84;511.85;BRADYCARDIA;BRADY
5098000;513.54;512.55;BRADYCARDIA;BRADY
5100000;513.01;512.02;BRADYCARDIA;BRADY
5102000;513.04;512.06;BRADYCARDIA;BRADY
5104000;512.99;512.01;BRADYCARDIA;BRADY
5106000;513.21;512.23;BRADYCARDIA;BRADY
5108000;512.22;511.23;BRADYCARDIA;BRADY
5110000;512.56;511.58;BRADYCARDIA;BRADY
5112000;513.63;512.65;BRADYCARDIA;BRADY
5114000;511.04;510.06;BRADYCARDIA;BRADY
5116000;513.72;512.74;BRADYCARDIA;BRADY
5118000;512.93;511.94;BRADYCARDIA;BRADY
5120000;513.15;512.16;BRADYCARDIA;BRADY
5122000;512.46;511.48;BRADYCARDIA;BRADY
5124000;512.23;511.25;BRADYCARDIA;BRADY
5126000;514.17;513.19;BRADYCARDIA;BRADY
5128000;512.81;511.83;BRADYCARDIA;BRADY
5130000;513.23;512.26;BRADYCARDIA;BRADY
5132000;512.88;511.90;BRADYCARDIA;BRADY
5134000;512.93;511.95;BRADYCARDIA;BRADY
5136000;510.90;509.92;BRADYCARDIA;BRADY
5138000;512.47;511.50;BRADYCARDIA;BRADY
5140000;512.98;512.00;BRADYCARDIA;BRADY
5142000;512.99;512.02;BRADYCARDIA;BRADY
5144000;512.04;511.07;BRADYCARDIA;BRADY
5146000;513.79;512.81;BRADYCARDIA;BRADY
5148000;512.64;511.67;BRADYCARDIA;BRADY
5150000;513.38;512.41;BRADYCARDIA;BRADY
5152000;513.04;512.07;BRADYCARDIA;BRADY
5154000;511.80;510.83;BRADYCARDIA;BRADY
5156000;514.03;513.06;BRADYCARDIA;BRADY
5158000;512.95;511.98;BRADYCARDIA;BRADY
5160000;514.39;513.42;BRADYCARDIA;BRADY
5162000;512.94;511.97;BRADYCARDIA;BRADY
5164000;513.54;512.57;BRADYCARDIA;BRADY
5166000;512.22;511.26;BRADYCARDIA;BRADY
5168000;512.78;511.81;BRADYCARDIA;BRADY
5170000;513.89;512.92;BRADYCARDIA;BRADY
5172000;513.37;512.41;BRADYCARDIA;BRADY
5174000;513.35;512.39;BRADYCARDIA;BRADY
5176000;512.45;511.49;BRADYCARDIA;BRADY
5178000;511.97;511.01;BRADYCARDIA;BRADY
5180000;512.81;511.85;BRADYCARDIA;BRADY
5182000;513.10;512.14;BRADYCARDIA;BRADY
5184000;512.39;511.43;BRADYCARDIA;BRADY
5186000;511.87;510.92;BRADYCARDIA;BRADY
5188000;510.91;509.95;BRADYCARDIA;BRADY
5190000;512.86;511.91;BRADYCARDIA;BRADY
5192000;511.79;510.83;BRADYCARDIA;BRADY
5194000;512.11;511.15;BRADYCARDIA;BRADY
5196000;511.57;510.62;BRADYCARDIA;BRADY
5198000;512.51;511.56;BRADYCARDIA;BRADY
5200000;514.01;513.06;BRADYCARDIA;BRADY
5202000;512.47;511.52;BRADYCARDIA;BRADY
5204000;514.00;513.05;BRADYCARDIA;BRADY
5206000;513.06;512.11;BRADYCARDIA;BRADY
5208000;512.62;511.67;BRADYCARDIA;BRADY
5210000;512.89;511.94;BRADYCARDIA;BRADY
5212000;511.99;511.04;BRADYCARDIA;BRADY
5214000;512.83;511.89;BRADYCARDIA;BRADY
5216000;513.69;512.75;BRADYCARDIA;BRADY
5218000;512.35;511.41;BRADYCARDIA;BRADY
5220000;513.45;512.51;BRADYCARDIA;BRADY
5222000;512.00;511.06;BRADYCARDIA;BRADY
5224000;511.43;510.49;BRADYCARDIA;BRADY
5226000;512.48;511.54;BRADYCARDIA;BRADY
5228000;512.78;511.84;BRADYCARDIA;BRADY
5230000;513.24;512.31;BRADYCARDIA;BRADY
5232000;513.17;512.23;BRADYCARDIA;BRADY
5234000;512.01;511.07;BRADYCARDIA;BRADY
5236000;512.17;511.24;BRADYCARDIA;BRADY
5238000;513.24;512.31;BRADYCARDIA;BRADY
5240000;511.80;510.87;BRADYCARDIA;BRADY
5242000;512.40;511.47;BRADYCARDIA;BRADY
5244000;513.85;512.92;BRADYCARDIA;BRADY
5246000;512.29;511.37;BRADYCARDIA;BRADY
5248000;513.64;512.71;BRADYCARDIA;BRADY
5250000;513.67;512.75;BRADYCARDIA;BRADY
5252000;512.54;511.62;BRADYCARDIA;BRADY
5254000;512.48;511.56;BRADYCARDIA;BRADY
5256000;513.26;512.34;BRADYCARDIA;BRADY
5258000;512.31;511.39;BRADYCARDIA;BRADY
5260000;512.18;511.26;BRADYCARDIA;BRADY
5262000;512.27;511.35;BRADYCARDIA;BRADY
5264000;513.18;512.27;BRADYCARDIA;BRADY
5266000;513.74;512.82;BRADYCARDIA;BRADY
5268000;513.21;512.30;BRADYCARDIA;BRADY
5270000;511.88;510.97;BRADYCARDIA;BRADY
5272000;513.50;512.59;BRADYCARDIA;BRADY
5274000;513.44;512.54;BRADYCARDIA;BRADY
5276000;513.03;512.13;BRADYCARDIA;BRADY
5278000;513.40;512.50;BRADYCARDIA;BRADY
5280000;512.23;511.32;BRADYCARDIA;BRADY
5282000;512.52;511.62;BRADYCARDIA;BRADY
5284000;513.30;512.40;BRADYCARDIA;BRADY
5286000;513.72;512.81;BRADYCARDIA;BRADY
5288000;513.45;512.55;BRADYCARDIA;BRADY
5290000;512.97;512.07;BRADYCARDIA;BRADY
5292000;512.18;511.28;BRADYCARDIA;BRADY
5294000;513.71;512.81;BRADYCARDIA;BRADY
5296000;514.51;513.61;BRADYCARDIA;BRADY
5298000;512.35;511.46;BRADYCARDIA;BRADY
5300000;512.84;511.94;BRADYCARDIA;BRADY
5302000;513.43;512.54;BRADYCARDIA;BRADY
5304000;513.48;512.59;BRADYCARDIA;BRADY
5306000;513.41;512.53;BRADYCARDIA;BRADY
5308000;514.18;513.29;BRADYCARDIA;BRADY
5310000;514.18;513.30;BRADYCARDIA;BRADY
5312000;512.58;511.69;BRADYCARDIA;BRADY
5314000;514.46;513.58;BRADYCARDIA;BRADY
5316000;512.86;511.98;BRADYCARDIA;BRADY
5318000;512.01;511.13;BRADYCARDIA;BRADY
5320000;513.02;512.15;BRADYCARDIA;BRADY
5322000;513.62;512.75;BRADYCARDIA;BRADY
5324000;512.70;511.83;BRADYCARDIA;BRADY
5326000;512.79;511.92;BRADYCARDIA;BRADY
5328000;513.01;512.14;BRADYCARDIA;BRADY
5330000;514.15;513.28;BRADYCARDIA;BRADY
5332000;512.37;511.50;BRADYCARDIA;BRADY
5334000;512.70;511.83;BRADYCARDIA;BRADY
5336000;512.99;512.12;BRADYCARDIA;BRADY
5338000;513.21;512.35;BRADYCARDIA;BRADY
5340000;512.54;511.68;BRADYCARDIA;BRADY
5342000;511.76;510.90;BRADYCARDIA;BRADY
5344000;512.71;511.85;BRADYCARDIA;BRADY
5346000;514.00;513.14;BRADYCARDIA;BRADY
5348000;512.76;511.91;BRADYCARDIA;BRADY
5350000;512.74;511.89;BRADYCARDIA;BRADY
5352000;513.72;512.87;BRADYCARDIA;BRADY
5354000;512.65;511.80;BRADYCARDIA;BRADY
5356000;514.22;513.37;BRADYCARDIA;BRADY
5358000;511.89;511.04;BRADYCARDIA;BRADY
5360000;513.45;512.60;BRADYCARDIA;BRADY
5362000;513.45;512.61;BRADYCARDIA;BRADY
5364000;512.05;511.21;BRADYCARDIA;BRADY
5366000;512.87;512.04;BRADYCARDIA;BRADY
5368000;511.09;510.26;BRADYCARDIA;BRADY
5370000;513.11;512.27;BRADYCARDIA;BRADY
5372000;511.65;510.81;BRADYCARDIA;BRADY
5374000;513.29;512.46;BRADYCARDIA;BRADY
5376000;512.30;511.47;BRADYCARDIA;BRADY
5378000;513.36;512.53;BRADYCARDIA;BRADY
5380000;513.36;512.53;BRADYCARDIA;BRADY
5382000;512.42;511.59;BRADYCARDIA;BRADY
5384000;512.63;511.81;BRADYCARDIA;BRADY
5386000;512.19;511.37;BRADYCARDIA;BRADY
5388000;512.50;511.68;BRADYCARDIA;BRADY
5390000;511.47;510.66;BRADYCARDIA;BRADY
5392000;513.01;512.19;BRADYCARDIA;BRADY
5394000;512.69;511.87;BRADYCARDIA;BRADY
5396000;511.80;510.99;BRADYCARDIA;BRADY
5398000;513.35;512.54;BRADYCARDIA;BRADY
5400000;511.12;510.32;BRADYCARDIA;BRADY
5402000;513.92;513.11;BRADYCARDIA;BRADY
5404000;511.80;511.00;BRADYCARDIA;BRADY
5406000;513.63;512.83;BRADYCARDIA;BRADY
5408000;512.54;511.73;BRADYCARDIA;BRADY
5410000;513.32;512.52;BRADYCARDIA;BRADY
5412000;512.88;512.08;BRADYCARDIA;BRADY
5414000;512.01;511.21;BRADYCARDIA;BRADY
5416000;512.20;511.40;BRADYCARDIA;BRADY
5418000;513.25;512.45;BRADYCARDIA;BRADY
5420000;513.41;512.62;BRADYCARDIA;BRADY
5422000;512.10;511.31;BRADYCARDIA;BRADY
5424000;512.23;511.44;BRADYCARDIA;BRADY
5426000;512.72;511.94;BRADYCARDIA;BRADY
5428000;512.03;511.24;BRADYCARDIA;BRADY
5430000;510.91;510.13;BRADYCARDIA;BRADY
5432000;512.50;511.72;BRADYCARDIA;BRADY
5434000;513.60;512.82;BRADYCARDIA;BRADY
5436000;511.38;510.60;BRADYCARDIA;BRADY
5438000;511.59;510.82;BRADYCARDIA;BRADY
5440000;513.37;512.60;BRADYCARDIA;BRADY
5442000;512.55;511.78;BRADYCARDIA;BRADY
5444000;511.72;510.96;BRADYCARDIA;BRADY
5446000;511.29;510.52;BRADYCARDIA;BRADY
5448000;511.88;511.12;BRADYCARDIA;BRADY
5450000;512.54;511.78;BRADYCARDIA;BRADY
5452000;512.61;511.85;BRADYCARDIA;BRADY
5454000;511.94;511.18;BRADYCARDIA;BRADY
5456000;513.04;512.29;BRADYCARDIA;BRADY
5458000;512.95;512.20;BRADYCARDIA;BRADY
5460000;512.41;511.66;BRADYCARDIA;BRADY
5462000;514.37;513.62;BRADYCARDIA;BRADY
5464000;512.63;511.88;BRADYCARDIA;BRADY
5466000;513.21;512.46;BRADYCARDIA;BRADY
5468000;513.28;512.54;BRADYCARDIA;BRADY
5470000;513.92;513.18;BRADYCARDIA;BRADY
5472000;513.11;512.37;BRADYCARDIA;BRADY
5474000;512.17;511.43;BRADYCARDIA;BRADY
5476000;513.34;512.61;BRADYCARDIA;BRADY
5478000;511.88;511.15;BRADYCARDIA;BRADY
5480000;513.46;512.73;BRADYCARDIA;BRADY
5482000;512.35;511.63;BRADYCARDIA;BRADY
5484000;512.22;511.50;BRADYCARDIA;BRADY
5486000;513.43;512.71;BRADYCARDIA;BRADY
5488000;509.57;508.85;BRADYCARDIA;BRADY
5490000;513.32;512.60;BRADYCARDIA;BRADY
5492000;512.90;512.18;BRADYCARDIA;BRADY
5494000;511.73;511.02;BRADYCARDIA;BRADY
5496000;512.50;511.79;BRADYCARDIA;BRADY
5498000;512.59;511.88;BRADYCARDIA;BRADY
5500000;512.95;512.24;BRADYCARDIA;BRADY
5502000;511.94;511.23;BRADYCARDIA;BRADY
5504000;513.01;512.31;BRADYCARDIA;BRADY
5506000;511.67;510.97;BRADYCARDIA;BRADY
5508000;513.03;512.33;BRADYCARDIA;BRADY
5510000;513.44;512.74;BRADYCARDIA;BRADY
5512000;511.47;510.78;BRADYCARDIA;BRADY
5514000;512.09;511.40;BRADYCARDIA;BRADY
5516000;512.93;512.24;BRADYCARDIA;BRADY
5518000;512.99;512.30;BRADYCARDIA;BRADY
5520000;512.32;511.63;BRADYCARDIA;BRADY
5522000;511.09;510.41;BRADYCARDIA;BRADY
5524000;512.73;512.05;BRADYCARDIA;BRADY
5526000;511.67;510.99;BRADYCARDIA;BRADY
5528000;511.19;510.51;BRADYCARDIA;BRADY
5530000;513.26;512.59;BRADYCARDIA;BRADY
5532000;511.47;510.80;BRADYCARDIA;BRADY
5534000;511.43;510.76;BRADYCARDIA;BRADY
5536000;511.78;511.11;BRADYCARDIA;BRADY
5538000;513.25;512.59;BRADYCARDIA;BRADY
5540000;512.33;511.67;BRADYCARDIA;BRADY
5542000;512.55;511.89;BRADYCARDIA;BRADY
5544000;513.43;512.77;BRADYCARDIA;BRADY
5546000;512.21;511.56;BRADYCARDIA;BRADY
5548000;512.65;512.00;BRADYCARDIA;BRADY
5550000;511.40;510.75;BRADYCARDIA;BRADY
5552000;513.01;512.36;BRADYCARDIA;BRADY
5554000;512.98;512.34;BRADYCARDIA;BRADY
5556000;512.62;511.98;BRADYCARDIA;BRADY
5558000;512.26;511.62;BRADYCARDIA;BRADY
5560000;511.46;510.82;BRADYCARDIA;BRADY
5562000;512.31;511.68;BRADYCARDIA;BRADY
5564000;512.05;511.42;BRADYCARDIA;BRADY
5566000;512.33;511.70;BRADYCARDIA;BRADY
5568000;513.54;512.91;BRADYCARDIA;BRADY
5570000;513.33;512.71;BRADYCARDIA;BRADY
5572000;512.63;512.01;BRADYCARDIA;BRADY
5574000;512.73;512.11;BRADYCARDIA;BRADY
5576000;512.19;511.58;BRADYCARDIA;BRADY
5578000;513.23;512.61;BRADYCARDIA;BRADY
5580000;512.32;511.71;BRADYCARDIA;BRADY
5582000;510.70;510.09;BRADYCARDIA;BRADY
5584000;512.22;511.62;BRADYCARDIA;BRADY
5586000;511.67;511.07;BRADYCARDIA;BRADY
5588000;512.14;511.54;BRADYCARDIA;BRADY
5590000;513.25;512.64;BRADYCARDIA;BRADY
5592000;513.10;512.51;BRADYCARDIA;BRADY
5594000;513.31;512.71;BRADYCARDIA;BRADY
5596000;513.48;512.89;BRADYCARDIA;BRADY
5598000;512.56;511.96;BRADYCARDIA;BRADY
5600000;511.67;511.08;BRADYCARDIA;BRADY
5602000;511.56;510.97;BRADYCARDIA;BRADY
5604000;512.57;511.99;BRADYCARDIA;BRADY
5606000;513.29;512.71;BRADYCARDIA;BRADY
5608000;512.65;512.07;BRADYCARDIA;BRADY
5610000;511.91;511.34;BRADYCARDIA;BRADY
5612000;512.85;512.28;BRADYCARDIA;BRADY
5614000;512.11;511.54;BRADYCARDIA;BRADY
5616000;512.38;511.82;BRADYCARDIA;BRADY
5618000;514.11;513.55;BRADYCARDIA;BRADY
5620000;511.28;510.72;BRADYCARDIA;BRADY
5622000;513.18;512.62;BRADYCARDIA;BRADY
5624000;511.53;510.97;BRADYCARDIA;BRADY
5626000;512.92;512.37;BRADYCARDIA;BRADY
5628000;513.45;512.90;BRADYCARDIA;BRADY
5630000;511.56;511.01;BRADYCARDIA;BRADY
5632000;511.62;511.07;BRADYCARDIA;BRADY
5634000;512.84;512.30;BRADYCARDIA;BRADY
5636000;510.44;509.90;BRADYCARDIA;BRADY
5638000;510.91;510.37;BRADYCARDIA;BRADY
5640000;513.97;513.44;BRADYCARDIA;BRADY
5642000;514.22;513.69;BRADYCARDIA;BRADY
5644000;512.50;511.97;BRADYCARDIA;BRADY
5646000;511.90;511.37;BRADYCARDIA;BRADY
5648000;512.64;512.11;BRADYCARDIA;BRADY
5650000;511.57;511.05;BRADYCARDIA;BRADY
5652000;512.18;511.66;BRADYCARDIA;BRADY
5654000;512.37;511.85;BRADYCARDIA;BRADY
5656000;512.27;511.75;BRADYCARDIA;BRADY
5658000;513.83;513.32;BRADYCARDIA;BRADY
5660000;511.88;511.37;BRADYCARDIA;BRADY
5662000;513.44;512.93;BRADYCARDIA;BRADY
5664000;511.63;511.13;BRADYCARDIA;BRADY
5666000;511.19;510.69;BRADYCARDIA;BRADY
5668000;513.47;512.97;BRADYCARDIA;BRADY
5670000;512.36;511.86;BRADYCARDIA;BRADY
5672000;513.29;512.80;BRADYCARDIA;BRADY
5674000;512.54;512.05;BRADYCARDIA;BRADY
5676000;511.68;511.19;BRADYCARDIA;BRADY
5678000;511.10;510.62;BRADYCARDIA;BRADY
5680000;512.63;512.15;BRADYCARDIA;BRADY
5682000;512.43;511.95;BRADYCARDIA;BRADY
5684000;513.33;512.86;BRADYCARDIA;BRADY
5686000;511.25;510.78;BRADYCARDIA;BRADY
5688000;511.48;511.01;BRADYCARDIA;BRADY
5690000;512.28;511.81;BRADYCARDIA;BRADY
5692000;513.13;512.67;BRADYCARDIA;BRADY
5694000;511.45;510.99;BRADYCARDIA;BRADY
5696000;514.47;514.01;BRADYCARDIA;BRADY
5698000;512.16;511.70;BRADYCARDIA;BRADY
5700000;513.00;512.55;BRADYCARDIA;BRADY
5702000;511.77;511.32;BRADYCARDIA;BRADY
5704000;513.83;513.38;BRADYCARDIA;BRADY
5706000;511.22;510.77;BRADYCARDIA;BRADY
5708000;514.05;513.61;BRADYCARDIA;BRADY
5710000;512.42;511.98;BRADYCARDIA;BRADY
5712000;512.78;512.34;BRADYCARDIA;BRADY
5714000;512.61;512.18;BRADYCARDIA;BRADY
5716000;511.78;511.34;BRADYCARDIA;BRADY
5718000;511.81;511.38;BRADYCARDIA;BRADY
5720000;512.04;511.62;BRADYCARDIA;BRADY
5722000;511.94;511.52;BRADYCARDIA;BRADY
5724000;512.01;511.59;BRADYCARDIA;BRADY
5726000;511.86;511.44;BRADYCARDIA;BRADY
5728000;510.81;510.40;BRADYCARDIA;BRADY
5730000;512.14;511.73;BRADYCARDIA;BRADY
5732000;513.08;512.68;BRADYCARDIA;BRADY
5734000;514.02;513.61;BRADYCARDIA;BRADY
5736000;512.10;511.69;BRADYCARDIA;BRADY
5738000;513.11;512.71;BRADYCARDIA;BRADY
5740000;511.99;511.60;BRADYCARDIA;BRADY
5742000;511.62;511.22;BRADYCARDIA;BRADY
5744000;512.15;511.76;BRADYCARDIA;BRADY
5746000;513.62;513.23;BRADYCARDIA;BRADY
5748000;513.03;512.65;BRADYCARDIA;BRADY
5750000;512.00;511.62;BRADYCARDIA;BRADY
5752000;511.51;511.13;BRADYCARDIA;BRADY
5754000;512.33;511.95;BRADYCARDIA;BRADY
5756000;512.27;511.90;BRADYCARDIA;BRADY
5758000;512.98;512.61;BRADYCARDIA;BRADY
5760000;513.55;513.18;BRADYCARDIA;BRADY
5762000;511.83;511.47;BRADYCARDIA;BRADY
5764000;513.17;512.81;BRADYCARDIA;BRADY
5766000;513.34;512.99;BRADYCARDIA;BRADY
5768000;511.72;511.37;BRADYCARDIA;BRADY
5770000;512.87;512.52;BRADYCARDIA;BRADY
5772000;512.80;512.45;BRADYCARDIA;BRADY
5774000;511.82;511.47;BRADYCARDIA;BRADY
5776000;511.67;511.32;BRADYCARDIA;BRADY
5778000;512.72;512.37;BRADYCARDIA;BRADY
5780000;513.37;513.04;BRADYCARDIA;BRADY
5782000;512.02;511.69;BRADYCARDIA;BRADY
5784000;512.03;511.70;BRADYCARDIA;BRADY
5786000;511.65;511.32;BRADYCARDIA;BRADY
5788000;513.27;512.95;BRADYCARDIA;BRADY
5790000;513.05;512.73;BRADYCARDIA;BRADY
5792000;513.31;512.99;BRADYCARDIA;BRADY
5794000;512.55;512.23;BRADYCARDIA;BRADY
5796000;514.50;514.19;BRADYCARDIA;BRADY
5798000;512.41;512.10;BRADYCARDIA;BRADY
5800000;512.75;512.44;BRADYCARDIA;BRADY
5802000;513.67;513.36;BRADYCARDIA;BRADY
5804000;512.09;511.79;BRADYCARDIA;BRADY
5806000;513.46;513.16;BRADYCARDIA;BRADY
5808000;512.29;512.00;BRADYCARDIA;BRADY
5810000;513.01;512.72;BRADYCARDIA;BRADY
5812000;512.03;511.74;BRADYCARDIA;BRADY
5814000;512.73;512.44;BRADYCARDIA;BRADY
5816000;512.53;512.24;BRADYCARDIA;BRADY
5818000;511.43;511.15;BRADYCARDIA;BRADY
5820000;514.16;513.88;BRADYCARDIA;BRADY
5822000;513.89;513.62;BRADYCARDIA;BRADY
5824000;511.08;510.80;BRADYCARDIA;BRADY
5826000;511.93;511.66;BRADYCARDIA;BRADY
5828000;512.78;512.51;BRADYCARDIA;BRADY
5830000;513.47;513.21;BRADYCARDIA;BRADY
5832000;512.70;512.44;BRADYCARDIA;BRADY
5834000;512.83;512.57;BRADYCARDIA;BRADY
5836000;512.82;512.57;BRADYCARDIA;BRADY
5838000;511.81;511.56;BRADYCARDIA;BRADY
5840000;511.50;511.26;BRADYCARDIA;BRADY
5842000;511.92;511.68;BRADYCARDIA;BRADY
5844000;511.69;511.45;BRADYCARDIA;BRADY
5846000;512.08;511.84;BRADYCARDIA;BRADY
5848000;514.16;513.93;BRADYCARDIA;BRADY
5850000;511.39;511.16;BRADYCARDIA;BRADY
5852000;512.42;512.19;BRADYCARDIA;BRADY
5854000;513.71;513.48;BRADYCARDIA;BRADY
5856000;512.95;512.73;BRADYCARDIA;BRADY
5858000;511.07;510.85;BRADYCARDIA;BRADY
5860000;513.69;513.47;BRADYCARDIA;BRADY
5862000;512.84;512.63;BRADYCARDIA;BRADY
5864000;511.85;511.64;BRADYCARDIA;BRADY
5866000;512.42;512.22;BRADYCARDIA;BRADY
5868000;512.62;512.41;BRADYCARDIA;BRADY
5870000;512.54;512.34;BRADYCARDIA;BRADY
5872000;512.71;512.51;BRADYCARDIA;BRADY
5874000;513.30;513.11;BRADYCARDIA;BRADY
5876000;512.15;511.96;BRADYCARDIA;BRADY
5878000;512.00;511.81;BRADYCARDIA;BRADY
5880000;511.83;511.64;BRADYCARDIA;BRADY
5882000;512.94;512.75;BRADYCARDIA;BRADY
5884000;512.31;512.13;BRADYCARDIA;BRADY
5886000;511.54;511.36;BRADYCARDIA;BRADY
5888000;511.11;510.94;BRADYCARDIA;BRADY
5890000;512.84;512.67;BRADYCARDIA;BRADY
5892000;511.24;511.07;BRADYCARDIA;BRADY
5894000;512.58;512.41;BRADYCARDIA;BRADY
5896000;511.88;511.72;BRADYCARDIA;BRADY
5898000;512.71;512.55;BRADYCARDIA;BRADY
5900000;511.44;511.29;BRADYCARDIA;BRADY
5902000;512.70;512.54;BRADYCARDIA;BRADY
5904000;511.16;511.01;BRADYCARDIA;BRADY
5906000;511.82;511.68;BRADYCARDIA;BRADY
5908000;512.07;511.93;BRADYCARDIA;BRADY
5910000;511.89;511.75;BRADYCARDIA;BRADY
5912000;510.72;510.58;BRADYCARDIA;BRADY
5914000;512.88;512.74;BRADYCARDIA;BRADY
5916000;512.72;512.59;BRADYCARDIA;BRADY
5918000;511.55;511.42;BRADYCARDIA;BRADY
5920000;512.21;512.08;BRADYCARDIA;BRADY
5922000;512.07;511.95;BRADYCARDIA;BRADY
5924000;512.46;512.34;BRADYCARDIA;BRADY
5926000;513.10;512.98;BRADYCARDIA;BRADY
5928000;511.23;511.12;BRADYCARDIA;BRADY
5930000;511.32;511.21;BRADYCARDIA;BRADY
5932000;512.00;511.90;BRADYCARDIA;BRADY
5934000;511.59;511.48;BRADYCARDIA;BRADY
5936000;514.31;514.21;BRADYCARDIA;BRADY
5938000;512.93;512.83;BRADYCARDIA;BRADY
5940000;511.39;511.29;BRADYCARDIA;BRADY
5942000;513.17;513.07;BRADYCARDIA;BRADY
5944000;514.24;514.15;BRADYCARDIA;BRADY
5946000;513.29;513.20;BRADYCARDIA;BRADY
5948000;512.82;512.74;BRADYCARDIA;BRADY
5950000;512.19;512.11;BRADYCARDIA;BRADY
5952000;511.42;511.35;BRADYCARDIA;BRADY
5954000;511.04;510.96;BRADYCARDIA;BRADY
5956000;511.84;511.77;BRADYCARDIA;BRADY
5958000;512.50;512.44;BRADYCARDIA;BRADY
5960000;510.99;510.93;BRADYCARDIA;BRADY
5962000;512.99;512.93;BRADYCARDIA;BRADY
5964000;510.36;510.30;BRADYCARDIA;BRADY
5966000;513.07;513.02;BRADYCARDIA;BRADY
5968000;512.70;512.65;BRADYCARDIA;BRADY
5970000;512.64;512.59;BRADYCARDIA;BRADY
5972000;510.76;510.71;BRADYCARDIA;BRADY
5974000;511.14;511.10;BRADYCARDIA;BRADY
5976000;512.13;512.09;BRADYCARDIA;BRADY
5978000;512.20;512.17;BRADYCARDIA;BRADY
5980000;513.07;513.04;BRADYCARDIA;BRADY
5982000;513.27;513.25;BRADYCARDIA;BRADY
5984000;511.89;511.87;BRADYCARDIA;BRADY
5986000;512.02;511.99;BRADYCARDIA;BRADY
5988000;512.70;512.68;BRADYCARDIA;BRADY
5990000;511.79;511.77;BRADYCARDIA;BRADY
5992000;512.13;512.12;BRADYCARDIA;BRADY
5994000;512.21;512.20;BRADYCARDIA;BRADY
5996000;512.29;512.28;BRADYCARDIA;BRADY
5998000;511.63;511.62;BRADYCARDIA;BRADY
6000000;511.06;511.06;BRADYCARDIA;BRADY
6002000;512.04;512.04;BRADYCARDIA;BRADY
6004000;512.54;512.55;BRADYCARDIA;BRADY
6006000;512.00;512.01;BRADYCARDIA;BRADY
6008000;512.69;512.70;BRADYCARDIA;BRADY
6010000;511.91;511.92;BRADYCARDIA;BRADY
6012000;512.47;512.49;BRADYCARDIA;BRADY
6014000;511.25;511.27;BRADYCARDIA;BRADY
6016000;512.82;512.85;BRADYCARDIA;BRADY
6018000;511.86;511.89;BRADYCARDIA;BRADY
6020000;511.57;511.60;BRADYCARDIA;BRADY
6022000;511.78;511.81;BRADYCARDIA;BRADY
6024000;512.95;512.99;BRADYCARDIA;BRADY
6026000;511.77;511.81;BRADYCARDIA;BRADY
6028000;512.24;512.28;BRADYCARDIA;BRADY
6030000;512.06;512.11;BRADYCARDIA;BRADY
6032000;511.12;511.17;BRADYCARDIA;BRADY
6034000;510.78;510.83;BRADYCARDIA;BRADY
6036000;513.58;513.64;BRADYCARDIA;BRADY
6038000;511.14;511.19;BRADYCARDIA;BRADY
6040000;512.89;512.95;BRADYCARDIA;BRADY
6042000;512.47;512.53;BRADYCARDIA;BRADY
6044000;512.10;512.17;BRADYCARDIA;BRADY
6046000;512.55;512.62;BRADYCARDIA;BRADY
6048000;511.10;511.17;BRADYCARDIA;BRADY
6050000;511.35;511.42;BRADYCARDIA;BRADY
6052000;509.84;509.92;BRADYCARDIA;BRADY
6054000;512.31;512.39;BRADYCARDIA;BRADY
6056000;510.98;511.06;BRADYCARDIA;BRADY
6058000;512.49;512.59;BRADYCARDIA;BRADY
6060000;512.07;512.16;BRADYCARDIA;BRADY
6062000;510.77;510.87;BRADYCARDIA;BRADY
6064000;514.46;514.56;BRADYCARDIA;BRADY
6066000;511.61;511.71;BRADYCARDIA;BRADY
6068000;513.11;513.21;BRADYCARDIA;BRADY
6070000;511.03;511.14;BRADYCARDIA;BRADY
6072000;510.88;510.99;BRADYCARDIA;BRADY
6074000;512.28;512.39;BRADYCARDIA;BRADY
6076000;512.48;512.60;BRADYCARDIA;BRADY
6078000;511.27;511.39;BRADYCARDIA;BRADY
6080000;511.26;511.39;BRADYCARDIA;BRADY
6082000;511.46;511.59;BRADYCARDIA;BRADY
6084000;511.66;511.79;BRADYCARDIA;BRADY
6086000;512.06;512.20;BRADYCARDIA;BRADY
6088000;510.42;510.56;BRADYCARDIA;BRADY
6090000;512.63;512.78;BRADYCARDIA;BRADY
6092000;511.28;511.43;BRADYCARDIA;BRADY
6094000;513.08;513.23;BRADYCARDIA;BRADY
6096000;511.45;511.60;BRADYCARDIA;BRADY
6098000;510.84;511.00;BRADYCARDIA;BRADY
6100000;512.52;512.67;BRADYCARDIA;BRADY
6102000;513.12;513.28;BRADYCARDIA;BRADY
6104000;510.40;510.56;BRADYCARDIA;BRADY
6106000;510.98;511.15;BRADYCARDIA;BRADY
6108000;512.03;512.20;BRADYCARDIA;BRADY
6110000;510.86;511.03;BRADYCARDIA;BRADY
6112000;512.88;513.06;BRADYCARDIA;BRADY
6114000;512.73;512.91;BRADYCARDIA;BRADY
6116000;511.86;512.04;BRADYCARDIA;BRADY
6118000;510.59;510.77;BRADYCARDIA;BRADY
6120000;512.90;513.08;BRADYCARDIA;BRADY
6122000;512.65;512.84;BRADYCARDIA;BRADY
6124000;510.92;511.12;BRADYCARDIA;BRADY
6126000;511.65;511.85;BRADYCARDIA;BRADY
6128000;511.64;511.84;BRADYCARDIA;BRADY
6130000;512.07;512.27;BRADYCARDIA;BRADY
6132000;511.27;511.48;BRADYCARDIA;BRADY
6134000;511.15;511.36;BRADYCARDIA;BRADY
6136000;511.82;512.04;BRADYCARDIA;BRADY
6138000;511.33;511.55;BRADYCARDIA;BRADY
6140000;511.92;512.14;BRADYCARDIA;BRADY
6142000;512.13;512.35;BRADYCARDIA;BRADY
6144000;511.14;511.37;BRADYCARDIA;BRADY
6146000;512.12;512.35;BRADYCARDIA;BRADY
6148000;511.90;512.13;BRADYCARDIA;BRADY
6150000;511.91;512.14;BRADYCARDIA;BRADY
6152000;513.18;513.41;BRADYCARDIA;BRADY
6154000;512.66;512.90;BRADYCARDIA;BRADY
6156000;512.84;513.08;BRADYCARDIA;BRADY
6158000;512.40;512.65;BRADYCARDIA;BRADY
6160000;511.40;511.65;BRADYCARDIA;BRADY
6162000;513.09;513.34;BRADYCARDIA;BRADY
6164000;511.67;511.92;BRADYCARDIA;BRADY
6166000;513.12;513.38;BRADYCARDIA;BRADY
6168000;511.37;511.63;BRADYCARDIA;BRADY
6170000;511.19;511.45;BRADYCARDIA;BRADY
6172000;511.14;511.41;BRADYCARDIA;BRADY
6174000;509.77;510.04;BRADYCARDIA;BRADY
6176000;511.44;511.72;BRADYCARDIA;BRADY
6178000;510.36;510.63;BRADYCARDIA;BRADY
6180000;511.87;512.15;BRADYCARDIA;BRADY
6182000;511.43;511.71;BRADYCARDIA;BRADY
6184000;510.80;511.08;BRADYCARDIA;BRADY
6186000;512.07;512.36;BRADYCARDIA;BRADY
6188000;510.14;510.43;BRADYCARDIA;BRADY
6190000;511.25;511.54;BRADYCARDIA;BRADY
6192000;513.20;513.50;BRADYCARDIA;BRADY
6194000;512.10;512.40;BRADYCARDIA;BRADY
6196000;512.34;512.64;BRADYCARDIA;BRADY
6198000;510.98;511.28;BRADYCARDIA;BRADY
6200000;511.19;511.49;BRADYCARDIA;BRADY
6202000;511.73;512.04;BRADYCARDIA;BRADY
6204000;510.11;510.42;BRADYCARDIA;BRADY
6206000;510.10;510.42;BRADYCARDIA;BRADY
6208000;511.59;511.91;BRADYCARDIA;BRADY
6210000;511.94;512.26;BRADYCARDIA;BRADY
6212000;514.00;514.32;BRADYCARDIA;BRADY
6214000;511.59;511.92;BRADYCARDIA;BRADY
6216000;510.73;511.06;BRADYCARDIA;BRADY
6218000;512.98;513.32;BRADYCARDIA;BRADY
6220000;510.13;510.47;BRADYCARDIA;BRADY
6222000;511.54;511.88;BRADYCARDIA;BRADY
6224000;511.61;511.95;BRADYCARDIA;BRADY
6226000;511.95;512.30;BRADYCARDIA;BRADY
6228000;511.46;511.81;BRADYCARDIA;BRADY
6230000;512.65;513.00;BRADYCARDIA;BRADY
6232000;511.77;512.13;BRADYCARDIA;BRADY
6234000;510.86;511.22;BRADYCARDIA;BRADY
6236000;510.81;511.18;BRADYCARDIA;BRADY
6238000;511.65;512.01;BRADYCARDIA;BRADY
6240000;512.81;513.18;BRADYCARDIA;BRADY
6242000;511.42;511.79;BRADYCARDIA;BRADY
6244000;511.82;512.20;BRADYCARDIA;BRADY
6246000;512.13;512.50;BRADYCARDIA;BRADY
6248000;512.07;512.45;BRADYCARDIA;BRADY
6250000;511.46;511.85;BRADYCARDIA;BRADY
6252000;511.63;512.02;BRADYCARDIA;BRADY
6254000;511.87;512.26;BRADYCARDIA;BRADY
6256000;511.70;512.09;BRADYCARDIA;BRADY
6258000;511.79;512.18;BRADYCARDIA;BRADY
6260000;511.39;511.79;BRADYCARDIA;BRADY
6262000;510.89;511.29;BRADYCARDIA;BRADY
6264000;512.05;512.45;BRADYCARDIA;BRADY
6266000;511.70;512.11;BRADYCARDIA;BRADY
6268000;512.32;512.73;BRADYCARDIA;BRADY
6270000;510.10;510.51;BRADYCARDIA;BRADY
6272000;511.36;511.78;BRADYCARDIA;BRADY
6274000;511.16;511.57;BRADYCARDIA;BRADY
6276000;512.20;512.62;BRADYCARDIA;BRADY
6278000;513.63;514.05;BRADYCARDIA;BRADY
6280000;510.60;511.02;BRADYCARDIA;BRADY
6282000;513.22;513.65;BRADYCARDIA;BRADY
6284000;510.79;511.22;BRADYCARDIA;BRADY
6286000;512.58;513.01;BRADYCARDIA;BRADY
6288000;511.26;511.70;BRADYCARDIA;BRADY
6290000;512.02;512.46;BRADYCARDIA;BRADY
6292000;512.28;512.72;BRADYCARDIA;BRADY
6294000;510.51;510.95;BRADYCARDIA;BRADY
6296000;512.31;512.76;BRADYCARDIA;BRADY
6298000;512.52;512.97;BRADYCARDIA;BRADY
6300000;511.58;512.03;BRADYCARDIA;BRADY
6302000;513.09;513.54;BRADYCARDIA;BRADY
6304000;511.48;511.94;BRADYCARDIA;BRADY
6306000;512.22;512.68;BRADYCARDIA;BRADY
6308000;511.86;512.32;BRADYCARDIA;BRADY
6310000;511.02;511.49;BRADYCARDIA;BRADY
6312000;510.73;511.20;BRADYCARDIA;BRADY
6314000;511.69;512.16;BRADYCARDIA;BRADY
6316000;510.09;510.57;BRADYCARDIA;BRADY
6318000;511.62;512.10;BRADYCARDIA;BRADY
6320000;510.58;511.06;BRADYCARDIA;BRADY
6322000;510.95;511.43;BRADYCARDIA;BRADY
6324000;511.93;512.42;BRADYCARDIA;BRADY
6326000;510.71;511.20;BRADYCARDIA;BRADY
6328000;509.87;510.36;BRADYCARDIA;BRADY
6330000;512.51;513.00;BRADYCARDIA;BRADY
6332000;512.26;512.76;BRADYCARDIA;BRADY
6334000;511.85;512.35;BRADYCARDIA;BRADY
6336000;511.30;511.81;BRADYCARDIA;BRADY
6338000;511.42;511.92;BRADYCARDIA;BRADY
6340000;510.89;511.40;BRADYCARDIA;BRADY
6342000;511.51;512.02;BRADYCARDIA;BRADY
6344000;511.76;512.28;BRADYCARDIA;BRADY
6346000;511.73;512.25;BRADYCARDIA;BRADY
6348000;511.38;511.90;BRADYCARDIA;BRADY
6350000;509.84;510.37;BRADYCARDIA;BRADY
6352000;511.94;512.47;BRADYCARDIA;BRADY
6354000;512.32;512.85;BRADYCARDIA;BRADY
6356000;511.22;511.75;BRADYCARDIA;BRADY
6358000;511.17;511.70;BRADYCARDIA;BRADY
6360000;511.32;511.85;BRADYCARDIA;BRADY
6362000;512.33;512.87;BRADYCARDIA;BRADY
6364000;511.11;511.65;BRADYCARDIA;BRADY
6366000;511.49;512.03;BRADYCARDIA;BRADY
6368000;511.10;511.65;BRADYCARDIA;BRADY
6370000;510.45;511.00;BRADYCARDIA;BRADY
6372000;510.49;511.04;BRADYCARDIA;BRADY
6374000;511.50;512.05;BRADYCARDIA;BRADY
6376000;511.66;512.21;BRADYCARDIA;BRADY
6378000;512.74;513.29;BRADYCARDIA;BRADY
6380000;511.52;512.08;BRADYCARDIA;BRADY
6382000;510.94;511.51;BRADYCARDIA;BRADY
6384000;510.67;511.23;BRADYCARDIA;BRADY
6386000;511.52;512.09;BRADYCARDIA;BRADY
6388000;512.24;512.81;BRADYCARDIA;BRADY
6390000;511.89;512.47;BRADYCARDIA;BRADY
6392000;512.19;512.77;BRADYCARDIA;BRADY
6394000;510.61;511.19;BRADYCARDIA;BRADY
6396000;511.59;512.17;BRADYCARDIA;BRADY
6398000;511.55;512.13;BRADYCARDIA;BRADY
6400000;512.19;512.78;BRADYCARDIA;BRADY
6402000;511.57;512.16;BRADYCARDIA;BRADY
6404000;512.02;512.61;BRADYCARDIA;BRADY
6406000;511.58;512.17;BRADYCARDIA;BRADY
6408000;512.10;512.70;BRADYCARDIA;BRADY
6410000;512.05;512.65;BRADYCARDIA;BRADY
6412000;510.32;510.92;BRADYCARDIA;BRADY
6414000;511.36;511.97;BRADYCARDIA;BRADY
6416000;512.24;512.85;BRADYCARDIA;BRADY
6418000;509.70;510.31;BRADYCARDIA;BRADY
6420000;510.67;511.29;BRADYCARDIA;BRADY
6422000;512.21;512.83;BRADYCARDIA;BRADY
6424000;512.72;513.33;BRADYCARDIA;BRADY
6426000;512.76;513.38;BRADYCARDIA;BRADY
6428000;512.60;513.22;BRADYCARDIA;BRADY
6430000;512.17;512.80;BRADYCARDIA;BRADY
6432000;511.29;511.91;BRADYCARDIA;BRADY
6434000;510.92;511.55;BRADYCARDIA;BRADY
6436000;510.25;510.88;BRADYCARDIA;BRADY
6438000;511.83;512.46;BRADYCARDIA;BRADY
6440000;511.53;512.17;BRADYCARDIA;BRADY
6442000;511.83;512.47;BRADYCARDIA;BRADY
6444000;512.34;512.98;BRADYCARDIA;BRADY
6446000;511.20;511.84;BRADYCARDIA;BRADY
6448000;512.03;512.68;BRADYCARDIA;BRADY
6450000;510.54;511.19;BRADYCARDIA;BRADY
6452000;511.52;512.17;BRADYCARDIA;BRADY
6454000;512.00;512.66;BRADYCARDIA;BRADY
6456000;510.42;511.08;BRADYCARDIA;BRADY
6458000;511.31;511.97;BRADYCARDIA;BRADY
6460000;510.75;511.41;BRADYCARDIA;BRADY
6462000;510.74;511.40;BRADYCARDIA;BRADY
6464000;512.05;512.71;BRADYCARDIA;BRADY
6466000;512.31;512.98;BRADYCARDIA;BRADY
6468000;510.59;511.27;BRADYCARDIA;BRADY
6470000;511.74;512.42;BRADYCARDIA;BRADY
6472000;510.99;511.66;BRADYCARDIA;BRADY
6474000;511.11;511.79;BRADYCARDIA;BRADY
6476000;510.38;511.06;BRADYCARDIA;BRADY
6478000;513.04;513.73;BRADYCARDIA;BRADY
6480000;510.25;510.93;BRADYCARDIA;BRADY
6482000;511.25;511.94;BRADYCARDIA;BRADY
6484000;510.88;511.57;BRADYCARDIA;BRADY
6486000;510.87;511.57;BRADYCARDIA;BRADY
6488000;511.64;512.33;BRADYCARDIA;BRADY
6490000;511.91;512.61;BRADYCARDIA;BRADY
6492000;512.10;512.80;BRADYCARDIA;BRADY
6494000;512.06;512.76;BRADYCARDIA;BRADY
6496000;510.79;511.49;BRADYCARDIA;BRADY
6498000;512.41;513.12;BRADYCARDIA;BRADY
6500000;511.05;511.75;BRADYCARDIA;BRADY
6502000;512.61;513.32;BRADYCARDIA;BRADY
6504000;511.51;512.23;BRADYCARDIA;BRADY
6506000;511.28;511.99;BRADYCARDIA;BRADY
6508000;510.49;511.21;BRADYCARDIA;BRADY
6510000;513.20;513.92;BRADYCARDIA;BRADY
6512000;512.33;513.05;BRADYCARDIA;BRADY
6514000;510.13;510.85;BRADYCARDIA;BRADY
6516000;511.53;512.25;BRADYCARDIA;BRADY
6518000;511.34;512.07;BRADYCARDIA;BRADY
6520000;511.30;512.03;BRADYCARDIA;BRADY
6522000;512.10;512.83;BRADYCARDIA;BRADY
6524000;510.96;511.70;BRADYCARDIA;BRADY
6526000;510.11;510.85;BRADYCARDIA;BRADY
6528000;511.23;511.97;BRADYCARDIA;BRADY
6530000;510.27;511.01;BRADYCARDIA;BRADY
6532000;512.57;513.31;BRADYCARDIA;BRADY
6534000;512.05;512.80;BRADYCARDIA;BRADY
6536000;510.77;511.51;BRADYCARDIA;BRADY
6538000;511.39;512.14;BRADYCARDIA;BRADY
6540000;511.02;511.77;BRADYCARDIA;BRADY
6542000;511.17;511.92;BRADYCARDIA;BRADY
6544000;510.10;510.85;BRADYCARDIA;BRADY
6546000;510.14;510.90;BRADYCARDIA;BRADY
6548000;512.45;513.21;BRADYCARDIA;BRADY
6550000;510.73;511.49;BRADYCARDIA;BRADY
6552000;510.66;511.43;BRADYCARDIA;BRADY
6554000;511.46;512.23;BRADYCARDIA;BRADY
6556000;510.81;511.58;BRADYCARDIA;BRADY
6558000;511.30;512.07;BRADYCARDIA;BRADY
6560000;512.05;512.82;BRADYCARDIA;BRADY
6562000;510.07;510.84;BRADYCARDIA;BRADY
6564000;511.39;512.16;BRADYCARDIA;BRADY
6566000;509.75;510.52;BRADYCARDIA;BRADY
6568000;511.57;512.35;BRADYCARDIA;BRADY
6570000;512.38;513.16;BRADYCARDIA;BRADY
6572000;511.77;512.55;BRADYCARDIA;BRADY
6574000;510.88;511.67;BRADYCARDIA;BRADY
6576000;511.14;511.92;BRADYCARDIA;BRADY
6578000;510.54;511.33;BRADYCARDIA;BRADY
6580000;511.04;511.83;BRADYCARDIA;BRADY
6582000;511.52;512.31;BRADYCARDIA;BRADY
6584000;511.65;512.45;BRADYCARDIA;BRADY
6586000;511.38;512.17;BRADYCARDIA;BRADY
6588000;510.92;511.72;BRADYCARDIA;BRADY
6590000;511.90;512.70;BRADYCARDIA;BRADY
6592000;513.39;514.19;BRADYCARDIA;BRADY
6594000;512.21;513.01;BRADYCARDIA;BRADY
6596000;512.02;512.82;BRADYCARDIA;BRADY
6598000;510.80;511.61;BRADYCARDIA;BRADY
6600000;510.72;511.52;BRADYCARDIA;BRADY
6602000;512.62;513.43;BRADYCARDIA;BRADY
6604000;510.41;511.22;BRADYCARDIA;BRADY
6606000;510.14;510.96;BRADYCARDIA;BRADY
6608000;511.78;512.59;BRADYCARDIA;BRADY
6610000;510.42;511.24;BRADYCARDIA;BRADY
6612000;510.11;510.93;BRADYCARDIA;BRADY
6614000;509.99;510.81;BRADYCARDIA;BRADY
6616000;510.55;511.38;BRADYCARDIA;BRADY
6618000;511.85;512.67;BRADYCARDIA;BRADY
6620000;511.85;512.68;BRADYCARDIA;BRADY
6622000;510.61;511.44;BRADYCARDIA;BRADY
6624000;511.21;512.04;BRADYCARDIA;BRADY
6626000;511.61;512.44;BRADYCARDIA;BRADY
6628000;511.12;511.96;BRADYCARDIA;BRADY
6630000;511.12;511.96;BRADYCARDIA;BRADY
6632000;511.07;511.91;BRADYCARDIA;BRADY
6634000;510.37;511.21;BRADYCARDIA;BRADY
6636000;510.96;511.80;BRADYCARDIA;BRADY
6638000;511.52;512.36;BRADYCARDIA;BRADY
6640000;511.24;512.08;BRADYCARDIA;BRADY
6642000;511.02;511.87;BRADYCARDIA;BRADY
6644000;509.92;510.77;BRADYCARDIA;BRADY
6646000;511.01;511.86;BRADYCARDIA;BRADY
6648000;511.29;512.14;BRADYCARDIA;BRADY
6650000;511.07;511.92;BRADYCARDIA;BRADY
6652000;509.43;510.28;BRADYCARDIA;BRADY
6654000;511.05;511.91;BRADYCARDIA;BRADY
6656000;510.41;511.27;BRADYCARDIA;BRADY
6658000;510.25;511.11;BRADYCARDIA;BRADY
6660000;511.35;512.21;BRADYCARDIA;BRADY
6662000;511.80;512.66;BRADYCARDIA;BRADY
6664000;510.61;511.47;BRADYCARDIA;BRADY
6666000;511.42;512.28;BRADYCARDIA;BRADY
6668000;509.95;510.82;BRADYCARDIA;BRADY
6670000;511.18;512.04;BRADYCARDIA;BRADY
6672000;510.53;511.40;BRADYCARDIA;BRADY
6674000;511.30;512.18;BRADYCARDIA;BRADY
6676000;510.80;511.67;BRADYCARDIA;BRADY
6678000;511.02;511.90;BRADYCARDIA;BRADY
6680000;511.23;512.10;BRADYCARDIA;BRADY
6682000;511.48;512.36;BRADYCARDIA;BRADY
6684000;510.36;511.24;BRADYCARDIA;BRADY
6686000;511.52;512.40;BRADYCARDIA;BRADY
6688000;509.27;510.15;BRADYCARDIA;BRADY
6690000;510.69;511.57;BRADYCARDIA;BRADY
6692000;511.09;511.98;BRADYCARDIA;BRADY
6694000;511.39;512.27;BRADYCARDIA;BRADY
6696000;511.41;512.30;BRADYCARDIA;BRADY
6698000;511.84;512.73;BRADYCARDIA;BRADY
6700000;510.96;511.85;BRADYCARDIA;BRADY
6702000;509.95;510.85;BRADYCARDIA;BRADY
6704000;510.72;511.61;BRADYCARDIA;BRADY
6706000;510.98;511.88;BRADYCARDIA;BRADY
6708000;510.63;511.52;BRADYCARDIA;BRADY
6710000;511.64;512.53;BRADYCARDIA;BRADY
6712000;511.79;512.69;BRADYCARDIA;BRADY
6714000;511.74;512.64;BRADYCARDIA;BRADY
6716000;511.61;512.51;BRADYCARDIA;BRADY
6718000;510.64;511.54;BRADYCARDIA;BRADY
6720000;510.89;511.80;BRADYCARDIA;BRADY
6722000;511.39;512.30;BRADYCARDIA;BRADY
6724000;510.84;511.75;BRADYCARDIA;BRADY
6726000;511.49;512.40;BRADYCARDIA;BRADY
6728000;511.48;512.39;BRADYCARDIA;BRADY
6730000;510.92;511.83;BRADYCARDIA;BRADY
6732000;510.85;511.76;BRADYCARDIA;BRADY
6734000;510.05;510.96;BRADYCARDIA;BRADY
6736000;510.93;511.85;BRADYCARDIA;BRADY
6738000;511.65;512.57;BRADYCARDIA;BRADY
6740000;511.89;512.81;BRADYCARDIA;BRADY
6742000;510.26;511.18;BRADYCARDIA;BRADY
6744000;510.17;511.09;BRADYCARDIA;BRADY
6746000;509.30;510.22;BRADYCARDIA;BRADY
6748000;510.60;511.52;BRADYCARDIA;BRADY
6750000;512.29;513.22;BRADYCARDIA;BRADY
6752000;511.07;512.00;BRADYCARDIA;BRADY
6754000;511.10;512.03;BRADYCARDIA;BRADY
6756000;512.55;513.47;BRADYCARDIA;BRADY
6758000;510.46;511.39;BRADYCARDIA;BRADY
6760000;511.05;511.98;BRADYCARDIA;BRADY
6762000;511.48;512.41;BRADYCARDIA;BRADY
6764000;510.15;511.08;BRADYCARDIA;BRADY
6766000;510.40;511.33;BRADYCARDIA;BRADY
6768000;510.95;511.88;BRADYCARDIA;BRADY
6770000;510.93;511.86;BRADYCARDIA;BRADY
6772000;510.32;511.26;BRADYCARDIA;BRADY
6774000;510.01;510.94;BRADYCARDIA;BRADY
6776000;510.10;511.04;BRADYCARDIA;BRADY
6778000;512.12;513.06;BRADYCARDIA;BRADY
6780000;510.54;511.48;BRADYCARDIA;BRADY
6782000;511.04;511.98;BRADYCARDIA;BRADY
6784000;511.14;512.08;BRADYCARDIA;BRADY
6786000;510.56;511.50;BRADYCARDIA;BRADY
6788000;510.56;511.51;BRADYCARDIA;BRADY
6790000;511.46;512.40;BRADYCARDIA;BRADY
6792000;511.17;512.12;BRADYCARDIA;BRADY
6794000;511.63;512.58;BRADYCARDIA;BRADY
6796000;511.41;512.36;BRADYCARDIA;BRADY
6798000;510.90;511.85;BRADYCARDIA;BRADY
6800000;511.19;512.14;BRADYCARDIA;BRADY
6802000;510.83;511.78;BRADYCARDIA;BRADY
6804000;511.21;512.17;BRADYCARDIA;BRADY
6806000;512.23;513.18;BRADYCARDIA;BRADY
6808000;511.80;512.75;BRADYCARDIA;BRADY
6810000;510.86;511.82;BRADYCARDIA;BRADY
6812000;510.48;511.44;BRADYCARDIA;BRADY
6814000;510.24;511.19;BRADYCARDIA;BRADY
6816000;510.91;511.87;BRADYCARDIA;BRADY
6818000;510.97;511.93;BRADYCARDIA;BRADY
6820000;513.29;514.25;BRADYCARDIA;BRADY
6822000;511.00;511.96;BRADYCARDIA;BRADY
6824000;510.55;511.51;BRADYCARDIA;BRADY
6826000;511.49;512.46;BRADYCARDIA;BRADY
6828000;512.40;513.36;BRADYCARDIA;BRADY
6830000;510.50;511.47;BRADYCARDIA;BRADY
6832000;511.57;512.53;BRADYCARDIA;BRADY
6834000;510.95;511.92;BRADYCARDIA;BRADY
6836000;510.87;511.83;BRADYCARDIA;BRADY
6838000;510.86;511.83;BRADYCARDIA;BRADY
6840000;511.21;512.18;BRADYCARDIA;BRADY
6842000;512.33;513.29;BRADYCARDIA;BRADY
6844000;512.17;513.14;BRADYCARDIA;BRADY
6846000;511.62;512.59;BRADYCARDIA;BRADY
6848000;511.06;512.03;BRADYCARDIA;BRADY
6850000;511.89;512.86;BRADYCARDIA;BRADY
6852000;510.41;511.38;BRADYCARDIA;BRADY
6854000;509.51;510.48;BRADYCARDIA;BRADY
6856000;510.10;511.08;BRADYCARDIA;BRADY
6858000;510.67;511.65;BRADYCARDIA;BRADY
6860000;510.39;511.37;BRADYCARDIA;BRADY
6862000;511.60;512.58;BRADYCARDIA;BRADY
6864000;510.65;511.62;BRADYCARDIA;BRADY
6866000;512.55;513.52;BRADYCARDIA;BRADY
6868000;510.20;511.18;BRADYCARDIA;BRADY
6870000;509.47;510.44;BRADYCARDIA;BRADY
6872000;511.81;512.79;BRADYCARDIA;BRADY
6874000;510.25;511.23;BRADYCARDIA;BRADY
6876000;512.35;513.33;BRADYCARDIA;BRADY
6878000;512.28;513.27;BRADYCARDIA;BRADY
6880000;510.44;511.43;BRADYCARDIA;BRADY
6882000;511.13;512.11;BRADYCARDIA;BRADY
6884000;509.82;510.80;BRADYCARDIA;BRADY
6886000;510.64;511.62;BRADYCARDIA;BRADY
6888000;510.25;511.23;BRADYCARDIA;BRADY
6890000;510.49;511.47;BRADYCARDIA;BRADY
6892000;509.82;510.80;BRADYCARDIA;BRADY
6894000;511.16;512.15;BRADYCARDIA;BRADY
6896000;511.25;512.24;BRADYCARDIA;BRADY
6898000;512.08;513.06;BRADYCARDIA;BRADY
6900000;510.09;511.08;BRADYCARDIA;BRADY
6902000;510.80;511.79;BRADYCARDIA;BRADY
6904000;511.46;512.45;BRADYCARDIA;BRADY
6906000;510.97;511.96;BRADYCARDIA;BRADY
6908000;510.58;511.57;BRADYCARDIA;BRADY
6910000;510.76;511.75;BRADYCARDIA;BRADY
6912000;511.91;512.90;BRADYCARDIA;BRADY
6914000;511.00;511.99;BRADYCARDIA;BRADY
6916000;511.41;512.40;BRADYCARDIA;BRADY
6918000;511.27;512.26;BRADYCARDIA;BRADY
6920000;511.07;512.06;BRADYCARDIA;BRADY
6922000;510.13;511.12;BRADYCARDIA;BRADY
6924000;510.16;511.15;BRADYCARDIA;BRADY
6926000;511.35;512.35;BRADYCARDIA;BRADY
6928000;510.48;511.47;BRADYCARDIA;BRADY
6930000;510.60;511.59;BRADYCARDIA;BRADY
6932000;511.87;512.87;BRADYCARDIA;BRADY
6934000;510.45;511.45;BRADYCARDIA;BRADY
6936000;513.17;514.16;BRADYCARDIA;BRADY
6938000;510.67;511.67;BRADYCARDIA;BRADY
6940000;511.01;512.00;BRADYCARDIA;BRADY
6942000;511.72;512.72;BRADYCARDIA;BRADY
6944000;511.43;512.42;BRADYCARDIA;BRADY
6946000;511.27;512.27;BRADYCARDIA;BRADY
6948000;511.32;512.32;BRADYCARDIA;BRADY
6950000;510.26;511.25;BRADYCARDIA;BRADY
6952000;509.65;510.64;BRADYCARDIA;BRADY
6954000;511.70;512.70;BRADYCARDIA;BRADY
6956000;510.12;511.12;BRADYCARDIA;BRADY
6958000;511.96;512.96;BRADYCARDIA;BRADY
6960000;509.73;510.73;BRADYCARDIA;BRADY
6962000;512.40;513.40;BRADYCARDIA;BRADY
6964000;513.29;514.29;BRADYCARDIA;BRADY
6966000;510.23;511.23;BRADYCARDIA;BRADY
6968000;511.21;512.21;BRADYCARDIA;BRADY
6970000;512.17;513.17;BRADYCARDIA;BRADY
6972000;511.09;512.09;BRADYCARDIA;BRADY
6974000;509.57;510.57;BRADYCARDIA;BRADY
6976000;510.39;511.38;BRADYCARDIA;BRADY
6978000;511.82;512.82;BRADYCARDIA;BRADY
6980000;511.43;512.43;BRADYCARDIA;BRADY
6982000;511.35;512.35;BRADYCARDIA;BRADY
6984000;511.51;512.51;BRADYCARDIA;BRADY
6986000;510.36;511.36;BRADYCARDIA;BRADY
6988000;512.15;513.15;BRADYCARDIA;BRADY
6990000;509.94;510.94;BRADYCARDIA;BRADY
6992000;511.83;512.83;BRADYCARDIA;BRADY
6994000;511.80;512.80;BRADYCARDIA;BRADY
6996000;512.03;513.03;BRADYCARDIA;BRADY
6998000;509.70;510.70;BRADYCARDIA;BRADY
7000000;511.16;512.16;BRADYCARDIA;BRADY
7002000;512.34;513.34;BRADYCARDIA;BRADY
7004000;510.12;511.12;BRADYCARDIA;BRADY
7006000;510.76;511.76;BRADYCARDIA;BRADY
7008000;510.96;511.96;BRADYCARDIA;BRADY
7010000;511.12;512.12;BRADYCARDIA;BRADY
7012000;510.77;511.77;BRADYCARDIA;BRADY
7014000;511.80;512.80;BRADYCARDIA;BRADY
7016000;511.37;512.37;BRADYCARDIA;BRADY
7018000;510.94;511.94;BRADYCARDIA;BRADY
7020000;509.94;510.94;BRADYCARDIA;BRADY
7022000;510.60;511.60;BRADYCARDIA;BRADY
7024000;511.35;512.35;BRADYCARDIA;BRADY
7026000;510.17;511.17;BRADYCARDIA;BRADY
7028000;511.26;512.26;BRADYCARDIA;BRADY
7030000;511.34;512.33;BRADYCARDIA;BRADY
7032000;511.15;512.15;BRADYCARDIA;BRADY
7034000;511.91;512.90;BRADYCARDIA;BRADY
7036000;511.19;512.19;BRADYCARDIA;BRADY
7038000;512.06;513.06;BRADYCARDIA;BRADY
7040000;510.87;511.87;BRADYCARDIA;BRADY
7042000;511.61;512.61;BRADYCARDIA;BRADY
7044000;510.21;511.21;BRADYCARDIA;BRADY
7046000;509.78;510.78;BRADYCARDIA;BRADY
7048000;510.89;511.89;BRADYCARDIA;BRADY
7050000;511.71;512.71;BRADYCARDIA;BRADY
7052000;511.68;512.68;BRADYCARDIA;BRADY
7054000;511.10;512.10;BRADYCARDIA;BRADY
7056000;511.09;512.09;BRADYCARDIA;BRADY
7058000;511.28;512.28;BRADYCARDIA;BRADY
7060000;509.88;510.88;BRADYCARDIA;BRADY
7062000;510.16;511.16;BRADYCARDIA;BRADY
7064000;510.32;511.32;BRADYCARDIA;BRADY
7066000;509.29;510.29;BRADYCARDIA;BRADY
7068000;511.35;512.34;BRADYCARDIA;BRADY
7070000;509.47;510.47;BRADYCARDIA;BRADY
7072000;511.50;512.50;BRADYCARDIA;BRADY
7074000;511.13;512.12;BRADYCARDIA;BRADY
7076000;511.09;512.08;BRADYCARDIA;BRADY
7078000;510.57;511.56;BRADYCARDIA;BRADY
7080000;510.89;511.88;BRADYCARDIA;BRADY
7082000;511.07;512.06;BRADYCARDIA;BRADY
7084000;511.44;512.43;BRADYCARDIA;BRADY
7086000;510.95;511.94;BRADYCARDIA;BRADY
7088000;511.50;512.49;BRADYCARDIA;BRADY
7090000;511.53;512.52;BRADYCARDIA;BRADY
7092000;511.15;512.14;BRADYCARDIA;BRADY
7094000;510.19;511.18;BRADYCARDIA;BRADY
7096000;511.99;512.98;BRADYCARDIA;BRADY
7098000;511.07;512.06;BRADYCARDIA;BRADY
7100000;510.37;511.36;BRADYCARDIA;BRADY
7102000;510.69;511.68;BRADYCARDIA;BRADY
7104000;512.10;513.08;BRADYCARDIA;BRADY
7106000;510.87;511.86;BRADYCARDIA;BRADY
7108000;511.56;512.55;BRADYCARDIA;BRADY
7110000;511.02;512.00;BRADYCARDIA;BRADY
7112000;510.03;511.02;BRADYCARDIA;BRADY
7114000;511.73;512.72;BRADYCARDIA;BRADY
7116000;510.12;511.10;BRADYCARDIA;BRADY
7118000;511.78;512.76;BRADYCARDIA;BRADY
7120000;511.04;512.02;BRADYCARDIA;BRADY
7122000;510.65;511.63;BRADYCARDIA;BRADY
7124000;511.37;512.35;BRADYCARDIA;BRADY
7126000;511.13;512.11;BRADYCARDIA;BRADY
7128000;511.95;512.93;BRADYCARDIA;BRADY
7130000;512.21;513.19;BRADYCARDIA;BRADY
7132000;510.74;511.72;BRADYCARDIA;BRADY
7134000;510.00;510.98;BRADYCARDIA;BRADY
7136000;509.59;510.57;BRADYCARDIA;BRADY
7138000;510.01;510.99;BRADYCARDIA;BRADY
7140000;510.73;511.70;BRADYCARDIA;BRADY
7142000;511.77;512.75;BRADYCARDIA;BRADY
7144000;510.70;511.68;BRADYCARDIA;BRADY
7146000;510.57;511.54;BRADYCARDIA;BRADY
7148000;510.99;511.96;BRADYCARDIA;BRADY
7150000;511.01;511.99;BRADYCARDIA;BRADY
7152000;511.42;512.40;BRADYCARDIA;BRADY
7154000;511.04;512.01;BRADYCARDIA;BRADY
7156000;510.24;511.21;BRADYCARDIA;BRADY
7158000;511.37;512.34;BRADYCARDIA;BRADY
7160000;511.48;512.45;BRADYCARDIA;BRADY
7162000;510.47;511.44;BRADYCARDIA;BRADY
7164000;509.84;510.81;BRADYCARDIA;BRADY
7166000;512.03;512.99;BRADYCARDIA;BRADY
7168000;511.38;512.34;BRADYCARDIA;BRADY
7170000;511.67;512.63;BRADYCARDIA;BRADY
7172000;511.01;511.97;BRADYCARDIA;BRADY
7174000;511.31;512.27;BRADYCARDIA;BRADY
7176000;512.66;513.62;BRADYCARDIA;BRADY
7178000;512.41;513.37;BRADYCARDIA;BRADY
7180000;511.01;511.97;BRADYCARDIA;BRADY
7182000;510.11;511.07;BRADYCARDIA;BRADY
7184000;510.89;511.85;BRADYCARDIA;BRADY
7186000;512.09;513.05;BRADYCARDIA;BRADY
7188000;510.92;511.87;BRADYCARDIA;BRADY
7190000;511.68;512.63;BRADYCARDIA;BRADY
7192000;510.40;511.35;BRADYCARDIA;BRADY
7194000;511.54;512.49;BRADYCARDIA;BRADY
7196000;510.11;511.07;BRADYCARDIA;BRADY
7198000;509.30;510.26;BRADYCARDIA;BRADY
7200000;511.55;512.50;BRADYCARDIA;BRADY
7202000;511.48;512.43;BRADYCARDIA;BRADY
7204000;509.83;510.78;BRADYCARDIA;BRADY
7206000;511.37;512.32;BRADYCARDIA;BRADY
7208000;512.15;513.10;BRADYCARDIA;BRADY
7210000;510.71;511.65;BRADYCARDIA;BRADY
7212000;510.14;511.09;BRADYCARDIA;BRADY
7214000;510.80;511.74;BRADYCARDIA;BRADY
7216000;509.40;510.34;BRADYCARDIA;BRADY
7218000;512.61;513.55;BRADYCARDIA;BRADY
7220000;510.60;511.54;BRADYCARDIA;BRADY
7222000;509.72;510.66;BRADYCARDIA;BRADY
7224000;511.63;512.57;BRADYCARDIA;BRADY
7226000;510.93;511.87;BRADYCARDIA;BRADY
7228000;511.31;512.25;BRADYCARDIA;BRADY
7230000;509.65;510.59;BRADYCARDIA;BRADY
7232000;511.30;512.23;BRADYCARDIA;BRADY
7234000;512.60;513.53;BRADYCARDIA;BRADY
7236000;510.76;511.70;BRADYCARDIA;BRADY
7238000;509.16;510.09;BRADYCARDIA;BRADY
7240000;511.18;512.11;BRADYCARDIA;BRADY
7242000;511.98;512.91;BRADYCARDIA;BRADY
7244000;511.04;511.96;BRADYCARDIA;BRADY
7246000;511.48;512.41;BRADYCARDIA;BRADY
7248000;510.80;511.72;BRADYCARDIA;BRADY
7250000;510.86;511.78;BRADYCARDIA;BRADY
7252000;511.22;512.14;BRADYCARDIA;BRADY
7254000;510.57;511.49;BRADYCARDIA;BRADY
7256000;510.48;511.40;BRADYCARDIA;BRADY
7258000;512.34;513.26;BRADYCARDIA;BRADY
7260000;510.20;511.12;BRADYCARDIA;BRADY
7262000;511.05;511.97;BRADYCARDIA;BRADY
7264000;510.65;511.56;BRADYCARDIA;BRADY
7266000;511.24;512.15;BRADYCARDIA;BRADY
7268000;510.53;511.44;BRADYCARDIA;BRADY
7270000;511.78;512.70;BRADYCARDIA;BRADY
7272000;510.79;511.70;BRADYCARDIA;BRADY
7274000;510.27;511.17;BRADYCARDIA;BRADY
7276000;511.05;511.96;BRADYCARDIA;BRADY
7278000;510.72;511.63;BRADYCARDIA;BRADY
7280000;508.46;509.36;BRADYCARDIA;BRADY
7282000;510.67;511.57;BRADYCARDIA;BRADY
7284000;508.92;509.82;BRADYCARDIA;BRADY
7286000;511.24;512.14;BRADYCARDIA;BRADY
7288000;510.89;511.79;BRADYCARDIA;BRADY
7290000;511.56;512.46;BRADYCARDIA;BRADY
7292000;513.40;514.30;BRADYCARDIA;BRADY
7294000;512.67;513.57;BRADYCARDIA;BRADY
7296000;510.31;511.20;BRADYCARDIA;BRADY
7298000;510.31;511.20;BRADYCARDIA;BRADY
7300000;510.32;511.21;BRADYCARDIA;BRADY
7302000;510.61;511.50;BRADYCARDIA;BRADY
7304000;511.90;512.79;BRADYCARDIA;BRADY
7306000;511.19;512.08;BRADYCARDIA;BRADY
7308000;512.18;513.07;BRADYCARDIA;BRADY
7310000;509.95;510.83;BRADYCARDIA;BRADY
7312000;510.66;511.54;BRADYCARDIA;BRADY
7314000;511.00;511.88;BRADYCARDIA;BRADY
7316000;513.05;513.93;BRADYCARDIA;BRADY
7318000;511.73;512.61;BRADYCARDIA;BRADY
7320000;510.58;511.45;BRADYCARDIA;BRADY
7322000;511.31;512.18;BRADYCARDIA;BRADY
7324000;508.93;509.80;BRADYCARDIA;BRADY
7326000;510.84;511.72;BRADYCARDIA;BRADY
7328000;510.30;511.17;BRADYCARDIA;BRADY
7330000;511.77;512.64;BRADYCARDIA;BRADY
7332000;510.17;511.04;BRADYCARDIA;BRADY
7334000;510.76;511.63;BRADYCARDIA;BRADY
7336000;510.75;511.61;BRADYCARDIA;BRADY
7338000;511.83;512.69;BRADYCARDIA;BRADY
7340000;510.20;511.06;BRADYCARDIA;BRADY
7342000;511.24;512.10;BRADYCARDIA;BRADY
7344000;512.61;513.47;BRADYCARDIA;BRADY
7346000;511.29;512.14;BRADYCARDIA;BRADY
7348000;510.13;510.99;BRADYCARDIA;BRADY
7350000;510.19;511.04;BRADYCARDIA;BRADY
7352000;512.04;512.90;BRADYCARDIA;BRADY
7354000;512.44;513.29;BRADYCARDIA;BRADY
7356000;510.33;511.18;BRADYCARDIA;BRADY
7358000;511.85;512.70;BRADYCARDIA;BRADY
7360000;511.52;512.37;BRADYCARDIA;BRADY
7362000;510.28;511.12;BRADYCARDIA;BRADY
7364000;510.12;510.96;BRADYCARDIA;BRADY
7366000;511.14;511.98;BRADYCARDIA;BRADY
7368000;511.24;512.08;BRADYCARDIA;BRADY
7370000;509.91;510.75;BRADYCARDIA;BRADY
7372000;510.76;511.60;BRADYCARDIA;BRADY
7374000;511.32;512.15;BRADYCARDIA;BRADY
7376000;512.44;513.27;BRADYCARDIA;BRADY
7378000;511.46;512.29;BRADYCARDIA;BRADY
7380000;509.92;510.75;BRADYCARDIA;BRADY
7382000;511.42;512.24;BRADYCARDIA;BRADY
7384000;511.12;511.95;BRADYCARDIA;BRADY
7386000;512.66;513.48;BRADYCARDIA;BRADY
7388000;511.04;511.86;BRADYCARDIA;BRADY
7390000;511.14;511.96;BRADYCARDIA;BRADY
7392000;511.69;512.50;BRADYCARDIA;BRADY
7394000;511.29;512.10;BRADYCARDIA;BRADY
7396000;510.18;511.00;BRADYCARDIA;BRADY
7398000;513.73;514.54;BRADYCARDIA;BRADY
7400000;511.04;511.85;BRADYCARDIA;BRADY
7402000;510.93;511.74;BRADYCARDIA;BRADY
7404000;510.92;511.73;BRADYCARDIA;BRADY
7406000;513.20;514.00;BRADYCARDIA;BRADY
7408000;511.81;512.61;BRADYCARDIA;BRADY
7410000;511.21;512.01;BRADYCARDIA;BRADY
7412000;510.74;511.54;BRADYCARDIA;BRADY
7414000;511.45;512.25;BRADYCARDIA;BRADY
7416000;511.47;512.26;BRADYCARDIA;BRADY
7418000;511.35;512.14;BRADYCARDIA;BRADY
7420000;511.08;511.87;BRADYCARDIA;BRADY
7422000;511.79;512.58;BRADYCARDIA;BRADY
7424000;510.82;511.60;BRADYCARDIA;BRADY
7426000;511.01;511.79;BRADYCARDIA;BRADY
7428000;511.24;512.02;BRADYCARDIA;BRADY
7430000;511.24;512.02;BRADYCARDIA;BRADY
7432000;510.98;511.76;BRADYCARDIA;BRADY
7434000;511.33;512.10;BRADYCARDIA;BRADY
7436000;511.79;512.56;BRADYCARDIA;BRADY
7438000;511.09;511.87;BRADYCARDIA;BRADY
7440000;510.93;511.70;BRADYCARDIA;BRADY
7442000;512.13;512.90;BRADYCARDIA;BRADY
7444000;510.80;511.57;BRADYCARDIA;BRADY
7446000;511.18;511.95;BRADYCARDIA;BRADY
7448000;511.88;512.64;BRADYCARDIA;BRADY
7450000;511.23;511.99;BRADYCARDIA;BRADY
7452000;511.59;512.35;BRADYCARDIA;BRADY
7454000;510.99;511.75;BRADYCARDIA;BRADY
7456000;510.97;511.73;BRADYCARDIA;BRADY
7458000;510.27;511.03;BRADYCARDIA;BRADY
7460000;512.22;512.97;BRADYCARDIA;BRADY
7462000;509.86;510.61;BRADYCARDIA;BRADY
7464000;511.11;511.86;BRADYCARDIA;BRADY
7466000;510.61;511.36;BRADYCARDIA;BRADY
7468000;511.52;512.26;BRADYCARDIA;BRADY
7470000;511.26;512.00;BRADYCARDIA;BRADY
7472000;512.24;512.98;BRADYCARDIA;BRADY
7474000;510.67;511.41;BRADYCARDIA;BRADY
7476000;510.15;510.88;BRADYCARDIA;BRADY
7478000;510.84;511.57;BRADYCARDIA;BRADY
7480000;511.67;512.40;BRADYCARDIA;BRADY
7482000;512.30;513.03;BRADYCARDIA;BRADY
7484000;510.93;511.66;BRADYCARDIA;BRADY
7486000;511.09;511.82;BRADYCARDIA;BRADY
7488000;510.75;511.47;BRADYCARDIA;BRADY
7490000;510.45;511.17;BRADYCARDIA;BRADY
7492000;510.88;511.59;BRADYCARDIA;BRADY
7494000;511.40;512.12;BRADYCARDIA;BRADY
7496000;510.71;511.42;BRADYCARDIA;BRADY
7498000;509.89;510.60;BRADYCARDIA;BRADY
7500000;511.77;512.47;BRADYCARDIA;BRADY
7502000;509.70;510.41;BRADYCARDIA;BRADY
7504000;512.55;513.25;BRADYCARDIA;BRADY
7506000;511.12;511.82;BRADYCARDIA;BRADY
7508000;510.30;510.99;BRADYCARDIA;BRADY
7510000;510.73;511.42;BRADYCARDIA;BRADY
7512000;511.92;512.61;BRADYCARDIA;BRADY
7514000;509.56;510.25;BRADYCARDIA;BRADY
7516000;512.25;512.94;BRADYCARDIA;BRADY
7518000;511.30;511.99;BRADYCARDIA;BRADY
7520000;510.95;511.64;BRADYCARDIA;BRADY
7522000;510.96;511.64;BRADYCARDIA;BRADY
7524000;511.64;512.32;BRADYCARDIA;BRADY
7526000;511.34;512.02;BRADYCARDIA;BRADY
7528000;512.40;513.07;BRADYCARDIA;BRADY
7530000;512.84;513.52;BRADYCARDIA;BRADY
7532000;511.46;512.13;BRADYCARDIA;BRADY
7534000;510.92;511.59;BRADYCARDIA;BRADY
7536000;511.01;511.68;BRADYCARDIA;BRADY
7538000;510.88;511.54;BRADYCARDIA;BRADY
7540000;512.12;512.78;BRADYCARDIA;BRADY
7542000;511.70;512.35;BRADYCARDIA;BRADY
7544000;509.97;510.63;BRADYCARDIA;BRADY
7546000;510.73;511.39;BRADYCARDIA;BRADY
7548000;511.55;512.20;BRADYCARDIA;BRADY
7550000;509.92;510.57;BRADYCARDIA;BRADY
7552000;510.40;511.04;BRADYCARDIA;BRADY
7554000;511.25;511.89;BRADYCARDIA;BRADY
7556000;512.08;512.72;BRADYCARDIA;BRADY
7558000;512.25;512.89;BRADYCARDIA;BRADY
7560000;511.30;511.93;BRADYCARDIA;BRADY
7562000;512.02;512.65;BRADYCARDIA;BRADY
7564000;511.50;512.13;BRADYCARDIA;BRADY
7566000;510.65;511.28;BRADYCARDIA;BRADY
7568000;511.00;511.62;BRADYCARDIA;BRADY
7570000;511.21;511.84;BRADYCARDIA;BRADY
7572000;512.49;513.11;BRADYCARDIA;BRADY
7574000;510.82;511.44;BRADYCARDIA;BRADY
7576000;510.01;510.63;BRADYCARDIA;BRADY
7578000;510.88;511.49;BRADYCARDIA;BRADY
7580000;510.96;511.57;BRADYCARDIA;BRADY
7582000;511.35;511.96;BRADYCARDIA;BRADY
7584000;512.56;513.17;BRADYCARDIA;BRADY
7586000;511.88;512.49;BRADYCARDIA;BRADY
7588000;510.49;511.10;BRADYCARDIA;BRADY
7590000;511.37;511.97;BRADYCARDIA;BRADY
7592000;511.57;512.17;BRADYCARDIA;BRADY
7594000;511.16;511.76;BRADYCARDIA;BRADY
7596000;511.40;511.99;BRADYCARDIA;BRADY
7598000;511.44;512.03;BRADYCARDIA;BRADY
7600000;511.85;512.44;BRADYCARDIA;BRADY
7602000;511.20;511.79;BRADYCARDIA;BRADY
7604000;511.17;511.75;BRADYCARDIA;BRADY
7606000;511.38;511.96;BRADYCARDIA;BRADY
7608000;511.67;512.24;BRADYCARDIA;BRADY
7610000;511.57;512.15;BRADYCARDIA;BRADY
7612000;510.16;510.73;BRADYCARDIA;BRADY
7614000;512.05;512.62;BRADYCARDIA;BRADY
7616000;511.31;511.87;BRADYCARDIA;BRADY
7618000;511.59;512.16;BRADYCARDIA;BRADY
7620000;511.14;511.70;BRADYCARDIA;BRADY
7622000;511.35;511.91;BRADYCARDIA;BRADY
7624000;510.84;511.39;BRADYCARDIA;BRADY
7626000;511.99;512.54;BRADYCARDIA;BRADY
7628000;511.77;512.32;BRADYCARDIA;BRADY
7630000;511.38;511.93;BRADYCARDIA;BRADY
7632000;511.62;512.16;BRADYCARDIA;BRADY
7634000;512.64;513.18;BRADYCARDIA;BRADY
7636000;511.02;511.56;BRADYCARDIA;BRADY
7638000;511.21;511.75;BRADYCARDIA;BRADY
7640000;511.69;512.22;BRADYCARDIA;BRADY
7642000;511.78;512.31;BRADYCARDIA;BRADY
7644000;512.21;512.74;BRADYCARDIA;BRADY
7646000;511.59;512.12;BRADYCARDIA;BRADY
7648000;511.94;512.47;BRADYCARDIA;BRADY
7650000;511.67;512.19;BRADYCARDIA;BRADY
7652000;510.72;511.24;BRADYCARDIA;BRADY
7654000;510.89;511.41;BRADYCARDIA;BRADY
7656000;511.44;511.95;BRADYCARDIA;BRADY
7658000;512.24;512.75;BRADYCARDIA;BRADY
7660000;512.75;513.26;BRADYCARDIA;BRADY
7662000;512.18;512.69;BRADYCARDIA;BRADY
7664000;511.73;512.23;BRADYCARDIA;BRADY
7666000;511.53;512.03;BRADYCARDIA;BRADY
7668000;512.02;512.52;BRADYCARDIA;BRADY
7670000;510.88;511.38;BRADYCARDIA;BRADY
7672000;510.41;510.90;BRADYCARDIA;BRADY
7674000;511.74;512.23;BRADYCARDIA;BRADY
7676000;512.12;512.60;BRADYCARDIA;BRADY
7678000;510.79;511.28;BRADYCARDIA;BRADY
7680000;512.56;513.05;BRADYCARDIA;BRADY
7682000;512.40;512.88;BRADYCARDIA;BRADY
7684000;509.86;510.34;BRADYCARDIA;BRADY
7686000;512.43;512.90;BRADYCARDIA;BRADY
7688000;510.79;511.26;BRADYCARDIA;BRADY
7690000;509.89;510.36;BRADYCARDIA;BRADY
7692000;511.84;512.30;BRADYCARDIA;BRADY
7694000;512.56;513.02;BRADYCARDIA;BRADY
7696000;513.18;513.64;BRADYCARDIA;BRADY
7698000;510.69;511.15;BRADYCARDIA;BRADY
7700000;511.79;512.24;BRADYCARDIA;BRADY
7702000;513.23;513.68;BRADYCARDIA;BRADY
7704000;511.43;511.88;BRADYCARDIA;BRADY
7706000;511.76;512.20;BRADYCARDIA;BRADY
7708000;511.64;512.08;BRADYCARDIA;BRADY
7710000;512.16;512.60;BRADYCARDIA;BRADY
7712000;511.57;512.01;BRADYCARDIA;BRADY
7714000;512.72;513.16;BRADYCARDIA;BRADY
7716000;510.76;511.19;BRADYCARDIA;BRADY
7718000;511.62;512.04;BRADYCARDIA;BRADY
7720000;511.78;512.21;BRADYCARDIA;BRADY
7722000;510.72;511.14;BRADYCARDIA;BRADY
7724000;511.91;512.33;BRADYCARDIA;BRADY
7726000;511.92;512.33;BRADYCARDIA;BRADY
7728000;513.21;513.62;BRADYCARDIA;BRADY
7730000;510.43;510.85;BRADYCARDIA;BRADY
7732000;512.02;512.43;BRADYCARDIA;BRADY
7734000;511.15;511.56;BRADYCARDIA;BRADY
7736000;511.10;511.51;BRADYCARDIA;BRADY
7738000;512.00;512.40;BRADYCARDIA;BRADY
7740000;511.48;511.87;BRADYCARDIA;BRADY
7742000;510.81;511.20;BRADYCARDIA;BRADY
7744000;512.13;512.52;BRADYCARDIA;BRADY
7746000;511.42;511.81;BRADYCARDIA;BRADY
7748000;511.74;512.13;BRADYCARDIA;BRADY
7750000;510.25;510.63;BRADYCARDIA;BRADY
7752000;510.98;511.36;BRADYCARDIA;BRADY
7754000;512.01;512.38;BRADYCARDIA;BRADY
7756000;511.85;512.23;BRADYCARDIA;BRADY
7758000;511.33;511.70;BRADYCARDIA;BRADY
7760000;512.11;512.48;BRADYCARDIA;BRADY
7762000;511.19;511.55;BRADYCARDIA;BRADY
7764000;511.22;511.59;BRADYCARDIA;BRADY
7766000;512.43;512.78;BRADYCARDIA;BRADY
7768000;510.64;511.00;BRADYCARDIA;BRADY
7770000;510.51;510.86;BRADYCARDIA;BRADY
7772000;510.58;510.93;BRADYCARDIA;BRADY
7774000;511.44;511.78;BRADYCARDIA;BRADY
7776000;511.32;511.66;BRADYCARDIA;BRADY
7778000;511.40;511.74;BRADYCARDIA;BRADY
7780000;511.03;511.37;BRADYCARDIA;BRADY
7782000;512.06;512.40;BRADYCARDIA;BRADY
7784000;511.08;511.41;BRADYCARDIA;BRADY
7786000;511.41;511.74;BRADYCARDIA;BRADY
7788000;510.89;511.22;BRADYCARDIA;BRADY
7790000;511.12;511.44;BRADYCARDIA;BRADY
7792000;512.43;512.75;BRADYCARDIA;BRADY
7794000;511.39;511.71;BRADYCARDIA;BRADY
7796000;511.95;512.26;BRADYCARDIA;BRADY
7798000;511.73;512.05;BRADYCARDIA;BRADY
7800000;512.53;512.84;BRADYCARDIA;BRADY
7802000;512.74;513.05;BRADYCARDIA;BRADY
7804000;512.71;513.01;BRADYCARDIA;BRADY
7806000;510.76;511.06;BRADYCARDIA;BRADY
7808000;511.56;511.86;BRADYCARDIA;BRADY
7810000;511.96;512.25;BRADYCARDIA;BRADY
7812000;512.94;513.23;BRADYCARDIA;BRADY
7814000;511.56;511.85;BRADYCARDIA;BRADY
7816000;512.74;513.02;BRADYCARDIA;BRADY
7818000;512.34;512.62;BRADYCARDIA;BRADY
7820000;510.03;510.31;BRADYCARDIA;BRADY
7822000;512.47;512.74;BRADYCARDIA;BRADY
7824000;511.75;512.03;BRADYCARDIA;BRADY
7826000;510.13;510.40;BRADYCARDIA;BRADY
7828000;511.74;512.01;BRADYCARDIA;BRADY
7830000;510.80;511.07;BRADYCARDIA;BRADY
7832000;511.91;512.17;BRADYCARDIA;BRADY
7834000;511.72;511.98;BRADYCARDIA;BRADY
7836000;511.65;511.90;BRADYCARDIA;BRADY
7838000;511.82;512.08;BRADYCARDIA;BRADY
7840000;511.65;511.90;BRADYCARDIA;BRADY
7842000;512.11;512.35;BRADYCARDIA;BRADY
7844000;512.27;512.52;BRADYCARDIA;BRADY
7846000;512.10;512.34;BRADYCARDIA;BRADY
7848000;512.01;512.25;BRADYCARDIA;BRADY
7850000;513.27;513.50;BRADYCARDIA;BRADY
7852000;512.43;512.66;BRADYCARDIA;BRADY
7854000;511.38;511.61;BRADYCARDIA;BRADY
7856000;512.50;512.73;BRADYCARDIA;BRADY
7858000;511.18;511.40;BRADYCARDIA;BRADY
7860000;511.95;512.17;BRADYCARDIA;BRADY
7862000;512.67;512.89;BRADYCARDIA;BRADY
7864000;512.79;513.00;BRADYCARDIA;BRADY
7866000;511.94;512.15;BRADYCARDIA;BRADY
7868000;511.66;511.87;BRADYCARDIA;BRADY
7870000;512.71;512.91;BRADYCARDIA;BRADY
7872000;509.84;510.04;BRADYCARDIA;BRADY
7874000;512.17;512.36;BRADYCARDIA;BRADY
7876000;512.63;512.82;BRADYCARDIA;BRADY
7878000;510.90;511.09;BRADYCARDIA;BRADY
7880000;512.08;512.27;BRADYCARDIA;BRADY
7882000;513.22;513.40;BRADYCARDIA;BRADY
7884000;512.85;513.03;BRADYCARDIA;BRADY
7886000;512.01;512.19;BRADYCARDIA;BRADY
7888000;511.08;511.25;BRADYCARDIA;BRADY
7890000;512.12;512.29;BRADYCARDIA;BRADY
7892000;510.42;510.59;BRADYCARDIA;BRADY
7894000;513.32;513.49;BRADYCARDIA;BRADY
7896000;511.67;511.83;BRADYCARDIA;BRADY
7898000;512.79;512.95;BRADYCARDIA;BRADY
7900000;512.17;512.33;BRADYCARDIA;BRADY
7902000;511.72;511.87;BRADYCARDIA;BRADY
7904000;511.38;511.53;BRADYCARDIA;BRADY
7906000;511.84;511.99;BRADYCARDIA;BRADY
7908000;512.70;512.84;BRADYCARDIA;BRADY
7910000;511.89;512.03;BRADYCARDIA;BRADY
7912000;512.99;513.13;BRADYCARDIA;BRADY
7914000;511.82;511.96;BRADYCARDIA;BRADY
7916000;512.37;512.50;BRADYCARDIA;BRADY
7918000;511.55;511.68;BRADYCARDIA;BRADY
7920000;511.46;511.58;BRADYCARDIA;BRADY
7922000;511.49;511.62;BRADYCARDIA;BRADY
7924000;511.90;512.01;BRADYCARDIA;BRADY
7926000;512.30;512.42;BRADYCARDIA;BRADY
7928000;513.86;513.97;BRADYCARDIA;BRADY
7930000;512.37;512.48;BRADYCARDIA;BRADY
7932000;511.54;511.65;BRADYCARDIA;BRADY
7934000;512.18;512.29;BRADYCARDIA;BRADY
7936000;511.52;511.62;BRADYCARDIA;BRADY
7938000;510.23;510.33;BRADYCARDIA;BRADY
7940000;512.22;512.32;BRADYCARDIA;BRADY
7942000;510.33;510.42;BRADYCARDIA;BRADY
7944000;511.74;511.83;BRADYCARDIA;BRADY
7946000;512.43;512.51;BRADYCARDIA;BRADY
7948000;511.62;511.71;BRADYCARDIA;BRADY
7950000;511.50;511.58;BRADYCARDIA;BRADY
7952000;513.45;513.52;BRADYCARDIA;BRADY
7954000;510.95;511.02;BRADYCARDIA;BRADY
7956000;510.89;510.96;BRADYCARDIA;BRADY
7958000;511.95;512.01;BRADYCARDIA;BRADY
7960000;512.66;512.72;BRADYCARDIA;BRADY
7962000;510.38;510.44;BRADYCARDIA;BRADY
7964000;511.64;511.70;BRADYCARDIA;BRADY
7966000;511.01;511.06;BRADYCARDIA;BRADY
7968000;511.60;511.65;BRADYCARDIA;BRADY
7970000;511.64;511.69;BRADYCARDIA;BRADY
7972000;511.87;511.91;BRADYCARDIA;BRADY
7974000;511.74;511.78;BRADYCARDIA;BRADY
7976000;511.58;511.62;BRADYCARDIA;BRADY
7978000;512.69;512.73;BRADYCARDIA;BRADY
7980000;511.27;511.31;BRADYCARDIA;BRADY
7982000;511.89;511.92;BRADYCARDIA;BRADY
7984000;510.04;510.06;BRADYCARDIA;BRADY
7986000;513.40;513.42;BRADYCARDIA;BRADY
7988000;511.66;511.68;BRADYCARDIA;BRADY
7990000;511.77;511.78;BRADYCARDIA;BRADY
7992000;511.71;511.73;BRADYCARDIA;BRADY
7994000;511.79;511.80;BRADYCARDIA;BRADY
7996000;512.29;512.30;BRADYCARDIA;BRADY
7998000;512.59;512.60;BRADYCARDIA;BRADY
8000000;512.57;512.57;BRADYCARDIA;BRADY
8002000;512.42;512.42;BRADYCARDIA;BRADY
8004000;512.65;512.64;BRADYCARDIA;BRADY
8006000;512.08;512.07;BRADYCARDIA;BRADY
8008000;511.39;511.38;BRADYCARDIA;BRADY
8010000;512.39;512.38;BRADYCARDIA;BRADY
8012000;511.11;511.10;BRADYCARDIA;BRADY
8014000;510.29;510.27;BRADYCARDIA;BRADY
8016000;511.84;511.81;BRADYCARDIA;BRADY
8018000;513.86;513.84;BRADYCARDIA;BRADY
8020000;511.75;511.72;BRADYCARDIA;BRADY
8022000;511.95;511.92;BRADYCARDIA;BRADY
8024000;512.55;512.52;BRADYCARDIA;BRADY
8026000;511.99;511.95;BRADYCARDIA;BRADY
8028000;512.28;512.24;BRADYCARDIA;BRADY
8030000;513.69;513.65;BRADYCARDIA;BRADY
8032000;512.25;512.20;BRADYCARDIA;BRADY
8034000;513.13;513.08;BRADYCARDIA;BRADY
8036000;512.08;512.02;BRADYCARDIA;BRADY
8038000;511.54;511.48;BRADYCARDIA;BRADY
8040000;512.16;512.09;BRADYCARDIA;BRADY
8042000;512.29;512.23;BRADYCARDIA;BRADY
8044000;513.72;513.65;BRADYCARDIA;BRADY
8046000;512.16;512.09;BRADYCARDIA;BRADY
8048000;512.47;512.40;BRADYCARDIA;BRADY
8050000;511.91;511.83;BRADYCARDIA;BRADY
8052000;512.06;511.98;BRADYCARDIA;BRADY
8054000;510.90;510.82;BRADYCARDIA;BRADY
8056000;512.06;511.97;BRADYCARDIA;BRADY
8058000;512.25;512.16;BRADYCARDIA;BRADY
8060000;512.19;512.09;BRADYCARDIA;BRADY
8062000;513.73;513.63;BRADYCARDIA;BRADY
8064000;511.89;511.79;BRADYCARDIA;BRADY
8066000;511.26;511.16;BRADYCARDIA;BRADY
8068000;511.97;511.86;BRADYCARDIA;BRADY
8070000;511.99;511.88;BRADYCARDIA;BRADY
8072000;512.43;512.32;BRADYCARDIA;BRADY
8074000;512.87;512.75;BRADYCARDIA;BRADY
8076000;512.40;512.28;BRADYCARDIA;BRADY
8078000;511.80;511.67;BRADYCARDIA;BRADY
8080000;513.06;512.93;BRADYCARDIA;BRADY
8082000;511.65;511.53;BRADYCARDIA;BRADY
8084000;512.27;512.14;BRADYCARDIA;BRADY
8086000;512.81;512.68;BRADYCARDIA;BRADY
8088000;512.16;512.02;BRADYCARDIA;BRADY
8090000;511.87;511.73;BRADYCARDIA;BRADY
8092000;513.39;513.24;BRADYCARDIA;BRADY
8094000;511.51;511.36;BRADYCARDIA;BRADY
8096000;512.87;512.72;BRADYCARDIA;BRADY
8098000;512.14;511.98;BRADYCARDIA;BRADY
8100000;513.03;512.87;BRADYCARDIA;BRADY
8102000;511.49;511.33;BRADYCARDIA;BRADY
8104000;511.42;511.26;BRADYCARDIA;BRADY
8106000;512.27;512.10;BRADYCARDIA;BRADY
8108000;510.81;510.65;BRADYCARDIA;BRADY
8110000;511.42;511.25;BRADYCARDIA;BRADY
8112000;512.85;512.67;BRADYCARDIA;BRADY
8114000;511.71;511.53;BRADYCARDIA;BRADY
8116000;511.90;511.72;BRADYCARDIA;BRADY
8118000;511.96;511.77;BRADYCARDIA;BRADY
8120000;511.48;511.29;BRADYCARDIA;BRADY
8122000;512.67;512.48;BRADYCARDIA;BRADY
8124000;512.60;512.40;BRADYCARDIA;BRADY
8126000;512.68;512.48;BRADYCARDIA;BRADY
8128000;511.54;511.34;BRADYCARDIA;BRADY
8130000;512.74;512.54;BRADYCARDIA;BRADY
8132000;512.29;512.08;BRADYCARDIA;BRADY
8134000;512.06;511.86;BRADYCARDIA;BRADY
8136000;511.88;511.67;BRADYCARDIA;BRADY
8138000;512.65;512.44;BRADYCARDIA;BRADY
8140000;512.68;512.46;BRADYCARDIA;BRADY
8142000;512.17;511.95;BRADYCARDIA;BRADY
8144000;512.05;511.83;BRADYCARDIA;BRADY
8146000;511.43;511.21;BRADYCARDIA;BRADY
8148000;511.66;511.43;BRADYCARDIA;BRADY
8150000;513.50;513.27;BRADYCARDIA;BRADY
8152000;513.74;513.50;BRADYCARDIA;BRADY
8154000;510.95;510.71;BRADYCARDIA;BRADY
8156000;511.24;510.99;BRADYCARDIA;BRADY
8158000;511.94;511.69;BRADYCARDIA;BRADY
8160000;512.86;512.61;BRADYCARDIA;BRADY
8162000;512.23;511.98;BRADYCARDIA;BRADY
8164000;513.45;513.20;BRADYCARDIA;BRADY
8166000;512.99;512.73;BRADYCARDIA;BRADY
8168000;511.11;510.85;BRADYCARDIA;BRADY
8170000;512.30;512.04;BRADYCARDIA;BRADY
8172000;512.54;512.28;BRADYCARDIA;BRADY
8174000;512.23;511.96;BRADYCARDIA;BRADY
8176000;512.69;512.42;BRADYCARDIA;BRADY
8178000;512.39;512.11;BRADYCARDIA;BRADY
8180000;511.99;511.71;BRADYCARDIA;BRADY
8182000;511.55;511.27;BRADYCARDIA;BRADY
8184000;511.96;511.67;BRADYCARDIA;BRADY
8186000;511.48;511.19;BRADYCARDIA;BRADY
8188000;513.15;512.86;BRADYCARDIA;BRADY
8190000;511.10;510.81;BRADYCARDIA;BRADY
8192000;511.82;511.52;BRADYCARDIA;BRADY
8194000;511.36;511.06;BRADYCARDIA;BRADY
8196000;512.53;512.23;BRADYCARDIA;BRADY
8198000;512.14;511.84;BRADYCARDIA;BRADY
8200000;512.38;512.07;BRADYCARDIA;BRADY
8202000;512.14;511.83;BRADYCARDIA;BRADY
8204000;512.41;512.09;BRADYCARDIA;BRADY
8206000;513.41;513.09;BRADYCARDIA;BRADY
8208000;511.03;510.71;BRADYCARDIA;BRADY
8210000;510.70;510.38;BRADYCARDIA;BRADY
8212000;511.14;510.81;BRADYCARDIA;BRADY
8214000;512.66;512.33;BRADYCARDIA;BRADY
8216000;512.55;512.21;BRADYCARDIA;BRADY
8218000;512.37;512.04;BRADYCARDIA;BRADY
8220000;511.36;511.02;BRADYCARDIA;BRADY
8222000;513.45;513.11;BRADYCARDIA;BRADY
8224000;512.48;512.13;BRADYCARDIA;BRADY
8226000;512.15;511.81;BRADYCARDIA;BRADY
8228000;513.08;512.73;BRADYCARDIA;BRADY
8230000;512.17;511.82;BRADYCARDIA;BRADY
8232000;512.58;512.22;BRADYCARDIA;BRADY
8234000;512.29;511.93;BRADYCARDIA;BRADY
8236000;512.55;512.19;BRADYCARDIA;BRADY
8238000;511.16;510.79;BRADYCARDIA;BRADY
8240000;512.93;512.56;BRADYCARDIA;BRADY
8242000;512.75;512.38;BRADYCARDIA;BRADY
8244000;513.75;513.37;BRADYCARDIA;BRADY
8246000;512.06;511.69;BRADYCARDIA;BRADY
8248000;512.16;511.78;BRADYCARDIA;BRADY
8250000;512.04;511.66;BRADYCARDIA;BRADY
8252000;511.48;511.09;BRADYCARDIA;BRADY
8254000;513.42;513.03;BRADYCARDIA;BRADY
8256000;513.12;512.73;BRADYCARDIA;BRADY
8258000;511.09;510.69;BRADYCARDIA;BRADY
8260000;512.31;511.91;BRADYCARDIA;BRADY
8262000;512.69;512.29;BRADYCARDIA;BRADY
8264000;512.90;512.50;BRADYCARDIA;BRADY
8266000;511.48;511.07;BRADYCARDIA;BRADY
8268000;512.68;512.27;BRADYCARDIA;BRADY
8270000;513.65;513.24;BRADYCARDIA;BRADY
8272000;513.16;512.74;BRADYCARDIA;BRADY
8274000;513.12;512.70;BRADYCARDIA;BRADY
8276000;512.27;511.85;BRADYCARDIA;BRADY
8278000;513.36;512.93;BRADYCARDIA;BRADY
8280000;512.81;512.38;BRADYCARDIA;BRADY
8282000;513.88;513.45;BRADYCARDIA;BRADY
8284000;512.84;512.41;BRADYCARDIA;BRADY
8286000;512.41;511.98;BRADYCARDIA;BRADY
8288000;513.79;513.35;BRADYCARDIA;BRADY
8290000;512.65;512.21;BRADYCARDIA;BRADY
8292000;512.31;511.87;BRADYCARDIA;BRADY
8294000;512.61;512.17;BRADYCARDIA;BRADY
8296000;513.53;513.08;BRADYCARDIA;BRADY
8298000;512.39;511.94;BRADYCARDIA;BRADY
8300000;510.56;510.11;BRADYCARDIA;BRADY
8302000;512.86;512.41;BRADYCARDIA;BRADY
8304000;512.72;512.26;BRADYCARDIA;BRADY
8306000;512.17;511.70;BRADYCARDIA;BRADY
8308000;512.47;512.01;BRADYCARDIA;BRADY
8310000;512.62;512.16;BRADYCARDIA;BRADY
8312000;512.16;511.69;BRADYCARDIA;BRADY
8314000;511.86;511.39;BRADYCARDIA;BRADY
8316000;511.47;510.99;BRADYCARDIA;BRADY
8318000;512.78;512.30;BRADYCARDIA;BRADY
8320000;512.33;511.85;BRADYCARDIA;BRADY
8322000;512.67;512.19;BRADYCARDIA;BRADY
8324000;511.70;511.22;BRADYCARDIA;BRADY
8326000;513.34;512.85;BRADYCARDIA;BRADY
8328000;511.64;511.15;BRADYCARDIA;BRADY
8330000;512.17;511.67;BRADYCARDIA;BRADY
8332000;512.86;512.36;BRADYCARDIA;BRADY
8334000;511.83;511.33;BRADYCARDIA;BRADY
8336000;514.08;513.57;BRADYCARDIA;BRADY
8338000;511.72;511.21;BRADYCARDIA;BRADY
8340000;512.16;511.65;BRADYCARDIA;BRADY
8342000;512.29;511.77;BRADYCARDIA;BRADY
8344000;513.24;512.73;BRADYCARDIA;BRADY
8346000;512.88;512.36;BRADYCARDIA;BRADY
8348000;512.69;512.17;BRADYCARDIA;BRADY
8350000;512.92;512.40;BRADYCARDIA;BRADY
8352000;513.33;512.80;BRADYCARDIA;BRADY
8354000;512.09;511.56;BRADYCARDIA;BRADY
8356000;510.16;509.63;BRADYCARDIA;BRADY
8358000;512.46;511.92;BRADYCARDIA;BRADY
8360000;510.86;510.32;BRADYCARDIA;BRADY
8362000;511.27;510.73;BRADYCARDIA;BRADY
8364000;512.60;512.06;BRADYCARDIA;BRADY
8366000;511.57;511.03;BRADYCARDIA;BRADY
8368000;511.94;511.39;BRADYCARDIA;BRADY
8370000;512.34;511.79;BRADYCARDIA;BRADY
8372000;512.07;511.51;BRADYCARDIA;BRADY
8374000;511.91;511.36;BRADYCARDIA;BRADY
8376000;511.54;510.98;BRADYCARDIA;BRADY
8378000;512.03;511.47;BRADYCARDIA;BRADY
8380000;511.93;511.37;BRADYCARDIA;BRADY
8382000;512.06;511.50;BRADYCARDIA;BRADY
8384000;512.18;511.61;BRADYCARDIA;BRADY
8386000;512.62;512.05;BRADYCARDIA;BRADY
8388000;511.72;511.15;BRADYCARDIA;BRADY
8390000;513.28;512.70;BRADYCARDIA;BRADY
8392000;512.32;511.74;BRADYCARDIA;BRADY
8394000;513.04;512.46;BRADYCARDIA;BRADY
8396000;511.83;511.24;BRADYCARDIA;BRADY
8398000;512.68;512.09;BRADYCARDIA;BRADY
8400000;510.57;509.98;BRADYCARDIA;BRADY
8402000;512.62;512.03;BRADYCARDIA;BRADY
8404000;513.16;512.57;BRADYCARDIA;BRADY
8406000;513.25;512.65;BRADYCARDIA;BRADY
8408000;511.84;511.24;BRADYCARDIA;BRADY
8410000;512.05;511.45;BRADYCARDIA;BRADY
8412000;512.48;511.87;BRADYCARDIA;BRADY
8414000;512.06;511.46;BRADYCARDIA;BRADY
8416000;514.57;513.97;BRADYCARDIA;BRADY
8418000;512.88;512.27;BRADYCARDIA;BRADY
8420000;512.46;511.84;BRADYCARDIA;BRADY
8422000;513.54;512.92;BRADYCARDIA;BRADY
8424000;512.52;511.90;BRADYCARDIA;BRADY
8426000;512.47;511.85;BRADYCARDIA;BRADY
8428000;511.61;510.98;BRADYCARDIA;BRADY
8430000;512.93;512.30;BRADYCARDIA;BRADY
8432000;512.13;511.50;BRADYCARDIA;BRADY
8434000;513.91;513.28;BRADYCARDIA;BRADY
8436000;513.02;512.38;BRADYCARDIA;BRADY
8438000;512.03;511.40;BRADYCARDIA;BRADY
8440000;512.42;511.79;BRADYCARDIA;BRADY
8442000;511.78;511.14;BRADYCARDIA;BRADY
8444000;511.70;511.05;BRADYCARDIA;BRADY
8446000;513.18;512.53;BRADYCARDIA;BRADY
8448000;513.67;513.02;BRADYCARDIA;BRADY
8450000;513.35;512.70;BRADYCARDIA;BRADY
8452000;513.03;512.38;BRADYCARDIA;BRADY
8454000;512.26;511.61;BRADYCARDIA;BRADY
8456000;511.61;510.96;BRADYCARDIA;BRADY
8458000;513.26;512.60;BRADYCARDIA;BRADY
8460000;512.39;511.73;BRADYCARDIA;BRADY
8462000;512.69;512.03;BRADYCARDIA;BRADY
8464000;512.49;511.82;BRADYCARDIA;BRADY
8466000;513.80;513.13;BRADYCARDIA;BRADY
8468000;511.78;511.11;BRADYCARDIA;BRADY
8470000;513.10;512.43;BRADYCARDIA;BRADY
8472000;511.71;511.04;BRADYCARDIA;BRADY
8474000;511.81;511.13;BRADYCARDIA;BRADY
8476000;513.26;512.58;BRADYCARDIA;BRADY
8478000;512.28;511.60;BRADYCARDIA;BRADY
8480000;512.54;511.86;BRADYCARDIA;BRADY
8482000;513.22;512.54;BRADYCARDIA;BRADY
8484000;512.10;511.41;BRADYCARDIA;BRADY
8486000;512.19;511.50;BRADYCARDIA;BRADY
8488000;514.11;513.42;BRADYCARDIA;BRADY
8490000;511.77;511.07;BRADYCARDIA;BRADY
8492000;513.63;512.94;BRADYCARDIA;BRADY
8494000;511.68;510.98;BRADYCARDIA;BRADY
8496000;512.98;512.28;BRADYCARDIA;BRADY
8498000;513.07;512.37;BRADYCARDIA;BRADY
8500000;513.12;512.42;BRADYCARDIA;BRADY
8502000;512.81;512.10;BRADYCARDIA;BRADY
8504000;511.52;510.81;BRADYCARDIA;BRADY
8506000;513.33;512.62;BRADYCARDIA;BRADY
8508000;512.02;511.30;BRADYCARDIA;BRADY
8510000;513.06;512.34;BRADYCARDIA;BRADY
8512000;512.12;511.40;BRADYCARDIA;BRADY
8514000;511.90;511.18;BRADYCARDIA;BRADY
8516000;512.14;511.42;BRADYCARDIA;BRADY
8518000;511.55;510.82;BRADYCARDIA;BRADY
8520000;512.19;511.46;BRADYCARDIA;BRADY
8522000;512.91;512.18;BRADYCARDIA;BRADY
8524000;513.11;512.38;BRADYCARDIA;BRADY
8526000;512.16;511.43;BRADYCARDIA;BRADY
8528000;514.03;513.29;BRADYCARDIA;BRADY
8530000;511.55;510.81;BRADYCARDIA;BRADY
8532000;511.64;510.89;BRADYCARDIA;BRADY
8534000;512.75;512.00;BRADYCARDIA;BRADY
8536000;512.02;511.27;BRADYCARDIA;BRADY
8538000;512.24;511.50;BRADYCARDIA;BRADY
8540000;512.83;512.08;BRADYCARDIA;BRADY
8542000;512.12;511.37;BRADYCARDIA;BRADY
8544000;513.33;512.57;BRADYCARDIA;BRADY
8546000;511.02;510.26;BRADYCARDIA;BRADY
8548000;512.40;511.64;BRADYCARDIA;BRADY
8550000;513.12;512.36;BRADYCARDIA;BRADY
8552000;511.87;511.10;BRADYCARDIA;BRADY
8554000;511.69;510.93;BRADYCARDIA;BRADY
8556000;511.99;511.22;BRADYCARDIA;BRADY
8558000;513.36;512.59;BRADYCARDIA;BRADY
8560000;512.04;511.27;BRADYCARDIA;BRADY
8562000;512.85;512.08;BRADYCARDIA;BRADY
8564000;511.99;511.21;BRADYCARDIA;BRADY
8566000;513.21;512.43;BRADYCARDIA;BRADY
8568000;513.26;512.48;BRADYCARDIA;BRADY
8570000;512.77;511.99;BRADYCARDIA;BRADY
8572000;512.37;511.59;BRADYCARDIA;BRADY
8574000;512.07;511.29;BRADYCARDIA;BRADY
8576000;512.22;511.43;BRADYCARDIA;BRADY
8578000;513.24;512.45;BRADYCARDIA;BRADY
8580000;514.01;513.22;BRADYCARDIA;BRADY
8582000;512.04;511.25;BRADYCARDIA;BRADY
8584000;513.02;512.22;BRADYCARDIA;BRADY
8586000;512.04;511.24;BRADYCARDIA;BRADY
8588000;511.43;510.63;BRADYCARDIA;BRADY
8590000;512.61;511.81;BRADYCARDIA;BRADY
8592000;512.61;511.81;BRADYCARDIA;BRADY
8594000;511.85;511.05;BRADYCARDIA;BRADY
8596000;513.27;512.46;BRADYCARDIA;BRADY
8598000;511.03;510.23;BRADYCARDIA;BRADY
8600000;511.63;510.82;BRADYCARDIA;BRADY
8602000;512.54;511.73;BRADYCARDIA;BRADY
8604000;513.48;512.67;BRADYCARDIA;BRADY
8606000;512.16;511.35;BRADYCARDIA;BRADY
8608000;512.92;512.11;BRADYCARDIA;BRADY
8610000;511.86;511.04;BRADYCARDIA;BRADY
8612000;511.76;510.94;BRADYCARDIA;BRADY
8614000;513.29;512.47;BRADYCARDIA;BRADY
8616000;512.59;511.76;BRADYCARDIA;BRADY
8618000;512.27;511.44;BRADYCARDIA;BRADY
8620000;511.83;511.00;BRADYCARDIA;BRADY
8622000;513.18;512.35;BRADYCARDIA;BRADY
8624000;512.30;511.47;BRADYCARDIA;BRADY
8626000;513.10;512.27;BRADYCARDIA;BRADY
8628000;512.41;511.58;BRADYCARDIA;BRADY
8630000;514.31;513.48;BRADYCARDIA;BRADY
8632000;513.45;512.62;BRADYCARDIA;BRADY
8634000;513.54;512.70;BRADYCARDIA;BRADY
8636000;513.68;512.84;BRADYCARDIA;BRADY
8638000;513.49;512.65;BRADYCARDIA;BRADY
8640000;513.55;512.71;BRADYCARDIA;BRADY
8642000;511.19;510.35;BRADYCARDIA;BRADY
8644000;513.19;512.34;BRADYCARDIA;BRADY
8646000;512.02;511.17;BRADYCARDIA;BRADY
8648000;512.40;511.54;BRADYCARDIA;BRADY
8650000;512.48;511.63;BRADYCARDIA;BRADY
8652000;512.01;511.15;BRADYCARDIA;BRADY
8654000;513.24;512.38;BRADYCARDIA;BRADY
8656000;511.58;510.72;BRADYCARDIA;BRADY
8658000;511.72;510.86;BRADYCARDIA;BRADY
8660000;512.96;512.10;BRADYCARDIA;BRADY
8662000;513.89;513.03;BRADYCARDIA;BRADY
8664000;511.89;511.03;BRADYCARDIA;BRADY
8666000;512.86;511.99;BRADYCARDIA;BRADY
8668000;513.41;512.55;BRADYCARDIA;BRADY
8670000;513.34;512.47;BRADYCARDIA;BRADY
8672000;512.50;511.63;BRADYCARDIA;BRADY
8674000;512.86;511.98;BRADYCARDIA;BRADY
8676000;513.58;512.71;BRADYCARDIA;BRADY
8678000;512.06;511.18;BRADYCARDIA;BRADY
8680000;513.24;512.36;BRADYCARDIA;BRADY
8682000;512.66;511.78;BRADYCARDIA;BRADY
8684000;511.96;511.08;BRADYCARDIA;BRADY
8686000;513.29;512.41;BRADYCARDIA;BRADY
8688000;511.89;511.01;BRADYCARDIA;BRADY
8690000;513.00;512.12;BRADYCARDIA;BRADY
8692000;513.48;512.60;BRADYCARDIA;BRADY
8694000;513.02;512.13;BRADYCARDIA;BRADY
8696000;511.86;510.98;BRADYCARDIA;BRADY
8698000;513.96;513.07;BRADYCARDIA;BRADY
8700000;511.74;510.85;BRADYCARDIA;BRADY
8702000;512.89;512.00;BRADYCARDIA;BRADY
8704000;513.46;512.57;BRADYCARDIA;BRADY
8706000;512.81;511.91;BRADYCARDIA;BRADY
8708000;513.81;512.91;BRADYCARDIA;BRADY
8710000;514.37;513.48;BRADYCARDIA;BRADY
8712000;513.40;512.50;BRADYCARDIA;BRADY
8714000;514.36;513.46;BRADYCARDIA;BRADY
8716000;514.81;513.91;BRADYCARDIA;BRADY
8718000;513.30;512.39;BRADYCARDIA;BRADY
8720000;513.94;513.04;BRADYCARDIA;BRADY
8722000;514.36;513.45;BRADYCARDIA;BRADY
8724000;514.44;513.53;BRADYCARDIA;BRADY
8726000;512.64;511.73;BRADYCARDIA;BRADY
8728000;513.48;512.57;BRADYCARDIA;BRADY
8730000;514.21;513.30;BRADYCARDIA;BRADY
8732000;512.58;511.67;BRADYCARDIA;BRADY
8734000;512.53;511.62;BRADYCARDIA;BRADY
8736000;512.68;511.76;BRADYCARDIA;BRADY
8738000;513.40;512.48;BRADYCARDIA;BRADY
8740000;513.47;512.55;BRADYCARDIA;BRADY
8742000;512.87;511.95;BRADYCARDIA;BRADY
8744000;512.96;512.04;BRADYCARDIA;BRADY
8746000;512.99;512.07;BRADYCARDIA;BRADY
8748000;512.89;511.97;BRADYCARDIA;BRADY
8750000;513.49;512.57;BRADYCARDIA;BRADY
8752000;513.12;512.19;BRADYCARDIA;BRADY
8754000;513.12;512.19;BRADYCARDIA;BRADY
8756000;513.40;512.47;BRADYCARDIA;BRADY
8758000;513.76;512.83;BRADYCARDIA;BRADY
8760000;512.78;511.85;BRADYCARDIA;BRADY
8762000;513.74;512.81;BRADYCARDIA;BRADY
8764000;512.00;511.06;BRADYCARDIA;BRADY
8766000;512.75;511.82;BRADYCARDIA;BRADY
8768000;512.46;511.52;BRADYCARDIA;BRADY
8770000;513.42;512.48;BRADYCARDIA;BRADY
8772000;513.50;512.56;BRADYCARDIA;BRADY
8774000;512.35;511.41;BRADYCARDIA;BRADY
8776000;513.87;512.94;BRADYCARDIA;BRADY
8778000;513.46;512.52;BRADYCARDIA;BRADY
8780000;512.79;511.85;BRADYCARDIA;BRADY
8782000;512.60;511.66;BRADYCARDIA;BRADY
8784000;514.11;513.17;BRADYCARDIA;BRADY
8786000;515.09;514.14;BRADYCARDIA;BRADY
8788000;512.03;511.09;BRADYCARDIA;BRADY
8790000;513.03;512.09;BRADYCARDIA;BRADY
8792000;513.51;512.57;BRADYCARDIA;BRADY
8794000;514.82;513.88;BRADYCARDIA;BRADY
8796000;511.88;510.93;BRADYCARDIA;BRADY
8798000;513.40;512.45;BRADYCARDIA;BRADY
8800000;511.88;510.93;BRADYCARDIA;BRADY
8802000;513.01;512.06;BRADYCARDIA;BRADY
8804000;513.60;512.65;BRADYCARDIA;BRADY
8806000;511.89;510.93;BRADYCARDIA;BRADY
8808000;514.72;513.76;BRADYCARDIA;BRADY
8810000;513.98;513.02;BRADYCARDIA;BRADY
8812000;512.04;511.08;BRADYCARDIA;BRADY
8814000;513.04;512.08;BRADYCARDIA;BRADY
8816000;513.14;512.18;BRADYCARDIA;BRADY
8818000;512.58;511.62;BRADYCARDIA;BRADY
8820000;512.99;512.03;BRADYCARDIA;BRADY
8822000;513.01;512.05;BRADYCARDIA;BRADY
8824000;512.17;511.21;BRADYCARDIA;BRADY
8826000;512.18;511.22;BRADYCARDIA;BRADY
8828000;513.16;512.19;BRADYCARDIA;BRADY
8830000;512.93;511.96;BRADYCARDIA;BRADY
8832000;513.74;512.77;BRADYCARDIA;BRADY
8834000;513.08;512.11;BRADYCARDIA;BRADY
8836000;513.70;512.74;BRADYCARDIA;BRADY
8838000;512.98;512.01;BRADYCARDIA;BRADY
8840000;513.45;512.48;BRADYCARDIA;BRADY
8842000;513.59;512.62;BRADYCARDIA;BRADY
8844000;512.90;511.93;BRADYCARDIA;BRADY
8846000;512.70;511.73;BRADYCARDIA;BRADY
8848000;512.68;511.70;BRADYCARDIA;BRADY
8850000;510.90;509.93;BRADYCARDIA;BRADY
8852000;513.40;512.43;BRADYCARDIA;BRADY
8854000;511.25;510.28;BRADYCARDIA;BRADY
8856000;513.24;512.26;BRADYCARDIA;BRADY
8858000;512.93;511.96;BRADYCARDIA;BRADY
8860000;514.22;513.25;BRADYCARDIA;BRADY
8862000;513.92;512.94;BRADYCARDIA;BRADY
8864000;513.67;512.69;BRADYCARDIA;BRADY
8866000;512.98;512.00;BRADYCARDIA;BRADY
8868000;513.27;512.29;BRADYCARDIA;BRADY
8870000;512.61;511.63;BRADYCARDIA;BRADY
8872000;513.14;512.16;BRADYCARDIA;BRADY
8874000;513.15;512.17;BRADYCARDIA;BRADY
8876000;513.58;512.60;BRADYCARDIA;BRADY
8878000;512.10;511.11;BRADYCARDIA;BRADY
8880000;513.07;512.09;BRADYCARDIA;BRADY
8882000;511.87;510.89;BRADYCARDIA;BRADY
8884000;512.58;511.59;BRADYCARDIA;BRADY
8886000;513.09;512.11;BRADYCARDIA;BRADY
8888000;512.56;511.57;BRADYCARDIA;BRADY
8890000;514.02;513.03;BRADYCARDIA;BRADY
8892000;511.41;510.43;BRADYCARDIA;BRADY
8894000;512.54;511.55;BRADYCARDIA;BRADY
8896000;512.75;511.76;BRADYCARDIA;BRADY
8898000;512.38;511.39;BRADYCARDIA;BRADY
8900000;513.81;512.82;BRADYCARDIA;BRADY
8902000;512.56;511.57;BRADYCARDIA;BRADY
8904000;514.56;513.57;BRADYCARDIA;BRADY
8906000;513.93;512.94;BRADYCARDIA;BRADY
8908000;512.56;511.57;BRADYCARDIA;BRADY
8910000;511.01;510.02;BRADYCARDIA;BRADY
8912000;513.69;512.70;BRADYCARDIA;BRADY
8914000;511.80;510.81;BRADYCARDIA;BRADY
8916000;513.38;512.38;BRADYCARDIA;BRADY
8918000;513.25;512.26;BRADYCARDIA;BRADY
8920000;513.89;512.89;BRADYCARDIA;BRADY
8922000;514.42;513.43;BRADYCARDIA;BRADY
8924000;512.70;511.70;BRADYCARDIA;BRADY
8926000;513.73;512.74;BRADYCARDIA;BRADY
8928000;512.93;511.93;BRADYCARDIA;BRADY
8930000;513.21;512.22;BRADYCARDIA;BRADY
8932000;513.08;512.09;BRADYCARDIA;BRADY
8934000;513.30;512.30;BRADYCARDIA;BRADY
8936000;513.65;512.65;BRADYCARDIA;BRADY
8938000;512.14;511.14;BRADYCARDIA;BRADY
8940000;513.72;512.73;BRADYCARDIA;BRADY
8942000;513.04;512.05;BRADYCARDIA;BRADY
8944000;512.25;511.26;BRADYCARDIA;BRADY
8946000;512.28;511.28;BRADYCARDIA;BRADY
8948000;512.83;511.83;BRADYCARDIA;BRADY
8950000;514.02;513.03;BRADYCARDIA;BRADY
8952000;514.01;513.01;BRADYCARDIA;BRADY
8954000;512.30;511.30;BRADYCARDIA;BRADY
8956000;512.89;511.89;BRADYCARDIA;BRADY
8958000;512.29;511.29;BRADYCARDIA;BRADY
8960000;514.32;513.33;BRADYCARDIA;BRADY
8962000;513.60;512.61;BRADYCARDIA;BRADY
8964000;511.82;510.82;BRADYCARDIA;BRADY
8966000;513.03;512.03;BRADYCARDIA;BRADY
8968000;511.68;510.69;BRADYCARDIA;BRADY
8970000;512.34;511.34;BRADYCARDIA;BRADY
8972000;512.20;511.20;BRADYCARDIA;BRADY
8974000;512.96;511.96;BRADYCARDIA;BRADY
8976000;513.08;512.08;BRADYCARDIA;BRADY
8978000;514.82;513.82;BRADYCARDIA;BRADY
8980000;512.67;511.67;BRADYCARDIA;BRADY
8982000;513.21;512.21;BRADYCARDIA;BRADY
8984000;512.46;511.46;BRADYCARDIA;BRADY
8986000;513.81;512.81;BRADYCARDIA;BRADY
8988000;513.43;512.43;BRADYCARDIA;BRADY
8990000;513.61;512.61;BRADYCARDIA;BRADY
8992000;511.13;510.13;BRADYCARDIA;BRADY
8994000;513.58;512.58;BRADYCARDIA;BRADY
8996000;513.12;512.12;BRADYCARDIA;BRADY
8998000;513.50;512.50;BRADYCARDIA;BRADY
9000000;513.68;512.68;BRADYCARDIA;BRADY
9002000;512.23;511.23;BRADYCARDIA;BRADY
9004000;511.30;510.30;BRADYCARDIA;BRADY
9006000;512.14;511.14;BRADYCARDIA;BRADY
9008000;513.81;512.81;BRADYCARDIA;BRADY
9010000;512.64;511.64;BRADYCARDIA;BRADY
9012000;513.88;512.88;BRADYCARDIA;BRADY
9014000;512.62;511.62;BRADYCARDIA;BRADY
9016000;512.47;511.48;BRADYCARDIA;BRADY
9018000;512.50;511.50;BRADYCARDIA;BRADY
9020000;513.18;512.18;BRADYCARDIA;BRADY
9022000;511.24;510.24;BRADYCARDIA;BRADY
9024000;513.97;512.98;BRADYCARDIA;BRADY
9026000;512.83;511.83;BRADYCARDIA;BRADY
9028000;512.89;511.89;BRADYCARDIA;BRADY
9030000;512.90;511.91;BRADYCARDIA;BRADY
9032000;513.11;512.11;BRADYCARDIA;BRADY
9034000;511.20;510.20;BRADYCARDIA;BRADY
9036000;514.19;513.20;BRADYCARDIA;BRADY
9038000;513.93;512.93;BRADYCARDIA;BRADY
9040000;511.96;510.96;BRADYCARDIA;BRADY
9042000;514.68;513.69;BRADYCARDIA;BRADY
9044000;512.24;511.24;BRADYCARDIA;BRADY
9046000;513.26;512.26;BRADYCARDIA;BRADY
9048000;511.89;510.89;BRADYCARDIA;BRADY
9050000;512.09;511.10;BRADYCARDIA;BRADY
9052000;513.07;512.07;BRADYCARDIA;BRADY
9054000;512.81;511.82;BRADYCARDIA;BRADY
9056000;512.96;511.96;BRADYCARDIA;BRADY
9058000;513.94;512.94;BRADYCARDIA;BRADY
9060000;511.66;510.67;BRADYCARDIA;BRADY
9062000;513.79;512.79;BRADYCARDIA;BRADY
9064000;513.08;512.08;BRADYCARDIA;BRADY
9066000;513.14;512.15;BRADYCARDIA;BRADY
9068000;513.50;512.51;BRADYCARDIA;BRADY
9070000;513.44;512.45;BRADYCARDIA;BRADY
9072000;512.04;511.05;BRADYCARDIA;BRADY
9074000;513.76;512.76;BRADYCARDIA;BRADY
9076000;512.97;511.98;BRADYCARDIA;BRADY
9078000;513.54;512.55;BRADYCARDIA;BRADY
9080000;511.85;510.86;BRADYCARDIA;BRADY
9082000;513.82;512.83;BRADYCARDIA;BRADY
9084000;511.53;510.54;BRADYCARDIA;BRADY
9086000;512.67;511.68;BRADYCARDIA;BRADY
9088000;512.72;511.73;BRADYCARDIA;BRADY
9090000;513.75;512.76;BRADYCARDIA;BRADY
9092000;512.58;511.59;BRADYCARDIA;BRADY
9094000;513.65;512.66;BRADYCARDIA;BRADY
9096000;511.74;510.75;BRADYCARDIA;BRADY
9098000;513.78;512.79;BRADYCARDIA;BRADY
9100000;512.84;511.86;BRADYCARDIA;BRADY
9102000;513.74;512.75;BRADYCARDIA;BRADY
9104000;512.18;511.19;BRADYCARDIA;BRADY
9106000;514.79;513.81;BRADYCARDIA;BRADY
9108000;512.31;511.32;BRADYCARDIA;BRADY
9110000;513.67;512.69;BRADYCARDIA;BRADY
9112000;511.31;510.33;BRADYCARDIA;BRADY
9114000;513.60;512.62;BRADYCARDIA;BRADY
9116000;512.00;511.02;BRADYCARDIA;BRADY
9118000;512.78;511.79;BRADYCARDIA;BRADY
9120000;513.90;512.91;BRADYCARDIA;BRADY
9122000;512.23;511.25;BRADYCARDIA;BRADY
9124000;512.42;511.44;BRADYCARDIA;BRADY
9126000;513.75;512.77;BRADYCARDIA;BRADY
9128000;513.17;512.19;BRADYCARDIA;BRADY
9130000;512.76;511.78;BRADYCARDIA;BRADY
9132000;511.00;510.03;BRADYCARDIA;BRADY
9134000;511.55;510.57;BRADYCARDIA;BRADY
9136000;512.99;512.01;BRADYCARDIA;BRADY
9138000;514.00;513.02;BRADYCARDIA;BRADY
9140000;513.02;512.05;BRADYCARDIA;BRADY
9142000;513.10;512.12;BRADYCARDIA;BRADY
9144000;512.59;511.62;BRADYCARDIA;BRADY
9146000;512.59;511.61;BRADYCARDIA;BRADY
9148000;512.47;511.50;BRADYCARDIA;BRADY
9150000;514.05;513.08;BRADYCARDIA;BRADY
9152000;514.14;513.17;BRADYCARDIA;BRADY
9154000;512.90;511.93;BRADYCARDIA;BRADY
9156000;513.40;512.43;BRADYCARDIA;BRADY
9158000;512.76;511.79;BRADYCARDIA;BRADY
9160000;512.97;512.00;BRADYCARDIA;BRADY
9162000;511.41;510.44;BRADYCARDIA;BRADY
9164000;512.36;511.39;BRADYCARDIA;BRADY
9166000;514.01;513.04;BRADYCARDIA;BRADY
9168000;513.26;512.29;BRADYCARDIA;BRADY
9170000;512.98;512.02;BRADYCARDIA;BRADY
9172000;513.69;512.72;BRADYCARDIA;BRADY
9174000;514.03;513.07;BRADYCARDIA;BRADY
9176000;512.85;511.89;BRADYCARDIA;BRADY
9178000;513.31;512.35;BRADYCARDIA;BRADY
9180000;512.57;511.61;BRADYCARDIA;BRADY
9182000;513.53;512.57;BRADYCARDIA;BRADY
9184000;514.45;513.49;BRADYCARDIA;BRADY
9186000;512.39;511.44;BRADYCARDIA;BRADY
9188000;513.43;512.47;BRADYCARDIA;BRADY
9190000;513.69;512.73;BRADYCARDIA;BRADY
9192000;512.56;511.60;BRADYCARDIA;BRADY
9194000;511.98;511.03;BRADYCARDIA;BRADY
9196000;512.78;511.82;BRADYCARDIA;BRADY
9198000;513.46;512.51;BRADYCARDIA;BRADY
9200000;513.66;512.71;BRADYCARDIA;BRADY
9202000;513.70;512.75;BRADYCARDIA;BRADY
9204000;513.14;512.19;BRADYCARDIA;BRADY
9206000;513.38;512.43;BRADYCARDIA;BRADY
9208000;512.59;511.64;BRADYCARDIA;BRADY
9210000;513.64;512.69;BRADYCARDIA;BRADY
9212000;512.04;511.10;BRADYCARDIA;BRADY
9214000;513.26;512.31;BRADYCARDIA;BRADY
9216000;512.83;511.89;BRADYCARDIA;BRADY
9218000;513.03;512.09;BRADYCARDIA;BRADY
9220000;512.47;511.53;BRADYCARDIA;BRADY
9222000;513.18;512.24;BRADYCARDIA;BRADY
9224000;512.43;511.49;BRADYCARDIA;BRADY
9226000;513.23;512.29;BRADYCARDIA;BRADY
9228000;513.65;512.71;BRADYCARDIA;BRADY
9230000;512.47;511.53;BRADYCARDIA;BRADY
9232000;512.06;511.13;BRADYCARDIA;BRADY
9234000;513.54;512.61;BRADYCARDIA;BRADY
9236000;513.96;513.03;BRADYCARDIA;BRADY
9238000;512.75;511.82;BRADYCARDIA;BRADY
9240000;512.85;511.92;BRADYCARDIA;BRADY
9242000;512.10;511.18;BRADYCARDIA;BRADY
9244000;511.66;510.74;BRADYCARDIA;BRADY
9246000;512.90;511.98;BRADYCARDIA;BRADY
9248000;512.22;511.29;BRADYCARDIA;BRADY
9250000;512.17;511.24;BRADYCARDIA;BRADY
9252000;512.51;511.58;BRADYCARDIA;BRADY
9254000;514.29;513.37;BRADYCARDIA;BRADY
9256000;512.67;511.75;BRADYCARDIA;BRADY
9258000;513.52;512.60;BRADYCARDIA;BRADY
9260000;511.78;510.87;BRADYCARDIA;BRADY
9262000;512.75;511.83;BRADYCARDIA;BRADY
9264000;513.83;512.92;BRADYCARDIA;BRADY
9266000;513.47;512.56;BRADYCARDIA;BRADY
9268000;511.57;510.66;BRADYCARDIA;BRADY
9270000;512.58;511.67;BRADYCARDIA;BRADY
9272000;512.90;511.99;BRADYCARDIA;BRADY
9274000;513.20;512.29;BRADYCARDIA;BRADY
9276000;511.51;510.60;BRADYCARDIA;BRADY
9278000;513.46;512.55;BRADYCARDIA;BRADY
9280000;513.13;512.23;BRADYCARDIA;BRADY
9282000;512.53;511.62;BRADYCARDIA;BRADY
9284000;511.56;510.65;BRADYCARDIA;BRADY
9286000;512.58;511.68;BRADYCARDIA;BRADY
9288000;512.23;511.33;BRADYCARDIA;BRADY
9290000;511.57;510.67;BRADYCARDIA;BRADY
9292000;514.09;513.19;BRADYCARDIA;BRADY
9294000;512.08;511.18;BRADYCARDIA;BRADY
9296000;513.96;513.07;BRADYCARDIA;BRADY
9298000;512.78;511.88;BRADYCARDIA;BRADY
9300000;512.88;511.99;BRADYCARDIA;BRADY
9302000;511.75;510.87;BRADYCARDIA;BRADY
9304000;512.03;511.14;BRADYCARDIA;BRADY
9306000;512.75;511.87;BRADYCARDIA;BRADY
9308000;511.50;510.62;BRADYCARDIA;BRADY
9310000;511.87;510.98;BRADYCARDIA;BRADY
9312000;511.03;510.14;BRADYCARDIA;BRADY
9314000;511.74;510.86;BRADYCARDIA;BRADY
9316000;513.45;512.57;BRADYCARDIA;BRADY
9318000;511.20;510.32;BRADYCARDIA;BRADY
9320000;512.42;511.54;BRADYCARDIA;BRADY
9322000;512.57;511.70;BRADYCARDIA;BRADY
9324000;513.22;512.35;BRADYCARDIA;BRADY
9326000;514.02;513.15;BRADYCARDIA;BRADY
9328000;511.71;510.84;BRADYCARDIA;BRADY
9330000;512.72;511.85;BRADYCARDIA;BRADY
9332000;512.41;511.54;BRADYCARDIA;BRADY
9334000;511.01;510.14;BRADYCARDIA;BRADY
9336000;511.87;511.00;BRADYCARDIA;BRADY
9338000;512.04;511.18;BRADYCARDIA;BRADY
9340000;512.61;511.75;BRADYCARDIA;BRADY
9342000;513.38;512.52;BRADYCARDIA;BRADY
9344000;513.61;512.75;BRADYCARDIA;BRADY
9346000;513.95;513.10;BRADYCARDIA;BRADY
9348000;512.12;511.27;BRADYCARDIA;BRADY
9350000;511.79;510.94;BRADYCARDIA;BRADY
9352000;513.50;512.65;BRADYCARDIA;BRADY
9354000;512.77;511.92;BRADYCARDIA;BRADY
9356000;511.38;510.53;BRADYCARDIA;BRADY
9358000;513.65;512.80;BRADYCARDIA;BRADY
9360000;512.08;511.24;BRADYCARDIA;BRADY
9362000;512.10;511.26;BRADYCARDIA;BRADY
9364000;513.47;512.63;BRADYCARDIA;BRADY
9366000;512.32;511.48;BRADYCARDIA;BRADY
9368000;513.43;512.59;BRADYCARDIA;BRADY
9370000;511.90;511.06;BRADYCARDIA;BRADY
9372000;511.77;510.94;BRADYCARDIA;BRADY
9374000;512.79;511.96;BRADYCARDIA;BRADY
9376000;512.81;511.98;BRADYCARDIA;BRADY
9378000;514.43;513.60;BRADYCARDIA;BRADY
9380000;511.70;510.88;BRADYCARDIA;BRADY
9382000;512.33;511.51;BRADYCARDIA;BRADY
9384000;513.01;512.19;BRADYCARDIA;BRADY
9386000;512.96;512.14;BRADYCARDIA;BRADY
9388000;512.25;511.43;BRADYCARDIA;BRADY
9390000;513.36;512.55;BRADYCARDIA;BRADY
9392000;512.77;511.96;BRADYCARDIA;BRADY
9394000;512.58;511.76;BRADYCARDIA;BRADY
9396000;511.44;510.63;BRADYCARDIA;BRADY
9398000;512.72;511.91;BRADYCARDIA;BRADY
9400000;513.06;512.25;BRADYCARDIA;BRADY
9402000;513.53;512.72;BRADYCARDIA;BRADY
9404000;511.84;511.04;BRADYCARDIA;BRADY
9406000;512.81;512.00;BRADYCARDIA;BRADY
9408000;512.19;511.39;BRADYCARDIA;BRADY
9410000;511.76;510.96;BRADYCARDIA;BRADY
9412000;512.70;511.90;BRADYCARDIA;BRADY
9414000;513.34;512.55;BRADYCARDIA;BRADY
9416000;513.27;512.48;BRADYCARDIA;BRADY
9418000;512.16;511.36;BRADYCARDIA;BRADY
9420000;513.08;512.29;BRADYCARDIA;BRADY
9422000;512.73;511.94;BRADYCARDIA;BRADY
9424000;512.19;511.41;BRADYCARDIA;BRADY
9426000;511.99;511.21;BRADYCARDIA;BRADY
9428000;512.39;511.61;BRADYCARDIA;BRADY
9430000;512.40;511.62;BRADYCARDIA;BRADY
9432000;514.34;513.56;BRADYCARDIA;BRADY
9434000;512.70;511.92;BRADYCARDIA;BRADY
9436000;513.06;512.29;BRADYCARDIA;BRADY
9438000;511.26;510.49;BRADYCARDIA;BRADY
9440000;514.07;513.30;BRADYCARDIA;BRADY
9442000;512.70;511.94;BRADYCARDIA;BRADY
9444000;513.57;512.80;BRADYCARDIA;BRADY
9446000;512.87;512.11;BRADYCARDIA;BRADY
9448000;512.90;512.14;BRADYCARDIA;BRADY
9450000;512.96;512.20;BRADYCARDIA;BRADY
9452000;513.71;512.95;BRADYCARDIA;BRADY
9454000;512.98;512.22;BRADYCARDIA;BRADY
9456000;512.56;511.81;BRADYCARDIA;BRADY
9458000;511.15;510.39;BRADYCARDIA;BRADY
9460000;512.58;511.83;BRADYCARDIA;BRADY
9462000;512.76;512.01;BRADYCARDIA;BRADY
9464000;513.23;512.49;BRADYCARDIA;BRADY
9466000;513.60;512.86;BRADYCARDIA;BRADY
9468000;512.80;512.06;BRADYCARDIA;BRADY
9470000;513.18;512.44;BRADYCARDIA;BRADY
9472000;512.79;512.05;BRADYCARDIA;BRADY
9474000;512.70;511.96;BRADYCARDIA;BRADY
9476000;512.59;511.85;BRADYCARDIA;BRADY
9478000;513.96;513.23;BRADYCARDIA;BRADY
9480000;512.96;512.23;BRADYCARDIA;BRADY
9482000;512.97;512.24;BRADYCARDIA;BRADY
9484000;512.65;511.92;BRADYCARDIA;BRADY
9486000;513.94;513.22;BRADYCARDIA;BRADY
9488000;512.38;511.66;BRADYCARDIA;BRADY
9490000;513.50;512.78;BRADYCARDIA;BRADY
9492000;512.99;512.27;BRADYCARDIA;BRADY
9494000;512.47;511.76;BRADYCARDIA;BRADY
9496000;513.94;513.22;BRADYCARDIA;BRADY
9498000;511.15;510.44;BRADYCARDIA;BRADY
9500000;513.30;512.59;BRADYCARDIA;BRADY
9502000;513.27;512.56;BRADYCARDIA;BRADY
9504000;513.21;512.51;BRADYCARDIA;BRADY
9506000;510.92;510.22;BRADYCARDIA;BRADY
9508000;512.61;511.91;BRADYCARDIA;BRADY
9510000;512.54;511.84;BRADYCARDIA;BRADY
9512000;511.42;510.72;BRADYCARDIA;BRADY
9514000;512.31;511.61;BRADYCARDIA;BRADY
9516000;512.10;511.41;BRADYCARDIA;BRADY
9518000;513.06;512.37;BRADYCARDIA;BRADY
9520000;512.47;511.78;BRADYCARDIA;BRADY
9522000;511.67;510.98;BRADYCARDIA;BRADY
9524000;512.27;511.59;BRADYCARDIA;BRADY
9526000;512.38;511.70;BRADYCARDIA;BRADY
9528000;512.06;511.39;BRADYCARDIA;BRADY
9530000;512.90;512.23;BRADYCARDIA;BRADY
9532000;512.02;511.35;BRADYCARDIA;BRADY
9534000;513.38;512.71;BRADYCARDIA;BRADY
9536000;513.62;512.95;BRADYCARDIA;BRADY
9538000;512.90;512.24;BRADYCARDIA;BRADY
9540000;512.19;511.53;BRADYCARDIA;BRADY
9542000;513.34;512.68;BRADYCARDIA;BRADY
9544000;512.24;511.58;BRADYCARDIA;BRADY
9546000;511.88;511.23;BRADYCARDIA;BRADY
9548000;512.57;511.92;BRADYCARDIA;BRADY
9550000;511.95;511.30;BRADYCARDIA;BRADY
9552000;512.31;511.66;BRADYCARDIA;BRADY
9554000;513.16;512.52;BRADYCARDIA;BRADY
9556000;511.56;510.92;BRADYCARDIA;BRADY
9558000;513.74;513.10;BRADYCARDIA;BRADY
9560000;513.70;513.07;BRADYCARDIA;BRADY
9562000;512.93;512.30;BRADYCARDIA;BRADY
9564000;514.39;513.76;BRADYCARDIA;BRADY
9566000;514.04;513.41;BRADYCARDIA;BRADY
9568000;513.31;512.69;BRADYCARDIA;BRADY
9570000;512.83;512.20;BRADYCARDIA;BRADY
9572000;512.21;511.59;BRADYCARDIA;BRADY
9574000;513.18;512.56;BRADYCARDIA;BRADY
9576000;513.19;512.57;BRADYCARDIA;BRADY
9578000;512.56;511.94;BRADYCARDIA;BRADY
9580000;512.96;512.35;BRADYCARDIA;BRADY
9582000;513.86;513.25;BRADYCARDIA;BRADY
9584000;513.46;512.85;BRADYCARDIA;BRADY
9586000;514.11;513.50;BRADYCARDIA;BRADY
9588000;511.59;510.98;BRADYCARDIA;BRADY
9590000;512.49;511.89;BRADYCARDIA;BRADY
9592000;512.35;511.75;BRADYCARDIA;BRADY
9594000;513.13;512.54;BRADYCARDIA;BRADY
9596000;514.18;513.59;BRADYCARDIA;BRADY
9598000;511.07;510.48;BRADYCARDIA;BRADY
9600000;513.22;512.63;BRADYCARDIA;BRADY
9602000;511.55;510.96;BRADYCARDIA;BRADY
9604000;512.23;511.64;BRADYCARDIA;BRADY
9606000;512.83;512.24;BRADYCARDIA;BRADY
9608000;512.73;512.16;BRADYCARDIA;BRADY
9610000;512.60;512.03;BRADYCARDIA;BRADY
9612000;511.58;511.01;BRADYCARDIA;BRADY
9614000;512.61;512.04;BRADYCARDIA;BRADY
9616000;513.68;513.11;BRADYCARDIA;BRADY
9618000;512.08;511.51;BRADYCARDIA;BRADY
9620000;512.03;511.47;BRADYCARDIA;BRADY
9622000;513.46;512.90;BRADYCARDIA;BRADY
9624000;512.37;511.81;BRADYCARDIA;BRADY
9626000;512.86;512.30;BRADYCARDIA;BRADY
9628000;512.46;511.91;BRADYCARDIA;BRADY
9630000;512.07;511.52;BRADYCARDIA;BRADY
9632000;511.90;511.36;BRADYCARDIA;BRADY
9634000;511.81;511.26;BRADYCARDIA;BRADY
9636000;512.96;512.42;BRADYCARDIA;BRADY
9638000;512.96;512.42;BRADYCARDIA;BRADY
9640000;512.48;511.95;BRADYCARDIA;BRADY
9642000;511.21;510.68;BRADYCARDIA;BRADY
9644000;512.53;512.00;BRADYCARDIA;BRADY
9646000;512.44;511.91;BRADYCARDIA;BRADY
9648000;513.16;512.64;BRADYCARDIA;BRADY
9650000;512.28;511.75;BRADYCARDIA;BRADY
9652000;512.49;511.97;BRADYCARDIA;BRADY
9654000;513.22;512.70;BRADYCARDIA;BRADY
9656000;514.31;513.80;BRADYCARDIA;BRADY
9658000;513.75;513.24;BRADYCARDIA;BRADY
9660000;511.39;510.88;BRADYCARDIA;BRADY
9662000;511.65;511.15;BRADYCARDIA;BRADY
9664000;513.36;512.86;BRADYCARDIA;BRADY
9666000;511.72;511.22;BRADYCARDIA;BRADY
9668000;513.34;512.84;BRADYCARDIA;BRADY
9670000;512.55;512.06;BRADYCARDIA;BRADY
9672000;513.70;513.21;BRADYCARDIA;BRADY
9674000;511.46;510.97;BRADYCARDIA;BRADY
9676000;512.92;512.43;BRADYCARDIA;BRADY
9678000;511.95;511.46;BRADYCARDIA;BRADY
9680000;511.57;511.09;BRADYCARDIA;BRADY
9682000;513.09;512.61;BRADYCARDIA;BRADY
9684000;512.37;511.89;BRADYCARDIA;BRADY
9686000;513.38;512.91;BRADYCARDIA;BRADY
9688000;511.40;510.93;BRADYCARDIA;BRADY
9690000;511.50;511.04;BRADYCARDIA;BRADY
9692000;513.63;513.16;BRADYCARDIA;BRADY
9694000;512.96;512.49;BRADYCARDIA;BRADY
9696000;511.77;511.31;BRADYCARDIA;BRADY
9698000;513.51;513.06;BRADYCARDIA;BRADY
9700000;513.36;512.91;BRADYCARDIA;BRADY
9702000;512.29;511.84;BRADYCARDIA;BRADY
9704000;512.56;512.12;BRADYCARDIA;BRADY
9706000;512.67;512.23;BRADYCARDIA;BRADY
9708000;513.13;512.69;BRADYCARDIA;BRADY
9710000;511.96;511.52;BRADYCARDIA;BRADY
9712000;512.57;512.13;BRADYCARDIA;BRADY
9714000;512.06;511.62;BRADYCARDIA;BRADY
9716000;513.28;512.85;BRADYCARDIA;BRADY
9718000;512.38;511.95;BRADYCARDIA;BRADY
9720000;511.92;511.49;BRADYCARDIA;BRADY
9722000;513.78;513.36;BRADYCARDIA;BRADY
9724000;512.84;512.42;BRADYCARDIA;BRADY
9726000;513.43;513.01;BRADYCARDIA;BRADY
9728000;512.27;511.86;BRADYCARDIA;BRADY
9730000;511.68;511.27;BRADYCARDIA;BRADY
9732000;512.79;512.38;BRADYCARDIA;BRADY
9734000;513.55;513.14;BRADYCARDIA;BRADY
9736000;513.82;513.42;BRADYCARDIA;BRADY
9738000;514.21;513.81;BRADYCARDIA;BRADY
9740000;512.18;511.79;BRADYCARDIA;BRADY
9742000;513.14;512.74;BRADYCARDIA;BRADY
9744000;512.85;512.46;BRADYCARDIA;BRADY
9746000;511.96;511.58;BRADYCARDIA;BRADY
9748000;513.71;513.33;BRADYCARDIA;BRADY
9750000;513.02;512.64;BRADYCARDIA;BRADY
9752000;512.20;511.82;BRADYCARDIA;BRADY
9754000;511.40;511.03;BRADYCARDIA;BRADY
9756000;512.66;512.29;BRADYCARDIA;BRADY
9758000;510.89;510.52;BRADYCARDIA;BRADY
9760000;512.39;512.02;BRADYCARDIA;BRADY
9762000;512.29;511.92;BRADYCARDIA;BRADY
9764000;512.87;512.51;BRADYCARDIA;BRADY
9766000;510.83;510.47;BRADYCARDIA;BRADY
9768000;511.48;511.12;BRADYCARDIA;BRADY
9770000;513.41;513.06;BRADYCARDIA;BRADY
9772000;511.47;511.12;BRADYCARDIA;BRADY
9774000;513.18;512.83;BRADYCARDIA;BRADY
9776000;512.87;512.52;BRADYCARDIA;BRADY
9778000;512.37;512.03;BRADYCARDIA;BRADY
9780000;512.76;512.43;BRADYCARDIA;BRADY
9782000;512.89;512.55;BRADYCARDIA;BRADY
9784000;514.42;514.09;BRADYCARDIA;BRADY
9786000;513.13;512.80;BRADYCARDIA;BRADY
9788000;512.35;512.03;BRADYCARDIA;BRADY
9790000;513.49;513.17;BRADYCARDIA;BRADY
9792000;510.86;510.54;BRADYCARDIA;BRADY
9794000;511.20;510.88;BRADYCARDIA;BRADY
9796000;513.28;512.96;BRADYCARDIA;BRADY
9798000;512.08;511.77;BRADYCARDIA;BRADY
9800000;512.08;511.77;BRADYCARDIA;BRADY
9802000;511.65;511.35;BRADYCARDIA;BRADY
9804000;512.88;512.58;BRADYCARDIA;BRADY
9806000;511.90;511.60;BRADYCARDIA;BRADY
9808000;510.57;510.27;BRADYCARDIA;BRADY
9810000;513.02;512.72;BRADYCARDIA;BRADY
9812000;511.56;511.27;BRADYCARDIA;BRADY
9814000;512.53;512.25;BRADYCARDIA;BRADY
9816000;511.91;511.63;BRADYCARDIA;BRADY
9818000;512.99;512.71;BRADYCARDIA;BRADY
9820000;512.26;511.98;BRADYCARDIA;BRADY
9822000;512.22;511.94;BRADYCARDIA;BRADY
9824000;512.99;512.72;BRADYCARDIA;BRADY
9826000;512.24;511.97;BRADYCARDIA;BRADY
9828000;511.08;510.81;BRADYCARDIA;BRADY
9830000;512.99;512.72;BRADYCARDIA;BRADY
9832000;512.51;512.25;BRADYCARDIA;BRADY
9834000;512.28;512.02;BRADYCARDIA;BRADY
9836000;512.55;512.30;BRADYCARDIA;BRADY
9838000;511.58;511.32;BRADYCARDIA;BRADY
9840000;511.47;511.22;BRADYCARDIA;BRADY
9842000;512.59;512.34;BRADYCARDIA;BRADY
9844000;514.06;513.82;BRADYCARDIA;BRADY
9846000;512.95;512.71;BRADYCARDIA;BRADY
9848000;512.12;511.88;BRADYCARDIA;BRADY
9850000;511.84;511.61;BRADYCARDIA;BRADY
9852000;511.62;511.39;BRADYCARDIA;BRADY
9854000;512.57;512.34;BRADYCARDIA;BRADY
9856000;511.84;511.62;BRADYCARDIA;BRADY
9858000;511.67;511.44;BRADYCARDIA;BRADY
9860000;512.01;511.79;BRADYCARDIA;BRADY
9862000;512.93;512.71;BRADYCARDIA;BRADY
9864000;511.95;511.74;BRADYCARDIA;BRADY
9866000;510.29;510.08;BRADYCARDIA;BRADY
9868000;512.01;511.80;BRADYCARDIA;BRADY
9870000;512.61;512.41;BRADYCARDIA;BRADY
9872000;512.26;512.06;BRADYCARDIA;BRADY
9874000;511.36;511.16;BRADYCARDIA;BRADY
9876000;511.47;511.27;BRADYCARDIA;BRADY
9878000;511.52;511.33;BRADYCARDIA;BRADY
9880000;511.66;511.48;BRADYCARDIA;BRADY
9882000;512.85;512.66;BRADYCARDIA;BRADY
9884000;511.55;511.37;BRADYCARDIA;BRADY
9886000;512.31;512.13;BRADYCARDIA;BRADY
9888000;512.95;512.77;BRADYCARDIA;BRADY
9890000;512.26;512.08;BRADYCARDIA;BRADY
9892000;512.71;512.54;BRADYCARDIA;BRADY
9894000;513.03;512.87;BRADYCARDIA;BRADY
9896000;511.73;511.57;BRADYCARDIA;BRADY
9898000;511.56;511.40;BRADYCARDIA;BRADY
9900000;511.85;511.69;BRADYCARDIA;BRADY
9902000;512.77;512.62;BRADYCARDIA;BRADY
9904000;511.19;511.04;BRADYCARDIA;BRADY
9906000;513.47;513.32;BRADYCARDIA;BRADY
9908000;511.17;511.02;BRADYCARDIA;BRADY
9910000;511.13;510.98;BRADYCARDIA;BRADY
9912000;512.16;512.02;BRADYCARDIA;BRADY
9914000;511.42;511.28;BRADYCARDIA;BRADY
9916000;512.65;512.52;BRADYCARDIA;BRADY
9918000;512.44;512.31;BRADYCARDIA;BRADY
9920000;513.21;513.09;BRADYCARDIA;BRADY
9922000;512.27;512.15;BRADYCARDIA;BRADY
9924000;513.08;512.96;BRADYCARDIA;BRADY
9926000;512.08;511.96;BRADYCARDIA;BRADY
9928000;511.16;511.05;BRADYCARDIA;BRADY
9930000;513.37;513.26;BRADYCARDIA;BRADY
9932000;511.08;510.98;BRADYCARDIA;BRADY
9934000;512.07;511.97;BRADYCARDIA;BRADY
9936000;513.08;512.98;BRADYCARDIA;BRADY
9938000;512.44;512.35;BRADYCARDIA;BRADY
9940000;511.68;511.59;BRADYCARDIA;BRADY
9942000;512.29;512.20;BRADYCARDIA;BRADY
9944000;511.99;511.90;BRADYCARDIA;BRADY
9946000;512.48;512.40;BRADYCARDIA;BRADY
9948000;510.47;510.39;BRADYCARDIA;BRADY
9950000;513.38;513.30;BRADYCARDIA;BRADY
9952000;513.42;513.34;BRADYCARDIA;BRADY
9954000;513.37;513.30;BRADYCARDIA;BRADY
9956000;511.76;511.69;BRADYCARDIA;BRADY
9958000;510.95;510.88;BRADYCARDIA;BRADY
9960000;512.78;512.72;BRADYCARDIA;BRADY
9962000;512.60;512.54;BRADYCARDIA;BRADY
9964000;511.56;511.50;BRADYCARDIA;BRADY
9966000;511.68;511.63;BRADYCARDIA;BRADY
9968000;512.00;511.95;BRADYCARDIA;BRADY
9970000;512.01;511.97;BRADYCARDIA;BRADY
9972000;510.53;510.49;BRADYCARDIA;BRADY
9974000;511.52;511.48;BRADYCARDIA;BRADY
9976000;511.05;511.01;BRADYCARDIA;BRADY
9978000;512.20;512.17;BRADYCARDIA;BRADY
9980000;510.76;510.73;BRADYCARDIA;BRADY
9982000;512.38;512.36;BRADYCARDIA;BRADY
9984000;512.52;512.49;BRADYCARDIA;BRADY
9986000;510.87;510.84;BRADYCARDIA;BRADY
9988000;511.31;511.29;BRADYCARDIA;BRADY
9990000;512.78;512.76;BRADYCARDIA;BRADY
9992000;513.03;513.02;BRADYCARDIA;BRADY
9994000;511.37;511.36;BRADYCARDIA;BRADY
9996000;510.96;510.95;BRADYCARDIA;BRADY
9998000;512.19;512.19;BRADYCARDIA;BRADY
