timestamp_us;raw_adc;filtered_val;rhythm;class_code
0;512.55;512.55;BRADYCARDIA;BRADY
2000;512.79;512.79;BRADYCARDIA;BRADY
4000;511.98;511.97;BRADYCARDIA;BRADY
6000;511.66;511.65;BRADYCARDIA;BRADY
8000;511.77;511.76;BRADYCARDIA;BRADY
10000;512.65;512.63;BRADYCARDIA;BRADY
12000;512.19;512.17;BRADYCARDIA;BRADY
14000;512.41;512.38;BRADYCARDIA;BRADY
16000;512.63;512.60;BRADYCARDIA;BRADY
18000;512.30;512.28;BRADYCARDIA;BRADY
20000;510.89;510.86;BRADYCARDIA;BRADY
22000;511.23;511.19;BRADYCARDIA;BRADY
24000;513.49;513.45;BRADYCARDIA;BRADY
26000;511.57;511.53;BRADYCARDIA;BRADY
28000;513.15;513.11;BRADYCARDIA;BRADY
30000;512.96;512.91;BRADYCARDIA;BRADY
32000;511.10;511.05;BRADYCARDIA;BRADY
34000;512.69;512.64;BRADYCARDIA;BRADY
36000;511.08;511.02;BRADYCARDIA;BRADY
38000;511.48;511.42;BRADYCARDIA;BRADY
40000;512.06;512.00;BRADYCARDIA;BRADY
42000;510.86;510.79;BRADYCARDIA;BRADY
44000;512.18;512.11;BRADYCARDIA;BRADY
46000;512.33;512.26;BRADYCARDIA;BRADY
48000;512.37;512.29;BRADYCARDIA;BRADY
50000;511.60;511.52;BRADYCARDIA;BRADY
52000;512.30;512.22;BRADYCARDIA;BRADY
54000;514.02;513.93;BRADYCARDIA;BRADY
56000;511.93;511.85;BRADYCARDIA;BRADY
58000;511.20;511.11;BRADYCARDIA;BRADY
60000;511.44;511.34;BRADYCARDIA;BRADY
62000;512.70;512.60;BRADYCARDIA;BRADY
64000;512.23;512.13;BRADYCARDIA;BRADY
66000;509.99;509.89;BRADYCARDIA;BRADY
68000;511.87;511.76;BRADYCARDIA;BRADY
70000;511.98;511.87;BRADYCARDIA;BRADY
72000;512.26;512.15;BRADYCARDIA;BRADY
74000;513.55;513.43;BRADYCARDIA;BRADY
76000;511.69;511.57;BRADYCARDIA;BRADY
78000;511.79;511.66;BRADYCARDIA;BRADY
80000;512.96;512.84;BRADYCARDIA;BRADY
82000;512.52;512.39;BRADYCARDIA;BRADY
84000;512.32;512.19;BRADYCARDIA;BRADY
86000;512.50;512.36;BRADYCARDIA;BRADY
88000;512.54;512.40;BRADYCARDIA;BRADY
90000;511.11;510.96;BRADYCARDIA;BRADY
92000;510.77;510.63;BRADYCARDIA;BRADY
94000;511.56;511.42;BRADYCARDIA;BRADY
96000;510.34;510.19;BRADYCARDIA;BRADY
98000;512.11;511.95;BRADYCARDIA;BRADY
100000;513.45;513.29;BRADYCARDIA;BRADY
102000;513.95;513.79;BRADYCARDIA;BRADY
104000;513.16;512.99;BRADYCARDIA;BRADY
106000;510.99;510.82;BRADYCARDIA;BRADY
108000;512.97;512.80;BRADYCARDIA;BRADY
110000;511.55;511.38;BRADYCARDIA;BRADY
112000;512.42;512.25;BRADYCARDIA;BRADY
114000;511.70;511.52;BRADYCARDIA;BRADY
116000;510.52;510.34;BRADYCARDIA;BRADY
118000;512.16;511.97;BRADYCARDIA;BRADY
120000;514.47;514.28;BRADYCARDIA;BRADY
122000;511.21;511.02;BRADYCARDIA;BRADY
124000;511.13;510.94;BRADYCARDIA;BRADY
126000;512.13;511.93;BRADYCARDIA;BRADY
128000;512.76;512.56;BRADYCARDIA;BRADY
130000;511.48;511.28;BRADYCARDIA;BRADY
132000;512.39;512.19;BRADYCARDIA;BRADY
134000;513.23;513.02;BRADYCARDIA;BRADY
136000;511.61;511.40;BRADYCARDIA;BRADY
138000;512.74;512.53;BRADYCARDIA;BRADY
140000;512.70;512.49;BRADYCARDIA;BRADY
142000;513.03;512.81;BRADYCARDIA;BRADY
144000;511.68;511.46;BRADYCARDIA;BRADY
146000;513.41;513.18;BRADYCARDIA;BRADY
148000;512.49;512.26;BRADYCARDIA;BRADY
150000;512.53;512.30;BRADYCARDIA;BRADY
152000;512.62;512.39;BRADYCARDIA;BRADY
154000;512.73;512.49;BRADYCARDIA;BRADY
156000;511.56;511.31;BRADYCARDIA;BRADY
158000;513.15;512.90;BRADYCARDIA;BRADY
160000;511.32;511.07;BRADYCARDIA;BRADY
162000;511.18;510.92;BRADYCARDIA;BRADY
164000;514.15;513.90;BRADYCARDIA;BRADY
166000;513.01;512.75;BRADYCARDIA;BRADY
168000;511.55;511.28;BRADYCARDIA;BRADY
170000;512.44;512.18;BRADYCARDIA;BRADY
172000;511.97;511.70;BRADYCARDIA;BRADY
174000;511.27;511.00;BRADYCARDIA;BRADY
176000;513.41;513.14;BRADYCARDIA;BRADY
178000;511.83;511.55;BRADYCARDIA;BRADY
180000;510.37;510.09;BRADYCARDIA;BRADY
182000;512.48;512.20;BRADYCARDIA;BRADY
184000;513.22;512.94;BRADYCARDIA;BRADY
186000;512.66;512.37;BRADYCARDIA;BRADY
188000;511.89;511.60;BRADYCARDIA;BRADY
190000;511.77;511.48;BRADYCARDIA;BRADY
192000;513.05;512.75;BRADYCARDIA;BRADY
194000;512.52;512.22;BRADYCARDIA;BRADY
196000;511.06;510.76;BRADYCARDIA;BRADY
198000;511.62;511.32;BRADYCARDIA;BRADY
200000;511.24;510.93;BRADYCARDIA;BRADY
202000;511.75;511.44;BRADYCARDIA;BRADY
204000;510.80;510.49;BRADYCARDIA;BRADY
206000;512.87;512.55;BRADYCARDIA;BRADY
208000;512.43;512.11;BRADYCARDIA;BRADY
210000;512.96;512.63;BRADYCARDIA;BRADY
212000;512.81;512.48;BRADYCARDIA;BRADY
214000;512.57;512.24;BRADYCARDIA;BRADY
216000;511.54;511.20;BRADYCARDIA;BRADY
218000;512.91;512.57;BRADYCARDIA;BRADY
220000;512.22;511.88;BRADYCARDIA;BRADY
222000;511.98;511.64;BRADYCARDIA;BRADY
224000;513.40;513.05;BRADYCARDIA;BRADY
226000;512.02;511.67;BRADYCARDIA;BRADY
228000;513.50;513.15;BRADYCARDIA;BRADY
230000;513.01;512.66;BRADYCARDIA;BRADY
232000;513.62;513.27;BRADYCARDIA;BRADY
234000;512.70;512.34;BRADYCARDIA;BRADY
236000;511.93;511.57;BRADYCARDIA;BRADY
238000;512.94;512.57;BRADYCARDIA;BRADY
240000;512.28;511.91;BRADYCARDIA;BRADY
242000;512.30;511.93;BRADYCARDIA;BRADY
244000;511.97;511.59;BRADYCARDIA;BRADY
246000;511.36;510.99;BRADYCARDIA;BRADY
248000;511.29;510.91;BRADYCARDIA;BRADY
250000;511.13;510.75;BRADYCARDIA;BRADY
252000;512.12;511.74;BRADYCARDIA;BRADY
254000;512.48;512.09;BRADYCARDIA;BRADY
256000;511.71;511.31;BRADYCARDIA;BRADY
258000;512.36;511.96;BRADYCARDIA;BRADY
260000;512.28;511.88;BRADYCARDIA;BRADY
262000;511.30;510.90;BRADYCARDIA;BRADY
264000;512.62;512.22;BRADYCARDIA;BRADY
266000;512.21;511.81;BRADYCARDIA;BRADY
268000;511.91;511.50;BRADYCARDIA;BRADY
270000;512.15;511.74;BRADYCARDIA;BRADY
272000;513.92;513.50;BRADYCARDIA;BRADY
274000;511.92;511.50;BRADYCARDIA;BRADY
276000;511.62;511.20;BRADYCARDIA;BRADY
278000;512.56;512.14;BRADYCARDIA;BRADY
280000;512.13;511.70;BRADYCARDIA;BRADY
282000;511.84;511.42;BRADYCARDIA;BRADY
284000;512.60;512.17;BRADYCARDIA;BRADY
286000;513.23;512.80;BRADYCARDIA;BRADY
288000;511.69;511.25;BRADYCARDIA;BRADY
290000;513.10;512.66;BRADYCARDIA;BRADY
292000;511.94;511.50;BRADYCARDIA;BRADY
294000;513.03;512.59;BRADYCARDIA;BRADY
296000;511.43;510.99;BRADYCARDIA;BRADY
298000;512.23;511.78;BRADYCARDIA;BRADY
300000;512.09;511.63;BRADYCARDIA;BRADY
302000;512.40;511.94;BRADYCARDIA;BRADY
304000;512.87;512.41;BRADYCARDIA;BRADY
306000;511.62;511.16;BRADYCARDIA;BRADY
308000;512.17;511.71;BRADYCARDIA;BRADY
310000;513.21;512.74;BRADYCARDIA;BRADY
312000;513.13;512.66;BRADYCARDIA;BRADY
314000;511.94;511.47;BRADYCARDIA;BRADY
316000;512.47;511.99;BRADYCARDIA;BRADY
318000;512.50;512.03;BRADYCARDIA;BRADY
320000;512.31;511.83;BRADYCARDIA;BRADY
322000;512.29;511.80;BRADYCARDIA;BRADY
324000;511.03;510.54;BRADYCARDIA;BRADY
326000;511.84;511.35;BRADYCARDIA;BRADY
328000;512.90;512.41;BRADYCARDIA;BRADY
330000;511.78;511.29;BRADYCARDIA;BRADY
332000;512.60;512.10;BRADYCARDIA;BRADY
334000;512.44;511.94;BRADYCARDIA;BRADY
336000;512.50;512.00;BRADYCARDIA;BRADY
338000;513.68;513.18;BRADYCARDIA;BRADY
340000;512.64;512.13;BRADYCARDIA;BRADY
342000;512.97;512.46;BRADYCARDIA;BRADY
344000;512.11;511.60;BRADYCARDIA;BRADY
346000;510.71;510.20;BRADYCARDIA;BRADY
348000;512.77;512.25;BRADYCARDIA;BRADY
350000;511.95;511.42;BRADYCARDIA;BRADY
352000;512.43;511.90;BRADYCARDIA;BRADY
354000;512.81;512.28;BRADYCARDIA;BRADY
356000;512.86;512.33;BRADYCARDIA;BRADY
358000;512.97;512.44;BRADYCARDIA;BRADY
360000;512.46;511.92;BRADYCARDIA;BRADY
362000;513.15;512.61;BRADYCARDIA;BRADY
364000;513.08;512.54;BRADYCARDIA;BRADY
366000;512.77;512.22;BRADYCARDIA;BRADY
368000;511.47;510.92;BRADYCARDIA;BRADY
370000;512.61;512.06;BRADYCARDIA;BRADY
372000;513.48;512.92;BRADYCARDIA;BRADY
374000;512.38;511.83;BRADYCARDIA;BRADY
376000;511.66;511.10;BRADYCARDIA;BRADY
378000;511.67;511.11;BRADYCARDIA;BRADY
380000;512.73;512.16;BRADYCARDIA;BRADY
382000;512.45;511.88;BRADYCARDIA;BRADY
384000;511.85;511.29;BRADYCARDIA;BRADY
386000;513.76;513.19;BRADYCARDIA;BRADY
388000;513.93;513.35;BRADYCARDIA;BRADY
390000;513.91;513.34;BRADYCARDIA;BRADY
392000;511.58;511.01;BRADYCARDIA;BRADY
394000;512.46;511.88;BRADYCARDIA;BRADY
396000;511.72;511.14;BRADYCARDIA;BRADY
398000;513.92;513.33;BRADYCARDIA;BRADY
400000;513.12;512.53;BRADYCARDIA;BRADY
402000;513.94;513.35;BRADYCARDIA;BRADY
404000;512.55;511.96;BRADYCARDIA;BRADY
406000;513.57;512.98;BRADYCARDIA;BRADY
408000;512.36;511.76;BRADYCARDIA;BRADY
410000;512.20;511.60;BRADYCARDIA;BRADY
412000;511.17;510.57;BRADYCARDIA;BRADY
414000;512.86;512.26;BRADYCARDIA;BRADY
416000;512.77;512.16;BRADYCARDIA;BRADY
418000;513.40;512.79;BRADYCARDIA;BRADY
420000;514.57;513.96;BRADYCARDIA;BRADY
422000;512.41;511.79;BRADYCARDIA;BRADY
424000;511.98;511.36;BRADYCARDIA;BRADY
426000;513.62;513.00;BRADYCARDIA;BRADY
428000;512.59;511.97;BRADYCARDIA;BRADY
430000;512.15;511.52;BRADYCARDIA;BRADY
432000;511.97;511.35;BRADYCARDIA;BRADY
434000;512.26;511.63;BRADYCARDIA;BRADY
436000;513.83;513.20;BRADYCARDIA;BRADY
438000;512.33;511.69;BRADYCARDIA;BRADY
440000;511.93;511.29;BRADYCARDIA;BRADY
442000;512.45;511.81;BRADYCARDIA;BRADY
444000;512.32;511.68;BRADYCARDIA;BRADY
446000;512.96;512.31;BRADYCARDIA;BRADY
448000;512.15;511.50;BRADYCARDIA;BRADY
450000;512.38;511.73;BRADYCARDIA;BRADY
452000;513.95;513.30;BRADYCARDIA;BRADY
454000;513.44;512.78;BRADYCARDIA;BRADY
456000;512.96;512.30;BRADYCARDIA;BRADY
458000;513.12;512.46;BRADYCARDIA;BRADY
460000;513.61;512.94;BRADYCARDIA;BRADY
462000;511.62;510.96;BRADYCARDIA;BRADY
464000;512.25;511.58;BRADYCARDIA;BRADY
466000;512.96;512.30;BRADYCARDIA;BRADY
468000;513.24;512.57;BRADYCARDIA;BRADY
470000;511.30;510.63;BRADYCARDIA;BRADY
472000;512.38;511.70;BRADYCARDIA;BRADY
474000;513.63;512.95;BRADYCARDIA;BRADY
476000;512.45;511.77;BRADYCARDIA;BRADY
478000;511.56;510.88;BRADYCARDIA;BRADY
480000;511.38;510.69;BRADYCARDIA;BRADY
482000;513.71;513.02;BRADYCARDIA;BRADY
484000;512.82;512.13;BRADYCARDIA;BRADY
486000;513.25;512.55;BRADYCARDIA;BRADY
488000;514.29;513.59;BRADYCARDIA;BRADY
490000;512.08;511.39;BRADYCARDIA;BRADY
492000;512.83;512.13;BRADYCARDIA;BRADY
494000;514.15;513.45;BRADYCARDIA;BRADY
496000;510.95;510.25;BRADYCARDIA;BRADY
498000;513.24;512.54;BRADYCARDIA;BRADY
500000;512.31;511.60;BRADYCARDIA;BRADY
502000;512.62;511.91;BRADYCARDIA;BRADY
504000;513.35;512.64;BRADYCARDIA;BRADY
506000;511.21;510.49;BRADYCARDIA;BRADY
508000;512.88;512.17;BRADYCARDIA;BRADY
510000;513.52;512.80;BRADYCARDIA;BRADY
512000;511.16;510.44;BRADYCARDIA;BRADY
514000;511.93;511.21;BRADYCARDIA;BRADY
516000;512.32;511.60;BRADYCARDIA;BRADY
518000;511.63;510.90;BRADYCARDIA;BRADY
520000;512.22;511.49;BRADYCARDIA;BRADY
522000;513.91;513.18;BRADYCARDIA;BRADY
524000;512.49;511.76;BRADYCARDIA;BRADY
526000;512.99;512.26;BRADYCARDIA;BRADY
528000;512.08;511.34;BRADYCARDIA;BRADY
530000;512.55;511.81;BRADYCARDIA;BRADY
532000;513.07;512.33;BRADYCARDIA;BRADY
534000;512.06;511.32;BRADYCARDIA;BRADY
536000;513.07;512.32;BRADYCARDIA;BRADY
538000;512.20;511.45;BRADYCARDIA;BRADY
540000;513.66;512.91;BRADYCARDIA;BRADY
542000;511.16;510.40;BRADYCARDIA;BRADY
544000;512.43;511.67;BRADYCARDIA;BRADY
546000;513.33;512.57;BRADYCARDIA;BRADY
548000;513.81;513.05;BRADYCARDIA;BRADY
550000;511.36;510.60;BRADYCARDIA;BRADY
552000;513.87;513.11;BRADYCARDIA;BRADY
554000;514.12;513.36;BRADYCARDIA;BRADY
556000;511.66;510.89;BRADYCARDIA;BRADY
558000;514.02;513.25;BRADYCARDIA;BRADY
560000;512.35;511.58;BRADYCARDIA;BRADY
562000;512.69;511.92;BRADYCARDIA;BRADY
564000;512.35;511.57;BRADYCARDIA;BRADY
566000;512.67;511.89;BRADYCARDIA;BRADY
568000;512.64;511.86;BRADYCARDIA;BRADY
570000;512.15;511.37;BRADYCARDIA;BRADY
572000;512.01;511.23;BRADYCARDIA;BRADY
574000;513.39;512.61;BRADYCARDIA;BRADY
576000;512.24;511.45;BRADYCARDIA;BRADY
578000;512.29;511.50;BRADYCARDIA;BRADY
580000;514.19;513.40;BRADYCARDIA;BRADY
582000;513.22;512.43;BRADYCARDIA;BRADY
584000;512.24;511.44;BRADYCARDIA;BRADY
586000;513.82;513.02;BRADYCARDIA;BRADY
588000;511.77;510.97;BRADYCARDIA;BRADY
590000;512.85;512.05;BRADYCARDIA;BRADY
592000;512.40;511.60;BRADYCARDIA;BRADY
594000;511.21;510.41;BRADYCARDIA;BRADY
596000;511.78;510.97;BRADYCARDIA;BRADY
598000;513.15;512.34;BRADYCARDIA;BRADY
600000;513.53;512.72;BRADYCARDIA;BRADY
602000;513.54;512.72;BRADYCARDIA;BRADY
604000;511.93;511.12;BRADYCARDIA;BRADY
606000;514.56;513.74;BRADYCARDIA;BRADY
608000;512.25;511.43;BRADYCARDIA;BRADY
610000;513.54;512.72;BRADYCARDIA;BRADY
612000;513.10;512.28;BRADYCARDIA;BRADY
614000;513.22;512.40;BRADYCARDIA;BRADY
616000;512.16;511.34;BRADYCARDIA;BRADY
618000;512.06;511.24;BRADYCARDIA;BRADY
620000;512.57;511.74;BRADYCARDIA;BRADY
622000;513.23;512.40;BRADYCARDIA;BRADY
624000;512.71;511.88;BRADYCARDIA;BRADY
626000;513.52;512.69;BRADYCARDIA;BRADY
628000;512.68;511.85;BRADYCARDIA;BRADY
630000;512.26;511.43;BRADYCARDIA;BRADY
632000;512.43;511.60;BRADYCARDIA;BRADY
634000;514.10;513.26;BRADYCARDIA;BRADY
636000;512.92;512.08;BRADYCARDIA;BRADY
638000;511.60;510.76;BRADYCARDIA;BRADY
640000;514.27;513.43;BRADYCARDIA;BRADY
642000;512.57;511.73;BRADYCARDIA;BRADY
644000;512.53;511.68;BRADYCARDIA;BRADY
646000;512.43;511.58;BRADYCARDIA;BRADY
648000;514.07;513.22;BRADYCARDIA;BRADY
650000;513.92;513.07;BRADYCARDIA;BRADY
652000;511.59;510.73;BRADYCARDIA;BRADY
654000;511.11;510.25;BRADYCARDIA;BRADY
656000;512.81;511.95;BRADYCARDIA;BRADY
658000;513.26;512.40;BRADYCARDIA;BRADY
660000;512.02;511.16;BRADYCARDIA;BRADY
662000;512.64;511.77;BRADYCARDIA;BRADY
664000;513.03;512.17;BRADYCARDIA;BRADY
666000;512.81;511.95;BRADYCARDIA;BRADY
668000;512.87;512.01;BRADYCARDIA;BRADY
670000;512.82;511.95;BRADYCARDIA;BRADY
672000;512.93;512.06;BRADYCARDIA;BRADY
674000;513.61;512.74;BRADYCARDIA;BRADY
676000;513.14;512.26;BRADYCARDIA;BRADY
678000;511.82;510.94;BRADYCARDIA;BRADY
680000;512.97;512.09;BRADYCARDIA;BRADY
682000;513.27;512.40;BRADYCARDIA;BRADY
684000;512.12;511.24;BRADYCARDIA;BRADY
686000;513.55;512.67;BRADYCARDIA;BRADY
688000;510.33;509.44;BRADYCARDIA;BRADY
690000;512.62;511.74;BRADYCARDIA;BRADY
692000;512.24;511.35;BRADYCARDIA;BRADY
694000;513.57;512.69;BRADYCARDIA;BRADY
696000;513.88;512.99;BRADYCARDIA;BRADY
698000;512.53;511.64;BRADYCARDIA;BRADY
700000;511.70;510.81;BRADYCARDIA;BRADY
702000;512.05;511.16;BRADYCARDIA;BRADY
704000;513.55;512.66;BRADYCARDIA;BRADY
706000;512.70;511.80;BRADYCARDIA;BRADY
708000;512.71;511.82;BRADYCARDIA;BRADY
710000;511.39;510.49;BRADYCARDIA;BRADY
712000;513.55;512.65;BRADYCARDIA;BRADY
714000;512.39;511.49;BRADYCARDIA;BRADY
716000;514.62;513.72;BRADYCARDIA;BRADY
718000;511.15;510.24;BRADYCARDIA;BRADY
720000;512.62;511.72;BRADYCARDIA;BRADY
722000;511.97;511.06;BRADYCARDIA;BRADY
724000;511.79;510.88;BRADYCARDIA;BRADY
726000;512.51;511.60;BRADYCARDIA;BRADY
728000;511.26;510.35;BRADYCARDIA;BRADY
730000;513.05;512.14;BRADYCARDIA;BRADY
732000;513.17;512.26;BRADYCARDIA;BRADY
734000;512.01;511.09;BRADYCARDIA;BRADY
736000;513.29;512.37;BRADYCARDIA;BRADY
738000;512.44;511.52;BRADYCARDIA;BRADY
740000;514.65;513.73;BRADYCARDIA;BRADY
742000;513.83;512.91;BRADYCARDIA;BRADY
744000;513.77;512.85;BRADYCARDIA;BRADY
746000;512.37;511.45;BRADYCARDIA;BRADY
748000;513.40;512.48;BRADYCARDIA;BRADY
750000;511.92;510.99;BRADYCARDIA;BRADY
752000;514.40;513.48;BRADYCARDIA;BRADY
754000;513.63;512.71;BRADYCARDIA;BRADY
756000;513.16;512.23;BRADYCARDIA;BRADY
758000;513.31;512.38;BRADYCARDIA;BRADY
760000;512.52;511.59;BRADYCARDIA;BRADY
762000;513.00;512.07;BRADYCARDIA;BRADY
764000;512.38;511.45;BRADYCARDIA;BRADY
766000;513.43;512.50;BRADYCARDIA;BRADY
768000;511.70;510.77;BRADYCARDIA;BRADY
770000;513.00;512.06;BRADYCARDIA;BRADY
772000;513.81;512.87;BRADYCARDIA;BRADY
774000;513.26;512.33;BRADYCARDIA;BRADY
776000;512.28;511.34;BRADYCARDIA;BRADY
778000;514.04;513.10;BRADYCARDIA;BRADY
780000;512.25;511.31;BRADYCARDIA;BRADY
782000;513.93;512.99;BRADYCARDIA;BRADY
784000;513.98;513.03;BRADYCARDIA;BRADY
786000;512.76;511.81;BRADYCARDIA;BRADY
788000;514.10;513.16;BRADYCARDIA;BRADY
790000;512.94;512.00;BRADYCARDIA;BRADY
792000;513.96;513.01;BRADYCARDIA;BRADY
794000;512.74;511.79;BRADYCARDIA;BRADY
796000;512.95;512.00;BRADYCARDIA;BRADY
798000;514.04;513.09;BRADYCARDIA;BRADY
800000;511.26;510.31;BRADYCARDIA;BRADY
802000;512.68;511.73;BRADYCARDIA;BRADY
804000;511.08;510.13;BRADYCARDIA;BRADY
806000;512.20;511.24;BRADYCARDIA;BRADY
808000;513.23;512.28;BRADYCARDIA;BRADY
810000;514.66;513.71;BRADYCARDIA;BRADY
812000;512.14;511.18;BRADYCARDIA;BRADY
814000;512.93;511.97;BRADYCARDIA;BRADY
816000;512.51;511.55;BRADYCARDIA;BRADY
818000;513.51;512.55;BRADYCARDIA;BRADY
820000;513.48;512.52;BRADYCARDIA;BRADY
822000;512.37;511.41;BRADYCARDIA;BRADY
824000;514.56;513.60;BRADYCARDIA;BRADY
826000;513.06;512.10;BRADYCARDIA;BRADY
828000;512.33;511.37;BRADYCARDIA;BRADY
830000;512.48;511.51;BRADYCARDIA;BRADY
832000;514.71;513.75;BRADYCARDIA;BRADY
834000;511.90;510.94;BRADYCARDIA;BRADY
836000;513.45;512.48;BRADYCARDIA;BRADY
838000;512.39;511.42;BRADYCARDIA;BRADY
840000;512.54;511.57;BRADYCARDIA;BRADY
842000;512.34;511.37;BRADYCARDIA;BRADY
844000;514.10;513.13;BRADYCARDIA;BRADY
846000;511.95;510.98;BRADYCARDIA;BRADY
848000;511.77;510.80;BRADYCARDIA;BRADY
850000;512.54;511.56;BRADYCARDIA;BRADY
852000;513.29;512.31;BRADYCARDIA;BRADY
854000;513.14;512.16;BRADYCARDIA;BRADY
856000;513.16;512.19;BRADYCARDIA;BRADY
858000;512.79;511.81;BRADYCARDIA;BRADY
860000;513.96;512.99;BRADYCARDIA;BRADY
862000;511.27;510.30;BRADYCARDIA;BRADY
864000;513.09;512.11;BRADYCARDIA;BRADY
866000;513.11;512.13;BRADYCARDIA;BRADY
868000;515.19;514.21;BRADYCARDIA;BRADY
870000;514.05;513.07;BRADYCARDIA;BRADY
872000;513.42;512.44;BRADYCARDIA;BRADY
874000;512.15;511.17;BRADYCARDIA;BRADY
876000;514.02;513.04;BRADYCARDIA;BRADY
878000;513.01;512.03;BRADYCARDIA;BRADY
880000;511.90;510.92;BRADYCARDIA;BRADY
882000;513.66;512.67;BRADYCARDIA;BRADY
884000;513.31;512.32;BRADYCARDIA;BRADY
886000;512.95;511.97;BRADYCARDIA;BRADY
888000;512.38;511.39;BRADYCARDIA;BRADY
890000;513.40;512.42;BRADYCARDIA;BRADY
892000;511.03;510.05;BRADYCARDIA;BRADY
894000;513.00;512.01;BRADYCARDIA;BRADY
896000;511.33;510.34;BRADYCARDIA;BRADY
898000;512.36;511.37;BRADYCARDIA;BRADY
900000;514.12;513.13;BRADYCARDIA;BRADY
902000;512.10;511.11;BRADYCARDIA;BRADY
904000;513.09;512.10;BRADYCARDIA;BRADY
906000;512.79;511.80;BRADYCARDIA;BRADY
908000;512.39;511.40;BRADYCARDIA;BRADY
910000;514.00;513.01;BRADYCARDIA;BRADY
912000;511.90;510.91;BRADYCARDIA;BRADY
914000;512.78;511.79;BRADYCARDIA;BRADY
916000;513.64;512.64;BRADYCARDIA;BRADY
918000;511.13;510.13;BRADYCARDIA;BRADY
920000;513.53;512.53;BRADYCARDIA;BRADY
922000;512.10;511.11;BRADYCARDIA;BRADY
924000;513.15;512.16;BRADYCARDIA;BRADY
926000;511.27;510.28;BRADYCARDIA;BRADY
928000;513.29;512.29;BRADYCARDIA;BRADY
930000;512.83;511.83;BRADYCARDIA;BRADY
932000;512.78;511.78;BRADYCARDIA;BRADY
934000;511.51;510.52;BRADYCARDIA;BRADY
936000;513.98;512.98;BRADYCARDIA;BRADY
938000;513.39;512.39;BRADYCARDIA;BRADY
940000;513.10;512.10;BRADYCARDIA;BRADY
942000;512.72;511.72;BRADYCARDIA;BRADY
944000;515.03;514.03;BRADYCARDIA;BRADY
946000;512.71;511.71;BRADYCARDIA;BRADY
948000;513.71;512.71;BRADYCARDIA;BRADY
950000;512.99;511.99;BRADYCARDIA;BRADY
952000;514.04;513.04;BRADYCARDIA;BRADY
954000;513.34;512.34;BRADYCARDIA;BRADY
956000;512.84;511.85;BRADYCARDIA;BRADY
958000;512.77;511.78;BRADYCARDIA;BRADY
960000;512.85;511.86;BRADYCARDIA;BRADY
962000;512.38;511.38;BRADYCARDIA;BRADY
964000;512.29;511.30;BRADYCARDIA;BRADY
966000;513.88;512.88;BRADYCARDIA;BRADY
968000;513.18;512.18;BRADYCARDIA;BRADY
970000;513.75;512.75;BRADYCARDIA;BRADY
972000;511.04;510.04;BRADYCARDIA;BRADY
974000;513.04;512.04;BRADYCARDIA;BRADY
976000;513.88;512.88;BRADYCARDIA;BRADY
978000;514.14;513.14;BRADYCARDIA;BRADY
980000;512.46;511.46;BRADYCARDIA;BRADY
982000;512.99;511.99;BRADYCARDIA;BRADY
984000;513.64;512.64;BRADYCARDIA;BRADY
986000;513.66;512.66;BRADYCARDIA;BRADY
988000;513.32;512.32;BRADYCARDIA;BRADY
990000;512.95;511.95;BRADYCARDIA;BRADY
992000;513.07;512.07;BRADYCARDIA;BRADY
994000;512.92;511.92;BRADYCARDIA;BRADY
996000;511.93;510.93;BRADYCARDIA;BRADY
998000;512.26;511.26;BRADYCARDIA;BRADY
1000000;515.03;514.03;BRADYCARDIA;BRADY
1002000;512.48;511.48;BRADYCARDIA;BRADY
1004000;513.36;512.36;BRADYCARDIA;BRADY
1006000;512.39;511.39;BRADYCARDIA;BRADY
1008000;512.48;511.48;BRADYCARDIA;BRADY
1010000;513.60;512.60;BRADYCARDIA;BRADY
1012000;513.78;512.78;BRADYCARDIA;BRADY
1014000;513.61;512.61;BRADYCARDIA;BRADY
1016000;513.20;512.20;BRADYCARDIA;BRADY
1018000;513.90;512.90;BRADYCARDIA;BRADY
1020000;512.30;511.30;BRADYCARDIA;BRADY
1022000;511.77;510.77;BRADYCARDIA;BRADY
1024000;512.53;511.53;BRADYCARDIA;BRADY
1026000;513.71;512.71;BRADYCARDIA;BRADY
1028000;513.23;512.23;BRADYCARDIA;BRADY
1030000;512.65;511.65;BRADYCARDIA;BRADY
1032000;513.99;512.99;BRADYCARDIA;BRADY
1034000;513.15;512.15;BRADYCARDIA;BRADY
1036000;514.06;513.06;BRADYCARDIA;BRADY
1038000;512.64;511.64;BRADYCARDIA;BRADY
1040000;512.58;511.58;BRADYCARDIA;BRADY
1042000;511.86;510.86;BRADYCARDIA;BRADY
1044000;513.41;512.42;BRADYCARDIA;BRADY
1046000;513.25;512.26;BRADYCARDIA;BRADY
1048000;515.08;514.08;BRADYCARDIA;BRADY
1050000;513.73;512.74;BRADYCARDIA;BRADY
1052000;512.42;511.43;BRADYCARDIA;BRADY
1054000;513.48;512.49;BRADYCARDIA;BRADY
1056000;510.89;509.90;BRADYCARDIA;BRADY
1058000;512.39;511.39;BRADYCARDIA;BRADY
1060000;512.23;511.24;BRADYCARDIA;BRADY
1062000;512.04;511.05;BRADYCARDIA;BRADY
1064000;513.04;512.04;BRADYCARDIA;BRADY
1066000;513.04;512.05;BRADYCARDIA;BRADY
1068000;513.84;512.85;BRADYCARDIA;BRADY
1070000;512.89;511.90;BRADYCARDIA;BRADY
1072000;513.20;512.20;BRADYCARDIA;BRADY
1074000;511.77;510.78;BRADYCARDIA;BRADY
1076000;513.30;512.31;BRADYCARDIA;BRADY
1078000;512.65;511.66;BRADYCARDIA;BRADY
1080000;511.81;510.82;BRADYCARDIA;BRADY
1082000;513.24;512.25;BRADYCARDIA;BRADY
1084000;511.20;510.21;BRADYCARDIA;BRADY
1086000;514.59;513.60;BRADYCARDIA;BRADY
1088000;511.21;510.22;BRADYCARDIA;BRADY
1090000;513.52;512.53;BRADYCARDIA;BRADY
1092000;514.32;513.33;BRADYCARDIA;BRADY
1094000;513.29;512.30;BRADYCARDIA;BRADY
1096000;513.81;512.83;BRADYCARDIA;BRADY
1098000;512.67;511.68;BRADYCARDIA;BRADY
1100000;511.66;510.67;BRADYCARDIA;BRADY
1102000;512.58;511.60;BRADYCARDIA;BRADY
1104000;511.86;510.87;BRADYCARDIA;BRADY
1106000;513.46;512.47;BRADYCARDIA;BRADY
1108000;513.27;512.29;BRADYCARDIA;BRADY
1110000;512.62;511.63;BRADYCARDIA;BRADY
1112000;514.99;514.01;BRADYCARDIA;BRADY
1114000;513.12;512.14;BRADYCARDIA;BRADY
1116000;512.32;511.34;BRADYCARDIA;BRADY
1118000;513.81;512.83;BRADYCARDIA;BRADY
1120000;513.79;512.81;BRADYCARDIA;BRADY
1122000;511.54;510.56;BRADYCARDIA;BRADY
1124000;514.11;513.13;BRADYCARDIA;BRADY
1126000;512.41;511.43;BRADYCARDIA;BRADY
1128000;513.78;512.80;BRADYCARDIA;BRADY
1130000;512.07;511.09;BRADYCARDIA;BRADY
1132000;511.44;510.47;BRADYCARDIA;BRADY
1134000;512.91;511.93;BRADYCARDIA;BRADY
1136000;511.24;510.26;BRADYCARDIA;BRADY
1138000;512.39;511.42;BRADYCARDIA;BRADY
1140000;512.39;511.41;BRADYCARDIA;BRADY
1142000;513.73;512.76;BRADYCARDIA;BRADY
1144000;514.08;513.10;BRADYCARDIA;BRADY
1146000;512.87;511.89;BRADYCARDIA;BRADY
1148000;512.49;511.51;BRADYCARDIA;BRADY
1150000;513.26;512.29;BRADYCARDIA;BRADY
1152000;513.38;512.41;BRADYCARDIA;BRADY
1154000;512.54;511.56;BRADYCARDIA;BRADY
1156000;511.37;510.40;BRADYCARDIA;BRADY
1158000;512.21;511.24;BRADYCARDIA;BRADY
1160000;513.22;512.25;BRADYCARDIA;BRADY
1162000;513.35;512.38;BRADYCARDIA;BRADY
1164000;513.65;512.68;BRADYCARDIA;BRADY
1166000;513.54;512.57;BRADYCARDIA;BRADY
1168000;513.84;512.87;BRADYCARDIA;BRADY
1170000;512.21;511.24;BRADYCARDIA;BRADY
1172000;513.28;512.31;BRADYCARDIA;BRADY
1174000;513.59;512.63;BRADYCARDIA;BRADY
1176000;512.63;511.67;BRADYCARDIA;BRADY
1178000;512.47;511.51;BRADYCARDIA;BRADY
1180000;513.92;512.96;BRADYCARDIA;BRADY
1182000;513.65;512.69;BRADYCARDIA;BRADY
1184000;512.76;511.80;BRADYCARDIA;BRADY
1186000;514.01;513.06;BRADYCARDIA;BRADY
1188000;512.26;511.31;BRADYCARDIA;BRADY
1190000;512.87;511.92;BRADYCARDIA;BRADY
1192000;512.72;511.77;BRADYCARDIA;BRADY
1194000;514.10;513.15;BRADYCARDIA;BRADY
1196000;512.92;511.96;BRADYCARDIA;BRADY
1198000;512.70;511.75;BRADYCARDIA;BRADY
1200000;514.05;513.09;BRADYCARDIA;BRADY
1202000;513.32;512.37;BRADYCARDIA;BRADY
1204000;513.58;512.63;BRADYCARDIA;BRADY
1206000;513.33;512.38;BRADYCARDIA;BRADY
1208000;513.25;512.30;BRADYCARDIA;BRADY
1210000;513.10;512.15;BRADYCARDIA;BRADY
1212000;512.71;511.77;BRADYCARDIA;BRADY
1214000;513.43;512.49;BRADYCARDIA;BRADY
1216000;512.17;511.23;BRADYCARDIA;BRADY
1218000;510.92;509.98;BRADYCARDIA;BRADY
1220000;511.80;510.86;BRADYCARDIA;BRADY
1222000;512.15;511.21;BRADYCARDIA;BRADY
1224000;513.66;512.72;BRADYCARDIA;BRADY
1226000;514.16;513.23;BRADYCARDIA;BRADY
1228000;513.79;512.85;BRADYCARDIA;BRADY
1230000;514.51;513.57;BRADYCARDIA;BRADY
1232000;512.24;511.30;BRADYCARDIA;BRADY
1234000;512.26;511.33;BRADYCARDIA;BRADY
1236000;513.92;512.99;BRADYCARDIA;BRADY
1238000;513.37;512.43;BRADYCARDIA;BRADY
1240000;512.96;512.03;BRADYCARDIA;BRADY
1242000;512.50;511.57;BRADYCARDIA;BRADY
1244000;512.87;511.94;BRADYCARDIA;BRADY
1246000;512.05;511.12;BRADYCARDIA;BRADY
1248000;514.42;513.50;BRADYCARDIA;BRADY
1250000;513.00;512.07;BRADYCARDIA;BRADY
1252000;513.41;512.49;BRADYCARDIA;BRADY
1254000;515.29;514.37;BRADYCARDIA;BRADY
1256000;512.90;511.98;BRADYCARDIA;BRADY
1258000;513.47;512.55;BRADYCARDIA;BRADY
1260000;513.09;512.17;BRADYCARDIA;BRADY
1262000;512.15;511.24;BRADYCARDIA;BRADY
1264000;513.90;512.99;BRADYCARDIA;BRADY
1266000;513.03;512.12;BRADYCARDIA;BRADY
1268000;512.35;511.44;BRADYCARDIA;BRADY
1270000;513.55;512.63;BRADYCARDIA;BRADY
1272000;511.92;511.01;BRADYCARDIA;BRADY
1274000;512.59;511.68;BRADYCARDIA;BRADY
1276000;511.94;511.03;BRADYCARDIA;BRADY
1278000;513.74;512.83;BRADYCARDIA;BRADY
1280000;514.23;513.33;BRADYCARDIA;BRADY
1282000;512.33;511.43;BRADYCARDIA;BRADY
1284000;513.52;512.61;BRADYCARDIA;BRADY
1286000;512.53;511.63;BRADYCARDIA;BRADY
1288000;512.56;511.66;BRADYCARDIA;BRADY
1290000;512.28;511.38;BRADYCARDIA;BRADY
1292000;514.45;513.55;BRADYCARDIA;BRADY
1294000;514.01;513.12;BRADYCARDIA;BRADY
1296000;513.10;512.21;BRADYCARDIA;BRADY
1298000;512.41;511.52;BRADYCARDIA;BRADY
1300000;513.17;512.28;BRADYCARDIA;BRADY
1302000;511.21;510.32;BRADYCARDIA;BRADY
1304000;513.46;512.57;BRADYCARDIA;BRADY
1306000;512.04;511.15;BRADYCARDIA;BRADY
1308000;514.34;513.45;BRADYCARDIA;BRADY
1310000;513.22;512.34;BRADYCARDIA;BRADY
1312000;513.87;512.99;BRADYCARDIA;BRADY
1314000;512.58;511.70;BRADYCARDIA;BRADY
1316000;513.50;512.62;BRADYCARDIA;BRADY
1318000;512.24;511.36;BRADYCARDIA;BRADY
1320000;513.83;512.95;BRADYCARDIA;BRADY
1322000;512.90;512.02;BRADYCARDIA;BRADY
1324000;512.44;511.57;BRADYCARDIA;BRADY
1326000;512.44;511.56;BRADYCARDIA;BRADY
1328000;512.16;511.29;BRADYCARDIA;BRADY
1330000;511.26;510.39;BRADYCARDIA;BRADY
1332000;512.89;512.02;BRADYCARDIA;BRADY
1334000;512.07;511.21;BRADYCARDIA;BRADY
1336000;512.99;512.12;BRADYCARDIA;BRADY
1338000;513.20;512.34;BRADYCARDIA;BRADY
1340000;512.97;512.11;BRADYCARDIA;BRADY
1342000;514.13;513.27;BRADYCARDIA;BRADY
1344000;513.14;512.28;BRADYCARDIA;BRADY
1346000;513.48;512.62;BRADYCARDIA;BRADY
1348000;513.70;512.84;BRADYCARDIA;BRADY
1350000;513.39;512.53;BRADYCARDIA;BRADY
1352000;513.52;512.66;BRADYCARDIA;BRADY
1354000;514.29;513.44;BRADYCARDIA;BRADY
1356000;511.82;510.97;BRADYCARDIA;BRADY
1358000;510.74;509.90;BRADYCARDIA;BRADY
1360000;512.35;511.50;BRADYCARDIA;BRADY
1362000;513.16;512.32;BRADYCARDIA;BRADY
1364000;513.62;512.78;BRADYCARDIA;BRADY
1366000;511.67;510.83;BRADYCARDIA;BRADY
1368000;512.69;511.85;BRADYCARDIA;BRADY
1370000;513.28;512.44;BRADYCARDIA;BRADY
1372000;512.88;512.05;BRADYCARDIA;BRADY
1374000;511.68;510.85;BRADYCARDIA;BRADY
1376000;512.33;511.50;BRADYCARDIA;BRADY
1378000;512.29;511.46;BRADYCARDIA;BRADY
1380000;512.78;511.95;BRADYCARDIA;BRADY
1382000;512.06;511.24;BRADYCARDIA;BRADY
1384000;512.01;511.19;BRADYCARDIA;BRADY
1386000;513.59;512.77;BRADYCARDIA;BRADY
1388000;512.16;511.34;BRADYCARDIA;BRADY
1390000;511.74;510.93;BRADYCARDIA;BRADY
1392000;513.78;512.96;BRADYCARDIA;BRADY
1394000;513.15;512.34;BRADYCARDIA;BRADY
1396000;512.50;511.69;BRADYCARDIA;BRADY
1398000;512.42;511.61;BRADYCARDIA;BRADY
1400000;512.19;511.38;BRADYCARDIA;BRADY
1402000;513.29;512.48;BRADYCARDIA;BRADY
1404000;512.05;511.24;BRADYCARDIA;BRADY
1406000;512.63;511.83;BRADYCARDIA;BRADY
1408000;511.55;510.74;BRADYCARDIA;BRADY
1410000;513.24;512.44;BRADYCARDIA;BRADY
1412000;512.93;512.13;BRADYCARDIA;BRADY
1414000;512.25;511.46;BRADYCARDIA;BRADY
1416000;513.27;512.48;BRADYCARDIA;BRADY
1418000;512.31;511.52;BRADYCARDIA;BRADY
1420000;512.43;511.64;BRADYCARDIA;BRADY
1422000;512.70;511.91;BRADYCARDIA;BRADY
1424000;510.98;510.19;BRADYCARDIA;BRADY
1426000;511.78;510.99;BRADYCARDIA;BRADY
1428000;512.05;511.27;BRADYCARDIA;BRADY
1430000;513.12;512.34;BRADYCARDIA;BRADY
1432000;514.39;513.61;BRADYCARDIA;BRADY
1434000;513.90;513.12;BRADYCARDIA;BRADY
1436000;512.99;512.21;BRADYCARDIA;BRADY
1438000;513.45;512.68;BRADYCARDIA;BRADY
1440000;513.58;512.81;BRADYCARDIA;BRADY
1442000;512.60;511.84;BRADYCARDIA;BRADY
1444000;514.32;513.56;BRADYCARDIA;BRADY
1446000;512.75;511.99;BRADYCARDIA;BRADY
1448000;512.02;511.26;BRADYCARDIA;BRADY
1450000;513.07;512.31;BRADYCARDIA;BRADY
1452000;513.51;512.75;BRADYCARDIA;BRADY
1454000;512.47;511.71;BRADYCARDIA;BRADY
1456000;513.02;512.26;BRADYCARDIA;BRADY
1458000;513.38;512.63;BRADYCARDIA;BRADY
1460000;512.58;511.83;BRADYCARDIA;BRADY
1462000;512.86;512.11;BRADYCARDIA;BRADY
1464000;512.46;511.71;BRADYCARDIA;BRADY
1466000;513.13;512.39;BRADYCARDIA;BRADY
1468000;511.37;510.63;BRADYCARDIA;BRADY
1470000;513.75;513.01;BRADYCARDIA;BRADY
1472000;512.84;512.11;BRADYCARDIA;BRADY
1474000;513.70;512.96;BRADYCARDIA;BRADY
1476000;513.09;512.36;BRADYCARDIA;BRADY
1478000;512.52;511.79;BRADYCARDIA;BRADY
1480000;513.01;512.29;BRADYCARDIA;BRADY
1482000;513.37;512.64;BRADYCARDIA;BRADY
1484000;512.61;511.88;BRADYCARDIA;BRADY
1486000;511.97;511.25;BRADYCARDIA;BRADY
1488000;512.68;511.96;BRADYCARDIA;BRADY
1490000;512.55;511.83;BRADYCARDIA;BRADY
1492000;512.76;512.04;BRADYCARDIA;BRADY
1494000;510.33;509.62;BRADYCARDIA;BRADY
1496000;511.84;511.13;BRADYCARDIA;BRADY
1498000;513.44;512.73;BRADYCARDIA;BRADY
1500000;513.81;513.11;BRADYCARDIA;BRADY
1502000;512.47;511.77;BRADYCARDIA;BRADY
1504000;512.27;511.57;BRADYCARDIA;BRADY
1506000;512.73;512.03;BRADYCARDIA;BRADY
1508000;511.44;510.74;BRADYCARDIA;BRADY
1510000;515.03;514.33;BRADYCARDIA;BRADY
1512000;512.57;511.88;BRADYCARDIA;BRADY
1514000;512.43;511.74;BRADYCARDIA;BRADY
1516000;513.47;512.78;BRADYCARDIA;BRADY
1518000;513.12;512.44;BRADYCARDIA;BRADY
1520000;512.40;511.71;BRADYCARDIA;BRADY
1522000;513.86;513.18;BRADYCARDIA;BRADY
1524000;511.56;510.88;BRADYCARDIA;BRADY
1526000;513.00;512.33;BRADYCARDIA;BRADY
1528000;512.60;511.92;BRADYCARDIA;BRADY
1530000;513.24;512.56;BRADYCARDIA;BRADY
1532000;512.45;511.78;BRADYCARDIA;BRADY
1534000;512.42;511.75;BRADYCARDIA;BRADY
1536000;511.24;510.57;BRADYCARDIA;BRADY
1538000;512.78;512.11;BRADYCARDIA;BRADY
1540000;512.15;511.49;BRADYCARDIA;BRADY
1542000;513.17;512.51;BRADYCARDIA;BRADY
1544000;513.31;512.65;BRADYCARDIA;BRADY
1546000;513.20;512.54;BRADYCARDIA;BRADY
1548000;513.84;513.19;BRADYCARDIA;BRADY
1550000;512.25;511.60;BRADYCARDIA;BRADY
1552000;511.67;511.03;BRADYCARDIA;BRADY
1554000;512.78;512.13;BRADYCARDIA;BRADY
1556000;512.72;512.08;BRADYCARDIA;BRADY
1558000;512.67;512.03;BRADYCARDIA;BRADY
1560000;512.79;512.15;BRADYCARDIA;BRADY
1562000;513.44;512.81;BRADYCARDIA;BRADY
1564000;512.29;511.66;BRADYCARDIA;BRADY
1566000;513.48;512.85;BRADYCARDIA;BRADY
1568000;511.79;511.17;BRADYCARDIA;BRADY
1570000;513.61;512.99;BRADYCARDIA;BRADY
1572000;511.63;511.01;BRADYCARDIA;BRADY
1574000;513.01;512.39;BRADYCARDIA;BRADY
1576000;512.16;511.54;BRADYCARDIA;BRADY
1578000;512.41;511.79;BRADYCARDIA;BRADY
1580000;512.79;512.18;BRADYCARDIA;BRADY
1582000;512.20;511.58;BRADYCARDIA;BRADY
1584000;512.30;511.69;BRADYCARDIA;BRADY
1586000;514.10;513.49;BRADYCARDIA;BRADY
1588000;512.52;511.91;BRADYCARDIA;BRADY
1590000;513.87;513.27;BRADYCARDIA;BRADY
1592000;513.77;513.17;BRADYCARDIA;BRADY
1594000;512.97;512.37;BRADYCARDIA;BRADY
1596000;513.53;512.94;BRADYCARDIA;BRADY
1598000;511.92;511.33;BRADYCARDIA;BRADY
1600000;511.43;510.84;BRADYCARDIA;BRADY
1602000;512.11;511.53;BRADYCARDIA;BRADY
1604000;512.26;511.68;BRADYCARDIA;BRADY
1606000;513.28;512.70;BRADYCARDIA;BRADY
1608000;512.26;511.68;BRADYCARDIA;BRADY
1610000;513.54;512.96;BRADYCARDIA;BRADY
1612000;512.70;512.13;BRADYCARDIA;BRADY
1614000;513.01;512.44;BRADYCARDIA;BRADY
1616000;510.96;510.39;BRADYCARDIA;BRADY
1618000;512.55;511.99;BRADYCARDIA;BRADY
1620000;512.23;511.67;BRADYCARDIA;BRADY
1622000;512.72;512.16;BRADYCARDIA;BRADY
1624000;512.99;512.44;BRADYCARDIA;BRADY
1626000;512.59;512.03;BRADYCARDIA;BRADY
1628000;513.32;512.77;BRADYCARDIA;BRADY
1630000;512.06;511.51;BRADYCARDIA;BRADY
1632000;514.07;513.52;BRADYCARDIA;BRADY
1634000;513.91;513.37;BRADYCARDIA;BRADY
1636000;512.33;511.79;BRADYCARDIA;BRADY
1638000;512.33;511.79;BRADYCARDIA;BRADY
1640000;512.79;512.25;BRADYCARDIA;BRADY
1642000;513.31;512.77;BRADYCARDIA;BRADY
1644000;513.35;512.81;BRADYCARDIA;BRADY
1646000;512.80;512.28;BRADYCARDIA;BRADY
1648000;512.27;511.75;BRADYCARDIA;BRADY
1650000;512.23;511.71;BRADYCARDIA;BRADY
1652000;512.50;511.98;BRADYCARDIA;BRADY
1654000;512.11;511.59;BRADYCARDIA;BRADY
1656000;512.38;511.86;BRADYCARDIA;BRADY
1658000;511.66;511.15;BRADYCARDIA;BRADY
1660000;510.86;510.35;BRADYCARDIA;BRADY
1662000;512.04;511.53;BRADYCARDIA;BRADY
1664000;512.66;512.16;BRADYCARDIA;BRADY
1666000;513.00;512.50;BRADYCARDIA;BRADY
1668000;513.00;512.51;BRADYCARDIA;BRADY
1670000;512.80;512.30;BRADYCARDIA;BRADY
1672000;510.84;510.35;BRADYCARDIA;BRADY
1674000;510.82;510.33;BRADYCARDIA;BRADY
1676000;513.67;513.18;BRADYCARDIA;BRADY
1678000;513.66;513.17;BRADYCARDIA;BRADY
1680000;512.56;512.08;BRADYCARDIA;BRADY
1682000;511.32;510.84;BRADYCARDIA;BRADY
1684000;512.58;512.11;BRADYCARDIA;BRADY
1686000;513.04;512.57;BRADYCARDIA;BRADY
1688000;512.38;511.91;BRADYCARDIA;BRADY
1690000;513.56;513.09;BRADYCARDIA;BRADY
1692000;511.00;510.53;BRADYCARDIA;BRADY
1694000;512.04;511.58;BRADYCARDIA;BRADY
1696000;511.72;511.26;BRADYCARDIA;BRADY
1698000;512.11;511.66;BRADYCARDIA;BRADY
1700000;511.90;511.45;BRADYCARDIA;BRADY
1702000;512.88;512.43;BRADYCARDIA;BRADY
1704000;511.20;510.75;BRADYCARDIA;BRADY
1706000;511.19;510.74;BRADYCARDIA;BRADY
1708000;512.24;511.79;BRADYCARDIA;BRADY
1710000;511.16;510.72;BRADYCARDIA;BRADY
1712000;511.76;511.32;BRADYCARDIA;BRADY
1714000;512.87;512.44;BRADYCARDIA;BRADY
1716000;513.07;512.64;BRADYCARDIA;BRADY
1718000;511.89;511.46;BRADYCARDIA;BRADY
1720000;512.89;512.46;BRADYCARDIA;BRADY
1722000;513.05;512.63;BRADYCARDIA;BRADY
1724000;512.47;512.05;BRADYCARDIA;BRADY
1726000;513.49;513.07;BRADYCARDIA;BRADY
1728000;511.63;511.21;BRADYCARDIA;BRADY
1730000;514.10;513.69;BRADYCARDIA;BRADY
1732000;512.47;512.06;BRADYCARDIA;BRADY
1734000;511.74;511.34;BRADYCARDIA;BRADY
1736000;512.01;511.61;BRADYCARDIA;BRADY
1738000;509.99;509.59;BRADYCARDIA;BRADY
1740000;512.64;512.24;BRADYCARDIA;BRADY
1742000;512.51;512.11;BRADYCARDIA;BRADY
1744000;512.96;512.57;BRADYCARDIA;BRADY
1746000;510.84;510.45;BRADYCARDIA;BRADY
1748000;512.12;511.73;BRADYCARDIA;BRADY
1750000;513.30;512.92;BRADYCARDIA;BRADY
1752000;513.48;513.10;BRADYCARDIA;BRADY
1754000;513.75;513.37;BRADYCARDIA;BRADY
1756000;512.87;512.50;BRADYCARDIA;BRADY
1758000;512.55;512.18;BRADYCARDIA;BRADY
1760000;512.79;512.42;BRADYCARDIA;BRADY
1762000;513.42;513.06;BRADYCARDIA;BRADY
1764000;513.99;513.63;BRADYCARDIA;BRADY
1766000;511.40;511.04;BRADYCARDIA;BRADY
1768000;512.47;512.11;BRADYCARDIA;BRADY
1770000;511.32;510.97;BRADYCARDIA;BRADY
1772000;511.48;511.13;BRADYCARDIA;BRADY
1774000;512.45;512.10;BRADYCARDIA;BRADY
1776000;512.36;512.01;BRADYCARDIA;BRADY
1778000;512.56;512.22;BRADYCARDIA;BRADY
1780000;512.37;512.03;BRADYCARDIA;BRADY
1782000;514.38;514.04;BRADYCARDIA;BRADY
1784000;513.26;512.93;BRADYCARDIA;BRADY
1786000;511.47;511.14;BRADYCARDIA;BRADY
1788000;513.80;513.47;BRADYCARDIA;BRADY
1790000;511.89;511.56;BRADYCARDIA;BRADY
1792000;512.67;512.35;BRADYCARDIA;BRADY
1794000;511.04;510.72;BRADYCARDIA;BRADY
1796000;512.46;512.14;BRADYCARDIA;BRADY
1798000;514.21;513.89;BRADYCARDIA;BRADY
1800000;511.56;511.25;BRADYCARDIA;BRADY
1802000;511.85;511.55;BRADYCARDIA;BRADY
1804000;513.54;513.24;BRADYCARDIA;BRADY
1806000;511.62;511.32;BRADYCARDIA;BRADY
1808000;512.41;512.11;BRADYCARDIA;BRADY
1810000;512.97;512.67;BRADYCARDIA;BRADY
1812000;513.39;513.10;BRADYCARDIA;BRADY
1814000;511.35;511.06;BRADYCARDIA;BRADY
1816000;512.20;511.92;BRADYCARDIA;BRADY
1818000;512.48;512.20;BRADYCARDIA;BRADY
1820000;512.69;512.41;BRADYCARDIA;BRADY
1822000;512.92;512.64;BRADYCARDIA;BRADY
1824000;510.53;510.25;BRADYCARDIA;BRADY
1826000;511.22;510.95;BRADYCARDIA;BRADY
1828000;511.48;511.21;BRADYCARDIA;BRADY
1830000;513.48;513.22;BRADYCARDIA;BRADY
1832000;512.65;512.39;BRADYCARDIA;BRADY
1834000;511.79;511.54;BRADYCARDIA;BRADY
1836000;512.44;512.19;BRADYCARDIA;BRADY
1838000;513.19;512.94;BRADYCARDIA;BRADY
1840000;512.28;512.03;BRADYCARDIA;BRADY
1842000;511.51;511.26;BRADYCARDIA;BRADY
1844000;511.80;511.55;BRADYCARDIA;BRADY
1846000;513.16;512.92;BRADYCARDIA;BRADY
1848000;512.43;512.20;BRADYCARDIA;BRADY
1850000;513.12;512.89;BRADYCARDIA;BRADY
1852000;513.68;513.45;BRADYCARDIA;BRADY
1854000;511.89;511.66;BRADYCARDIA;BRADY
1856000;511.18;510.96;BRADYCARDIA;BRADY
1858000;512.70;512.48;BRADYCARDIA;BRADY
1860000;511.23;511.01;BRADYCARDIA;BRADY
1862000;510.75;510.53;BRADYCARDIA;BRADY
1864000;512.33;512.12;BRADYCARDIA;BRADY
1866000;513.19;512.98;BRADYCARDIA;BRADY
1868000;512.74;512.54;BRADYCARDIA;BRADY
1870000;509.76;509.55;BRADYCARDIA;BRADY
1872000;512.17;511.97;BRADYCARDIA;BRADY
1874000;511.40;511.21;BRADYCARDIA;BRADY
1876000;511.77;511.58;BRADYCARDIA;BRADY
1878000;513.46;513.27;BRADYCARDIA;BRADY
1880000;513.12;512.93;BRADYCARDIA;BRADY
1882000;512.89;512.71;BRADYCARDIA;BRADY
1884000;511.62;511.44;BRADYCARDIA;BRADY
1886000;512.11;511.93;BRADYCARDIA;BRADY
1888000;512.65;512.47;BRADYCARDIA;BRADY
1890000;511.31;511.14;BRADYCARDIA;BRADY
1892000;512.42;512.25;BRADYCARDIA;BRADY
1894000;512.93;512.77;BRADYCARDIA;BRADY
1896000;512.19;512.03;BRADYCARDIA;BRADY
1898000;511.51;511.35;BRADYCARDIA;BRADY
1900000;513.19;513.03;BRADYCARDIA;BRADY
1902000;512.37;512.22;BRADYCARDIA;BRADY
1904000;513.34;513.19;BRADYCARDIA;BRADY
1906000;512.43;512.28;BRADYCARDIA;BRADY
1908000;511.44;511.30;BRADYCARDIA;BRADY
1910000;510.95;510.81;BRADYCARDIA;BRADY
1912000;512.92;512.78;BRADYCARDIA;BRADY
1914000;512.63;512.50;BRADYCARDIA;BRADY
1916000;513.31;513.17;BRADYCARDIA;BRADY
1918000;511.24;511.11;BRADYCARDIA;BRADY
1920000;512.08;511.96;BRADYCARDIA;BRADY
1922000;512.86;512.74;BRADYCARDIA;BRADY
1924000;513.96;513.84;BRADYCARDIA;BRADY
1926000;512.01;511.90;BRADYCARDIA;BRADY
1928000;511.73;511.62;BRADYCARDIA;BRADY
1930000;512.99;512.88;BRADYCARDIA;BRADY
1932000;511.98;511.88;BRADYCARDIA;BRADY
1934000;510.75;510.64;BRADYCARDIA;BRADY
1936000;511.04;510.94;BRADYCARDIA;BRADY
1938000;513.58;513.48;BRADYCARDIA;BRADY
1940000;512.47;512.38;BRADYCARDIA;BRADY
1942000;511.46;511.37;BRADYCARDIA;BRADY
1944000;511.63;511.55;BRADYCARDIA;BRADY
1946000;512.29;512.20;BRADYCARDIA;BRADY
1948000;511.97;511.89;BRADYCARDIA;BRADY
1950000;512.71;512.63;BRADYCARDIA;BRADY
1952000;511.19;511.11;BRADYCARDIA;BRADY
1954000;512.48;512.41;BRADYCARDIA;BRADY
1956000;512.44;512.37;BRADYCARDIA;BRADY
1958000;513.44;513.37;BRADYCARDIA;BRADY
1960000;511.62;511.56;BRADYCARDIA;BRADY
1962000;511.51;511.45;BRADYCARDIA;BRADY
1964000;512.95;512.89;BRADYCARDIA;BRADY
1966000;512.10;512.04;BRADYCARDIA;BRADY
1968000;511.83;511.78;BRADYCARDIA;BRADY
1970000;512.80;512.75;BRADYCARDIA;BRADY
1972000;510.89;510.85;BRADYCARDIA;BRADY
1974000;512.93;512.89;BRADYCARDIA;BRADY
1976000;512.57;512.54;BRADYCARDIA;BRADY
1978000;512.45;512.42;BRADYCARDIA;BRADY
1980000;512.30;512.27;BRADYCARDIA;BRADY
1982000;512.12;512.09;BRADYCARDIA;BRADY
1984000;511.24;511.21;BRADYCARDIA;BRADY
1986000;512.50;512.48;BRADYCARDIA;BRADY
1988000;510.59;510.57;BRADYCARDIA;BRADY
1990000;510.92;510.91;BRADYCARDIA;BRADY
1992000;511.92;511.91;BRADYCARDIA;BRADY
1994000;510.96;510.95;BRADYCARDIA;BRADY
1996000;511.41;511.40;BRADYCARDIA;BRADY
1998000;512.46;512.46;BRADYCARDIA;BRADY
2000000;512.81;512.81;BRADYCARDIA;BRADY
2002000;510.56;510.56;BRADYCARDIA;BRADY
2004000;511.84;511.85;BRADYCARDIA;BRADY
2006000;512.53;512.54;BRADYCARDIA;BRADY
2008000;511.58;511.59;BRADYCARDIA;BRADY
2010000;512.40;512.42;BRADYCARDIA;BRADY
2012000;512.11;512.13;BRADYCARDIA;BRADY
2014000;511.61;511.64;BRADYCARDIA;BRADY
2016000;512.03;512.05;BRADYCARDIA;BRADY
2018000;512.96;512.99;BRADYCARDIA;BRADY
2020000;511.63;511.66;BRADYCARDIA;BRADY
2022000;512.12;512.15;BRADYCARDIA;BRADY
2024000;512.71;512.75;BRADYCARDIA;BRADY
2026000;511.55;511.59;BRADYCARDIA;BRADY
2028000;512.05;512.09;BRADYCARDIA;BRADY
2030000;511.14;511.18;BRADYCARDIA;BRADY
2032000;511.56;511.61;BRADYCARDIA;BRADY
2034000;512.88;512.93;BRADYCARDIA;BRADY
2036000;512.00;512.06;BRADYCARDIA;BRADY
2038000;511.36;511.42;BRADYCARDIA;BRADY
2040000;511.68;511.74;BRADYCARDIA;BRADY
2042000;510.67;510.74;BRADYCARDIA;BRADY
2044000;511.71;511.78;BRADYCARDIA;BRADY
2046000;513.27;513.34;BRADYCARDIA;BRADY
2048000;510.90;510.98;BRADYCARDIA;BRADY
2050000;513.89;513.96;BRADYCARDIA;BRADY
2052000;511.77;511.85;BRADYCARDIA;BRADY
2054000;511.64;511.72;BRADYCARDIA;BRADY
2056000;513.29;513.38;BRADYCARDIA;BRADY
2058000;511.23;511.33;BRADYCARDIA;BRADY
2060000;512.65;512.74;BRADYCARDIA;BRADY
2062000;511.64;511.74;BRADYCARDIA;BRADY
2064000;513.18;513.28;BRADYCARDIA;BRADY
2066000;512.79;512.89;BRADYCARDIA;BRADY
2068000;511.70;511.80;BRADYCARDIA;BRADY
2070000;512.78;512.89;BRADYCARDIA;BRADY
2072000;511.90;512.02;BRADYCARDIA;BRADY
2074000;511.76;511.88;BRADYCARDIA;BRADY
2076000;510.74;510.86;BRADYCARDIA;BRADY
2078000;513.19;513.32;BRADYCARDIA;BRADY
2080000;512.14;512.27;BRADYCARDIA;BRADY
2082000;512.34;512.46;BRADYCARDIA;BRADY
2084000;511.58;511.71;BRADYCARDIA;BRADY
2086000;512.82;512.95;BRADYCARDIA;BRADY
2088000;511.59;511.73;BRADYCARDIA;BRADY
2090000;511.27;511.41;BRADYCARDIA;BRADY
2092000;510.98;511.13;BRADYCARDIA;BRADY
2094000;512.14;512.29;BRADYCARDIA;BRADY
2096000;510.58;510.73;BRADYCARDIA;BRADY
2098000;511.88;512.03;BRADYCARDIA;BRADY
2100000;510.90;511.05;BRADYCARDIA;BRADY
2102000;512.40;512.56;BRADYCARDIA;BRADY
2104000;512.32;512.48;BRADYCARDIA;BRADY
2106000;512.18;512.35;BRADYCARDIA;BRADY
2108000;511.74;511.91;BRADYCARDIA;BRADY
2110000;511.28;511.45;BRADYCARDIA;BRADY
2112000;511.43;511.61;BRADYCARDIA;BRADY
2114000;511.49;511.67;BRADYCARDIA;BRADY
2116000;510.55;510.73;BRADYCARDIA;BRADY
2118000;510.85;511.04;BRADYCARDIA;BRADY
2120000;512.54;512.73;BRADYCARDIA;BRADY
2122000;511.96;512.15;BRADYCARDIA;BRADY
2124000;511.40;511.59;BRADYCARDIA;BRADY
2126000;511.83;512.03;BRADYCARDIA;BRADY
2128000;511.36;511.56;BRADYCARDIA;BRADY
2130000;512.70;512.90;BRADYCARDIA;BRADY
2132000;511.97;512.18;BRADYCARDIA;BRADY
2134000;511.60;511.81;BRADYCARDIA;BRADY
2136000;513.78;513.99;BRADYCARDIA;BRADY
2138000;512.13;512.35;BRADYCARDIA;BRADY
2140000;511.29;511.51;BRADYCARDIA;BRADY
2142000;511.31;511.53;BRADYCARDIA;BRADY
2144000;512.76;512.98;BRADYCARDIA;BRADY
2146000;510.77;511.00;BRADYCARDIA;BRADY
2148000;513.34;513.57;BRADYCARDIA;BRADY
2150000;511.66;511.89;BRADYCARDIA;BRADY
2152000;511.04;511.28;BRADYCARDIA;BRADY
2154000;511.35;511.59;BRADYCARDIA;BRADY
2156000;512.24;512.48;BRADYCARDIA;BRADY
2158000;514.16;514.40;BRADYCARDIA;BRADY
2160000;511.77;512.01;BRADYCARDIA;BRADY
2162000;512.76;513.01;BRADYCARDIA;BRADY
2164000;512.58;512.83;BRADYCARDIA;BRADY
2166000;510.97;511.23;BRADYCARDIA;BRADY
2168000;510.99;511.25;BRADYCARDIA;BRADY
2170000;512.18;512.44;BRADYCARDIA;BRADY
2172000;512.08;512.35;BRADYCARDIA;BRADY
2174000;513.08;513.35;BRADYCARDIA;BRADY
2176000;512.68;512.95;BRADYCARDIA;BRADY
2178000;511.16;511.44;BRADYCARDIA;BRADY
2180000;512.27;512.55;BRADYCARDIA;BRADY
2182000;511.90;512.18;BRADYCARDIA;BRADY
2184000;509.50;509.79;BRADYCARDIA;BRADY
2186000;511.91;512.20;BRADYCARDIA;BRADY
2188000;510.31;510.61;BRADYCARDIA;BRADY
2190000;512.24;512.54;BRADYCARDIA;BRADY
2192000;512.13;512.43;BRADYCARDIA;BRADY
2194000;511.87;512.17;BRADYCARDIA;BRADY
2196000;512.15;512.45;BRADYCARDIA;BRADY
2198000;511.96;512.26;BRADYCARDIA;BRADY
2200000;511.44;511.75;BRADYCARDIA;BRADY
2202000;512.50;512.81;BRADYCARDIA;BRADY
2204000;511.47;511.78;BRADYCARDIA;BRADY
2206000;513.84;514.16;BRADYCARDIA;BRADY
2208000;511.54;511.86;BRADYCARDIA;BRADY
2210000;513.46;513.79;BRADYCARDIA;BRADY
2212000;511.80;512.13;BRADYCARDIA;BRADY
2214000;513.42;513.75;BRADYCARDIA;BRADY
2216000;511.89;512.22;BRADYCARDIA;BRADY
2218000;510.61;510.95;BRADYCARDIA;BRADY
2220000;512.19;512.53;BRADYCARDIA;BRADY
2222000;511.05;511.40;BRADYCARDIA;BRADY
2224000;512.19;512.53;BRADYCARDIA;BRADY
2226000;511.96;512.31;BRADYCARDIA;BRADY
2228000;511.08;511.43;BRADYCARDIA;BRADY
2230000;510.39;510.74;BRADYCARDIA;BRADY
2232000;511.90;512.26;BRADYCARDIA;BRADY
2234000;511.46;511.82;BRADYCARDIA;BRADY
2236000;511.60;511.96;BRADYCARDIA;BRADY
2238000;512.54;512.91;BRADYCARDIA;BRADY
2240000;510.70;511.06;BRADYCARDIA;BRADY
2242000;512.80;513.17;BRADYCARDIA;BRADY
2244000;514.01;514.38;BRADYCARDIA;BRADY
2246000;512.10;512.48;BRADYCARDIA;BRADY
2248000;511.62;512.00;BRADYCARDIA;BRADY
2250000;511.80;512.18;BRADYCARDIA;BRADY
2252000;510.86;511.24;BRADYCARDIA;BRADY
2254000;511.85;512.24;BRADYCARDIA;BRADY
2256000;512.26;512.65;BRADYCARDIA;BRADY
2258000;511.94;512.34;BRADYCARDIA;BRADY
2260000;511.37;511.77;BRADYCARDIA;BRADY
2262000;511.79;512.19;BRADYCARDIA;BRADY
2264000;511.36;511.76;BRADYCARDIA;BRADY
2266000;510.21;510.61;BRADYCARDIA;BRADY
2268000;511.29;511.69;BRADYCARDIA;BRADY
2270000;510.44;510.85;BRADYCARDIA;BRADY
2272000;512.44;512.86;BRADYCARDIA;BRADY
2274000;510.93;511.35;BRADYCARDIA;BRADY
2276000;512.23;512.65;BRADYCARDIA;BRADY
2278000;511.45;511.88;BRADYCARDIA;BRADY
2280000;512.47;512.90;BRADYCARDIA;BRADY
2282000;512.31;512.74;BRADYCARDIA;BRADY
2284000;511.70;512.13;BRADYCARDIA;BRADY
2286000;511.16;511.59;BRADYCARDIA;BRADY
2288000;510.27;510.71;BRADYCARDIA;BRADY
2290000;511.57;512.01;BRADYCARDIA;BRADY
2292000;513.10;513.54;BRADYCARDIA;BRADY
2294000;511.71;512.15;BRADYCARDIA;BRADY
2296000;512.60;513.05;BRADYCARDIA;BRADY
2298000;510.29;510.74;BRADYCARDIA;BRADY
2300000;512.93;513.38;BRADYCARDIA;BRADY
2302000;510.42;510.88;BRADYCARDIA;BRADY
2304000;512.23;512.69;BRADYCARDIA;BRADY
2306000;512.38;512.84;BRADYCARDIA;BRADY
2308000;510.15;510.62;BRADYCARDIA;BRADY
2310000;510.96;511.43;BRADYCARDIA;BRADY
2312000;513.23;513.70;BRADYCARDIA;BRADY
2314000;509.69;510.16;BRADYCARDIA;BRADY
2316000;511.87;512.35;BRADYCARDIA;BRADY
2318000;512.16;512.64;BRADYCARDIA;BRADY
2320000;511.98;512.46;BRADYCARDIA;BRADY
2322000;511.03;511.52;BRADYCARDIA;BRADY
2324000;512.46;512.95;BRADYCARDIA;BRADY
2326000;511.96;512.45;BRADYCARDIA;BRADY
2328000;511.99;512.48;BRADYCARDIA;BRADY
2330000;511.12;511.62;BRADYCARDIA;BRADY
2332000;510.94;511.44;BRADYCARDIA;BRADY
2334000;512.51;513.02;BRADYCARDIA;BRADY
2336000;510.47;510.98;BRADYCARDIA;BRADY
2338000;511.79;512.30;BRADYCARDIA;BRADY
2340000;510.48;510.99;BRADYCARDIA;BRADY
2342000;512.23;512.75;BRADYCARDIA;BRADY
2344000;512.21;512.73;BRADYCARDIA;BRADY
2346000;511.18;511.70;BRADYCARDIA;BRADY
2348000;510.59;511.11;BRADYCARDIA;BRADY
2350000;510.93;511.45;BRADYCARDIA;BRADY
2352000;510.46;510.98;BRADYCARDIA;BRADY
2354000;511.05;511.58;BRADYCARDIA;BRADY
2356000;510.32;510.85;BRADYCARDIA;BRADY
2358000;511.86;512.39;BRADYCARDIA;BRADY
2360000;511.15;511.68;BRADYCARDIA;BRADY
2362000;510.60;511.13;BRADYCARDIA;BRADY
2364000;512.01;512.55;BRADYCARDIA;BRADY
2366000;511.83;512.37;BRADYCARDIA;BRADY
2368000;511.86;512.41;BRADYCARDIA;BRADY
2370000;510.22;510.77;BRADYCARDIA;BRADY
2372000;510.46;511.02;BRADYCARDIA;BRADY
2374000;512.41;512.96;BRADYCARDIA;BRADY
2376000;512.15;512.71;BRADYCARDIA;BRADY
2378000;512.04;512.60;BRADYCARDIA;BRADY
2380000;510.35;510.91;BRADYCARDIA;BRADY
2382000;511.38;511.94;BRADYCARDIA;BRADY
2384000;511.43;512.00;BRADYCARDIA;BRADY
2386000;510.55;511.12;BRADYCARDIA;BRADY
2388000;511.19;511.77;BRADYCARDIA;BRADY
2390000;510.85;511.42;BRADYCARDIA;BRADY
2392000;511.26;511.84;BRADYCARDIA;BRADY
2394000;510.91;511.50;BRADYCARDIA;BRADY
2396000;511.14;511.72;BRADYCARDIA;BRADY
2398000;511.12;511.71;BRADYCARDIA;BRADY
2400000;512.14;512.72;BRADYCARDIA;BRADY
2402000;510.46;511.05;BRADYCARDIA;BRADY
2404000;511.80;512.40;BRADYCARDIA;BRADY
2406000;511.74;512.33;BRADYCARDIA;BRADY
2408000;511.33;511.92;BRADYCARDIA;BRADY
2410000;511.28;511.88;BRADYCARDIA;BRADY
2412000;511.08;511.69;BRADYCARDIA;BRADY
2414000;510.76;511.36;BRADYCARDIA;BRADY
2416000;510.67;511.28;BRADYCARDIA;BRADY
2418000;510.82;511.43;BRADYCARDIA;BRADY
2420000;511.06;511.67;BRADYCARDIA;BRADY
2422000;512.00;512.62;BRADYCARDIA;BRADY
2424000;510.94;511.55;BRADYCARDIA;BRADY
2426000;511.25;511.87;BRADYCARDIA;BRADY
2428000;512.61;513.24;BRADYCARDIA;BRADY
2430000;512.03;512.65;BRADYCARDIA;BRADY
2432000;512.34;512.97;BRADYCARDIA;BRADY
2434000;510.09;510.72;BRADYCARDIA;BRADY
2436000;510.33;510.97;BRADYCARDIA;BRADY
2438000;511.31;511.94;BRADYCARDIA;BRADY
2440000;511.05;511.68;BRADYCARDIA;BRADY
2442000;511.42;512.06;BRADYCARDIA;BRADY
2444000;510.24;510.88;BRADYCARDIA;BRADY
2446000;511.87;512.51;BRADYCARDIA;BRADY
2448000;511.40;512.05;BRADYCARDIA;BRADY
2450000;511.64;512.29;BRADYCARDIA;BRADY
2452000;512.48;513.13;BRADYCARDIA;BRADY
2454000;512.09;512.74;BRADYCARDIA;BRADY
2456000;511.67;512.32;BRADYCARDIA;BRADY
2458000;510.73;511.39;BRADYCARDIA;BRADY
2460000;511.01;511.67;BRADYCARDIA;BRADY
2462000;510.21;510.87;BRADYCARDIA;BRADY
2464000;511.86;512.53;BRADYCARDIA;BRADY
2466000;511.27;511.94;BRADYCARDIA;BRADY
2468000;511.81;512.48;BRADYCARDIA;BRADY
2470000;511.16;511.84;BRADYCARDIA;BRADY
2472000;512.89;513.56;BRADYCARDIA;BRADY
2474000;510.96;511.64;BRADYCARDIA;BRADY
2476000;511.50;512.18;BRADYCARDIA;BRADY
2478000;512.12;512.80;BRADYCARDIA;BRADY
2480000;511.00;511.68;BRADYCARDIA;BRADY
2482000;510.70;511.39;BRADYCARDIA;BRADY
2484000;510.47;511.16;BRADYCARDIA;BRADY
2486000;510.16;510.85;BRADYCARDIA;BRADY
2488000;511.33;512.02;BRADYCARDIA;BRADY
2490000;510.71;511.40;BRADYCARDIA;BRADY
2492000;511.92;512.62;BRADYCARDIA;BRADY
2494000;512.26;512.96;BRADYCARDIA;BRADY
2496000;510.17;510.87;BRADYCARDIA;BRADY
2498000;510.42;511.12;BRADYCARDIA;BRADY
2500000;511.42;512.13;BRADYCARDIA;BRADY
2502000;510.54;511.25;BRADYCARDIA;BRADY
2504000;510.70;511.41;BRADYCARDIA;BRADY
2506000;510.12;510.83;BRADYCARDIA;BRADY
2508000;511.32;512.03;BRADYCARDIA;BRADY
2510000;511.85;512.57;BRADYCARDIA;BRADY
2512000;510.48;511.20;BRADYCARDIA;BRADY
2514000;510.11;510.83;BRADYCARDIA;BRADY
2516000;511.12;511.84;BRADYCARDIA;BRADY
2518000;511.54;512.27;BRADYCARDIA;BRADY
2520000;512.41;513.14;BRADYCARDIA;BRADY
2522000;510.49;511.22;BRADYCARDIA;BRADY
2524000;510.13;510.87;BRADYCARDIA;BRADY
2526000;511.47;512.20;BRADYCARDIA;BRADY
2528000;513.39;514.13;BRADYCARDIA;BRADY
2530000;509.50;510.24;BRADYCARDIA;BRADY
2532000;511.46;512.20;BRADYCARDIA;BRADY
2534000;511.84;512.59;BRADYCARDIA;BRADY
2536000;511.42;512.16;BRADYCARDIA;BRADY
2538000;511.14;511.89;BRADYCARDIA;BRADY
2540000;511.79;512.54;BRADYCARDIA;BRADY
2542000;511.85;512.60;BRADYCARDIA;BRADY
2544000;511.25;512.00;BRADYCARDIA;BRADY
2546000;510.13;510.89;BRADYCARDIA;BRADY
2548000;510.40;511.16;BRADYCARDIA;BRADY
2550000;512.46;513.23;BRADYCARDIA;BRADY
2552000;511.47;512.23;BRADYCARDIA;BRADY
2554000;511.35;512.11;BRADYCARDIA;BRADY
2556000;510.75;511.51;BRADYCARDIA;BRADY
2558000;510.02;510.78;BRADYCARDIA;BRADY
2560000;512.96;513.73;BRADYCARDIA;BRADY
2562000;511.59;512.37;BRADYCARDIA;BRADY
2564000;512.13;512.91;BRADYCARDIA;BRADY
2566000;509.66;510.43;BRADYCARDIA;BRADY
2568000;510.84;511.61;BRADYCARDIA;BRADY
2570000;512.17;512.95;BRADYCARDIA;BRADY
2572000;510.26;511.04;BRADYCARDIA;BRADY
2574000;511.43;512.21;BRADYCARDIA;BRADY
2576000;511.54;512.32;BRADYCARDIA;BRADY
2578000;510.49;511.28;BRADYCARDIA;BRADY
2580000;511.42;512.21;BRADYCARDIA;BRADY
2582000;510.86;511.65;BRADYCARDIA;BRADY
2584000;511.54;512.34;BRADYCARDIA;BRADY
2586000;512.09;512.88;BRADYCARDIA;BRADY
2588000;511.02;511.82;BRADYCARDIA;BRADY
2590000;510.30;511.10;BRADYCARDIA;BRADY
2592000;511.29;512.09;BRADYCARDIA;BRADY
2594000;510.68;511.48;BRADYCARDIA;BRADY
2596000;510.63;511.44;BRADYCARDIA;BRADY
2598000;511.78;512.58;BRADYCARDIA;BRADY
2600000;510.64;511.45;BRADYCARDIA;BRADY
2602000;510.61;511.42;BRADYCARDIA;BRADY
2604000;510.04;510.86;BRADYCARDIA;BRADY
2606000;511.37;512.18;BRADYCARDIA;BRADY
2608000;510.42;511.24;BRADYCARDIA;BRADY
2610000;512.27;513.08;BRADYCARDIA;BRADY
2612000;512.22;513.04;BRADYCARDIA;BRADY
2614000;510.67;511.49;BRADYCARDIA;BRADY
2616000;511.64;512.46;BRADYCARDIA;BRADY
2618000;509.77;510.60;BRADYCARDIA;BRADY
2620000;511.18;512.01;BRADYCARDIA;BRADY
2622000;509.31;510.14;BRADYCARDIA;BRADY
2624000;511.66;512.50;BRADYCARDIA;BRADY
2626000;510.95;511.78;BRADYCARDIA;BRADY
2628000;511.49;512.33;BRADYCARDIA;BRADY
2630000;512.63;513.47;BRADYCARDIA;BRADY
2632000;511.95;512.79;BRADYCARDIA;BRADY
2634000;511.09;511.93;BRADYCARDIA;BRADY
2636000;511.72;512.56;BRADYCARDIA;BRADY
2638000;511.24;512.09;BRADYCARDIA;BRADY
2640000;511.00;511.85;BRADYCARDIA;BRADY
2642000;511.18;512.02;BRADYCARDIA;BRADY
2644000;511.21;512.06;BRADYCARDIA;BRADY
2646000;510.95;511.80;BRADYCARDIA;BRADY
2648000;511.26;512.11;BRADYCARDIA;BRADY
2650000;511.58;512.43;BRADYCARDIA;BRADY
2652000;511.46;512.32;BRADYCARDIA;BRADY
2654000;510.86;511.72;BRADYCARDIA;BRADY
2656000;511.11;511.97;BRADYCARDIA;BRADY
2658000;511.92;512.78;BRADYCARDIA;BRADY
2660000;512.48;513.34;BRADYCARDIA;BRADY
2662000;510.11;510.97;BRADYCARDIA;BRADY
2664000;509.77;510.63;BRADYCARDIA;BRADY
2666000;511.09;511.96;BRADYCARDIA;BRADY
2668000;511.96;512.83;BRADYCARDIA;BRADY
2670000;508.89;509.76;BRADYCARDIA;BRADY
2672000;510.59;511.46;BRADYCARDIA;BRADY
2674000;510.88;511.75;BRADYCARDIA;BRADY
2676000;510.59;511.47;BRADYCARDIA;BRADY
2678000;511.72;512.60;BRADYCARDIA;BRADY
2680000;511.93;512.80;BRADYCARDIA;BRADY
2682000;511.74;512.62;BRADYCARDIA;BRADY
2684000;511.24;512.12;BRADYCARDIA;BRADY
2686000;513.00;513.89;BRADYCARDIA;BRADY
2688000;511.90;512.78;BRADYCARDIA;BRADY
2690000;510.67;511.55;BRADYCARDIA;BRADY
2692000;510.82;511.70;BRADYCARDIA;BRADY
2694000;510.90;511.79;BRADYCARDIA;BRADY
2696000;511.37;512.25;BRADYCARDIA;BRADY
2698000;509.65;510.54;BRADYCARDIA;BRADY
2700000;511.27;512.16;BRADYCARDIA;BRADY
2702000;512.13;513.02;BRADYCARDIA;BRADY
2704000;511.05;511.94;BRADYCARDIA;BRADY
2706000;510.72;511.61;BRADYCARDIA;BRADY
2708000;510.65;511.54;BRADYCARDIA;BRADY
2710000;512.14;513.04;BRADYCARDIA;BRADY
2712000;511.47;512.37;BRADYCARDIA;BRADY
2714000;512.10;513.00;BRADYCARDIA;BRADY
2716000;510.91;511.81;BRADYCARDIA;BRADY
2718000;511.43;512.34;BRADYCARDIA;BRADY
2720000;511.96;512.87;BRADYCARDIA;BRADY
2722000;511.91;512.81;BRADYCARDIA;BRADY
2724000;510.12;511.03;BRADYCARDIA;BRADY
2726000;511.54;512.45;BRADYCARDIA;BRADY
2728000;510.96;511.87;BRADYCARDIA;BRADY
2730000;510.46;511.37;BRADYCARDIA;BRADY
2732000;510.03;510.94;BRADYCARDIA;BRADY
2734000;510.40;511.31;BRADYCARDIA;BRADY
2736000;510.67;511.59;BRADYCARDIA;BRADY
2738000;510.30;511.22;BRADYCARDIA;BRADY
2740000;513.19;514.11;BRADYCARDIA;BRADY
2742000;512.19;513.11;BRADYCARDIA;BRADY
2744000;509.65;510.57;BRADYCARDIA;BRADY
2746000;511.00;511.93;BRADYCARDIA;BRADY
2748000;511.25;512.17;BRADYCARDIA;BRADY
2750000;511.47;512.39;BRADYCARDIA;BRADY
2752000;511.33;512.25;BRADYCARDIA;BRADY
2754000;510.20;511.13;BRADYCARDIA;BRADY
2756000;510.93;511.86;BRADYCARDIA;BRADY
2758000;510.04;510.97;BRADYCARDIA;BRADY
2760000;510.10;511.03;BRADYCARDIA;BRADY
2762000;510.58;511.51;BRADYCARDIA;BRADY
2764000;509.38;510.31;BRADYCARDIA;BRADY
2766000;511.99;512.93;BRADYCARDIA;BRADY
2768000;511.65;512.58;BRADYCARDIA;BRADY
2770000;509.42;510.36;BRADYCARDIA;BRADY
2772000;511.64;512.58;BRADYCARDIA;BRADY
2774000;509.29;510.23;BRADYCARDIA;BRADY
2776000;511.16;512.09;BRADYCARDIA;BRADY
2778000;512.28;513.22;BRADYCARDIA;BRADY
2780000;510.77;511.71;BRADYCARDIA;BRADY
2782000;511.02;511.97;BRADYCARDIA;BRADY
2784000;510.42;511.37;BRADYCARDIA;BRADY
2786000;510.33;511.27;BRADYCARDIA;BRADY
2788000;510.67;511.62;BRADYCARDIA;BRADY
2790000;511.04;511.99;BRADYCARDIA;BRADY
2792000;511.61;512.56;BRADYCARDIA;BRADY
2794000;510.18;511.13;BRADYCARDIA;BRADY
2796000;511.15;512.10;BRADYCARDIA;BRADY
2798000;512.15;513.10;BRADYCARDIA;BRADY
2800000;510.94;511.89;BRADYCARDIA;BRADY
2802000;510.06;511.01;BRADYCARDIA;BRADY
2804000;510.37;511.32;BRADYCARDIA;BRADY
2806000;509.96;510.91;BRADYCARDIA;BRADY
2808000;511.00;511.96;BRADYCARDIA;BRADY
2810000;510.08;511.03;BRADYCARDIA;BRADY
2812000;511.59;512.54;BRADYCARDIA;BRADY
2814000;510.61;511.56;BRADYCARDIA;BRADY
2816000;512.36;513.32;BRADYCARDIA;BRADY
2818000;510.63;511.59;BRADYCARDIA;BRADY
2820000;510.51;511.47;BRADYCARDIA;BRADY
2822000;511.36;512.32;BRADYCARDIA;BRADY
2824000;510.84;511.80;BRADYCARDIA;BRADY
2826000;511.75;512.71;BRADYCARDIA;BRADY
2828000;511.43;512.40;BRADYCARDIA;BRADY
2830000;512.02;512.99;BRADYCARDIA;BRADY
2832000;510.39;511.36;BRADYCARDIA;BRADY
2834000;511.05;512.01;BRADYCARDIA;BRADY
2836000;510.43;511.40;BRADYCARDIA;BRADY
2838000;509.76;510.72;BRADYCARDIA;BRADY
2840000;511.23;512.20;BRADYCARDIA;BRADY
2842000;510.03;511.00;BRADYCARDIA;BRADY
2844000;511.94;512.91;BRADYCARDIA;BRADY
2846000;509.32;510.30;BRADYCARDIA;BRADY
2848000;510.97;511.94;BRADYCARDIA;BRADY
2850000;511.42;512.39;BRADYCARDIA;BRADY
2852000;511.82;512.80;BRADYCARDIA;BRADY
2854000;512.75;513.72;BRADYCARDIA;BRADY
2856000;511.17;512.14;BRADYCARDIA;BRADY
2858000;511.91;512.88;BRADYCARDIA;BRADY
2860000;511.48;512.45;BRADYCARDIA;BRADY
2862000;510.84;511.82;BRADYCARDIA;BRADY
2864000;511.17;512.15;BRADYCARDIA;BRADY
2866000;511.87;512.85;BRADYCARDIA;BRADY
2868000;510.22;511.20;BRADYCARDIA;BRADY
2870000;511.04;512.02;BRADYCARDIA;BRADY
2872000;510.52;511.50;BRADYCARDIA;BRADY
2874000;510.28;511.26;BRADYCARDIA;BRADY
2876000;510.00;510.98;BRADYCARDIA;BRADY
2878000;511.47;512.45;BRADYCARDIA;BRADY
2880000;509.90;510.88;BRADYCARDIA;BRADY
2882000;509.57;510.55;BRADYCARDIA;BRADY
2884000;510.12;511.11;BRADYCARDIA;BRADY
2886000;511.16;512.14;BRADYCARDIA;BRADY
2888000;510.34;511.33;BRADYCARDIA;BRADY
2890000;511.42;512.40;BRADYCARDIA;BRADY
2892000;510.10;511.09;BRADYCARDIA;BRADY
2894000;511.34;512.32;BRADYCARDIA;BRADY
2896000;512.00;512.98;BRADYCARDIA;BRADY
2898000;512.21;513.20;BRADYCARDIA;BRADY
2900000;509.02;510.01;BRADYCARDIA;BRADY
2902000;511.00;511.99;BRADYCARDIA;BRADY
2904000;511.71;512.70;BRADYCARDIA;BRADY
2906000;511.80;512.79;BRADYCARDIA;BRADY
2908000;510.90;511.89;BRADYCARDIA;BRADY
2910000;511.87;512.86;BRADYCARDIA;BRADY
2912000;510.99;511.98;BRADYCARDIA;BRADY
2914000;510.49;511.48;BRADYCARDIA;BRADY
2916000;511.35;512.34;BRADYCARDIA;BRADY
2918000;510.60;511.59;BRADYCARDIA;BRADY
2920000;510.67;511.66;BRADYCARDIA;BRADY
2922000;511.42;512.41;BRADYCARDIA;BRADY
2924000;509.82;510.81;BRADYCARDIA;BRADY
2926000;510.61;511.60;BRADYCARDIA;BRADY
2928000;511.68;512.68;BRADYCARDIA;BRADY
2930000;510.16;511.15;BRADYCARDIA;BRADY
2932000;510.93;511.92;BRADYCARDIA;BRADY
2934000;511.45;512.44;BRADYCARDIA;BRADY
2936000;509.66;510.65;BRADYCARDIA;BRADY
2938000;511.13;512.13;BRADYCARDIA;BRADY
2940000;511.27;512.27;BRADYCARDIA;BRADY
2942000;509.06;510.06;BRADYCARDIA;BRADY
2944000;510.57;511.57;BRADYCARDIA;BRADY
2946000;511.71;512.71;BRADYCARDIA;BRADY
2948000;508.92;509.92;BRADYCARDIA;BRADY
2950000;511.01;512.01;BRADYCARDIA;BRADY
2952000;511.23;512.23;BRADYCARDIA;BRADY
2954000;509.44;510.44;BRADYCARDIA;BRADY
2956000;511.56;512.56;BRADYCARDIA;BRADY
2958000;509.69;510.69;BRADYCARDIA;BRADY
2960000;510.51;511.50;BRADYCARDIA;BRADY
2962000;511.49;512.49;BRADYCARDIA;BRADY
2964000;510.79;511.79;BRADYCARDIA;BRADY
2966000;510.71;511.70;BRADYCARDIA;BRADY
2968000;510.02;511.02;BRADYCARDIA;BRADY
2970000;511.40;512.40;BRADYCARDIA;BRADY
2972000;510.91;511.91;BRADYCARDIA;BRADY
2974000;511.13;512.13;BRADYCARDIA;BRADY
2976000;510.53;511.53;BRADYCARDIA;BRADY
2978000;512.00;513.00;BRADYCARDIA;BRADY
2980000;510.20;511.20;BRADYCARDIA;BRADY
2982000;511.21;512.21;BRADYCARDIA;BRADY
2984000;511.66;512.66;BRADYCARDIA;BRADY
2986000;511.02;512.02;BRADYCARDIA;BRADY
2988000;510.31;511.31;BRADYCARDIA;BRADY
2990000;512.63;513.63;BRADYCARDIA;BRADY
2992000;511.79;512.79;BRADYCARDIA;BRADY
2994000;510.94;511.94;BRADYCARDIA;BRADY
2996000;510.72;511.72;BRADYCARDIA;BRADY
2998000;510.99;511.99;BRADYCARDIA;BRADY
3000000;511.44;512.44;BRADYCARDIA;BRADY
3002000;509.79;510.79;BRADYCARDIA;BRADY
3004000;512.55;513.55;BRADYCARDIA;BRADY
3006000;510.56;511.56;BRADYCARDIA;BRADY
3008000;511.80;512.80;BRADYCARDIA;BRADY
3010000;511.84;512.84;BRADYCARDIA;BRADY
3012000;511.53;512.53;BRADYCARDIA;BRADY
3014000;513.32;514.32;BRADYCARDIA;BRADY
3016000;511.13;512.13;BRADYCARDIA;BRADY
3018000;511.27;512.27;BRADYCARDIA;BRADY
3020000;510.78;511.78;BRADYCARDIA;BRADY
3022000;510.28;511.27;BRADYCARDIA;BRADY
3024000;509.26;510.26;BRADYCARDIA;BRADY
3026000;510.83;511.83;BRADYCARDIA;BRADY
3028000;511.58;512.57;BRADYCARDIA;BRADY
3030000;511.36;512.36;BRADYCARDIA;BRADY
3032000;509.86;510.86;BRADYCARDIA;BRADY
3034000;511.66;512.65;BRADYCARDIA;BRADY
3036000;510.89;511.89;BRADYCARDIA;BRADY
3038000;511.27;512.27;BRADYCARDIA;BRADY
3040000;513.01;514.01;BRADYCARDIA;BRADY
3042000;511.56;512.56;BRADYCARDIA;BRADY
3044000;510.72;511.72;BRADYCARDIA;BRADY
3046000;512.15;513.15;BRADYCARDIA;BRADY
3048000;511.16;512.15;BRADYCARDIA;BRADY
3050000;509.60;510.60;BRADYCARDIA;BRADY
3052000;513.20;514.20;BRADYCARDIA;BRADY
3054000;511.77;512.76;BRADYCARDIA;BRADY
3056000;510.77;511.76;BRADYCARDIA;BRADY
3058000;511.49;512.49;BRADYCARDIA;BRADY
3060000;510.81;511.80;BRADYCARDIA;BRADY
3062000;511.29;512.28;BRADYCARDIA;BRADY
3064000;509.39;510.38;BRADYCARDIA;BRADY
3066000;511.54;512.54;BRADYCARDIA;BRADY
3068000;510.82;511.81;BRADYCARDIA;BRADY
3070000;511.62;512.62;BRADYCARDIA;BRADY
3072000;512.10;513.09;BRADYCARDIA;BRADY
3074000;510.74;511.74;BRADYCARDIA;BRADY
3076000;510.82;511.81;BRADYCARDIA;BRADY
3078000;511.80;512.80;BRADYCARDIA;BRADY
3080000;511.94;512.93;BRADYCARDIA;BRADY
3082000;511.14;512.13;BRADYCARDIA;BRADY
3084000;510.81;511.80;BRADYCARDIA;BRADY
3086000;511.55;512.54;BRADYCARDIA;BRADY
3088000;510.62;511.61;BRADYCARDIA;BRADY
3090000;510.57;511.56;BRADYCARDIA;BRADY
3092000;510.82;511.81;BRADYCARDIA;BRADY
3094000;509.77;510.76;BRADYCARDIA;BRADY
3096000;512.27;513.25;BRADYCARDIA;BRADY
3098000;510.74;511.73;BRADYCARDIA;BRADY
3100000;511.59;512.57;BRADYCARDIA;BRADY
3102000;510.68;511.67;BRADYCARDIA;BRADY
3104000;511.06;512.04;BRADYCARDIA;BRADY
3106000;511.38;512.36;BRADYCARDIA;BRADY
3108000;511.39;512.37;BRADYCARDIA;BRADY
3110000;510.16;511.15;BRADYCARDIA;BRADY
3112000;509.87;510.86;BRADYCARDIA;BRADY
3114000;512.33;513.31;BRADYCARDIA;BRADY
3116000;510.51;511.49;BRADYCARDIA;BRADY
3118000;510.14;511.12;BRADYCARDIA;BRADY
3120000;511.28;512.26;BRADYCARDIA;BRADY
3122000;511.97;512.95;BRADYCARDIA;BRADY
3124000;511.16;512.14;BRADYCARDIA;BRADY
3126000;510.50;511.48;BRADYCARDIA;BRADY
3128000;510.03;511.01;BRADYCARDIA;BRADY
3130000;511.86;512.83;BRADYCARDIA;BRADY
3132000;509.31;510.29;BRADYCARDIA;BRADY
3134000;511.42;512.40;BRADYCARDIA;BRADY
3136000;511.24;512.22;BRADYCARDIA;BRADY
3138000;511.39;512.37;BRADYCARDIA;BRADY
3140000;512.17;513.15;BRADYCARDIA;BRADY
3142000;511.61;512.58;BRADYCARDIA;BRADY
3144000;511.81;512.79;BRADYCARDIA;BRADY
3146000;509.28;510.26;BRADYCARDIA;BRADY
3148000;511.60;512.57;BRADYCARDIA;BRADY
3150000;512.04;513.02;BRADYCARDIA;BRADY
3152000;511.24;512.21;BRADYCARDIA;BRADY
3154000;510.76;511.73;BRADYCARDIA;BRADY
3156000;511.62;512.59;BRADYCARDIA;BRADY
3158000;509.90;510.87;BRADYCARDIA;BRADY
3160000;511.83;512.80;BRADYCARDIA;BRADY
3162000;511.11;512.08;BRADYCARDIA;BRADY
3164000;511.70;512.67;BRADYCARDIA;BRADY
3166000;510.84;511.80;BRADYCARDIA;BRADY
3168000;509.42;510.38;BRADYCARDIA;BRADY
3170000;511.82;512.78;BRADYCARDIA;BRADY
3172000;510.92;511.89;BRADYCARDIA;BRADY
3174000;512.26;513.22;BRADYCARDIA;BRADY
3176000;510.60;511.57;BRADYCARDIA;BRADY
3178000;512.41;513.38;BRADYCARDIA;BRADY
3180000;510.24;511.20;BRADYCARDIA;BRADY
3182000;510.83;511.79;BRADYCARDIA;BRADY
3184000;512.34;513.30;BRADYCARDIA;BRADY
3186000;510.21;511.17;BRADYCARDIA;BRADY
3188000;510.62;511.57;BRADYCARDIA;BRADY
3190000;511.05;512.01;BRADYCARDIA;BRADY
3192000;510.34;511.30;BRADYCARDIA;BRADY
3194000;511.50;512.46;BRADYCARDIA;BRADY
3196000;511.75;512.70;BRADYCARDIA;BRADY
3198000;510.45;511.41;BRADYCARDIA;BRADY
3200000;510.80;511.75;BRADYCARDIA;BRADY
3202000;512.58;513.53;BRADYCARDIA;BRADY
3204000;511.58;512.53;BRADYCARDIA;BRADY
3206000;510.99;511.94;BRADYCARDIA;BRADY
3208000;511.19;512.13;BRADYCARDIA;BRADY
3210000;511.33;512.27;BRADYCARDIA;BRADY
3212000;510.35;511.30;BRADYCARDIA;BRADY
3214000;510.64;511.58;BRADYCARDIA;BRADY
3216000;511.16;512.10;BRADYCARDIA;BRADY
3218000;511.01;511.96;BRADYCARDIA;BRADY
3220000;511.08;512.02;BRADYCARDIA;BRADY
3222000;511.98;512.92;BRADYCARDIA;BRADY
3224000;510.27;511.21;BRADYCARDIA;BRADY
3226000;510.63;511.57;BRADYCARDIA;BRADY
3228000;510.58;511.52;BRADYCARDIA;BRADY
3230000;511.12;512.05;BRADYCARDIA;BRADY
3232000;511.40;512.34;BRADYCARDIA;BRADY
3234000;510.55;511.48;BRADYCARDIA;BRADY
3236000;509.92;510.85;BRADYCARDIA;BRADY
3238000;511.80;512.73;BRADYCARDIA;BRADY
3240000;510.20;511.13;BRADYCARDIA;BRADY
3242000;512.13;513.06;BRADYCARDIA;BRADY
3244000;511.04;511.97;BRADYCARDIA;BRADY
3246000;511.70;512.63;BRADYCARDIA;BRADY
3248000;511.48;512.40;BRADYCARDIA;BRADY
3250000;510.56;511.48;BRADYCARDIA;BRADY
3252000;510.10;511.02;BRADYCARDIA;BRADY
3254000;511.19;512.11;BRADYCARDIA;BRADY
3256000;511.43;512.35;BRADYCARDIA;BRADY
3258000;511.64;512.56;BRADYCARDIA;BRADY
3260000;511.75;512.67;BRADYCARDIA;BRADY
3262000;512.00;512.92;BRADYCARDIA;BRADY
3264000;511.00;511.92;BRADYCARDIA;BRADY
3266000;511.03;511.94;BRADYCARDIA;BRADY
3268000;512.62;513.53;BRADYCARDIA;BRADY
3270000;512.11;513.02;BRADYCARDIA;BRADY
3272000;509.63;510.54;BRADYCARDIA;BRADY
3274000;512.70;513.61;BRADYCARDIA;BRADY
3276000;509.72;510.63;BRADYCARDIA;BRADY
3278000;509.65;510.55;BRADYCARDIA;BRADY
3280000;511.85;512.76;BRADYCARDIA;BRADY
3282000;510.67;511.57;BRADYCARDIA;BRADY
3284000;511.78;512.69;BRADYCARDIA;BRADY
3286000;510.29;511.19;BRADYCARDIA;BRADY
3288000;511.62;512.52;BRADYCARDIA;BRADY
3290000;511.05;511.94;BRADYCARDIA;BRADY
3292000;511.34;512.24;BRADYCARDIA;BRADY
3294000;509.83;510.72;BRADYCARDIA;BRADY
3296000;511.79;512.69;BRADYCARDIA;BRADY
3298000;511.89;512.78;BRADYCARDIA;BRADY
3300000;511.58;512.47;BRADYCARDIA;BRADY
3302000;511.80;512.68;BRADYCARDIA;BRADY
3304000;511.49;512.38;BRADYCARDIA;BRADY
3306000;510.75;511.63;BRADYCARDIA;BRADY
3308000;509.81;510.69;BRADYCARDIA;BRADY
3310000;511.33;512.21;BRADYCARDIA;BRADY
3312000;510.72;511.60;BRADYCARDIA;BRADY
3314000;510.25;511.14;BRADYCARDIA;BRADY
3316000;510.62;511.50;BRADYCARDIA;BRADY
3318000;510.86;511.74;BRADYCARDIA;BRADY
3320000;511.76;512.64;BRADYCARDIA;BRADY
3322000;511.80;512.67;BRADYCARDIA;BRADY
3324000;511.94;512.82;BRADYCARDIA;BRADY
3326000;511.42;512.30;BRADYCARDIA;BRADY
3328000;511.12;511.99;BRADYCARDIA;BRADY
3330000;511.63;512.50;BRADYCARDIA;BRADY
3332000;512.60;513.47;BRADYCARDIA;BRADY
3334000;511.35;512.22;BRADYCARDIA;BRADY
3336000;511.59;512.45;BRADYCARDIA;BRADY
3338000;511.09;511.96;BRADYCARDIA;BRADY
3340000;510.64;511.50;BRADYCARDIA;BRADY
3342000;510.09;510.95;BRADYCARDIA;BRADY
3344000;511.64;512.50;BRADYCARDIA;BRADY
3346000;511.08;511.94;BRADYCARDIA;BRADY
3348000;511.34;512.20;BRADYCARDIA;BRADY
3350000;511.08;511.94;BRADYCARDIA;BRADY
3352000;510.10;510.95;BRADYCARDIA;BRADY
3354000;510.85;511.70;BRADYCARDIA;BRADY
3356000;511.15;512.00;BRADYCARDIA;BRADY
3358000;511.42;512.27;BRADYCARDIA;BRADY
3360000;509.83;510.67;BRADYCARDIA;BRADY
3362000;512.74;513.58;BRADYCARDIA;BRADY
3364000;511.57;512.41;BRADYCARDIA;BRADY
3366000;512.04;512.88;BRADYCARDIA;BRADY
3368000;510.43;511.27;BRADYCARDIA;BRADY
3370000;511.63;512.46;BRADYCARDIA;BRADY
3372000;512.22;513.05;BRADYCARDIA;BRADY
3374000;511.36;512.19;BRADYCARDIA;BRADY
3376000;512.31;513.14;BRADYCARDIA;BRADY
3378000;511.74;512.57;BRADYCARDIA;BRADY
3380000;511.77;512.60;BRADYCARDIA;BRADY
3382000;510.33;511.16;BRADYCARDIA;BRADY
3384000;512.61;513.44;BRADYCARDIA;BRADY
3386000;511.64;512.46;BRADYCARDIA;BRADY
3388000;512.42;513.24;BRADYCARDIA;BRADY
3390000;512.55;513.36;BRADYCARDIA;BRADY
3392000;511.21;512.03;BRADYCARDIA;BRADY
3394000;511.03;511.85;BRADYCARDIA;BRADY
3396000;510.73;511.54;BRADYCARDIA;BRADY
3398000;510.18;510.99;BRADYCARDIA;BRADY
3400000;510.70;511.51;BRADYCARDIA;BRADY
3402000;511.05;511.86;BRADYCARDIA;BRADY
3404000;511.63;512.44;BRADYCARDIA;BRADY
3406000;510.61;511.41;BRADYCARDIA;BRADY
3408000;509.87;510.67;BRADYCARDIA;BRADY
3410000;511.95;512.75;BRADYCARDIA;BRADY
3412000;510.43;511.23;BRADYCARDIA;BRADY
3414000;510.78;511.57;BRADYCARDIA;BRADY
3416000;512.55;513.34;BRADYCARDIA;BRADY
3418000;509.71;510.50;BRADYCARDIA;BRADY
3420000;511.76;512.55;BRADYCARDIA;BRADY
3422000;513.18;513.96;BRADYCARDIA;BRADY
3424000;512.95;513.74;BRADYCARDIA;BRADY
3426000;508.93;509.71;BRADYCARDIA;BRADY
3428000;511.00;511.78;BRADYCARDIA;BRADY
3430000;511.66;512.44;BRADYCARDIA;BRADY
3432000;512.35;513.13;BRADYCARDIA;BRADY
3434000;511.43;512.21;BRADYCARDIA;BRADY
3436000;511.42;512.19;BRADYCARDIA;BRADY
3438000;511.76;512.53;BRADYCARDIA;BRADY
3440000;511.11;511.88;BRADYCARDIA;BRADY
3442000;512.73;513.50;BRADYCARDIA;BRADY
3444000;511.58;512.35;BRADYCARDIA;BRADY
3446000;511.23;512.00;BRADYCARDIA;BRADY
3448000;512.65;513.41;BRADYCARDIA;BRADY
3450000;511.40;512.16;BRADYCARDIA;BRADY
3452000;511.59;512.35;BRADYCARDIA;BRADY
3454000;510.36;511.11;BRADYCARDIA;BRADY
3456000;511.45;512.21;BRADYCARDIA;BRADY
3458000;511.48;512.23;BRADYCARDIA;BRADY
3460000;511.19;511.94;BRADYCARDIA;BRADY
3462000;512.19;512.94;BRADYCARDIA;BRADY
3464000;510.82;511.56;BRADYCARDIA;BRADY
3466000;511.77;512.52;BRADYCARDIA;BRADY
3468000;511.31;512.05;BRADYCARDIA;BRADY
3470000;511.51;512.25;BRADYCARDIA;BRADY
3472000;510.56;511.30;BRADYCARDIA;BRADY
3474000;511.36;512.10;BRADYCARDIA;BRADY
3476000;511.50;512.24;BRADYCARDIA;BRADY
3478000;512.19;512.92;BRADYCARDIA;BRADY
3480000;511.58;512.31;BRADYCARDIA;BRADY
3482000;511.07;511.80;BRADYCARDIA;BRADY
3484000;511.54;512.26;BRADYCARDIA;BRADY
3486000;512.07;512.79;BRADYCARDIA;BRADY
3488000;511.96;512.68;BRADYCARDIA;BRADY
3490000;511.52;512.24;BRADYCARDIA;BRADY
3492000;511.25;511.96;BRADYCARDIA;BRADY
3494000;510.44;511.15;BRADYCARDIA;BRADY
3496000;511.46;512.17;BRADYCARDIA;BRADY
3498000;511.40;512.11;BRADYCARDIA;BRADY
3500000;512.89;513.60;BRADYCARDIA;BRADY
3502000;512.13;512.84;BRADYCARDIA;BRADY
3504000;510.84;511.55;BRADYCARDIA;BRADY
3506000;511.51;512.21;BRADYCARDIA;BRADY
3508000;511.07;511.77;BRADYCARDIA;BRADY
3510000;510.76;511.45;BRADYCARDIA;BRADY
3512000;511.17;511.86;BRADYCARDIA;BRADY
3514000;510.97;511.66;BRADYCARDIA;BRADY
3516000;512.32;513.01;BRADYCARDIA;BRADY
3518000;511.57;512.26;BRADYCARDIA;BRADY
3520000;510.97;511.66;BRADYCARDIA;BRADY
3522000;509.95;510.63;BRADYCARDIA;BRADY
3524000;511.89;512.57;BRADYCARDIA;BRADY
3526000;511.72;512.40;BRADYCARDIA;BRADY
3528000;510.80;511.48;BRADYCARDIA;BRADY
3530000;511.62;512.29;BRADYCARDIA;BRADY
3532000;510.46;511.13;BRADYCARDIA;BRADY
3534000;511.03;511.69;BRADYCARDIA;BRADY
3536000;511.78;512.45;BRADYCARDIA;BRADY
3538000;512.79;513.46;BRADYCARDIA;BRADY
3540000;511.37;512.03;BRADYCARDIA;BRADY
3542000;510.05;510.71;BRADYCARDIA;BRADY
3544000;510.74;511.40;BRADYCARDIA;BRADY
3546000;511.44;512.09;BRADYCARDIA;BRADY
3548000;509.19;509.84;BRADYCARDIA;BRADY
3550000;511.91;512.56;BRADYCARDIA;BRADY
3552000;511.41;512.06;BRADYCARDIA;BRADY
3554000;512.60;513.25;BRADYCARDIA;BRADY
3556000;509.92;510.57;BRADYCARDIA;BRADY
3558000;510.96;511.60;BRADYCARDIA;BRADY
3560000;511.70;512.33;BRADYCARDIA;BRADY
3562000;511.05;511.69;BRADYCARDIA;BRADY
3564000;510.61;511.24;BRADYCARDIA;BRADY
3566000;511.38;512.01;BRADYCARDIA;BRADY
3568000;510.38;511.01;BRADYCARDIA;BRADY
3570000;511.10;511.72;BRADYCARDIA;BRADY
3572000;509.98;510.60;BRADYCARDIA;BRADY
3574000;511.08;511.70;BRADYCARDIA;BRADY
3576000;511.19;511.80;BRADYCARDIA;BRADY
3578000;511.84;512.45;BRADYCARDIA;BRADY
3580000;512.24;512.85;BRADYCARDIA;BRADY
3582000;510.21;510.82;BRADYCARDIA;BRADY
3584000;511.62;512.23;BRADYCARDIA;BRADY
3586000;510.51;511.12;BRADYCARDIA;BRADY
3588000;511.82;512.42;BRADYCARDIA;BRADY
3590000;512.44;513.05;BRADYCARDIA;BRADY
3592000;511.25;511.85;BRADYCARDIA;BRADY
3594000;510.37;510.96;BRADYCARDIA;BRADY
3596000;510.76;511.36;BRADYCARDIA;BRADY
3598000;511.52;512.11;BRADYCARDIA;BRADY
3600000;509.92;510.51;BRADYCARDIA;BRADY
3602000;512.18;512.77;BRADYCARDIA;BRADY
3604000;512.34;512.92;BRADYCARDIA;BRADY
3606000;511.36;511.94;BRADYCARDIA;BRADY
3608000;511.62;512.20;BRADYCARDIA;BRADY
3610000;510.52;511.10;BRADYCARDIA;BRADY
3612000;512.16;512.74;BRADYCARDIA;BRADY
3614000;511.08;511.65;BRADYCARDIA;BRADY
3616000;510.33;510.90;BRADYCARDIA;BRADY
3618000;511.45;512.01;BRADYCARDIA;BRADY
3620000;509.64;510.20;BRADYCARDIA;BRADY
3622000;511.45;512.00;BRADYCARDIA;BRADY
3624000;511.79;512.35;BRADYCARDIA;BRADY
3626000;511.17;511.73;BRADYCARDIA;BRADY
3628000;510.17;510.73;BRADYCARDIA;BRADY
3630000;510.56;511.11;BRADYCARDIA;BRADY
3632000;510.80;511.35;BRADYCARDIA;BRADY
3634000;511.78;512.32;BRADYCARDIA;BRADY
3636000;512.04;512.58;BRADYCARDIA;BRADY
3638000;510.33;510.87;BRADYCARDIA;BRADY
3640000;512.96;513.50;BRADYCARDIA;BRADY
3642000;512.17;512.70;BRADYCARDIA;BRADY
3644000;511.41;511.94;BRADYCARDIA;BRADY
3646000;512.09;512.62;BRADYCARDIA;BRADY
3648000;511.74;512.26;BRADYCARDIA;BRADY
3650000;510.22;510.75;BRADYCARDIA;BRADY
3652000;510.90;511.42;BRADYCARDIA;BRADY
3654000;511.21;511.73;BRADYCARDIA;BRADY
3656000;511.69;512.21;BRADYCARDIA;BRADY
3658000;512.23;512.74;BRADYCARDIA;BRADY
3660000;511.84;512.35;BRADYCARDIA;BRADY
3662000;511.30;511.81;BRADYCARDIA;BRADY
3664000;511.45;511.95;BRADYCARDIA;BRADY
3666000;512.04;512.54;BRADYCARDIA;BRADY
3668000;511.04;511.54;BRADYCARDIA;BRADY
3670000;512.73;513.22;BRADYCARDIA;BRADY
3672000;511.58;512.08;BRADYCARDIA;BRADY
3674000;511.90;512.39;BRADYCARDIA;BRADY
3676000;510.84;511.33;BRADYCARDIA;BRADY
3678000;512.52;513.01;BRADYCARDIA;BRADY
3680000;511.42;511.90;BRADYCARDIA;BRADY
3682000;510.64;511.12;BRADYCARDIA;BRADY
3684000;510.83;511.31;BRADYCARDIA;BRADY
3686000;511.94;512.41;BRADYCARDIA;BRADY
3688000;510.66;511.13;BRADYCARDIA;BRADY
3690000;511.37;511.84;BRADYCARDIA;BRADY
3692000;511.86;512.32;BRADYCARDIA;BRADY
3694000;513.15;513.61;BRADYCARDIA;BRADY
3696000;512.49;512.95;BRADYCARDIA;BRADY
3698000;512.21;512.66;BRADYCARDIA;BRADY
3700000;509.18;509.63;BRADYCARDIA;BRADY
3702000;513.07;513.52;BRADYCARDIA;BRADY
3704000;511.06;511.50;BRADYCARDIA;BRADY
3706000;511.74;512.18;BRADYCARDIA;BRADY
3708000;511.61;512.05;BRADYCARDIA;BRADY
3710000;511.32;511.76;BRADYCARDIA;BRADY
3712000;512.71;513.15;BRADYCARDIA;BRADY
3714000;509.98;510.41;BRADYCARDIA;BRADY
3716000;512.04;512.47;BRADYCARDIA;BRADY
3718000;511.70;512.13;BRADYCARDIA;BRADY
3720000;511.18;511.60;BRADYCARDIA;BRADY
3722000;511.64;512.06;BRADYCARDIA;BRADY
3724000;512.77;513.19;BRADYCARDIA;BRADY
3726000;511.55;511.96;BRADYCARDIA;BRADY
3728000;512.32;512.73;BRADYCARDIA;BRADY
3730000;511.40;511.81;BRADYCARDIA;BRADY
3732000;510.38;510.79;BRADYCARDIA;BRADY
3734000;511.25;511.66;BRADYCARDIA;BRADY
3736000;512.00;512.41;BRADYCARDIA;BRADY
3738000;511.12;511.52;BRADYCARDIA;BRADY
3740000;511.42;511.82;BRADYCARDIA;BRADY
3742000;511.24;511.64;BRADYCARDIA;BRADY
3744000;510.31;510.70;BRADYCARDIA;BRADY
3746000;512.72;513.11;BRADYCARDIA;BRADY
3748000;511.26;511.65;BRADYCARDIA;BRADY
3750000;511.30;511.68;BRADYCARDIA;BRADY
3752000;511.61;511.99;BRADYCARDIA;BRADY
3754000;513.42;513.80;BRADYCARDIA;BRADY
3756000;512.71;513.09;BRADYCARDIA;BRADY
3758000;511.94;512.31;BRADYCARDIA;BRADY
3760000;510.82;511.19;BRADYCARDIA;BRADY
3762000;512.72;513.08;BRADYCARDIA;BRADY
3764000;511.84;512.20;BRADYCARDIA;BRADY
3766000;511.73;512.09;BRADYCARDIA;BRADY
3768000;510.94;511.30;BRADYCARDIA;BRADY
3770000;512.59;512.95;BRADYCARDIA;BRADY
3772000;511.15;511.50;BRADYCARDIA;BRADY
3774000;511.76;512.11;BRADYCARDIA;BRADY
3776000;511.86;512.20;BRADYCARDIA;BRADY
3778000;513.37;513.71;BRADYCARDIA;BRADY
3780000;511.95;512.29;BRADYCARDIA;BRADY
3782000;512.75;513.08;BRADYCARDIA;BRADY
3784000;510.77;511.11;BRADYCARDIA;BRADY
3786000;511.47;511.80;BRADYCARDIA;BRADY
3788000;510.95;511.28;BRADYCARDIA;BRADY
3790000;511.50;511.82;BRADYCARDIA;BRADY
3792000;511.49;511.81;BRADYCARDIA;BRADY
3794000;510.82;511.14;BRADYCARDIA;BRADY
3796000;511.55;511.87;BRADYCARDIA;BRADY
3798000;511.31;511.62;BRADYCARDIA;BRADY
3800000;510.97;511.28;BRADYCARDIA;BRADY
3802000;512.10;512.41;BRADYCARDIA;BRADY
3804000;510.75;511.05;BRADYCARDIA;BRADY
3806000;511.69;511.99;BRADYCARDIA;BRADY
3808000;511.25;511.55;BRADYCARDIA;BRADY
3810000;510.06;510.36;BRADYCARDIA;BRADY
3812000;511.43;511.72;BRADYCARDIA;BRADY
3814000;513.40;513.69;BRADYCARDIA;BRADY
3816000;511.57;511.85;BRADYCARDIA;BRADY
3818000;511.32;511.60;BRADYCARDIA;BRADY
3820000;511.12;511.39;BRADYCARDIA;BRADY
3822000;513.23;513.50;BRADYCARDIA;BRADY
3824000;510.61;510.88;BRADYCARDIA;BRADY
3826000;511.47;511.74;BRADYCARDIA;BRADY
3828000;511.90;512.17;BRADYCARDIA;BRADY
3830000;512.57;512.83;BRADYCARDIA;BRADY
3832000;512.41;512.67;BRADYCARDIA;BRADY
3834000;511.26;511.52;BRADYCARDIA;BRADY
3836000;510.84;511.09;BRADYCARDIA;BRADY
3838000;512.31;512.56;BRADYCARDIA;BRADY
3840000;512.10;512.35;BRADYCARDIA;BRADY
3842000;511.88;512.12;BRADYCARDIA;BRADY
3844000;511.89;512.13;BRADYCARDIA;BRADY
3846000;510.87;511.11;BRADYCARDIA;BRADY
3848000;511.17;511.41;BRADYCARDIA;BRADY
3850000;512.22;512.45;BRADYCARDIA;BRADY
3852000;511.33;511.56;BRADYCARDIA;BRADY
3854000;512.30;512.53;BRADYCARDIA;BRADY
3856000;511.22;511.45;BRADYCARDIA;BRADY
3858000;511.81;512.03;BRADYCARDIA;BRADY
3860000;511.88;512.09;BRADYCARDIA;BRADY
3862000;511.10;511.31;BRADYCARDIA;BRADY
3864000;512.26;512.47;BRADYCARDIA;BRADY
3866000;511.80;512.01;BRADYCARDIA;BRADY
3868000;511.71;511.92;BRADYCARDIA;BRADY
3870000;512.14;512.34;BRADYCARDIA;BRADY
3872000;511.32;511.51;BRADYCARDIA;BRADY
3874000;512.34;512.53;BRADYCARDIA;BRADY
3876000;511.24;511.43;BRADYCARDIA;BRADY
3878000;511.68;511.87;BRADYCARDIA;BRADY
3880000;510.92;511.11;BRADYCARDIA;BRADY
3882000;513.15;513.33;BRADYCARDIA;BRADY
3884000;512.89;513.07;BRADYCARDIA;BRADY
3886000;512.11;512.29;BRADYCARDIA;BRADY
3888000;511.05;511.22;BRADYCARDIA;BRADY
3890000;511.91;512.08;BRADYCARDIA;BRADY
3892000;512.85;513.02;BRADYCARDIA;BRADY
3894000;511.70;511.87;BRADYCARDIA;BRADY
3896000;511.07;511.23;BRADYCARDIA;BRADY
3898000;511.93;512.09;BRADYCARDIA;BRADY
3900000;512.04;512.19;BRADYCARDIA;BRADY
3902000;511.23;511.38;BRADYCARDIA;BRADY
3904000;511.69;511.84;BRADYCARDIA;BRADY
3906000;512.35;512.50;BRADYCARDIA;BRADY
3908000;511.22;511.36;BRADYCARDIA;BRADY
3910000;512.51;512.65;BRADYCARDIA;BRADY
3912000;511.99;512.13;BRADYCARDIA;BRADY
3914000;511.93;512.06;BRADYCARDIA;BRADY
3916000;512.23;512.36;BRADYCARDIA;BRADY
3918000;513.49;513.62;BRADYCARDIA;BRADY
3920000;510.69;510.81;BRADYCARDIA;BRADY
3922000;512.41;512.54;BRADYCARDIA;BRADY
3924000;511.73;511.85;BRADYCARDIA;BRADY
3926000;511.74;511.85;BRADYCARDIA;BRADY
3928000;511.58;511.69;BRADYCARDIA;BRADY
3930000;510.92;511.03;BRADYCARDIA;BRADY
3932000;510.06;510.17;BRADYCARDIA;BRADY
3934000;510.87;510.97;BRADYCARDIA;BRADY
3936000;511.60;511.70;BRADYCARDIA;BRADY
3938000;512.16;512.25;BRADYCARDIA;BRADY
3940000;511.91;512.00;BRADYCARDIA;BRADY
3942000;511.05;511.14;BRADYCARDIA;BRADY
3944000;511.87;511.96;BRADYCARDIA;BRADY
3946000;511.45;511.54;BRADYCARDIA;BRADY
3948000;511.06;511.14;BRADYCARDIA;BRADY
3950000;511.07;511.15;BRADYCARDIA;BRADY
3952000;512.16;512.23;BRADYCARDIA;BRADY
3954000;512.12;512.20;BRADYCARDIA;BRADY
3956000;512.18;512.25;BRADYCARDIA;BRADY
3958000;511.83;511.89;BRADYCARDIA;BRADY
3960000;511.06;511.12;BRADYCARDIA;BRADY
3962000;510.66;510.72;BRADYCARDIA;BRADY
3964000;512.34;512.40;BRADYCARDIA;BRADY
3966000;512.38;512.44;BRADYCARDIA;BRADY
3968000;511.80;511.85;BRADYCARDIA;BRADY
3970000;511.98;512.03;BRADYCARDIA;BRADY
3972000;511.64;511.69;BRADYCARDIA;BRADY
3974000;511.73;511.77;BRADYCARDIA;BRADY
3976000;509.69;509.73;BRADYCARDIA;BRADY
3978000;512.33;512.36;BRADYCARDIA;BRADY
3980000;511.82;511.85;BRADYCARDIA;BRADY
3982000;513.68;513.71;BRADYCARDIA;BRADY
3984000;510.08;510.10;BRADYCARDIA;BRADY
3986000;511.55;511.57;BRADYCARDIA;BRADY
3988000;513.12;513.14;BRADYCARDIA;BRADY
3990000;510.72;510.73;BRADYCARDIA;BRADY
3992000;512.23;512.24;BRADYCARDIA;BRADY
3994000;512.06;512.07;BRADYCARDIA;BRADY
3996000;510.85;510.86;BRADYCARDIA;BRADY
3998000;512.44;512.45;BRADYCARDIA;BRADY
4000000;513.44;513.44;BRADYCARDIA;BRADY
4002000;512.60;512.60;BRADYCARDIA;BRADY
4004000;512.66;512.65;BRADYCARDIA;BRADY
4006000;512.51;512.50;BRADYCARDIA;BRADY
4008000;512.49;512.48;BRADYCARDIA;BRADY
4010000;513.46;513.44;BRADYCARDIA;BRADY
4012000;510.64;510.63;BRADYCARDIA;BRADY
4014000;511.30;511.27;BRADYCARDIA;BRADY
4016000;512.52;512.49;BRADYCARDIA;BRADY
4018000;513.21;513.18;BRADYCARDIA;BRADY
4020000;512.42;512.39;BRADYCARDIA;BRADY
4022000;511.86;511.83;BRADYCARDIA;BRADY
4024000;511.89;511.85;BRADYCARDIA;BRADY
4026000;512.00;511.96;BRADYCARDIA;BRADY
4028000;511.94;511.90;BRADYCARDIA;BRADY
4030000;511.84;511.79;BRADYCARDIA;BRADY
4032000;512.88;512.83;BRADYCARDIA;BRADY
4034000;512.45;512.39;BRADYCARDIA;BRADY
4036000;510.66;510.60;BRADYCARDIA;BRADY
4038000;510.40;510.34;BRADYCARDIA;BRADY
4040000;512.77;512.71;BRADYCARDIA;BRADY
4042000;512.44;512.38;BRADYCARDIA;BRADY
4044000;512.37;512.30;BRADYCARDIA;BRADY
4046000;511.82;511.75;BRADYCARDIA;BRADY
4048000;512.39;512.32;BRADYCARDIA;BRADY
4050000;511.71;511.63;BRADYCARDIA;BRADY
4052000;510.83;510.75;BRADYCARDIA;BRADY
4054000;512.91;512.83;BRADYCARDIA;BRADY
4056000;512.18;512.09;BRADYCARDIA;BRADY
4058000;511.53;511.44;BRADYCARDIA;BRADY
4060000;511.10;511.00;BRADYCARDIA;BRADY
4062000;511.73;511.63;BRADYCARDIA;BRADY
4064000;512.93;512.83;BRADYCARDIA;BRADY
4066000;512.47;512.37;BRADYCARDIA;BRADY
4068000;510.53;510.42;BRADYCARDIA;BRADY
4070000;512.31;512.20;BRADYCARDIA;BRADY
4072000;512.61;512.49;BRADYCARDIA;BRADY
4074000;512.49;512.37;BRADYCARDIA;BRADY
4076000;513.15;513.03;BRADYCARDIA;BRADY
4078000;512.50;512.37;BRADYCARDIA;BRADY
4080000;510.95;510.82;BRADYCARDIA;BRADY
4082000;512.47;512.34;BRADYCARDIA;BRADY
4084000;511.76;511.63;BRADYCARDIA;BRADY
4086000;509.80;509.67;BRADYCARDIA;BRADY
4088000;512.71;512.57;BRADYCARDIA;BRADY
4090000;511.62;511.48;BRADYCARDIA;BRADY
4092000;510.78;510.64;BRADYCARDIA;BRADY
4094000;514.00;513.86;BRADYCARDIA;BRADY
4096000;510.90;510.75;BRADYCARDIA;BRADY
4098000;511.86;511.71;BRADYCARDIA;BRADY
4100000;512.42;512.26;BRADYCARDIA;BRADY
4102000;512.22;512.06;BRADYCARDIA;BRADY
4104000;512.53;512.36;BRADYCARDIA;BRADY
4106000;511.84;511.68;BRADYCARDIA;BRADY
4108000;512.20;512.03;BRADYCARDIA;BRADY
4110000;511.76;511.59;BRADYCARDIA;BRADY
4112000;510.60;510.43;BRADYCARDIA;BRADY
4114000;512.08;511.91;BRADYCARDIA;BRADY
4116000;512.04;511.86;BRADYCARDIA;BRADY
4118000;512.34;512.16;BRADYCARDIA;BRADY
4120000;513.48;513.30;BRADYCARDIA;BRADY
4122000;512.56;512.37;BRADYCARDIA;BRADY
4124000;511.44;511.25;BRADYCARDIA;BRADY
4126000;511.75;511.55;BRADYCARDIA;BRADY
4128000;512.34;512.14;BRADYCARDIA;BRADY
4130000;511.54;511.34;BRADYCARDIA;BRADY
4132000;513.44;513.23;BRADYCARDIA;BRADY
4134000;513.15;512.94;BRADYCARDIA;BRADY
4136000;512.31;512.10;BRADYCARDIA;BRADY
4138000;512.37;512.16;BRADYCARDIA;BRADY
4140000;511.84;511.62;BRADYCARDIA;BRADY
4142000;511.97;511.75;BRADYCARDIA;BRADY
4144000;512.81;512.59;BRADYCARDIA;BRADY
4146000;511.75;511.53;BRADYCARDIA;BRADY
4148000;513.49;513.26;BRADYCARDIA;BRADY
4150000;511.98;511.75;BRADYCARDIA;BRADY
4152000;511.93;511.69;BRADYCARDIA;BRADY
4154000;513.67;513.43;BRADYCARDIA;BRADY
4156000;513.41;513.17;BRADYCARDIA;BRADY
4158000;511.03;510.79;BRADYCARDIA;BRADY
4160000;511.42;511.17;BRADYCARDIA;BRADY
4162000;513.06;512.81;BRADYCARDIA;BRADY
4164000;512.74;512.48;BRADYCARDIA;BRADY
4166000;512.37;512.11;BRADYCARDIA;BRADY
4168000;511.44;511.18;BRADYCARDIA;BRADY
4170000;513.00;512.73;BRADYCARDIA;BRADY
4172000;512.92;512.65;BRADYCARDIA;BRADY
4174000;512.47;512.20;BRADYCARDIA;BRADY
4176000;513.28;513.00;BRADYCARDIA;BRADY
4178000;511.72;511.44;BRADYCARDIA;BRADY
4180000;511.50;511.22;BRADYCARDIA;BRADY
4182000;512.06;511.78;BRADYCARDIA;BRADY
4184000;512.53;512.25;BRADYCARDIA;BRADY
4186000;512.00;511.72;BRADYCARDIA;BRADY
4188000;513.04;512.75;BRADYCARDIA;BRADY
4190000;512.75;512.46;BRADYCARDIA;BRADY
4192000;511.91;511.61;BRADYCARDIA;BRADY
4194000;512.12;511.82;BRADYCARDIA;BRADY
4196000;512.84;512.54;BRADYCARDIA;BRADY
4198000;512.69;512.39;BRADYCARDIA;BRADY
4200000;512.80;512.49;BRADYCARDIA;BRADY
4202000;511.42;511.11;BRADYCARDIA;BRADY
4204000;512.20;511.88;BRADYCARDIA;BRADY
4206000;513.25;512.93;BRADYCARDIA;BRADY
4208000;512.40;512.08;BRADYCARDIA;BRADY
4210000;512.75;512.42;BRADYCARDIA;BRADY
4212000;513.36;513.04;BRADYCARDIA;BRADY
4214000;511.14;510.81;BRADYCARDIA;BRADY
4216000;511.05;510.71;BRADYCARDIA;BRADY
4218000;511.96;511.62;BRADYCARDIA;BRADY
4220000;513.19;512.85;BRADYCARDIA;BRADY
4222000;510.97;510.62;BRADYCARDIA;BRADY
4224000;512.39;512.05;BRADYCARDIA;BRADY
4226000;512.56;512.21;BRADYCARDIA;BRADY
4228000;513.10;512.74;BRADYCARDIA;BRADY
4230000;512.59;512.23;BRADYCARDIA;BRADY
4232000;511.37;511.01;BRADYCARDIA;BRADY
4234000;512.21;511.85;BRADYCARDIA;BRADY
4236000;512.18;511.82;BRADYCARDIA;BRADY
4238000;511.95;511.59;BRADYCARDIA;BRADY
4240000;511.83;511.46;BRADYCARDIA;BRADY
4242000;512.35;511.98;BRADYCARDIA;BRADY
4244000;512.62;512.25;BRADYCARDIA;BRADY
4246000;512.93;512.55;BRADYCARDIA;BRADY
4248000;511.73;511.35;BRADYCARDIA;BRADY
4250000;512.22;511.84;BRADYCARDIA;BRADY
4252000;513.20;512.82;BRADYCARDIA;BRADY
4254000;511.82;511.43;BRADYCARDIA;BRADY
4256000;512.07;511.68;BRADYCARDIA;BRADY
4258000;512.58;512.19;BRADYCARDIA;BRADY
4260000;512.25;511.86;BRADYCARDIA;BRADY
4262000;512.40;512.00;BRADYCARDIA;BRADY
4264000;513.97;513.57;BRADYCARDIA;BRADY
4266000;510.86;510.45;BRADYCARDIA;BRADY
4268000;511.63;511.22;BRADYCARDIA;BRADY
4270000;513.33;512.92;BRADYCARDIA;BRADY
4272000;511.54;511.12;BRADYCARDIA;BRADY
4274000;511.85;511.43;BRADYCARDIA;BRADY
4276000;511.94;511.52;BRADYCARDIA;BRADY
4278000;512.07;511.65;BRADYCARDIA;BRADY
4280000;512.22;511.79;BRADYCARDIA;BRADY
4282000;511.76;511.33;BRADYCARDIA;BRADY
4284000;513.04;512.61;BRADYCARDIA;BRADY
4286000;513.51;513.07;BRADYCARDIA;BRADY
4288000;511.81;511.37;BRADYCARDIA;BRADY
4290000;513.03;512.59;BRADYCARDIA;BRADY
4292000;511.62;511.17;BRADYCARDIA;BRADY
4294000;512.37;511.92;BRADYCARDIA;BRADY
4296000;511.88;511.43;BRADYCARDIA;BRADY
4298000;512.10;511.64;BRADYCARDIA;BRADY
4300000;511.25;510.80;BRADYCARDIA;BRADY
4302000;511.87;511.41;BRADYCARDIA;BRADY
4304000;512.93;512.47;BRADYCARDIA;BRADY
4306000;512.10;511.64;BRADYCARDIA;BRADY
4308000;512.71;512.24;BRADYCARDIA;BRADY
4310000;511.62;511.16;BRADYCARDIA;BRADY
4312000;513.61;513.14;BRADYCARDIA;BRADY
4314000;514.02;513.55;BRADYCARDIA;BRADY
4316000;513.03;512.55;BRADYCARDIA;BRADY
4318000;512.09;511.61;BRADYCARDIA;BRADY
4320000;511.93;511.45;BRADYCARDIA;BRADY
4322000;512.78;512.29;BRADYCARDIA;BRADY
4324000;511.43;510.95;BRADYCARDIA;BRADY
4326000;513.22;512.73;BRADYCARDIA;BRADY
4328000;513.01;512.52;BRADYCARDIA;BRADY
4330000;510.73;510.23;BRADYCARDIA;BRADY
4332000;511.53;511.03;BRADYCARDIA;BRADY
4334000;511.27;510.77;BRADYCARDIA;BRADY
4336000;514.43;513.92;BRADYCARDIA;BRADY
4338000;511.94;511.43;BRADYCARDIA;BRADY
4340000;513.14;512.63;BRADYCARDIA;BRADY
4342000;512.14;511.63;BRADYCARDIA;BRADY
4344000;513.05;512.53;BRADYCARDIA;BRADY
4346000;512.60;512.08;BRADYCARDIA;BRADY
4348000;514.65;514.13;BRADYCARDIA;BRADY
4350000;512.27;511.75;BRADYCARDIA;BRADY
4352000;513.42;512.90;BRADYCARDIA;BRADY
4354000;513.12;512.59;BRADYCARDIA;BRADY
4356000;513.55;513.02;BRADYCARDIA;BRADY
4358000;511.15;510.62;BRADYCARDIA;BRADY
4360000;512.02;511.49;BRADYCARDIA;BRADY
4362000;511.35;510.82;BRADYCARDIA;BRADY
4364000;511.85;511.31;BRADYCARDIA;BRADY
4366000;512.52;511.98;BRADYCARDIA;BRADY
4368000;513.10;512.55;BRADYCARDIA;BRADY
4370000;512.46;511.91;BRADYCARDIA;BRADY
4372000;511.98;511.43;BRADYCARDIA;BRADY
4374000;512.63;512.07;BRADYCARDIA;BRADY
4376000;511.85;511.29;BRADYCARDIA;BRADY
4378000;512.89;512.33;BRADYCARDIA;BRADY
4380000;513.12;512.55;BRADYCARDIA;BRADY
4382000;511.73;511.17;BRADYCARDIA;BRADY
4384000;511.15;510.59;BRADYCARDIA;BRADY
4386000;512.67;512.10;BRADYCARDIA;BRADY
4388000;512.36;511.78;BRADYCARDIA;BRADY
4390000;512.24;511.66;BRADYCARDIA;BRADY
4392000;511.40;510.82;BRADYCARDIA;BRADY
4394000;512.05;511.47;BRADYCARDIA;BRADY
4396000;512.10;511.52;BRADYCARDIA;BRADY
4398000;512.82;512.24;BRADYCARDIA;BRADY
4400000;511.94;511.36;BRADYCARDIA;BRADY
4402000;512.13;511.54;BRADYCARDIA;BRADY
4404000;513.01;512.42;BRADYCARDIA;BRADY
4406000;512.15;511.56;BRADYCARDIA;BRADY
4408000;513.00;512.40;BRADYCARDIA;BRADY
4410000;514.18;513.58;BRADYCARDIA;BRADY
4412000;513.42;512.82;BRADYCARDIA;BRADY
4414000;512.73;512.12;BRADYCARDIA;BRADY
4416000;513.41;512.81;BRADYCARDIA;BRADY
4418000;512.37;511.76;BRADYCARDIA;BRADY
4420000;512.14;511.53;BRADYCARDIA;BRADY
4422000;512.00;511.38;BRADYCARDIA;BRADY
4424000;513.03;512.41;BRADYCARDIA;BRADY
4426000;512.93;512.31;BRADYCARDIA;BRADY
4428000;512.19;511.57;BRADYCARDIA;BRADY
4430000;511.15;510.52;BRADYCARDIA;BRADY
4432000;514.81;514.18;BRADYCARDIA;BRADY
4434000;511.67;511.04;BRADYCARDIA;BRADY
4436000;512.39;511.76;BRADYCARDIA;BRADY
4438000;513.49;512.85;BRADYCARDIA;BRADY
4440000;512.14;511.50;BRADYCARDIA;BRADY
4442000;514.28;513.64;BRADYCARDIA;BRADY
4444000;512.36;511.72;BRADYCARDIA;BRADY
4446000;513.16;512.51;BRADYCARDIA;BRADY
4448000;512.49;511.84;BRADYCARDIA;BRADY
4450000;512.12;511.47;BRADYCARDIA;BRADY
4452000;511.83;511.18;BRADYCARDIA;BRADY
4454000;513.11;512.46;BRADYCARDIA;BRADY
4456000;513.04;512.38;BRADYCARDIA;BRADY
4458000;511.73;511.07;BRADYCARDIA;BRADY
4460000;512.81;512.15;BRADYCARDIA;BRADY
4462000;513.30;512.64;BRADYCARDIA;BRADY
4464000;513.15;512.49;BRADYCARDIA;BRADY
4466000;512.61;511.94;BRADYCARDIA;BRADY
4468000;512.69;512.02;BRADYCARDIA;BRADY
4470000;513.26;512.59;BRADYCARDIA;BRADY
4472000;512.31;511.64;BRADYCARDIA;BRADY
4474000;512.22;511.54;BRADYCARDIA;BRADY
4476000;512.53;511.85;BRADYCARDIA;BRADY
4478000;510.99;510.31;BRADYCARDIA;BRADY
4480000;510.56;509.87;BRADYCARDIA;BRADY
4482000;512.96;512.27;BRADYCARDIA;BRADY
4484000;514.65;513.96;BRADYCARDIA;BRADY
4486000;511.17;510.48;BRADYCARDIA;BRADY
4488000;512.86;512.17;BRADYCARDIA;BRADY
4490000;511.33;510.63;BRADYCARDIA;BRADY
4492000;510.74;510.04;BRADYCARDIA;BRADY
4494000;512.20;511.50;BRADYCARDIA;BRADY
4496000;513.31;512.61;BRADYCARDIA;BRADY
4498000;512.79;512.08;BRADYCARDIA;BRADY
4500000;513.49;512.78;BRADYCARDIA;BRADY
4502000;512.69;511.98;BRADYCARDIA;BRADY
4504000;513.08;512.37;BRADYCARDIA;BRADY
4506000;512.91;512.20;BRADYCARDIA;BRADY
4508000;511.10;510.38;BRADYCARDIA;BRADY
4510000;513.19;512.48;BRADYCARDIA;BRADY
4512000;513.74;513.02;BRADYCARDIA;BRADY
4514000;512.16;511.44;BRADYCARDIA;BRADY
4516000;512.12;511.40;BRADYCARDIA;BRADY
4518000;513.66;512.93;BRADYCARDIA;BRADY
4520000;512.60;511.87;BRADYCARDIA;BRADY
4522000;513.45;512.72;BRADYCARDIA;BRADY
4524000;512.53;511.80;BRADYCARDIA;BRADY
4526000;513.91;513.18;BRADYCARDIA;BRADY
4528000;511.82;511.08;BRADYCARDIA;BRADY
4530000;511.45;510.71;BRADYCARDIA;BRADY
4532000;513.06;512.31;BRADYCARDIA;BRADY
4534000;513.65;512.91;BRADYCARDIA;BRADY
4536000;513.06;512.31;BRADYCARDIA;BRADY
4538000;513.40;512.65;BRADYCARDIA;BRADY
4540000;512.40;511.65;BRADYCARDIA;BRADY
4542000;512.79;512.04;BRADYCARDIA;BRADY
4544000;512.02;511.27;BRADYCARDIA;BRADY
4546000;511.54;510.78;BRADYCARDIA;BRADY
4548000;512.17;511.41;BRADYCARDIA;BRADY
4550000;513.36;512.60;BRADYCARDIA;BRADY
4552000;514.21;513.45;BRADYCARDIA;BRADY
4554000;512.83;512.07;BRADYCARDIA;BRADY
4556000;512.38;511.62;BRADYCARDIA;BRADY
4558000;512.93;512.16;BRADYCARDIA;BRADY
4560000;513.53;512.76;BRADYCARDIA;BRADY
4562000;512.86;512.09;BRADYCARDIA;BRADY
4564000;513.52;512.74;BRADYCARDIA;BRADY
4566000;512.67;511.89;BRADYCARDIA;BRADY
4568000;510.46;509.68;BRADYCARDIA;BRADY
4570000;513.11;512.33;BRADYCARDIA;BRADY
4572000;511.58;510.80;BRADYCARDIA;BRADY
4574000;512.14;511.35;BRADYCARDIA;BRADY
4576000;513.76;512.98;BRADYCARDIA;BRADY
4578000;512.31;511.52;BRADYCARDIA;BRADY
4580000;512.43;511.64;BRADYCARDIA;BRADY
4582000;512.93;512.14;BRADYCARDIA;BRADY
4584000;513.45;512.66;BRADYCARDIA;BRADY
4586000;512.85;512.05;BRADYCARDIA;BRADY
4588000;513.11;512.32;BRADYCARDIA;BRADY
4590000;512.86;512.06;BRADYCARDIA;BRADY
4592000;514.32;513.52;BRADYCARDIA;BRADY
4594000;512.40;511.59;BRADYCARDIA;BRADY
4596000;513.57;512.77;BRADYCARDIA;BRADY
4598000;513.87;513.06;BRADYCARDIA;BRADY
4600000;512.10;511.29;BRADYCARDIA;BRADY
4602000;512.60;511.79;BRADYCARDIA;BRADY
4604000;513.38;512.57;BRADYCARDIA;BRADY
4606000;513.07;512.25;BRADYCARDIA;BRADY
4608000;511.48;510.67;BRADYCARDIA;BRADY
4610000;513.46;512.64;BRADYCARDIA;BRADY
4612000;513.10;512.28;BRADYCARDIA;BRADY
4614000;513.13;512.30;BRADYCARDIA;BRADY
4616000;512.34;511.51;BRADYCARDIA;BRADY
4618000;512.77;511.95;BRADYCARDIA;BRADY
4620000;512.41;511.59;BRADYCARDIA;BRADY
4622000;513.86;513.03;BRADYCARDIA;BRADY
4624000;511.91;511.08;BRADYCARDIA;BRADY
4626000;513.39;512.56;BRADYCARDIA;BRADY
4628000;512.48;511.65;BRADYCARDIA;BRADY
4630000;513.32;512.48;BRADYCARDIA;BRADY
4632000;513.59;512.76;BRADYCARDIA;BRADY
4634000;513.14;512.30;BRADYCARDIA;BRADY
4636000;513.77;512.93;BRADYCARDIA;BRADY
4638000;512.13;511.28;BRADYCARDIA;BRADY
4640000;513.45;512.60;BRADYCARDIA;BRADY
4642000;512.97;512.13;BRADYCARDIA;BRADY
4644000;512.90;512.05;BRADYCARDIA;BRADY
4646000;513.44;512.59;BRADYCARDIA;BRADY
4648000;512.58;511.73;BRADYCARDIA;BRADY
4650000;513.43;512.57;BRADYCARDIA;BRADY
4652000;513.01;512.16;BRADYCARDIA;BRADY
4654000;511.70;510.85;BRADYCARDIA;BRADY
4656000;512.73;511.87;BRADYCARDIA;BRADY
4658000;514.40;513.55;BRADYCARDIA;BRADY
4660000;513.24;512.38;BRADYCARDIA;BRADY
4662000;512.62;511.76;BRADYCARDIA;BRADY
4664000;513.33;512.46;BRADYCARDIA;BRADY
4666000;510.25;509.38;BRADYCARDIA;BRADY
4668000;512.09;511.22;BRADYCARDIA;BRADY
4670000;511.47;510.60;BRADYCARDIA;BRADY
4672000;514.62;513.75;BRADYCARDIA;BRADY
4674000;512.13;511.25;BRADYCARDIA;BRADY
4676000;513.90;513.03;BRADYCARDIA;BRADY
4678000;512.35;511.47;BRADYCARDIA;BRADY
4680000;512.82;511.94;BRADYCARDIA;BRADY
4682000;512.80;511.92;BRADYCARDIA;BRADY
4684000;513.19;512.31;BRADYCARDIA;BRADY
4686000;513.32;512.44;BRADYCARDIA;BRADY
4688000;513.42;512.53;BRADYCARDIA;BRADY
4690000;512.27;511.38;BRADYCARDIA;BRADY
4692000;513.85;512.96;BRADYCARDIA;BRADY
4694000;513.60;512.71;BRADYCARDIA;BRADY
4696000;512.39;511.51;BRADYCARDIA;BRADY
4698000;512.12;511.23;BRADYCARDIA;BRADY
4700000;512.98;512.09;BRADYCARDIA;BRADY
4702000;512.47;511.58;BRADYCARDIA;BRADY
4704000;512.58;511.69;BRADYCARDIA;BRADY
4706000;513.04;512.15;BRADYCARDIA;BRADY
4708000;512.95;512.05;BRADYCARDIA;BRADY
4710000;512.61;511.71;BRADYCARDIA;BRADY
4712000;511.88;510.98;BRADYCARDIA;BRADY
4714000;512.15;511.25;BRADYCARDIA;BRADY
4716000;513.94;513.04;BRADYCARDIA;BRADY
4718000;511.76;510.86;BRADYCARDIA;BRADY
4720000;513.08;512.17;BRADYCARDIA;BRADY
4722000;513.19;512.28;BRADYCARDIA;BRADY
4724000;513.53;512.63;BRADYCARDIA;BRADY
4726000;513.21;512.30;BRADYCARDIA;BRADY
4728000;513.66;512.75;BRADYCARDIA;BRADY
4730000;512.34;511.43;BRADYCARDIA;BRADY
4732000;510.70;509.79;BRADYCARDIA;BRADY
4734000;512.51;511.60;BRADYCARDIA;BRADY
4736000;512.22;511.30;BRADYCARDIA;BRADY
4738000;513.50;512.59;BRADYCARDIA;BRADY
4740000;512.79;511.88;BRADYCARDIA;BRADY
4742000;512.99;512.07;BRADYCARDIA;BRADY
4744000;511.99;511.07;BRADYCARDIA;BRADY
4746000;512.38;511.46;BRADYCARDIA;BRADY
4748000;514.51;513.59;BRADYCARDIA;BRADY
4750000;513.26;512.34;BRADYCARDIA;BRADY
4752000;512.98;512.06;BRADYCARDIA;BRADY
4754000;512.99;512.07;BRADYCARDIA;BRADY
4756000;513.62;512.69;BRADYCARDIA;BRADY
4758000;513.10;512.17;BRADYCARDIA;BRADY
4760000;513.60;512.67;BRADYCARDIA;BRADY
4762000;513.83;512.90;BRADYCARDIA;BRADY
4764000;514.70;513.77;BRADYCARDIA;BRADY
4766000;512.80;511.87;BRADYCARDIA;BRADY
4768000;513.91;512.98;BRADYCARDIA;BRADY
4770000;513.27;512.34;BRADYCARDIA;BRADY
4772000;513.52;512.59;BRADYCARDIA;BRADY
4774000;511.96;511.02;BRADYCARDIA;BRADY
4776000;513.17;512.24;BRADYCARDIA;BRADY
4778000;512.17;511.23;BRADYCARDIA;BRADY
4780000;512.72;511.78;BRADYCARDIA;BRADY
4782000;513.18;512.24;BRADYCARDIA;BRADY
4784000;512.54;511.60;BRADYCARDIA;BRADY
4786000;513.67;512.73;BRADYCARDIA;BRADY
4788000;512.91;511.97;BRADYCARDIA;BRADY
4790000;513.06;512.11;BRADYCARDIA;BRADY
4792000;513.10;512.15;BRADYCARDIA;BRADY
4794000;512.02;511.07;BRADYCARDIA;BRADY
4796000;513.04;512.09;BRADYCARDIA;BRADY
4798000;513.21;512.26;BRADYCARDIA;BRADY
4800000;512.72;511.77;BRADYCARDIA;BRADY
4802000;513.40;512.45;BRADYCARDIA;BRADY
4804000;511.81;510.86;BRADYCARDIA;BRADY
4806000;512.30;511.35;BRADYCARDIA;BRADY
4808000;512.55;511.59;BRADYCARDIA;BRADY
4810000;512.80;511.84;BRADYCARDIA;BRADY
4812000;513.68;512.72;BRADYCARDIA;BRADY
4814000;513.00;512.04;BRADYCARDIA;BRADY
4816000;511.80;510.84;BRADYCARDIA;BRADY
4818000;513.33;512.37;BRADYCARDIA;BRADY
4820000;514.16;513.20;BRADYCARDIA;BRADY
4822000;513.44;512.48;BRADYCARDIA;BRADY
4824000;515.05;514.09;BRADYCARDIA;BRADY
4826000;511.30;510.34;BRADYCARDIA;BRADY
4828000;512.26;511.30;BRADYCARDIA;BRADY
4830000;511.69;510.72;BRADYCARDIA;BRADY
4832000;513.13;512.16;BRADYCARDIA;BRADY
4834000;512.96;511.99;BRADYCARDIA;BRADY
4836000;513.07;512.11;BRADYCARDIA;BRADY
4838000;511.81;510.84;BRADYCARDIA;BRADY
4840000;511.70;510.73;BRADYCARDIA;BRADY
4842000;514.48;513.51;BRADYCARDIA;BRADY
4844000;513.48;512.51;BRADYCARDIA;BRADY
4846000;513.65;512.68;BRADYCARDIA;BRADY
4848000;513.64;512.67;BRADYCARDIA;BRADY
4850000;513.06;512.09;BRADYCARDIA;BRADY
4852000;512.63;511.66;BRADYCARDIA;BRADY
4854000;513.51;512.53;BRADYCARDIA;BRADY
4856000;513.05;512.08;BRADYCARDIA;BRADY
4858000;512.46;511.48;BRADYCARDIA;BRADY
4860000;512.53;511.55;BRADYCARDIA;BRADY
4862000;513.68;512.70;BRADYCARDIA;BRADY
4864000;511.13;510.15;BRADYCARDIA;BRADY
4866000;513.62;512.64;BRADYCARDIA;BRADY
4868000;512.33;511.35;BRADYCARDIA;BRADY
4870000;515.36;514.38;BRADYCARDIA;BRADY
4872000;511.33;510.35;BRADYCARDIA;BRADY
4874000;511.37;510.39;BRADYCARDIA;BRADY
4876000;511.84;510.86;BRADYCARDIA;BRADY
4878000;511.69;510.70;BRADYCARDIA;BRADY
4880000;512.88;511.90;BRADYCARDIA;BRADY
4882000;512.52;511.54;BRADYCARDIA;BRADY
4884000;513.60;512.61;BRADYCARDIA;BRADY
4886000;512.28;511.29;BRADYCARDIA;BRADY
4888000;513.36;512.38;BRADYCARDIA;BRADY
4890000;512.63;511.65;BRADYCARDIA;BRADY
4892000;513.64;512.65;BRADYCARDIA;BRADY
4894000;512.52;511.53;BRADYCARDIA;BRADY
4896000;511.65;510.67;BRADYCARDIA;BRADY
4898000;512.38;511.39;BRADYCARDIA;BRADY
4900000;511.85;510.87;BRADYCARDIA;BRADY
4902000;513.09;512.10;BRADYCARDIA;BRADY
4904000;511.97;510.98;BRADYCARDIA;BRADY
4906000;513.12;512.13;BRADYCARDIA;BRADY
4908000;513.22;512.23;BRADYCARDIA;BRADY
4910000;512.74;511.75;BRADYCARDIA;BRADY
4912000;512.87;511.88;BRADYCARDIA;BRADY
4914000;514.17;513.18;BRADYCARDIA;BRADY
4916000;512.72;511.73;BRADYCARDIA;BRADY
4918000;512.72;511.72;BRADYCARDIA;BRADY
4920000;513.13;512.13;BRADYCARDIA;BRADY
4922000;513.10;512.11;BRADYCARDIA;BRADY
4924000;512.77;511.78;BRADYCARDIA;BRADY
4926000;513.11;512.11;BRADYCARDIA;BRADY
4928000;514.50;513.50;BRADYCARDIA;BRADY
4930000;513.93;512.94;BRADYCARDIA;BRADY
4932000;513.72;512.73;BRADYCARDIA;BRADY
4934000;512.07;511.08;BRADYCARDIA;BRADY
4936000;512.94;511.94;BRADYCARDIA;BRADY
4938000;514.62;513.63;BRADYCARDIA;BRADY
4940000;512.68;511.68;BRADYCARDIA;BRADY
4942000;511.83;510.84;BRADYCARDIA;BRADY
4944000;513.46;512.47;BRADYCARDIA;BRADY
4946000;511.74;510.75;BRADYCARDIA;BRADY
4948000;512.75;511.75;BRADYCARDIA;BRADY
4950000;512.64;511.64;BRADYCARDIA;BRADY
4952000;512.58;511.58;BRADYCARDIA;BRADY
4954000;512.39;511.40;BRADYCARDIA;BRADY
4956000;513.73;512.73;BRADYCARDIA;BRADY
4958000;512.29;511.29;BRADYCARDIA;BRADY
4960000;513.21;512.21;BRADYCARDIA;BRADY
4962000;513.89;512.89;BRADYCARDIA;BRADY
4964000;513.04;512.05;BRADYCARDIA;BRADY
4966000;512.82;511.82;BRADYCARDIA;BRADY
4968000;511.54;510.54;BRADYCARDIA;BRADY
4970000;513.77;512.77;BRADYCARDIA;BRADY
4972000;514.33;513.33;BRADYCARDIA;BRADY
4974000;512.36;511.37;BRADYCARDIA;BRADY
4976000;513.95;512.95;BRADYCARDIA;BRADY
4978000;515.03;514.03;BRADYCARDIA;BRADY
4980000;513.10;512.10;BRADYCARDIA;BRADY
4982000;511.12;510.12;BRADYCARDIA;BRADY
4984000;513.81;512.81;BRADYCARDIA;BRADY
4986000;513.71;512.71;BRADYCARDIA;BRADY
4988000;512.83;511.83;BRADYCARDIA;BRADY
4990000;512.56;511.56;BRADYCARDIA;BRADY
4992000;513.08;512.08;BRADYCARDIA;BRADY
4994000;513.52;512.52;BRADYCARDIA;BRADY
4996000;514.67;513.67;BRADYCARDIA;BRADY
4998000;512.84;511.84;BRADYCARDIA;BRADY
5000000;513.77;512.77;BRADYCARDIA;BRADY
5002000;512.69;511.69;BRADYCARDIA;BRADY
5004000;513.23;512.23;BRADYCARDIA;BRADY
5006000;513.45;512.45;BRADYCARDIA;BRADY
5008000;512.52;511.52;BRADYCARDIA;BRADY
5010000;511.94;510.94;BRADYCARDIA;BRADY
5012000;512.25;511.25;BRADYCARDIA;BRADY
5014000;512.38;511.38;BRADYCARDIA;BRADY
5016000;513.20;512.20;BRADYCARDIA;BRADY
5018000;511.11;510.11;BRADYCARDIA;BRADY
5020000;512.70;511.70;BRADYCARDIA;BRADY
5022000;513.11;512.11;BRADYCARDIA;BRADY
5024000;512.76;511.76;BRADYCARDIA;BRADY
5026000;512.33;511.33;BRADYCARDIA;BRADY
5028000;514.19;513.19;BRADYCARDIA;BRADY
5030000;512.36;511.36;BRADYCARDIA;BRADY
5032000;511.98;510.98;BRADYCARDIA;BRADY
5034000;512.92;511.92;BRADYCARDIA;BRADY
5036000;512.84;511.84;BRADYCARDIA;BRADY
5038000;512.25;511.26;BRADYCARDIA;BRADY
5040000;511.96;510.96;BRADYCARDIA;BRADY
5042000;514.83;513.83;BRADYCARDIA;BRADY
5044000;513.78;512.79;BRADYCARDIA;BRADY
5046000;515.08;514.08;BRADYCARDIA;BRADY
5048000;512.32;511.33;BRADYCARDIA;BRADY
5050000;512.82;511.82;BRADYCARDIA;BRADY
5052000;514.32;513.32;BRADYCARDIA;BRADY
5054000;512.57;511.57;BRADYCARDIA;BRADY
5056000;511.67;510.67;BRADYCARDIA;BRADY
5058000;513.19;512.19;BRADYCARDIA;BRADY
5060000;512.46;511.47;BRADYCARDIA;BRADY
5062000;512.42;511.43;BRADYCARDIA;BRADY
5064000;512.07;511.07;BRADYCARDIA;BRADY
5066000;512.54;511.54;BRADYCARDIA;BRADY
5068000;511.77;510.78;BRADYCARDIA;BRADY
5070000;512.27;511.27;BRADYCARDIA;BRADY
5072000;512.13;511.14;BRADYCARDIA;BRADY
5074000;511.70;510.71;BRADYCARDIA;BRADY
5076000;513.70;512.71;BRADYCARDIA;BRADY
5078000;512.05;511.06;BRADYCARDIA;BRADY
5080000;512.52;511.53;BRADYCARDIA;BRADY
5082000;515.04;514.05;BRADYCARDIA;BRADY
5084000;514.27;513.28;BRADYCARDIA;BRADY
5086000;513.79;512.80;BRADYCARDIA;BRADY
5088000;513.31;512.32;BRADYCARDIA;BRADY
5090000;512.48;511.49;BRADYCARDIA;BRADY
5092000;514.58;513.59;BRADYCARDIA;BRADY
5094000;511.72;510.74;BRADYCARDIA;BRADY
5096000;513.92;512.93;BRADYCARDIA;BRADY
5098000;513.78;512.79;BRADYCARDIA;BRADY
5100000;513.05;512.07;BRADYCARDIA;BRADY
5102000;511.97;510.99;BRADYCARDIA;BRADY
5104000;512.51;511.53;BRADYCARDIA;BRADY
5106000;511.90;510.91;BRADYCARDIA;BRADY
5108000;514.11;513.12;BRADYCARDIA;BRADY
5110000;514.14;513.16;BRADYCARDIA;BRADY
5112000;513.19;512.20;BRADYCARDIA;BRADY
5114000;513.18;512.19;BRADYCARDIA;BRADY
5116000;513.50;512.52;BRADYCARDIA;BRADY
5118000;513.32;512.34;BRADYCARDIA;BRADY
5120000;514.07;513.08;BRADYCARDIA;BRADY
5122000;513.90;512.92;BRADYCARDIA;BRADY
5124000;512.35;511.37;BRADYCARDIA;BRADY
5126000;512.41;511.43;BRADYCARDIA;BRADY
5128000;512.62;511.64;BRADYCARDIA;BRADY
5130000;511.97;511.00;BRADYCARDIA;BRADY
5132000;513.29;512.31;BRADYCARDIA;BRADY
5134000;512.10;511.12;BRADYCARDIA;BRADY
5136000;512.45;511.48;BRADYCARDIA;BRADY
5138000;512.86;511.89;BRADYCARDIA;BRADY
5140000;513.64;512.66;BRADYCARDIA;BRADY
5142000;513.52;512.55;BRADYCARDIA;BRADY
5144000;512.26;511.28;BRADYCARDIA;BRADY
5146000;513.76;512.78;BRADYCARDIA;BRADY
5148000;513.85;512.88;BRADYCARDIA;BRADY
5150000;513.35;512.38;BRADYCARDIA;BRADY
5152000;513.66;512.69;BRADYCARDIA;BRADY
5154000;513.26;512.29;BRADYCARDIA;BRADY
5156000;512.69;511.72;BRADYCARDIA;BRADY
5158000;512.68;511.71;BRADYCARDIA;BRADY
5160000;513.34;512.38;BRADYCARDIA;BRADY
5162000;512.31;511.34;BRADYCARDIA;BRADY
5164000;513.02;512.05;BRADYCARDIA;BRADY
5166000;511.92;510.95;BRADYCARDIA;BRADY
5168000;513.52;512.56;BRADYCARDIA;BRADY
5170000;512.96;512.00;BRADYCARDIA;BRADY
5172000;513.61;512.65;BRADYCARDIA;BRADY
5174000;511.75;510.78;BRADYCARDIA;BRADY
5176000;513.01;512.05;BRADYCARDIA;BRADY
5178000;512.48;511.52;BRADYCARDIA;BRADY
5180000;513.87;512.91;BRADYCARDIA;BRADY
5182000;513.62;512.66;BRADYCARDIA;BRADY
5184000;512.69;511.73;BRADYCARDIA;BRADY
5186000;511.99;511.03;BRADYCARDIA;BRADY
5188000;512.04;511.09;BRADYCARDIA;BRADY
5190000;513.63;512.68;BRADYCARDIA;BRADY
5192000;513.87;512.91;BRADYCARDIA;BRADY
5194000;513.48;512.53;BRADYCARDIA;BRADY
5196000;513.43;512.48;BRADYCARDIA;BRADY
5198000;513.18;512.23;BRADYCARDIA;BRADY
5200000;511.85;510.90;BRADYCARDIA;BRADY
5202000;511.85;510.90;BRADYCARDIA;BRADY
5204000;513.74;512.80;BRADYCARDIA;BRADY
5206000;512.75;511.80;BRADYCARDIA;BRADY
5208000;512.57;511.63;BRADYCARDIA;BRADY
5210000;513.15;512.20;BRADYCARDIA;BRADY
5212000;512.63;511.69;BRADYCARDIA;BRADY
5214000;512.54;511.59;BRADYCARDIA;BRADY
5216000;513.46;512.52;BRADYCARDIA;BRADY
5218000;514.12;513.18;BRADYCARDIA;BRADY
5220000;512.62;511.68;BRADYCARDIA;BRADY
5222000;513.27;512.33;BRADYCARDIA;BRADY
5224000;513.40;512.46;BRADYCARDIA;BRADY
5226000;513.17;512.23;BRADYCARDIA;BRADY
5228000;514.54;513.60;BRADYCARDIA;BRADY
5230000;511.49;510.56;BRADYCARDIA;BRADY
5232000;514.61;513.68;BRADYCARDIA;BRADY
5234000;513.88;512.95;BRADYCARDIA;BRADY
5236000;514.50;513.57;BRADYCARDIA;BRADY
5238000;512.78;511.85;BRADYCARDIA;BRADY
5240000;513.45;512.52;BRADYCARDIA;BRADY
5242000;513.59;512.66;BRADYCARDIA;BRADY
5244000;514.70;513.77;BRADYCARDIA;BRADY
5246000;513.40;512.47;BRADYCARDIA;BRADY
5248000;512.79;511.87;BRADYCARDIA;BRADY
5250000;511.96;511.04;BRADYCARDIA;BRADY
5252000;512.89;511.97;BRADYCARDIA;BRADY
5254000;511.93;511.01;BRADYCARDIA;BRADY
5256000;512.11;511.19;BRADYCARDIA;BRADY
5258000;512.12;511.20;BRADYCARDIA;BRADY
5260000;512.91;512.00;BRADYCARDIA;BRADY
5262000;513.21;512.29;BRADYCARDIA;BRADY
5264000;511.76;510.85;BRADYCARDIA;BRADY
5266000;512.59;511.67;BRADYCARDIA;BRADY
5268000;512.37;511.46;BRADYCARDIA;BRADY
5270000;513.44;512.53;BRADYCARDIA;BRADY
5272000;513.23;512.32;BRADYCARDIA;BRADY
5274000;512.07;511.16;BRADYCARDIA;BRADY
5276000;513.99;513.08;BRADYCARDIA;BRADY
5278000;512.78;511.87;BRADYCARDIA;BRADY
5280000;512.44;511.54;BRADYCARDIA;BRADY
5282000;511.87;510.97;BRADYCARDIA;BRADY
5284000;511.76;510.86;BRADYCARDIA;BRADY
5286000;513.40;512.50;BRADYCARDIA;BRADY
5288000;512.91;512.01;BRADYCARDIA;BRADY
5290000;514.11;513.21;BRADYCARDIA;BRADY
5292000;513.39;512.49;BRADYCARDIA;BRADY
5294000;512.65;511.76;BRADYCARDIA;BRADY
5296000;512.98;512.09;BRADYCARDIA;BRADY
5298000;512.56;511.67;BRADYCARDIA;BRADY
5300000;512.21;511.32;BRADYCARDIA;BRADY
5302000;511.98;511.09;BRADYCARDIA;BRADY
5304000;512.77;511.88;BRADYCARDIA;BRADY
5306000;513.02;512.14;BRADYCARDIA;BRADY
5308000;513.01;512.13;BRADYCARDIA;BRADY
5310000;514.17;513.29;BRADYCARDIA;BRADY
5312000;513.43;512.54;BRADYCARDIA;BRADY
5314000;511.27;510.39;BRADYCARDIA;BRADY
5316000;512.68;511.80;BRADYCARDIA;BRADY
5318000;513.02;512.14;BRADYCARDIA;BRADY
5320000;513.68;512.81;BRADYCARDIA;BRADY
5322000;511.58;510.70;BRADYCARDIA;BRADY
5324000;512.08;511.21;BRADYCARDIA;BRADY
5326000;513.03;512.15;BRADYCARDIA;BRADY
5328000;512.39;511.52;BRADYCARDIA;BRADY
5330000;513.17;512.30;BRADYCARDIA;BRADY
5332000;512.48;511.62;BRADYCARDIA;BRADY
5334000;513.42;512.55;BRADYCARDIA;BRADY
5336000;513.49;512.63;BRADYCARDIA;BRADY
5338000;513.10;512.24;BRADYCARDIA;BRADY
5340000;511.91;511.05;BRADYCARDIA;BRADY
5342000;513.52;512.66;BRADYCARDIA;BRADY
5344000;513.44;512.58;BRADYCARDIA;BRADY
5346000;513.93;513.08;BRADYCARDIA;BRADY
5348000;513.03;512.18;BRADYCARDIA;BRADY
5350000;513.33;512.48;BRADYCARDIA;BRADY
5352000;513.00;512.15;BRADYCARDIA;BRADY
5354000;512.98;512.13;BRADYCARDIA;BRADY
5356000;512.49;511.64;BRADYCARDIA;BRADY
5358000;514.45;513.61;BRADYCARDIA;BRADY
5360000;511.98;511.13;BRADYCARDIA;BRADY
5362000;513.07;512.23;BRADYCARDIA;BRADY
5364000;511.26;510.42;BRADYCARDIA;BRADY
5366000;511.88;511.04;BRADYCARDIA;BRADY
5368000;513.29;512.46;BRADYCARDIA;BRADY
5370000;512.16;511.32;BRADYCARDIA;BRADY
5372000;513.57;512.73;BRADYCARDIA;BRADY
5374000;513.56;512.72;BRADYCARDIA;BRADY
5376000;512.60;511.77;BRADYCARDIA;BRADY
5378000;513.23;512.40;BRADYCARDIA;BRADY
5380000;512.93;512.11;BRADYCARDIA;BRADY
5382000;512.30;511.47;BRADYCARDIA;BRADY
5384000;511.43;510.61;BRADYCARDIA;BRADY
5386000;511.80;510.97;BRADYCARDIA;BRADY
5388000;513.68;512.86;BRADYCARDIA;BRADY
5390000;512.85;512.03;BRADYCARDIA;BRADY
5392000;513.65;512.83;BRADYCARDIA;BRADY
5394000;513.77;512.95;BRADYCARDIA;BRADY
5396000;512.88;512.07;BRADYCARDIA;BRADY
5398000;512.75;511.93;BRADYCARDIA;BRADY
5400000;513.32;512.51;BRADYCARDIA;BRADY
5402000;511.54;510.73;BRADYCARDIA;BRADY
5404000;512.21;511.40;BRADYCARDIA;BRADY
5406000;512.75;511.94;BRADYCARDIA;BRADY
5408000;511.75;510.95;BRADYCARDIA;BRADY
5410000;512.37;511.57;BRADYCARDIA;BRADY
5412000;513.42;512.62;BRADYCARDIA;BRADY
5414000;512.60;511.81;BRADYCARDIA;BRADY
5416000;512.23;511.44;BRADYCARDIA;BRADY
5418000;511.86;511.07;BRADYCARDIA;BRADY
5420000;513.36;512.57;BRADYCARDIA;BRADY
5422000;512.72;511.93;BRADYCARDIA;BRADY
5424000;512.70;511.92;BRADYCARDIA;BRADY
5426000;512.92;512.13;BRADYCARDIA;BRADY
5428000;512.82;512.04;BRADYCARDIA;BRADY
5430000;511.72;510.94;BRADYCARDIA;BRADY
5432000;513.71;512.93;BRADYCARDIA;BRADY
5434000;512.59;511.81;BRADYCARDIA;BRADY
5436000;512.21;511.44;BRADYCARDIA;BRADY
5438000;512.99;512.22;BRADYCARDIA;BRADY
5440000;513.41;512.64;BRADYCARDIA;BRADY
5442000;510.99;510.22;BRADYCARDIA;BRADY
5444000;513.46;512.69;BRADYCARDIA;BRADY
5446000;512.95;512.19;BRADYCARDIA;BRADY
5448000;513.69;512.93;BRADYCARDIA;BRADY
5450000;511.79;511.03;BRADYCARDIA;BRADY
5452000;511.59;510.83;BRADYCARDIA;BRADY
5454000;511.33;510.58;BRADYCARDIA;BRADY
5456000;511.44;510.68;BRADYCARDIA;BRADY
5458000;512.28;511.53;BRADYCARDIA;BRADY
5460000;512.49;511.74;BRADYCARDIA;BRADY
5462000;512.09;511.34;BRADYCARDIA;BRADY
5464000;512.15;511.40;BRADYCARDIA;BRADY
5466000;512.70;511.96;BRADYCARDIA;BRADY
5468000;512.74;512.00;BRADYCARDIA;BRADY
5470000;513.71;512.97;BRADYCARDIA;BRADY
5472000;512.51;511.78;BRADYCARDIA;BRADY
5474000;513.07;512.33;BRADYCARDIA;BRADY
5476000;512.81;512.08;BRADYCARDIA;BRADY
5478000;513.56;512.83;BRADYCARDIA;BRADY
5480000;514.68;513.95;BRADYCARDIA;BRADY
5482000;512.98;512.26;BRADYCARDIA;BRADY
5484000;512.72;512.00;BRADYCARDIA;BRADY
5486000;511.71;510.99;BRADYCARDIA;BRADY
5488000;511.64;510.92;BRADYCARDIA;BRADY
5490000;511.58;510.86;BRADYCARDIA;BRADY
5492000;513.72;513.00;BRADYCARDIA;BRADY
5494000;511.03;510.32;BRADYCARDIA;BRADY
5496000;512.54;511.82;BRADYCARDIA;BRADY
5498000;512.70;511.99;BRADYCARDIA;BRADY
5500000;513.30;512.59;BRADYCARDIA;BRADY
5502000;513.66;512.95;BRADYCARDIA;BRADY
5504000;512.69;511.98;BRADYCARDIA;BRADY
5506000;512.77;512.07;BRADYCARDIA;BRADY
5508000;510.91;510.21;BRADYCARDIA;BRADY
5510000;511.36;510.66;BRADYCARDIA;BRADY
5512000;511.74;511.05;BRADYCARDIA;BRADY
5514000;512.86;512.17;BRADYCARDIA;BRADY
5516000;512.35;511.66;BRADYCARDIA;BRADY
5518000;512.80;512.11;BRADYCARDIA;BRADY
5520000;511.63;510.95;BRADYCARDIA;BRADY
5522000;510.54;509.86;BRADYCARDIA;BRADY
5524000;513.25;512.57;BRADYCARDIA;BRADY
5526000;514.09;513.42;BRADYCARDIA;BRADY
5528000;512.15;511.47;BRADYCARDIA;BRADY
5530000;512.45;511.77;BRADYCARDIA;BRADY
5532000;513.82;513.15;BRADYCARDIA;BRADY
5534000;512.57;511.90;BRADYCARDIA;BRADY
5536000;513.11;512.44;BRADYCARDIA;BRADY
5538000;511.13;510.47;BRADYCARDIA;BRADY
5540000;512.88;512.21;BRADYCARDIA;BRADY
5542000;513.37;512.71;BRADYCARDIA;BRADY
5544000;512.05;511.39;BRADYCARDIA;BRADY
5546000;511.17;510.52;BRADYCARDIA;BRADY
5548000;512.57;511.91;BRADYCARDIA;BRADY
5550000;511.61;510.96;BRADYCARDIA;BRADY
5552000;512.67;512.02;BRADYCARDIA;BRADY
5554000;512.32;511.68;BRADYCARDIA;BRADY
5556000;512.94;512.30;BRADYCARDIA;BRADY
5558000;512.60;511.96;BRADYCARDIA;BRADY
5560000;511.85;511.21;BRADYCARDIA;BRADY
5562000;511.84;511.20;BRADYCARDIA;BRADY
5564000;513.23;512.60;BRADYCARDIA;BRADY
5566000;512.12;511.49;BRADYCARDIA;BRADY
5568000;511.46;510.84;BRADYCARDIA;BRADY
5570000;514.12;513.49;BRADYCARDIA;BRADY
5572000;513.84;513.21;BRADYCARDIA;BRADY
5574000;512.00;511.38;BRADYCARDIA;BRADY
5576000;512.43;511.81;BRADYCARDIA;BRADY
5578000;512.63;512.01;BRADYCARDIA;BRADY
5580000;512.41;511.80;BRADYCARDIA;BRADY
5582000;513.06;512.45;BRADYCARDIA;BRADY
5584000;513.31;512.70;BRADYCARDIA;BRADY
5586000;512.31;511.70;BRADYCARDIA;BRADY
5588000;512.79;512.19;BRADYCARDIA;BRADY
5590000;513.88;513.28;BRADYCARDIA;BRADY
5592000;511.73;511.13;BRADYCARDIA;BRADY
5594000;511.68;511.08;BRADYCARDIA;BRADY
5596000;511.36;510.76;BRADYCARDIA;BRADY
5598000;512.69;512.10;BRADYCARDIA;BRADY
5600000;512.87;512.28;BRADYCARDIA;BRADY
5602000;512.71;512.12;BRADYCARDIA;BRADY
5604000;512.77;512.19;BRADYCARDIA;BRADY
5606000;512.13;511.55;BRADYCARDIA;BRADY
5608000;512.59;512.02;BRADYCARDIA;BRADY
5610000;512.22;511.65;BRADYCARDIA;BRADY
5612000;512.05;511.48;BRADYCARDIA;BRADY
5614000;511.92;511.35;BRADYCARDIA;BRADY
5616000;512.94;512.38;BRADYCARDIA;BRADY
5618000;512.53;511.96;BRADYCARDIA;BRADY
5620000;513.04;512.48;BRADYCARDIA;BRADY
5622000;512.21;511.65;BRADYCARDIA;BRADY
5624000;511.16;510.61;BRADYCARDIA;BRADY
5626000;512.70;512.15;BRADYCARDIA;BRADY
5628000;511.85;511.30;BRADYCARDIA;BRADY
5630000;511.73;511.18;BRADYCARDIA;BRADY
5632000;513.01;512.46;BRADYCARDIA;BRADY
5634000;510.78;510.23;BRADYCARDIA;BRADY
5636000;512.89;512.35;BRADYCARDIA;BRADY
5638000;512.10;511.56;BRADYCARDIA;BRADY
5640000;511.07;510.53;BRADYCARDIA;BRADY
5642000;512.90;512.37;BRADYCARDIA;BRADY
5644000;512.20;511.66;BRADYCARDIA;BRADY
5646000;512.19;511.66;BRADYCARDIA;BRADY
5648000;512.07;511.54;BRADYCARDIA;BRADY
5650000;512.88;512.35;BRADYCARDIA;BRADY
5652000;513.28;512.76;BRADYCARDIA;BRADY
5654000;510.64;510.12;BRADYCARDIA;BRADY
5656000;511.39;510.88;BRADYCARDIA;BRADY
5658000;514.31;513.80;BRADYCARDIA;BRADY
5660000;513.15;512.64;BRADYCARDIA;BRADY
5662000;510.81;510.30;BRADYCARDIA;BRADY
5664000;512.27;511.77;BRADYCARDIA;BRADY
5666000;512.07;511.57;BRADYCARDIA;BRADY
5668000;513.38;512.88;BRADYCARDIA;BRADY
5670000;513.64;513.14;BRADYCARDIA;BRADY
5672000;512.07;511.58;BRADYCARDIA;BRADY
5674000;513.82;513.33;BRADYCARDIA;BRADY
5676000;511.18;510.70;BRADYCARDIA;BRADY
5678000;512.80;512.32;BRADYCARDIA;BRADY
5680000;510.36;509.88;BRADYCARDIA;BRADY
5682000;512.10;511.62;BRADYCARDIA;BRADY
5684000;512.76;512.29;BRADYCARDIA;BRADY
5686000;512.34;511.87;BRADYCARDIA;BRADY
5688000;511.08;510.61;BRADYCARDIA;BRADY
5690000;512.41;511.94;BRADYCARDIA;BRADY
5692000;513.99;513.53;BRADYCARDIA;BRADY
5694000;512.41;511.95;BRADYCARDIA;BRADY
5696000;512.15;511.69;BRADYCARDIA;BRADY
5698000;512.74;512.29;BRADYCARDIA;BRADY
5700000;512.13;511.68;BRADYCARDIA;BRADY
5702000;512.34;511.89;BRADYCARDIA;BRADY
5704000;512.17;511.72;BRADYCARDIA;BRADY
5706000;512.99;512.55;BRADYCARDIA;BRADY
5708000;511.64;511.20;BRADYCARDIA;BRADY
5710000;512.76;512.32;BRADYCARDIA;BRADY
5712000;513.33;512.89;BRADYCARDIA;BRADY
5714000;512.00;511.57;BRADYCARDIA;BRADY
5716000;512.31;511.87;BRADYCARDIA;BRADY
5718000;512.20;511.77;BRADYCARDIA;BRADY
5720000;511.74;511.32;BRADYCARDIA;BRADY
5722000;512.79;512.37;BRADYCARDIA;BRADY
5724000;511.32;510.90;BRADYCARDIA;BRADY
5726000;513.02;512.61;BRADYCARDIA;BRADY
5728000;512.85;512.44;BRADYCARDIA;BRADY
5730000;512.05;511.64;BRADYCARDIA;BRADY
5732000;513.48;513.07;BRADYCARDIA;BRADY
5734000;511.07;510.67;BRADYCARDIA;BRADY
5736000;513.19;512.79;BRADYCARDIA;BRADY
5738000;512.98;512.58;BRADYCARDIA;BRADY
5740000;512.55;512.15;BRADYCARDIA;BRADY
5742000;512.22;511.82;BRADYCARDIA;BRADY
5744000;510.33;509.93;BRADYCARDIA;BRADY
5746000;512.88;512.49;BRADYCARDIA;BRADY
5748000;514.03;513.65;BRADYCARDIA;BRADY
5750000;511.48;511.10;BRADYCARDIA;BRADY
5752000;513.23;512.85;BRADYCARDIA;BRADY
5754000;512.88;512.50;BRADYCARDIA;BRADY
5756000;512.15;511.77;BRADYCARDIA;BRADY
5758000;513.11;512.74;BRADYCARDIA;BRADY
5760000;512.77;512.41;BRADYCARDIA;BRADY
5762000;512.12;511.75;BRADYCARDIA;BRADY
5764000;511.20;510.84;BRADYCARDIA;BRADY
5766000;513.25;512.89;BRADYCARDIA;BRADY
5768000;512.14;511.78;BRADYCARDIA;BRADY
5770000;511.47;511.11;BRADYCARDIA;BRADY
5772000;511.55;511.19;BRADYCARDIA;BRADY
5774000;513.49;513.14;BRADYCARDIA;BRADY
5776000;511.77;511.42;BRADYCARDIA;BRADY
5778000;512.12;511.78;BRADYCARDIA;BRADY
5780000;511.75;511.41;BRADYCARDIA;BRADY
5782000;513.98;513.64;BRADYCARDIA;BRADY
5784000;513.78;513.45;BRADYCARDIA;BRADY
5786000;512.01;511.68;BRADYCARDIA;BRADY
5788000;512.10;511.78;BRADYCARDIA;BRADY
5790000;509.97;509.65;BRADYCARDIA;BRADY
5792000;512.12;511.80;BRADYCARDIA;BRADY
5794000;511.78;511.46;BRADYCARDIA;BRADY
5796000;512.35;512.03;BRADYCARDIA;BRADY
5798000;513.57;513.26;BRADYCARDIA;BRADY
5800000;512.57;512.26;BRADYCARDIA;BRADY
5802000;513.13;512.82;BRADYCARDIA;BRADY
5804000;510.28;509.98;BRADYCARDIA;BRADY
5806000;511.68;511.38;BRADYCARDIA;BRADY
5808000;511.18;510.88;BRADYCARDIA;BRADY
5810000;513.23;512.94;BRADYCARDIA;BRADY
5812000;512.53;512.23;BRADYCARDIA;BRADY
5814000;511.98;511.69;BRADYCARDIA;BRADY
5816000;511.92;511.64;BRADYCARDIA;BRADY
5818000;510.64;510.36;BRADYCARDIA;BRADY
5820000;511.82;511.54;BRADYCARDIA;BRADY
5822000;512.15;511.88;BRADYCARDIA;BRADY
5824000;511.42;511.15;BRADYCARDIA;BRADY
5826000;511.77;511.50;BRADYCARDIA;BRADY
5828000;511.92;511.66;BRADYCARDIA;BRADY
5830000;512.04;511.77;BRADYCARDIA;BRADY
5832000;513.25;512.99;BRADYCARDIA;BRADY
5834000;512.82;512.56;BRADYCARDIA;BRADY
5836000;511.79;511.53;BRADYCARDIA;BRADY
5838000;510.73;510.48;BRADYCARDIA;BRADY
5840000;512.86;512.61;BRADYCARDIA;BRADY
5842000;511.56;511.32;BRADYCARDIA;BRADY
5844000;511.31;511.07;BRADYCARDIA;BRADY
5846000;512.64;512.40;BRADYCARDIA;BRADY
5848000;513.50;513.27;BRADYCARDIA;BRADY
5850000;513.05;512.81;BRADYCARDIA;BRADY
5852000;511.52;511.29;BRADYCARDIA;BRADY
5854000;512.31;512.08;BRADYCARDIA;BRADY
5856000;512.49;512.27;BRADYCARDIA;BRADY
5858000;513.07;512.85;BRADYCARDIA;BRADY
5860000;511.76;511.54;BRADYCARDIA;BRADY
5862000;512.10;511.89;BRADYCARDIA;BRADY
5864000;511.42;511.21;BRADYCARDIA;BRADY
5866000;513.11;512.90;BRADYCARDIA;BRADY
5868000;513.86;513.65;BRADYCARDIA;BRADY
5870000;514.12;513.92;BRADYCARDIA;BRADY
5872000;512.82;512.62;BRADYCARDIA;BRADY
5874000;512.95;512.76;BRADYCARDIA;BRADY
5876000;512.03;511.84;BRADYCARDIA;BRADY
5878000;512.26;512.07;BRADYCARDIA;BRADY
5880000;512.53;512.35;BRADYCARDIA;BRADY
5882000;512.44;512.25;BRADYCARDIA;BRADY
5884000;513.46;513.28;BRADYCARDIA;BRADY
5886000;511.67;511.49;BRADYCARDIA;BRADY
5888000;512.16;511.99;BRADYCARDIA;BRADY
5890000;512.54;512.37;BRADYCARDIA;BRADY
5892000;512.00;511.83;BRADYCARDIA;BRADY
5894000;512.72;512.55;BRADYCARDIA;BRADY
5896000;511.91;511.75;BRADYCARDIA;BRADY
5898000;511.63;511.47;BRADYCARDIA;BRADY
5900000;511.79;511.64;BRADYCARDIA;BRADY
5902000;511.54;511.39;BRADYCARDIA;BRADY
5904000;512.20;512.05;BRADYCARDIA;BRADY
5906000;513.42;513.28;BRADYCARDIA;BRADY
5908000;514.69;514.55;BRADYCARDIA;BRADY
5910000;512.20;512.06;BRADYCARDIA;BRADY
5912000;512.00;511.86;BRADYCARDIA;BRADY
5914000;512.23;512.09;BRADYCARDIA;BRADY
5916000;512.85;512.72;BRADYCARDIA;BRADY
5918000;513.54;513.41;BRADYCARDIA;BRADY
5920000;511.77;511.65;BRADYCARDIA;BRADY
5922000;511.23;511.10;BRADYCARDIA;BRADY
5924000;512.47;512.36;BRADYCARDIA;BRADY
5926000;511.80;511.68;BRADYCARDIA;BRADY
5928000;513.21;513.10;BRADYCARDIA;BRADY
5930000;511.36;511.25;BRADYCARDIA;BRADY
5932000;513.56;513.46;BRADYCARDIA;BRADY
5934000;512.11;512.01;BRADYCARDIA;BRADY
5936000;513.61;513.51;BRADYCARDIA;BRADY
5938000;512.91;512.82;BRADYCARDIA;BRADY
5940000;512.82;512.73;BRADYCARDIA;BRADY
5942000;512.36;512.27;BRADYCARDIA;BRADY
5944000;511.22;511.13;BRADYCARDIA;BRADY
5946000;512.24;512.16;BRADYCARDIA;BRADY
5948000;511.56;511.47;BRADYCARDIA;BRADY
5950000;512.13;512.05;BRADYCARDIA;BRADY
5952000;511.80;511.72;BRADYCARDIA;BRADY
5954000;512.27;512.20;BRADYCARDIA;BRADY
5956000;510.79;510.72;BRADYCARDIA;BRADY
5958000;512.11;512.04;BRADYCARDIA;BRADY
5960000;512.88;512.81;BRADYCARDIA;BRADY
5962000;513.29;513.23;BRADYCARDIA;BRADY
5964000;512.40;512.34;BRADYCARDIA;BRADY
5966000;512.05;512.00;BRADYCARDIA;BRADY
5968000;511.82;511.76;BRADYCARDIA;BRADY
5970000;512.69;512.64;BRADYCARDIA;BRADY
5972000;512.29;512.25;BRADYCARDIA;BRADY
5974000;511.77;511.73;BRADYCARDIA;BRADY
5976000;512.45;512.41;BRADYCARDIA;BRADY
5978000;512.18;512.15;BRADYCARDIA;BRADY
5980000;512.77;512.73;BRADYCARDIA;BRADY
5982000;511.28;511.26;BRADYCARDIA;BRADY
5984000;511.54;511.51;BRADYCARDIA;BRADY
5986000;513.76;513.74;BRADYCARDIA;BRADY
5988000;512.26;512.25;BRADYCARDIA;BRADY
5990000;512.38;512.37;BRADYCARDIA;BRADY
5992000;513.69;513.68;BRADYCARDIA;BRADY
5994000;511.36;511.35;BRADYCARDIA;BRADY
5996000;512.20;512.19;BRADYCARDIA;BRADY
5998000;512.23;512.23;BRADYCARDIA;BRADY
6000000;513.17;513.17;BRADYCARDIA;BRADY
6002000;512.87;512.87;BRADYCARDIA;BRADY
6004000;512.90;512.90;BRADYCARDIA;BRADY
6006000;512.17;512.18;BRADYCARDIA;BRADY
6008000;513.63;513.64;BRADYCARDIA;BRADY
6010000;512.10;512.12;BRADYCARDIA;BRADY
6012000;512.07;512.09;BRADYCARDIA;BRADY
6014000;512.29;512.31;BRADYCARDIA;BRADY
6016000;512.30;512.33;BRADYCARDIA;BRADY
6018000;511.57;511.60;BRADYCARDIA;BRADY
6020000;510.94;510.98;BRADYCARDIA;BRADY
6022000;510.99;511.02;BRADYCARDIA;BRADY
6024000;512.01;512.05;BRADYCARDIA;BRADY
6026000;510.38;510.42;BRADYCARDIA;BRADY
6028000;510.36;510.40;BRADYCARDIA;BRADY
6030000;511.16;511.20;BRADYCARDIA;BRADY
6032000;513.36;513.41;BRADYCARDIA;BRADY
6034000;511.81;511.86;BRADYCARDIA;BRADY
6036000;511.83;511.88;BRADYCARDIA;BRADY
6038000;511.74;511.80;BRADYCARDIA;BRADY
6040000;510.67;510.73;BRADYCARDIA;BRADY
6042000;511.19;511.25;BRADYCARDIA;BRADY
6044000;510.40;510.47;BRADYCARDIA;BRADY
6046000;511.60;511.67;BRADYCARDIA;BRADY
6048000;512.08;512.16;BRADYCARDIA;BRADY
6050000;512.68;512.76;BRADYCARDIA;BRADY
6052000;512.78;512.86;BRADYCARDIA;BRADY
6054000;513.59;513.68;BRADYCARDIA;BRADY
6056000;511.57;511.66;BRADYCARDIA;BRADY
6058000;511.89;511.98;BRADYCARDIA;BRADY
6060000;512.15;512.24;BRADYCARDIA;BRADY
6062000;511.25;511.34;BRADYCARDIA;BRADY
6064000;514.36;514.46;BRADYCARDIA;BRADY
6066000;511.69;511.79;BRADYCARDIA;BRADY
6068000;511.74;511.85;BRADYCARDIA;BRADY
6070000;511.83;511.94;BRADYCARDIA;BRADY
6072000;512.42;512.53;BRADYCARDIA;BRADY
6074000;510.67;510.79;BRADYCARDIA;BRADY
6076000;512.30;512.42;BRADYCARDIA;BRADY
6078000;512.82;512.94;BRADYCARDIA;BRADY
6080000;511.40;511.52;BRADYCARDIA;BRADY
6082000;510.77;510.90;BRADYCARDIA;BRADY
6084000;511.68;511.81;BRADYCARDIA;BRADY
6086000;511.65;511.78;BRADYCARDIA;BRADY
6088000;512.85;512.99;BRADYCARDIA;BRADY
6090000;512.86;513.00;BRADYCARDIA;BRADY
6092000;510.89;511.03;BRADYCARDIA;BRADY
6094000;512.44;512.59;BRADYCARDIA;BRADY
6096000;512.44;512.59;BRADYCARDIA;BRADY
6098000;510.66;510.81;BRADYCARDIA;BRADY
6100000;511.69;511.85;BRADYCARDIA;BRADY
6102000;510.54;510.70;BRADYCARDIA;BRADY
6104000;512.01;512.17;BRADYCARDIA;BRADY
6106000;513.01;513.18;BRADYCARDIA;BRADY
6108000;511.71;511.88;BRADYCARDIA;BRADY
6110000;512.32;512.49;BRADYCARDIA;BRADY
6112000;511.14;511.31;BRADYCARDIA;BRADY
6114000;511.03;511.21;BRADYCARDIA;BRADY
6116000;511.75;511.93;BRADYCARDIA;BRADY
6118000;511.48;511.67;BRADYCARDIA;BRADY
6120000;512.25;512.44;BRADYCARDIA;BRADY
6122000;512.09;512.28;BRADYCARDIA;BRADY
6124000;510.19;510.38;BRADYCARDIA;BRADY
6126000;511.14;511.34;BRADYCARDIA;BRADY
6128000;512.41;512.61;BRADYCARDIA;BRADY
6130000;511.12;511.32;BRADYCARDIA;BRADY
6132000;512.81;513.02;BRADYCARDIA;BRADY
6134000;510.44;510.65;BRADYCARDIA;BRADY
6136000;511.33;511.55;BRADYCARDIA;BRADY
6138000;511.19;511.41;BRADYCARDIA;BRADY
6140000;512.19;512.40;BRADYCARDIA;BRADY
6142000;511.56;511.79;BRADYCARDIA;BRADY
6144000;510.83;511.05;BRADYCARDIA;BRADY
6146000;511.69;511.92;BRADYCARDIA;BRADY
6148000;511.55;511.78;BRADYCARDIA;BRADY
6150000;510.49;510.73;BRADYCARDIA;BRADY
6152000;511.88;512.12;BRADYCARDIA;BRADY
6154000;512.85;513.09;BRADYCARDIA;BRADY
6156000;511.81;512.05;BRADYCARDIA;BRADY
6158000;511.22;511.47;BRADYCARDIA;BRADY
6160000;512.50;512.75;BRADYCARDIA;BRADY
6162000;510.70;510.95;BRADYCARDIA;BRADY
6164000;510.97;511.23;BRADYCARDIA;BRADY
6166000;512.92;513.18;BRADYCARDIA;BRADY
6168000;512.24;512.50;BRADYCARDIA;BRADY
6170000;512.05;512.31;BRADYCARDIA;BRADY
6172000;510.89;511.15;BRADYCARDIA;BRADY
6174000;511.92;512.19;BRADYCARDIA;BRADY
6176000;510.95;511.22;BRADYCARDIA;BRADY
6178000;512.78;513.06;BRADYCARDIA;BRADY
6180000;511.97;512.25;BRADYCARDIA;BRADY
6182000;512.42;512.71;BRADYCARDIA;BRADY
6184000;511.90;512.19;BRADYCARDIA;BRADY
6186000;510.87;511.16;BRADYCARDIA;BRADY
6188000;511.23;511.52;BRADYCARDIA;BRADY
6190000;510.26;510.56;BRADYCARDIA;BRADY
6192000;512.04;512.34;BRADYCARDIA;BRADY
6194000;511.68;511.98;BRADYCARDIA;BRADY
6196000;511.51;511.82;BRADYCARDIA;BRADY
6198000;510.79;511.10;BRADYCARDIA;BRADY
6200000;511.87;512.18;BRADYCARDIA;BRADY
6202000;512.81;513.12;BRADYCARDIA;BRADY
6204000;512.74;513.06;BRADYCARDIA;BRADY
6206000;511.62;511.94;BRADYCARDIA;BRADY
6208000;512.19;512.51;BRADYCARDIA;BRADY
6210000;510.45;510.78;BRADYCARDIA;BRADY
6212000;511.39;511.72;BRADYCARDIA;BRADY
6214000;511.03;511.36;BRADYCARDIA;BRADY
6216000;512.04;512.37;BRADYCARDIA;BRADY
6218000;511.87;512.21;BRADYCARDIA;BRADY
6220000;510.94;511.28;BRADYCARDIA;BRADY
6222000;511.90;512.24;BRADYCARDIA;BRADY
6224000;511.73;512.07;BRADYCARDIA;BRADY
6226000;510.82;511.17;BRADYCARDIA;BRADY
6228000;511.84;512.19;BRADYCARDIA;BRADY
6230000;512.11;512.46;BRADYCARDIA;BRADY
6232000;510.56;510.92;BRADYCARDIA;BRADY
6234000;513.01;513.37;BRADYCARDIA;BRADY
6236000;512.15;512.51;BRADYCARDIA;BRADY
6238000;511.72;512.09;BRADYCARDIA;BRADY
6240000;511.38;511.75;BRADYCARDIA;BRADY
6242000;510.98;511.35;BRADYCARDIA;BRADY
6244000;510.47;510.84;BRADYCARDIA;BRADY
6246000;512.79;513.17;BRADYCARDIA;BRADY
6248000;511.10;511.48;BRADYCARDIA;BRADY
6250000;513.43;513.81;BRADYCARDIA;BRADY
6252000;511.09;511.47;BRADYCARDIA;BRADY
6254000;511.84;512.23;BRADYCARDIA;BRADY
6256000;511.28;511.67;BRADYCARDIA;BRADY
6258000;511.79;512.18;BRADYCARDIA;BRADY
6260000;512.50;512.90;BRADYCARDIA;BRADY
6262000;510.78;511.18;BRADYCARDIA;BRADY
6264000;512.02;512.42;BRADYCARDIA;BRADY
6266000;510.71;511.12;BRADYCARDIA;BRADY
6268000;512.22;512.63;BRADYCARDIA;BRADY
6270000;511.43;511.84;BRADYCARDIA;BRADY
6272000;509.52;509.94;BRADYCARDIA;BRADY
6274000;512.87;513.29;BRADYCARDIA;BRADY
6276000;511.63;512.05;BRADYCARDIA;BRADY
6278000;511.57;511.99;BRADYCARDIA;BRADY
6280000;511.20;511.63;BRADYCARDIA;BRADY
6282000;512.18;512.61;BRADYCARDIA;BRADY
6284000;513.20;513.63;BRADYCARDIA;BRADY
6286000;510.57;511.00;BRADYCARDIA;BRADY
6288000;511.17;511.61;BRADYCARDIA;BRADY
6290000;511.62;512.06;BRADYCARDIA;BRADY
6292000;510.43;510.87;BRADYCARDIA;BRADY
6294000;512.07;512.52;BRADYCARDIA;BRADY
6296000;511.65;512.10;BRADYCARDIA;BRADY
6298000;511.29;511.74;BRADYCARDIA;BRADY
6300000;512.71;513.16;BRADYCARDIA;BRADY
6302000;512.15;512.60;BRADYCARDIA;BRADY
6304000;510.01;510.47;BRADYCARDIA;BRADY
6306000;511.21;511.67;BRADYCARDIA;BRADY
6308000;511.91;512.37;BRADYCARDIA;BRADY
6310000;510.92;511.39;BRADYCARDIA;BRADY
6312000;511.10;511.57;BRADYCARDIA;BRADY
6314000;511.13;511.60;BRADYCARDIA;BRADY
6316000;511.40;511.87;BRADYCARDIA;BRADY
6318000;511.74;512.22;BRADYCARDIA;BRADY
6320000;511.38;511.87;BRADYCARDIA;BRADY
6322000;511.69;512.18;BRADYCARDIA;BRADY
6324000;511.57;512.06;BRADYCARDIA;BRADY
6326000;513.18;513.67;BRADYCARDIA;BRADY
6328000;512.64;513.13;BRADYCARDIA;BRADY
6330000;512.23;512.72;BRADYCARDIA;BRADY
6332000;510.97;511.47;BRADYCARDIA;BRADY
6334000;512.87;513.37;BRADYCARDIA;BRADY
6336000;511.75;512.25;BRADYCARDIA;BRADY
6338000;511.06;511.57;BRADYCARDIA;BRADY
6340000;511.41;511.92;BRADYCARDIA;BRADY
6342000;509.93;510.44;BRADYCARDIA;BRADY
6344000;511.76;512.28;BRADYCARDIA;BRADY
6346000;511.07;511.59;BRADYCARDIA;BRADY
6348000;511.63;512.15;BRADYCARDIA;BRADY
6350000;513.14;513.67;BRADYCARDIA;BRADY
6352000;511.79;512.32;BRADYCARDIA;BRADY
6354000;512.18;512.71;BRADYCARDIA;BRADY
6356000;511.55;512.08;BRADYCARDIA;BRADY
6358000;510.48;511.02;BRADYCARDIA;BRADY
6360000;512.35;512.88;BRADYCARDIA;BRADY
6362000;509.98;510.52;BRADYCARDIA;BRADY
6364000;511.15;511.69;BRADYCARDIA;BRADY
6366000;511.26;511.81;BRADYCARDIA;BRADY
6368000;511.38;511.92;BRADYCARDIA;BRADY
6370000;512.58;513.13;BRADYCARDIA;BRADY
6372000;510.10;510.65;BRADYCARDIA;BRADY
6374000;512.22;512.77;BRADYCARDIA;BRADY
6376000;511.21;511.77;BRADYCARDIA;BRADY
6378000;511.70;512.26;BRADYCARDIA;BRADY
6380000;513.11;513.67;BRADYCARDIA;BRADY
6382000;510.98;511.54;BRADYCARDIA;BRADY
6384000;512.82;513.38;BRADYCARDIA;BRADY
6386000;511.11;511.68;BRADYCARDIA;BRADY
6388000;511.73;512.30;BRADYCARDIA;BRADY
6390000;511.69;512.26;BRADYCARDIA;BRADY
6392000;512.55;513.13;BRADYCARDIA;BRADY
6394000;511.83;512.41;BRADYCARDIA;BRADY
6396000;512.36;512.94;BRADYCARDIA;BRADY
6398000;509.99;510.58;BRADYCARDIA;BRADY
6400000;511.66;512.24;BRADYCARDIA;BRADY
6402000;511.44;512.03;BRADYCARDIA;BRADY
6404000;510.42;511.01;BRADYCARDIA;BRADY
6406000;512.46;513.06;BRADYCARDIA;BRADY
6408000;512.20;512.80;BRADYCARDIA;BRADY
6410000;514.53;515.13;BRADYCARDIA;BRADY
6412000;511.58;512.19;BRADYCARDIA;BRADY
6414000;512.40;513.01;BRADYCARDIA;BRADY
6416000;511.51;512.11;BRADYCARDIA;BRADY
6418000;511.93;512.54;BRADYCARDIA;BRADY
6420000;512.23;512.84;BRADYCARDIA;BRADY
6422000;511.98;512.59;BRADYCARDIA;BRADY
6424000;512.38;513.00;BRADYCARDIA;BRADY
6426000;512.33;512.95;BRADYCARDIA;BRADY
6428000;510.87;511.50;BRADYCARDIA;BRADY
6430000;510.49;511.11;BRADYCARDIA;BRADY
6432000;511.42;512.05;BRADYCARDIA;BRADY
6434000;513.18;513.81;BRADYCARDIA;BRADY
6436000;510.87;511.50;BRADYCARDIA;BRADY
6438000;511.55;512.18;BRADYCARDIA;BRADY
6440000;511.68;512.32;BRADYCARDIA;BRADY
6442000;511.65;512.29;BRADYCARDIA;BRADY
6444000;510.94;511.58;BRADYCARDIA;BRADY
6446000;510.71;511.36;BRADYCARDIA;BRADY
6448000;510.39;511.04;BRADYCARDIA;BRADY
6450000;511.77;512.42;BRADYCARDIA;BRADY
6452000;510.12;510.77;BRADYCARDIA;BRADY
6454000;511.70;512.36;BRADYCARDIA;BRADY
6456000;511.28;511.94;BRADYCARDIA;BRADY
6458000;511.28;511.94;BRADYCARDIA;BRADY
6460000;511.51;512.17;BRADYCARDIA;BRADY
6462000;512.35;513.01;BRADYCARDIA;BRADY
6464000;512.35;513.02;BRADYCARDIA;BRADY
6466000;511.40;512.07;BRADYCARDIA;BRADY
6468000;510.37;511.05;BRADYCARDIA;BRADY
6470000;512.30;512.97;BRADYCARDIA;BRADY
6472000;512.46;513.13;BRADYCARDIA;BRADY
6474000;511.65;512.33;BRADYCARDIA;BRADY
6476000;511.94;512.62;BRADYCARDIA;BRADY
6478000;510.98;511.66;BRADYCARDIA;BRADY
6480000;512.20;512.88;BRADYCARDIA;BRADY
6482000;511.71;512.39;BRADYCARDIA;BRADY
6484000;512.43;513.12;BRADYCARDIA;BRADY
6486000;510.77;511.46;BRADYCARDIA;BRADY
6488000;510.67;511.37;BRADYCARDIA;BRADY
6490000;511.44;512.13;BRADYCARDIA;BRADY
6492000;511.30;512.00;BRADYCARDIA;BRADY
6494000;511.71;512.41;BRADYCARDIA;BRADY
6496000;510.80;511.50;BRADYCARDIA;BRADY
6498000;511.18;511.88;BRADYCARDIA;BRADY
6500000;511.65;512.36;BRADYCARDIA;BRADY
6502000;511.94;512.64;BRADYCARDIA;BRADY
6504000;511.75;512.46;BRADYCARDIA;BRADY
6506000;509.61;510.32;BRADYCARDIA;BRADY
6508000;511.52;512.24;BRADYCARDIA;BRADY
6510000;512.19;512.91;BRADYCARDIA;BRADY
6512000;511.26;511.98;BRADYCARDIA;BRADY
6514000;511.02;511.74;BRADYCARDIA;BRADY
6516000;511.52;512.24;BRADYCARDIA;BRADY
6518000;510.41;511.14;BRADYCARDIA;BRADY
6520000;511.38;512.11;BRADYCARDIA;BRADY
6522000;510.64;511.37;BRADYCARDIA;BRADY
6524000;511.91;512.65;BRADYCARDIA;BRADY
6526000;510.56;511.30;BRADYCARDIA;BRADY
6528000;513.46;514.20;BRADYCARDIA;BRADY
6530000;511.79;512.53;BRADYCARDIA;BRADY
6532000;510.51;511.26;BRADYCARDIA;BRADY
6534000;511.14;511.88;BRADYCARDIA;BRADY
6536000;510.70;511.45;BRADYCARDIA;BRADY
6538000;510.85;511.60;BRADYCARDIA;BRADY
6540000;511.82;512.57;BRADYCARDIA;BRADY
6542000;511.18;511.93;BRADYCARDIA;BRADY
6544000;511.04;511.79;BRADYCARDIA;BRADY
6546000;511.67;512.43;BRADYCARDIA;BRADY
6548000;509.38;510.14;BRADYCARDIA;BRADY
6550000;512.64;513.40;BRADYCARDIA;BRADY
6552000;511.54;512.30;BRADYCARDIA;BRADY
6554000;511.02;511.78;BRADYCARDIA;BRADY
6556000;512.15;512.92;BRADYCARDIA;BRADY
6558000;510.76;511.53;BRADYCARDIA;BRADY
6560000;512.46;513.23;BRADYCARDIA;BRADY
6562000;510.92;511.69;BRADYCARDIA;BRADY
6564000;510.81;511.59;BRADYCARDIA;BRADY
6566000;511.24;512.02;BRADYCARDIA;BRADY
6568000;511.67;512.45;BRADYCARDIA;BRADY
6570000;511.67;512.45;BRADYCARDIA;BRADY
6572000;511.98;512.77;BRADYCARDIA;BRADY
6574000;511.57;512.35;BRADYCARDIA;BRADY
6576000;511.73;512.52;BRADYCARDIA;BRADY
6578000;512.36;513.14;BRADYCARDIA;BRADY
6580000;511.73;512.52;BRADYCARDIA;BRADY
6582000;511.30;512.09;BRADYCARDIA;BRADY
6584000;511.19;511.99;BRADYCARDIA;BRADY
6586000;512.95;513.74;BRADYCARDIA;BRADY
6588000;512.01;512.80;BRADYCARDIA;BRADY
6590000;513.05;513.85;BRADYCARDIA;BRADY
6592000;510.89;511.69;BRADYCARDIA;BRADY
6594000;511.51;512.31;BRADYCARDIA;BRADY
6596000;511.49;512.29;BRADYCARDIA;BRADY
6598000;511.03;511.84;BRADYCARDIA;BRADY
6600000;510.91;511.71;BRADYCARDIA;BRADY
6602000;510.73;511.54;BRADYCARDIA;BRADY
6604000;510.80;511.62;BRADYCARDIA;BRADY
6606000;511.68;512.50;BRADYCARDIA;BRADY
6608000;509.82;510.64;BRADYCARDIA;BRADY
6610000;509.05;509.87;BRADYCARDIA;BRADY
6612000;511.51;512.33;BRADYCARDIA;BRADY
6614000;510.66;511.48;BRADYCARDIA;BRADY
6616000;511.51;512.33;BRADYCARDIA;BRADY
6618000;511.56;512.39;BRADYCARDIA;BRADY
6620000;511.15;511.97;BRADYCARDIA;BRADY
6622000;510.05;510.88;BRADYCARDIA;BRADY
6624000;511.12;511.95;BRADYCARDIA;BRADY
6626000;511.00;511.84;BRADYCARDIA;BRADY
6628000;509.16;509.99;BRADYCARDIA;BRADY
6630000;511.20;512.04;BRADYCARDIA;BRADY
6632000;511.12;511.96;BRADYCARDIA;BRADY
6634000;511.36;512.20;BRADYCARDIA;BRADY
6636000;510.41;511.25;BRADYCARDIA;BRADY
6638000;512.20;513.04;BRADYCARDIA;BRADY
6640000;511.67;512.51;BRADYCARDIA;BRADY
6642000;511.31;512.15;BRADYCARDIA;BRADY
6644000;511.85;512.69;BRADYCARDIA;BRADY
6646000;511.58;512.43;BRADYCARDIA;BRADY
6648000;511.78;512.63;BRADYCARDIA;BRADY
6650000;511.21;512.06;BRADYCARDIA;BRADY
6652000;511.17;512.02;BRADYCARDIA;BRADY
6654000;510.56;511.42;BRADYCARDIA;BRADY
6656000;511.23;512.09;BRADYCARDIA;BRADY
6658000;511.39;512.25;BRADYCARDIA;BRADY
6660000;511.28;512.14;BRADYCARDIA;BRADY
6662000;511.22;512.08;BRADYCARDIA;BRADY
6664000;511.21;512.08;BRADYCARDIA;BRADY
6666000;510.02;510.88;BRADYCARDIA;BRADY
6668000;511.71;512.58;BRADYCARDIA;BRADY
6670000;510.97;511.84;BRADYCARDIA;BRADY
6672000;510.44;511.31;BRADYCARDIA;BRADY
6674000;510.39;511.26;BRADYCARDIA;BRADY
6676000;510.27;511.14;BRADYCARDIA;BRADY
6678000;510.48;511.35;BRADYCARDIA;BRADY
6680000;510.76;511.63;BRADYCARDIA;BRADY
6682000;512.23;513.11;BRADYCARDIA;BRADY
6684000;512.64;513.51;BRADYCARDIA;BRADY
6686000;512.00;512.89;BRADYCARDIA;BRADY
6688000;512.65;513.53;BRADYCARDIA;BRADY
6690000;509.51;510.40;BRADYCARDIA;BRADY
6692000;512.17;513.06;BRADYCARDIA;BRADY
6694000;511.30;512.19;BRADYCARDIA;BRADY
6696000;510.88;511.77;BRADYCARDIA;BRADY
6698000;510.47;511.36;BRADYCARDIA;BRADY
6700000;510.62;511.51;BRADYCARDIA;BRADY
6702000;509.86;510.76;BRADYCARDIA;BRADY
6704000;510.40;511.29;BRADYCARDIA;BRADY
6706000;510.93;511.82;BRADYCARDIA;BRADY
6708000;511.67;512.57;BRADYCARDIA;BRADY
6710000;510.26;511.16;BRADYCARDIA;BRADY
6712000;511.45;512.35;BRADYCARDIA;BRADY
6714000;510.80;511.70;BRADYCARDIA;BRADY
6716000;511.34;512.24;BRADYCARDIA;BRADY
6718000;511.54;512.44;BRADYCARDIA;BRADY
6720000;511.27;512.17;BRADYCARDIA;BRADY
6722000;510.90;511.81;BRADYCARDIA;BRADY
6724000;510.88;511.79;BRADYCARDIA;BRADY
6726000;510.36;511.27;BRADYCARDIA;BRADY
6728000;511.18;512.09;BRADYCARDIA;BRADY
6730000;512.01;512.92;BRADYCARDIA;BRADY
6732000;510.32;511.23;BRADYCARDIA;BRADY
6734000;509.09;510.00;BRADYCARDIA;BRADY
6736000;510.83;511.74;BRADYCARDIA;BRADY
6738000;510.45;511.36;BRADYCARDIA;BRADY
6740000;510.77;511.68;BRADYCARDIA;BRADY
6742000;510.35;511.26;BRADYCARDIA;BRADY
6744000;510.82;511.74;BRADYCARDIA;BRADY
6746000;510.58;511.50;BRADYCARDIA;BRADY
6748000;509.13;510.05;BRADYCARDIA;BRADY
6750000;510.38;511.30;BRADYCARDIA;BRADY
6752000;511.75;512.67;BRADYCARDIA;BRADY
6754000;510.88;511.81;BRADYCARDIA;BRADY
6756000;511.27;512.20;BRADYCARDIA;BRADY
6758000;511.06;511.98;BRADYCARDIA;BRADY
6760000;511.18;512.11;BRADYCARDIA;BRADY
6762000;510.21;511.14;BRADYCARDIA;BRADY
6764000;512.31;513.24;BRADYCARDIA;BRADY
6766000;511.17;512.10;BRADYCARDIA;BRADY
6768000;511.59;512.52;BRADYCARDIA;BRADY
6770000;510.52;511.45;BRADYCARDIA;BRADY
6772000;511.22;512.15;BRADYCARDIA;BRADY
6774000;510.54;511.48;BRADYCARDIA;BRADY
6776000;510.64;511.58;BRADYCARDIA;BRADY
6778000;510.94;511.88;BRADYCARDIA;BRADY
6780000;510.62;511.56;BRADYCARDIA;BRADY
6782000;511.97;512.91;BRADYCARDIA;BRADY
6784000;510.86;511.81;BRADYCARDIA;BRADY
6786000;511.94;512.89;BRADYCARDIA;BRADY
6788000;510.44;511.39;BRADYCARDIA;BRADY
6790000;510.83;511.78;BRADYCARDIA;BRADY
6792000;510.70;511.65;BRADYCARDIA;BRADY
6794000;510.98;511.93;BRADYCARDIA;BRADY
6796000;511.62;512.57;BRADYCARDIA;BRADY
6798000;510.94;511.90;BRADYCARDIA;BRADY
6800000;511.83;512.78;BRADYCARDIA;BRADY
6802000;509.16;510.11;BRADYCARDIA;BRADY
6804000;510.69;511.64;BRADYCARDIA;BRADY
6806000;511.10;512.05;BRADYCARDIA;BRADY
6808000;509.80;510.75;BRADYCARDIA;BRADY
6810000;510.50;511.45;BRADYCARDIA;BRADY
6812000;510.52;511.48;BRADYCARDIA;BRADY
6814000;510.92;511.88;BRADYCARDIA;BRADY
6816000;512.12;513.08;BRADYCARDIA;BRADY
6818000;511.65;512.61;BRADYCARDIA;BRADY
6820000;511.62;512.58;BRADYCARDIA;BRADY
6822000;511.70;512.66;BRADYCARDIA;BRADY
6824000;511.16;512.12;BRADYCARDIA;BRADY
6826000;509.79;510.75;BRADYCARDIA;BRADY
6828000;510.61;511.57;BRADYCARDIA;BRADY
6830000;510.85;511.81;BRADYCARDIA;BRADY
6832000;511.76;512.73;BRADYCARDIA;BRADY
6834000;510.98;511.94;BRADYCARDIA;BRADY
6836000;511.95;512.92;BRADYCARDIA;BRADY
6838000;511.52;512.49;BRADYCARDIA;BRADY
6840000;509.67;510.64;BRADYCARDIA;BRADY
6842000;510.21;511.18;BRADYCARDIA;BRADY
6844000;511.10;512.07;BRADYCARDIA;BRADY
6846000;510.29;511.26;BRADYCARDIA;BRADY
6848000;511.62;512.59;BRADYCARDIA;BRADY
6850000;509.87;510.85;BRADYCARDIA;BRADY
6852000;511.64;512.62;BRADYCARDIA;BRADY
6854000;512.09;513.06;BRADYCARDIA;BRADY
6856000;511.60;512.57;BRADYCARDIA;BRADY
6858000;510.70;511.67;BRADYCARDIA;BRADY
6860000;511.61;512.59;BRADYCARDIA;BRADY
6862000;511.44;512.42;BRADYCARDIA;BRADY
6864000;510.58;511.55;BRADYCARDIA;BRADY
6866000;509.89;510.87;BRADYCARDIA;BRADY
6868000;510.58;511.56;BRADYCARDIA;BRADY
6870000;508.56;509.54;BRADYCARDIA;BRADY
6872000;512.10;513.08;BRADYCARDIA;BRADY
6874000;510.90;511.88;BRADYCARDIA;BRADY
6876000;512.53;513.51;BRADYCARDIA;BRADY
6878000;510.81;511.79;BRADYCARDIA;BRADY
6880000;512.14;513.12;BRADYCARDIA;BRADY
6882000;510.08;511.07;BRADYCARDIA;BRADY
6884000;511.46;512.44;BRADYCARDIA;BRADY
6886000;511.19;512.17;BRADYCARDIA;BRADY
6888000;511.06;512.05;BRADYCARDIA;BRADY
6890000;510.29;511.28;BRADYCARDIA;BRADY
6892000;510.53;511.52;BRADYCARDIA;BRADY
6894000;510.21;511.20;BRADYCARDIA;BRADY
6896000;511.06;512.05;BRADYCARDIA;BRADY
6898000;511.04;512.02;BRADYCARDIA;BRADY
6900000;510.95;511.93;BRADYCARDIA;BRADY
6902000;512.54;513.52;BRADYCARDIA;BRADY
6904000;510.12;511.11;BRADYCARDIA;BRADY
6906000;512.11;513.10;BRADYCARDIA;BRADY
6908000;510.20;511.19;BRADYCARDIA;BRADY
6910000;511.01;512.00;BRADYCARDIA;BRADY
6912000;510.22;511.21;BRADYCARDIA;BRADY
6914000;512.19;513.19;BRADYCARDIA;BRADY
6916000;510.84;511.83;BRADYCARDIA;BRADY
6918000;511.38;512.37;BRADYCARDIA;BRADY
6920000;510.23;511.23;BRADYCARDIA;BRADY
6922000;512.43;513.42;BRADYCARDIA;BRADY
6924000;511.46;512.45;BRADYCARDIA;BRADY
6926000;511.31;512.30;BRADYCARDIA;BRADY
6928000;513.02;514.01;BRADYCARDIA;BRADY
6930000;511.39;512.38;BRADYCARDIA;BRADY
6932000;511.39;512.38;BRADYCARDIA;BRADY
6934000;510.21;511.20;BRADYCARDIA;BRADY
6936000;510.53;511.52;BRADYCARDIA;BRADY
6938000;510.39;511.38;BRADYCARDIA;BRADY
6940000;509.45;510.44;BRADYCARDIA;BRADY
6942000;510.51;511.50;BRADYCARDIA;BRADY
6944000;510.83;511.83;BRADYCARDIA;BRADY
6946000;511.56;512.55;BRADYCARDIA;BRADY
6948000;509.69;510.68;BRADYCARDIA;BRADY
6950000;510.72;511.72;BRADYCARDIA;BRADY
6952000;511.15;512.15;BRADYCARDIA;BRADY
6954000;510.35;511.35;BRADYCARDIA;BRADY
6956000;511.52;512.51;BRADYCARDIA;BRADY
6958000;510.75;511.75;BRADYCARDIA;BRADY
6960000;512.35;513.35;BRADYCARDIA;BRADY
6962000;510.76;511.75;BRADYCARDIA;BRADY
6964000;511.53;512.53;BRADYCARDIA;BRADY
6966000;511.74;512.74;BRADYCARDIA;BRADY
6968000;511.08;512.08;BRADYCARDIA;BRADY
6970000;510.45;511.45;BRADYCARDIA;BRADY
6972000;511.91;512.91;BRADYCARDIA;BRADY
6974000;510.24;511.24;BRADYCARDIA;BRADY
6976000;510.00;511.00;BRADYCARDIA;BRADY
6978000;511.02;512.02;BRADYCARDIA;BRADY
6980000;510.94;511.94;BRADYCARDIA;BRADY
6982000;511.68;512.68;BRADYCARDIA;BRADY
6984000;511.02;512.02;BRADYCARDIA;BRADY
6986000;511.27;512.27;BRADYCARDIA;BRADY
6988000;510.40;511.40;BRADYCARDIA;BRADY
6990000;511.87;512.87;BRADYCARDIA;BRADY
6992000;511.07;512.07;BRADYCARDIA;BRADY
6994000;510.95;511.95;BRADYCARDIA;BRADY
6996000;510.44;511.44;BRADYCARDIA;BRADY
6998000;510.30;511.30;BRADYCARDIA;BRADY
7000000;511.19;512.19;BRADYCARDIA;BRADY
7002000;510.95;511.95;BRADYCARDIA;BRADY
7004000;510.80;511.80;BRADYCARDIA;BRADY
7006000;511.37;512.37;BRADYCARDIA;BRADY
7008000;511.78;512.78;BRADYCARDIA;BRADY
7010000;511.98;512.98;BRADYCARDIA;BRADY
7012000;510.42;511.42;BRADYCARDIA;BRADY
7014000;510.16;511.16;BRADYCARDIA;BRADY
7016000;510.98;511.98;BRADYCARDIA;BRADY
7018000;512.02;513.02;BRADYCARDIA;BRADY
7020000;510.82;511.82;BRADYCARDIA;BRADY
7022000;510.58;511.58;BRADYCARDIA;BRADY
7024000;511.88;512.88;BRADYCARDIA;BRADY
7026000;509.56;510.56;BRADYCARDIA;BRADY
7028000;510.93;511.93;BRADYCARDIA;BRADY
7030000;510.27;511.27;BRADYCARDIA;BRADY
7032000;511.58;512.58;BRADYCARDIA;BRADY
7034000;510.29;511.29;BRADYCARDIA;BRADY
7036000;511.84;512.84;BRADYCARDIA;BRADY
7038000;511.83;512.83;BRADYCARDIA;BRADY
7040000;509.96;510.96;BRADYCARDIA;BRADY
7042000;509.94;510.94;BRADYCARDIA;BRADY
7044000;511.45;512.44;BRADYCARDIA;BRADY
7046000;511.53;512.53;BRADYCARDIA;BRADY
7048000;511.05;512.04;BRADYCARDIA;BRADY
7050000;511.20;512.20;BRADYCARDIA;BRADY
7052000;510.39;511.39;BRADYCARDIA;BRADY
7054000;512.51;513.51;BRADYCARDIA;BRADY
7056000;511.99;512.99;BRADYCARDIA;BRADY
7058000;509.80;510.80;BRADYCARDIA;BRADY
7060000;510.96;511.95;BRADYCARDIA;BRADY
7062000;510.93;511.93;BRADYCARDIA;BRADY
7064000;511.45;512.44;BRADYCARDIA;BRADY
7066000;511.03;512.02;BRADYCARDIA;BRADY
7068000;510.55;511.55;BRADYCARDIA;BRADY
7070000;510.81;511.80;BRADYCARDIA;BRADY
7072000;510.27;511.26;BRADYCARDIA;BRADY
7074000;510.51;511.50;BRADYCARDIA;BRADY
7076000;510.47;511.47;BRADYCARDIA;BRADY
7078000;510.88;511.87;BRADYCARDIA;BRADY
7080000;510.57;511.56;BRADYCARDIA;BRADY
7082000;510.84;511.84;BRADYCARDIA;BRADY
7084000;510.59;511.58;BRADYCARDIA;BRADY
7086000;511.28;512.28;BRADYCARDIA;BRADY
7088000;510.72;511.71;BRADYCARDIA;BRADY
7090000;510.73;511.72;BRADYCARDIA;BRADY
7092000;511.38;512.37;BRADYCARDIA;BRADY
7094000;511.24;512.23;BRADYCARDIA;BRADY
7096000;511.29;512.27;BRADYCARDIA;BRADY
7098000;512.06;513.05;BRADYCARDIA;BRADY
7100000;510.56;511.55;BRADYCARDIA;BRADY
7102000;511.85;512.84;BRADYCARDIA;BRADY
7104000;511.02;512.01;BRADYCARDIA;BRADY
7106000;509.67;510.66;BRADYCARDIA;BRADY
7108000;511.97;512.96;BRADYCARDIA;BRADY
7110000;511.42;512.40;BRADYCARDIA;BRADY
7112000;510.43;511.42;BRADYCARDIA;BRADY
7114000;510.26;511.24;BRADYCARDIA;BRADY
7116000;510.11;511.10;BRADYCARDIA;BRADY
7118000;510.73;511.71;BRADYCARDIA;BRADY
7120000;509.86;510.85;BRADYCARDIA;BRADY
7122000;510.50;511.48;BRADYCARDIA;BRADY
7124000;511.22;512.20;BRADYCARDIA;BRADY
7126000;512.09;513.07;BRADYCARDIA;BRADY
7128000;510.37;511.35;BRADYCARDIA;BRADY
7130000;511.32;512.30;BRADYCARDIA;BRADY
7132000;512.05;513.02;BRADYCARDIA;BRADY
7134000;512.07;513.04;BRADYCARDIA;BRADY
7136000;512.39;513.36;BRADYCARDIA;BRADY
7138000;510.54;511.51;BRADYCARDIA;BRADY
7140000;511.31;512.29;BRADYCARDIA;BRADY
7142000;511.49;512.47;BRADYCARDIA;BRADY
7144000;511.79;512.77;BRADYCARDIA;BRADY
7146000;510.75;511.73;BRADYCARDIA;BRADY
7148000;509.57;510.54;BRADYCARDIA;BRADY
7150000;511.83;512.80;BRADYCARDIA;BRADY
7152000;511.00;511.98;BRADYCARDIA;BRADY
7154000;510.98;511.95;BRADYCARDIA;BRADY
7156000;511.30;512.27;BRADYCARDIA;BRADY
7158000;511.83;512.80;BRADYCARDIA;BRADY
7160000;508.99;509.96;BRADYCARDIA;BRADY
7162000;510.04;511.00;BRADYCARDIA;BRADY
7164000;511.16;512.13;BRADYCARDIA;BRADY
7166000;510.62;511.59;BRADYCARDIA;BRADY
7168000;511.28;512.24;BRADYCARDIA;BRADY
7170000;511.01;511.98;BRADYCARDIA;BRADY
7172000;510.66;511.62;BRADYCARDIA;BRADY
7174000;510.17;511.13;BRADYCARDIA;BRADY
7176000;511.24;512.20;BRADYCARDIA;BRADY
7178000;511.41;512.37;BRADYCARDIA;BRADY
7180000;510.85;511.81;BRADYCARDIA;BRADY
7182000;511.05;512.01;BRADYCARDIA;BRADY
7184000;511.64;512.60;BRADYCARDIA;BRADY
7186000;510.77;511.72;BRADYCARDIA;BRADY
7188000;511.11;512.07;BRADYCARDIA;BRADY
7190000;511.63;512.58;BRADYCARDIA;BRADY
7192000;509.88;510.84;BRADYCARDIA;BRADY
7194000;511.32;512.27;BRADYCARDIA;BRADY
7196000;510.44;511.39;BRADYCARDIA;BRADY
7198000;512.27;513.22;BRADYCARDIA;BRADY
7200000;512.20;513.15;BRADYCARDIA;BRADY
7202000;509.21;510.16;BRADYCARDIA;BRADY
7204000;509.68;510.63;BRADYCARDIA;BRADY
7206000;510.21;511.16;BRADYCARDIA;BRADY
7208000;510.22;511.17;BRADYCARDIA;BRADY
7210000;511.36;512.30;BRADYCARDIA;BRADY
7212000;511.53;512.48;BRADYCARDIA;BRADY
7214000;511.35;512.30;BRADYCARDIA;BRADY
7216000;512.05;513.00;BRADYCARDIA;BRADY
7218000;510.57;511.51;BRADYCARDIA;BRADY
7220000;511.85;512.79;BRADYCARDIA;BRADY
7222000;510.35;511.29;BRADYCARDIA;BRADY
7224000;512.14;513.07;BRADYCARDIA;BRADY
7226000;511.73;512.67;BRADYCARDIA;BRADY
7228000;511.14;512.07;BRADYCARDIA;BRADY
7230000;510.20;511.13;BRADYCARDIA;BRADY
7232000;510.25;511.19;BRADYCARDIA;BRADY
7234000;511.06;511.99;BRADYCARDIA;BRADY
7236000;511.28;512.21;BRADYCARDIA;BRADY
7238000;510.73;511.67;BRADYCARDIA;BRADY
7240000;511.11;512.04;BRADYCARDIA;BRADY
7242000;511.35;512.28;BRADYCARDIA;BRADY
7244000;511.20;512.13;BRADYCARDIA;BRADY
7246000;510.76;511.68;BRADYCARDIA;BRADY
7248000;510.81;511.73;BRADYCARDIA;BRADY
7250000;511.07;511.99;BRADYCARDIA;BRADY
7252000;510.79;511.71;BRADYCARDIA;BRADY
7254000;511.24;512.17;BRADYCARDIA;BRADY
7256000;510.40;511.32;BRADYCARDIA;BRADY
7258000;510.98;511.90;BRADYCARDIA;BRADY
7260000;510.98;511.90;BRADYCARDIA;BRADY
7262000;509.50;510.42;BRADYCARDIA;BRADY
7264000;510.43;511.35;BRADYCARDIA;BRADY
7266000;511.05;511.96;BRADYCARDIA;BRADY
7268000;510.19;511.10;BRADYCARDIA;BRADY
7270000;512.49;513.40;BRADYCARDIA;BRADY
7272000;510.17;511.08;BRADYCARDIA;BRADY
7274000;511.06;511.97;BRADYCARDIA;BRADY
7276000;510.63;511.53;BRADYCARDIA;BRADY
7278000;509.50;510.41;BRADYCARDIA;BRADY
7280000;511.09;511.99;BRADYCARDIA;BRADY
7282000;511.29;512.20;BRADYCARDIA;BRADY
7284000;511.06;511.96;BRADYCARDIA;BRADY
7286000;510.63;511.53;BRADYCARDIA;BRADY
7288000;511.68;512.57;BRADYCARDIA;BRADY
7290000;510.06;510.95;BRADYCARDIA;BRADY
7292000;511.31;512.20;BRADYCARDIA;BRADY
7294000;511.49;512.38;BRADYCARDIA;BRADY
7296000;511.64;512.53;BRADYCARDIA;BRADY
7298000;509.70;510.59;BRADYCARDIA;BRADY
7300000;511.87;512.77;BRADYCARDIA;BRADY
7302000;511.13;512.02;BRADYCARDIA;BRADY
7304000;511.74;512.63;BRADYCARDIA;BRADY
7306000;510.31;511.20;BRADYCARDIA;BRADY
7308000;511.10;511.99;BRADYCARDIA;BRADY
7310000;510.84;511.73;BRADYCARDIA;BRADY
7312000;510.10;510.98;BRADYCARDIA;BRADY
7314000;511.80;512.69;BRADYCARDIA;BRADY
7316000;511.92;512.80;BRADYCARDIA;BRADY
7318000;510.94;511.82;BRADYCARDIA;BRADY
7320000;511.22;512.10;BRADYCARDIA;BRADY
7322000;511.49;512.37;BRADYCARDIA;BRADY
7324000;510.44;511.31;BRADYCARDIA;BRADY
7326000;510.21;511.08;BRADYCARDIA;BRADY
7328000;511.09;511.96;BRADYCARDIA;BRADY
7330000;510.48;511.35;BRADYCARDIA;BRADY
7332000;511.60;512.47;BRADYCARDIA;BRADY
7334000;509.92;510.79;BRADYCARDIA;BRADY
7336000;508.75;509.62;BRADYCARDIA;BRADY
7338000;510.61;511.47;BRADYCARDIA;BRADY
7340000;512.13;512.99;BRADYCARDIA;BRADY
7342000;509.90;510.75;BRADYCARDIA;BRADY
7344000;509.27;510.12;BRADYCARDIA;BRADY
7346000;510.25;511.11;BRADYCARDIA;BRADY
7348000;511.94;512.79;BRADYCARDIA;BRADY
7350000;511.91;512.77;BRADYCARDIA;BRADY
7352000;510.43;511.28;BRADYCARDIA;BRADY
7354000;511.74;512.59;BRADYCARDIA;BRADY
7356000;511.43;512.28;BRADYCARDIA;BRADY
7358000;510.48;511.33;BRADYCARDIA;BRADY
7360000;511.40;512.25;BRADYCARDIA;BRADY
7362000;510.65;511.49;BRADYCARDIA;BRADY
7364000;510.42;511.26;BRADYCARDIA;BRADY
7366000;511.73;512.57;BRADYCARDIA;BRADY
7368000;512.27;513.11;BRADYCARDIA;BRADY
7370000;511.97;512.81;BRADYCARDIA;BRADY
7372000;510.62;511.45;BRADYCARDIA;BRADY
7374000;511.59;512.43;BRADYCARDIA;BRADY
7376000;510.01;510.84;BRADYCARDIA;BRADY
7378000;510.85;511.68;BRADYCARDIA;BRADY
7380000;511.31;512.13;BRADYCARDIA;BRADY
7382000;511.93;512.76;BRADYCARDIA;BRADY
7384000;511.63;512.46;BRADYCARDIA;BRADY
7386000;509.29;510.11;BRADYCARDIA;BRADY
7388000;511.71;512.53;BRADYCARDIA;BRADY
7390000;511.29;512.11;BRADYCARDIA;BRADY
7392000;511.39;512.20;BRADYCARDIA;BRADY
7394000;511.50;512.31;BRADYCARDIA;BRADY
7396000;508.88;509.70;BRADYCARDIA;BRADY
7398000;510.97;511.78;BRADYCARDIA;BRADY
7400000;510.99;511.80;BRADYCARDIA;BRADY
7402000;511.62;512.43;BRADYCARDIA;BRADY
7404000;510.85;511.65;BRADYCARDIA;BRADY
7406000;510.56;511.37;BRADYCARDIA;BRADY
7408000;512.28;513.08;BRADYCARDIA;BRADY
7410000;510.26;511.06;BRADYCARDIA;BRADY
7412000;511.52;512.32;BRADYCARDIA;BRADY
7414000;510.58;511.37;BRADYCARDIA;BRADY
7416000;510.75;511.54;BRADYCARDIA;BRADY
7418000;511.52;512.32;BRADYCARDIA;BRADY
7420000;511.77;512.56;BRADYCARDIA;BRADY
7422000;511.11;511.90;BRADYCARDIA;BRADY
7424000;512.78;513.57;BRADYCARDIA;BRADY
7426000;511.67;512.45;BRADYCARDIA;BRADY
7428000;511.45;512.23;BRADYCARDIA;BRADY
7430000;511.99;512.77;BRADYCARDIA;BRADY
7432000;510.40;511.17;BRADYCARDIA;BRADY
7434000;511.46;512.24;BRADYCARDIA;BRADY
7436000;510.36;511.14;BRADYCARDIA;BRADY
7438000;512.84;513.61;BRADYCARDIA;BRADY
7440000;510.39;511.16;BRADYCARDIA;BRADY
7442000;510.37;511.14;BRADYCARDIA;BRADY
7444000;510.20;510.96;BRADYCARDIA;BRADY
7446000;511.94;512.71;BRADYCARDIA;BRADY
7448000;511.73;512.49;BRADYCARDIA;BRADY
7450000;511.91;512.67;BRADYCARDIA;BRADY
7452000;511.29;512.05;BRADYCARDIA;BRADY
7454000;510.88;511.64;BRADYCARDIA;BRADY
7456000;511.57;512.33;BRADYCARDIA;BRADY
7458000;512.28;513.03;BRADYCARDIA;BRADY
7460000;510.91;511.66;BRADYCARDIA;BRADY
7462000;510.97;511.72;BRADYCARDIA;BRADY
7464000;511.12;511.87;BRADYCARDIA;BRADY
7466000;510.45;511.20;BRADYCARDIA;BRADY
7468000;509.50;510.24;BRADYCARDIA;BRADY
7470000;510.43;511.17;BRADYCARDIA;BRADY
7472000;510.69;511.42;BRADYCARDIA;BRADY
7474000;508.89;509.62;BRADYCARDIA;BRADY
7476000;512.26;512.99;BRADYCARDIA;BRADY
7478000;511.15;511.88;BRADYCARDIA;BRADY
7480000;511.30;512.03;BRADYCARDIA;BRADY
7482000;510.05;510.78;BRADYCARDIA;BRADY
7484000;511.96;512.69;BRADYCARDIA;BRADY
7486000;511.56;512.29;BRADYCARDIA;BRADY
7488000;511.51;512.23;BRADYCARDIA;BRADY
7490000;510.76;511.48;BRADYCARDIA;BRADY
7492000;510.56;511.27;BRADYCARDIA;BRADY
7494000;511.22;511.94;BRADYCARDIA;BRADY
7496000;511.45;512.17;BRADYCARDIA;BRADY
7498000;511.17;511.87;BRADYCARDIA;BRADY
7500000;511.17;511.88;BRADYCARDIA;BRADY
7502000;512.34;513.04;BRADYCARDIA;BRADY
7504000;512.17;512.87;BRADYCARDIA;BRADY
7506000;512.10;512.80;BRADYCARDIA;BRADY
7508000;511.33;512.03;BRADYCARDIA;BRADY
7510000;511.89;512.58;BRADYCARDIA;BRADY
7512000;510.49;511.19;BRADYCARDIA;BRADY
7514000;511.26;511.95;BRADYCARDIA;BRADY
7516000;510.33;511.02;BRADYCARDIA;BRADY
7518000;511.84;512.53;BRADYCARDIA;BRADY
7520000;512.15;512.84;BRADYCARDIA;BRADY
7522000;511.07;511.75;BRADYCARDIA;BRADY
7524000;512.37;513.05;BRADYCARDIA;BRADY
7526000;511.11;511.79;BRADYCARDIA;BRADY
7528000;511.33;512.01;BRADYCARDIA;BRADY
7530000;511.21;511.88;BRADYCARDIA;BRADY
7532000;511.11;511.78;BRADYCARDIA;BRADY
7534000;512.11;512.77;BRADYCARDIA;BRADY
7536000;511.51;512.18;BRADYCARDIA;BRADY
7538000;511.41;512.08;BRADYCARDIA;BRADY
7540000;511.13;511.79;BRADYCARDIA;BRADY
7542000;511.89;512.55;BRADYCARDIA;BRADY
7544000;511.76;512.42;BRADYCARDIA;BRADY
7546000;512.65;513.30;BRADYCARDIA;BRADY
7548000;510.92;511.57;BRADYCARDIA;BRADY
7550000;513.16;513.81;BRADYCARDIA;BRADY
7552000;512.44;513.08;BRADYCARDIA;BRADY
7554000;511.10;511.74;BRADYCARDIA;BRADY
7556000;511.14;511.78;BRADYCARDIA;BRADY
7558000;513.53;514.17;BRADYCARDIA;BRADY
7560000;513.15;513.79;BRADYCARDIA;BRADY
7562000;511.15;511.79;BRADYCARDIA;BRADY
7564000;510.69;511.32;BRADYCARDIA;BRADY
7566000;511.56;512.20;BRADYCARDIA;BRADY
7568000;511.24;511.87;BRADYCARDIA;BRADY
7570000;511.22;511.85;BRADYCARDIA;BRADY
7572000;510.46;511.08;BRADYCARDIA;BRADY
7574000;510.09;510.71;BRADYCARDIA;BRADY
7576000;511.00;511.61;BRADYCARDIA;BRADY
7578000;512.47;513.09;BRADYCARDIA;BRADY
7580000;510.94;511.55;BRADYCARDIA;BRADY
7582000;511.42;512.03;BRADYCARDIA;BRADY
7584000;512.50;513.11;BRADYCARDIA;BRADY
7586000;511.16;511.76;BRADYCARDIA;BRADY
7588000;512.46;513.06;BRADYCARDIA;BRADY
7590000;510.46;511.06;BRADYCARDIA;BRADY
7592000;511.83;512.43;BRADYCARDIA;BRADY
7594000;508.55;509.15;BRADYCARDIA;BRADY
7596000;510.72;511.31;BRADYCARDIA;BRADY
7598000;512.00;512.60;BRADYCARDIA;BRADY
7600000;509.34;509.93;BRADYCARDIA;BRADY
7602000;510.84;511.42;BRADYCARDIA;BRADY
7604000;511.11;511.69;BRADYCARDIA;BRADY
7606000;511.81;512.39;BRADYCARDIA;BRADY
7608000;510.77;511.35;BRADYCARDIA;BRADY
7610000;511.15;511.73;BRADYCARDIA;BRADY
7612000;511.90;512.47;BRADYCARDIA;BRADY
7614000;510.19;510.76;BRADYCARDIA;BRADY
7616000;512.38;512.95;BRADYCARDIA;BRADY
7618000;512.26;512.82;BRADYCARDIA;BRADY
7620000;511.04;511.61;BRADYCARDIA;BRADY
7622000;510.46;511.02;BRADYCARDIA;BRADY
7624000;511.85;512.40;BRADYCARDIA;BRADY
7626000;511.80;512.35;BRADYCARDIA;BRADY
7628000;510.07;510.63;BRADYCARDIA;BRADY
7630000;510.95;511.50;BRADYCARDIA;BRADY
7632000;510.84;511.38;BRADYCARDIA;BRADY
7634000;511.19;511.73;BRADYCARDIA;BRADY
7636000;511.40;511.94;BRADYCARDIA;BRADY
7638000;512.32;512.86;BRADYCARDIA;BRADY
7640000;511.65;512.18;BRADYCARDIA;BRADY
7642000;510.53;511.06;BRADYCARDIA;BRADY
7644000;511.63;512.16;BRADYCARDIA;BRADY
7646000;512.41;512.93;BRADYCARDIA;BRADY
7648000;510.88;511.40;BRADYCARDIA;BRADY
7650000;511.72;512.24;BRADYCARDIA;BRADY
7652000;512.96;513.48;BRADYCARDIA;BRADY
7654000;510.37;510.89;BRADYCARDIA;BRADY
7656000;511.87;512.39;BRADYCARDIA;BRADY
7658000;510.80;511.31;BRADYCARDIA;BRADY
7660000;511.64;512.15;BRADYCARDIA;BRADY
7662000;511.23;511.73;BRADYCARDIA;BRADY
7664000;512.05;512.55;BRADYCARDIA;BRADY
7666000;510.87;511.37;BRADYCARDIA;BRADY
7668000;512.16;512.66;BRADYCARDIA;BRADY
7670000;512.09;512.59;BRADYCARDIA;BRADY
7672000;511.35;511.84;BRADYCARDIA;BRADY
7674000;511.97;512.46;BRADYCARDIA;BRADY
7676000;511.18;511.67;BRADYCARDIA;BRADY
7678000;509.73;510.21;BRADYCARDIA;BRADY
7680000;511.19;511.67;BRADYCARDIA;BRADY
7682000;511.71;512.19;BRADYCARDIA;BRADY
7684000;512.25;512.73;BRADYCARDIA;BRADY
7686000;511.10;511.57;BRADYCARDIA;BRADY
7688000;511.37;511.84;BRADYCARDIA;BRADY
7690000;512.31;512.78;BRADYCARDIA;BRADY
7692000;511.20;511.66;BRADYCARDIA;BRADY
7694000;511.90;512.37;BRADYCARDIA;BRADY
7696000;511.68;512.14;BRADYCARDIA;BRADY
7698000;511.31;511.77;BRADYCARDIA;BRADY
7700000;511.67;512.13;BRADYCARDIA;BRADY
7702000;511.73;512.18;BRADYCARDIA;BRADY
7704000;512.56;513.00;BRADYCARDIA;BRADY
7706000;511.25;511.70;BRADYCARDIA;BRADY
7708000;511.20;511.64;BRADYCARDIA;BRADY
7710000;511.33;511.77;BRADYCARDIA;BRADY
7712000;512.85;513.29;BRADYCARDIA;BRADY
7714000;512.23;512.67;BRADYCARDIA;BRADY
7716000;511.63;512.06;BRADYCARDIA;BRADY
7718000;511.56;511.99;BRADYCARDIA;BRADY
7720000;511.88;512.30;BRADYCARDIA;BRADY
7722000;511.19;511.62;BRADYCARDIA;BRADY
7724000;511.44;511.86;BRADYCARDIA;BRADY
7726000;511.50;511.92;BRADYCARDIA;BRADY
7728000;510.69;511.11;BRADYCARDIA;BRADY
7730000;511.88;512.29;BRADYCARDIA;BRADY
7732000;513.27;513.68;BRADYCARDIA;BRADY
7734000;510.50;510.90;BRADYCARDIA;BRADY
7736000;510.67;511.08;BRADYCARDIA;BRADY
7738000;512.91;513.31;BRADYCARDIA;BRADY
7740000;511.29;511.69;BRADYCARDIA;BRADY
7742000;510.25;510.64;BRADYCARDIA;BRADY
7744000;510.98;511.37;BRADYCARDIA;BRADY
7746000;511.73;512.12;BRADYCARDIA;BRADY
7748000;512.56;512.95;BRADYCARDIA;BRADY
7750000;511.26;511.64;BRADYCARDIA;BRADY
7752000;511.80;512.18;BRADYCARDIA;BRADY
7754000;512.11;512.48;BRADYCARDIA;BRADY
7756000;511.68;512.05;BRADYCARDIA;BRADY
7758000;511.84;512.21;BRADYCARDIA;BRADY
7760000;511.84;512.21;BRADYCARDIA;BRADY
7762000;512.17;512.54;BRADYCARDIA;BRADY
7764000;511.19;511.55;BRADYCARDIA;BRADY
7766000;510.52;510.88;BRADYCARDIA;BRADY
7768000;511.06;511.42;BRADYCARDIA;BRADY
7770000;511.48;511.83;BRADYCARDIA;BRADY
7772000;510.75;511.10;BRADYCARDIA;BRADY
7774000;511.47;511.82;BRADYCARDIA;BRADY
7776000;512.43;512.78;BRADYCARDIA;BRADY
7778000;511.68;512.02;BRADYCARDIA;BRADY
7780000;512.07;512.41;BRADYCARDIA;BRADY
7782000;510.66;511.00;BRADYCARDIA;BRADY
7784000;512.33;512.66;BRADYCARDIA;BRADY
7786000;511.49;511.82;BRADYCARDIA;BRADY
7788000;510.99;511.31;BRADYCARDIA;BRADY
7790000;509.52;509.84;BRADYCARDIA;BRADY
7792000;510.85;511.17;BRADYCARDIA;BRADY
7794000;509.92;510.24;BRADYCARDIA;BRADY
7796000;510.60;510.91;BRADYCARDIA;BRADY
7798000;511.07;511.38;BRADYCARDIA;BRADY
7800000;512.11;512.42;BRADYCARDIA;BRADY
7802000;510.06;510.37;BRADYCARDIA;BRADY
7804000;512.28;512.58;BRADYCARDIA;BRADY
7806000;511.84;512.14;BRADYCARDIA;BRADY
7808000;510.96;511.26;BRADYCARDIA;BRADY
7810000;511.76;512.05;BRADYCARDIA;BRADY
7812000;510.68;510.97;BRADYCARDIA;BRADY
7814000;511.55;511.84;BRADYCARDIA;BRADY
7816000;512.54;512.83;BRADYCARDIA;BRADY
7818000;513.63;513.91;BRADYCARDIA;BRADY
7820000;510.87;511.15;BRADYCARDIA;BRADY
7822000;510.87;511.14;BRADYCARDIA;BRADY
7824000;511.53;511.80;BRADYCARDIA;BRADY
7826000;511.24;511.51;BRADYCARDIA;BRADY
7828000;513.78;514.05;BRADYCARDIA;BRADY
7830000;511.93;512.19;BRADYCARDIA;BRADY
7832000;511.95;512.21;BRADYCARDIA;BRADY
7834000;509.74;510.00;BRADYCARDIA;BRADY
7836000;512.52;512.78;BRADYCARDIA;BRADY
7838000;510.15;510.40;BRADYCARDIA;BRADY
7840000;511.20;511.44;BRADYCARDIA;BRADY
7842000;512.28;512.52;BRADYCARDIA;BRADY
7844000;512.38;512.62;BRADYCARDIA;BRADY
7846000;510.63;510.87;BRADYCARDIA;BRADY
7848000;511.88;512.12;BRADYCARDIA;BRADY
7850000;511.21;511.44;BRADYCARDIA;BRADY
7852000;512.54;512.77;BRADYCARDIA;BRADY
7854000;511.83;512.06;BRADYCARDIA;BRADY
7856000;511.80;512.02;BRADYCARDIA;BRADY
7858000;510.24;510.46;BRADYCARDIA;BRADY
7860000;511.98;512.19;BRADYCARDIA;BRADY
7862000;511.64;511.85;BRADYCARDIA;BRADY
7864000;511.09;511.31;BRADYCARDIA;BRADY
7866000;512.13;512.34;BRADYCARDIA;BRADY
7868000;511.32;511.52;BRADYCARDIA;BRADY
7870000;510.21;510.42;BRADYCARDIA;BRADY
7872000;512.89;513.09;BRADYCARDIA;BRADY
7874000;511.74;511.94;BRADYCARDIA;BRADY
7876000;511.99;512.18;BRADYCARDIA;BRADY
7878000;511.80;511.99;BRADYCARDIA;BRADY
7880000;511.67;511.86;BRADYCARDIA;BRADY
7882000;511.94;512.12;BRADYCARDIA;BRADY
7884000;511.55;511.74;BRADYCARDIA;BRADY
7886000;512.60;512.78;BRADYCARDIA;BRADY
7888000;511.83;512.00;BRADYCARDIA;BRADY
7890000;512.45;512.63;BRADYCARDIA;BRADY
7892000;511.43;511.60;BRADYCARDIA;BRADY
7894000;511.89;512.06;BRADYCARDIA;BRADY
7896000;512.23;512.39;BRADYCARDIA;BRADY
7898000;511.23;511.39;BRADYCARDIA;BRADY
7900000;511.17;511.33;BRADYCARDIA;BRADY
7902000;511.11;511.26;BRADYCARDIA;BRADY
7904000;513.36;513.51;BRADYCARDIA;BRADY
7906000;511.85;512.00;BRADYCARDIA;BRADY
7908000;512.05;512.19;BRADYCARDIA;BRADY
7910000;512.32;512.46;BRADYCARDIA;BRADY
7912000;510.97;511.11;BRADYCARDIA;BRADY
7914000;511.00;511.14;BRADYCARDIA;BRADY
7916000;512.99;513.12;BRADYCARDIA;BRADY
7918000;511.44;511.57;BRADYCARDIA;BRADY
7920000;511.16;511.29;BRADYCARDIA;BRADY
7922000;512.42;512.54;BRADYCARDIA;BRADY
7924000;512.19;512.30;BRADYCARDIA;BRADY
7926000;512.51;512.63;BRADYCARDIA;BRADY
7928000;511.88;511.99;BRADYCARDIA;BRADY
7930000;510.85;510.96;BRADYCARDIA;BRADY
7932000;511.53;511.63;BRADYCARDIA;BRADY
7934000;513.04;513.14;BRADYCARDIA;BRADY
7936000;512.22;512.32;BRADYCARDIA;BRADY
7938000;510.86;510.96;BRADYCARDIA;BRADY
7940000;510.57;510.67;BRADYCARDIA;BRADY
7942000;511.28;511.37;BRADYCARDIA;BRADY
7944000;512.38;512.47;BRADYCARDIA;BRADY
7946000;512.12;512.20;BRADYCARDIA;BRADY
7948000;512.03;512.11;BRADYCARDIA;BRADY
7950000;511.81;511.88;BRADYCARDIA;BRADY
7952000;512.29;512.37;BRADYCARDIA;BRADY
7954000;511.94;512.01;BRADYCARDIA;BRADY
7956000;511.83;511.90;BRADYCARDIA;BRADY
7958000;511.46;511.52;BRADYCARDIA;BRADY
7960000;511.67;511.74;BRADYCARDIA;BRADY
7962000;511.72;511.78;BRADYCARDIA;BRADY
7964000;512.87;512.93;BRADYCARDIA;BRADY
7966000;511.86;511.91;BRADYCARDIA;BRADY
7968000;511.28;511.33;BRADYCARDIA;BRADY
7970000;513.02;513.07;BRADYCARDIA;BRADY
7972000;511.40;511.45;BRADYCARDIA;BRADY
7974000;511.38;511.42;BRADYCARDIA;BRADY
7976000;512.45;512.49;BRADYCARDIA;BRADY
7978000;512.95;512.98;BRADYCARDIA;BRADY
7980000;511.89;511.92;BRADYCARDIA;BRADY
7982000;511.82;511.85;BRADYCARDIA;BRADY
7984000;511.65;511.68;BRADYCARDIA;BRADY
7986000;511.39;511.41;BRADYCARDIA;BRADY
7988000;512.11;512.13;BRADYCARDIA;BRADY
7990000;511.14;511.15;BRADYCARDIA;BRADY
7992000;512.20;512.21;BRADYCARDIA;BRADY
7994000;512.25;512.26;BRADYCARDIA;BRADY
7996000;512.58;512.59;BRADYCARDIA;BRADY
7998000;512.48;512.49;BRADYCARDIA;BRADY
8000000;511.69;511.69;BRADYCARDIA;BRADY
8002000;512.06;512.06;BRADYCARDIA;BRADY
8004000;512.42;512.41;BRADYCARDIA;BRADY
8006000;511.99;511.98;BRADYCARDIA;BRADY
8008000;513.50;513.49;BRADYCARDIA;BRADY
8010000;512.84;512.82;BRADYCARDIA;BRADY
8012000;513.13;513.11;BRADYCARDIA;BRADY
8014000;511.74;511.72;BRADYCARDIA;BRADY
8016000;510.16;510.14;BRADYCARDIA;BRADY
8018000;513.39;513.36;BRADYCARDIA;BRADY
8020000;511.36;511.32;BRADYCARDIA;BRADY
8022000;511.98;511.94;BRADYCARDIA;BRADY
8024000;512.82;512.78;BRADYCARDIA;BRADY
8026000;512.78;512.74;BRADYCARDIA;BRADY
8028000;511.04;511.00;BRADYCARDIA;BRADY
8030000;512.69;512.64;BRADYCARDIA;BRADY
8032000;512.76;512.71;BRADYCARDIA;BRADY
8034000;510.96;510.91;BRADYCARDIA;BRADY
8036000;511.84;511.78;BRADYCARDIA;BRADY
8038000;513.22;513.16;BRADYCARDIA;BRADY
8040000;512.16;512.10;BRADYCARDIA;BRADY
8042000;510.56;510.49;BRADYCARDIA;BRADY
8044000;513.19;513.13;BRADYCARDIA;BRADY
8046000;510.87;510.80;BRADYCARDIA;BRADY
8048000;512.22;512.15;BRADYCARDIA;BRADY
8050000;512.97;512.89;BRADYCARDIA;BRADY
8052000;512.19;512.11;BRADYCARDIA;BRADY
8054000;511.64;511.56;BRADYCARDIA;BRADY
8056000;511.13;511.05;BRADYCARDIA;BRADY
8058000;511.94;511.84;BRADYCARDIA;BRADY
8060000;510.51;510.42;BRADYCARDIA;BRADY
8062000;512.82;512.73;BRADYCARDIA;BRADY
8064000;512.76;512.66;BRADYCARDIA;BRADY
8066000;513.93;513.83;BRADYCARDIA;BRADY
8068000;511.96;511.85;BRADYCARDIA;BRADY
8070000;511.78;511.67;BRADYCARDIA;BRADY
8072000;512.67;512.55;BRADYCARDIA;BRADY
8074000;512.01;511.89;BRADYCARDIA;BRADY
8076000;511.81;511.69;BRADYCARDIA;BRADY
8078000;511.41;511.29;BRADYCARDIA;BRADY
8080000;510.40;510.28;BRADYCARDIA;BRADY
8082000;511.09;510.97;BRADYCARDIA;BRADY
8084000;512.42;512.29;BRADYCARDIA;BRADY
8086000;512.98;512.85;BRADYCARDIA;BRADY
8088000;511.12;510.98;BRADYCARDIA;BRADY
8090000;512.45;512.31;BRADYCARDIA;BRADY
8092000;512.63;512.48;BRADYCARDIA;BRADY
8094000;512.31;512.16;BRADYCARDIA;BRADY
8096000;511.77;511.62;BRADYCARDIA;BRADY
8098000;512.08;511.93;BRADYCARDIA;BRADY
8100000;511.34;511.19;BRADYCARDIA;BRADY
8102000;511.46;511.30;BRADYCARDIA;BRADY
8104000;513.70;513.54;BRADYCARDIA;BRADY
8106000;512.42;512.25;BRADYCARDIA;BRADY
8108000;513.40;513.23;BRADYCARDIA;BRADY
8110000;511.33;511.16;BRADYCARDIA;BRADY
8112000;511.51;511.34;BRADYCARDIA;BRADY
8114000;513.91;513.73;BRADYCARDIA;BRADY
8116000;511.91;511.73;BRADYCARDIA;BRADY
8118000;512.31;512.12;BRADYCARDIA;BRADY
8120000;512.70;512.51;BRADYCARDIA;BRADY
8122000;512.11;511.92;BRADYCARDIA;BRADY
8124000;512.62;512.43;BRADYCARDIA;BRADY
8126000;512.97;512.77;BRADYCARDIA;BRADY
8128000;512.47;512.27;BRADYCARDIA;BRADY
8130000;513.16;512.96;BRADYCARDIA;BRADY
8132000;512.55;512.34;BRADYCARDIA;BRADY
8134000;511.22;511.01;BRADYCARDIA;BRADY
8136000;512.09;511.88;BRADYCARDIA;BRADY
8138000;512.27;512.05;BRADYCARDIA;BRADY
8140000;511.42;511.20;BRADYCARDIA;BRADY
8142000;513.09;512.87;BRADYCARDIA;BRADY
8144000;512.65;512.43;BRADYCARDIA;BRADY
8146000;511.64;511.41;BRADYCARDIA;BRADY
8148000;512.18;511.95;BRADYCARDIA;BRADY
8150000;512.37;512.14;BRADYCARDIA;BRADY
8152000;511.29;511.05;BRADYCARDIA;BRADY
8154000;513.12;512.88;BRADYCARDIA;BRADY
8156000;512.22;511.98;BRADYCARDIA;BRADY
8158000;512.61;512.36;BRADYCARDIA;BRADY
8160000;512.56;512.32;BRADYCARDIA;BRADY
8162000;512.76;512.51;BRADYCARDIA;BRADY
8164000;510.53;510.28;BRADYCARDIA;BRADY
8166000;511.40;511.14;BRADYCARDIA;BRADY
8168000;512.00;511.74;BRADYCARDIA;BRADY
8170000;511.79;511.53;BRADYCARDIA;BRADY
8172000;511.94;511.67;BRADYCARDIA;BRADY
8174000;512.88;512.61;BRADYCARDIA;BRADY
8176000;511.09;510.82;BRADYCARDIA;BRADY
8178000;512.70;512.43;BRADYCARDIA;BRADY
8180000;512.64;512.36;BRADYCARDIA;BRADY
8182000;512.66;512.37;BRADYCARDIA;BRADY
8184000;512.76;512.48;BRADYCARDIA;BRADY
8186000;513.76;513.47;BRADYCARDIA;BRADY
8188000;512.11;511.82;BRADYCARDIA;BRADY
8190000;512.01;511.71;BRADYCARDIA;BRADY
8192000;511.94;511.65;BRADYCARDIA;BRADY
8194000;513.04;512.74;BRADYCARDIA;BRADY
8196000;512.98;512.68;BRADYCARDIA;BRADY
8198000;511.76;511.45;BRADYCARDIA;BRADY
8200000;512.56;512.26;BRADYCARDIA;BRADY
8202000;511.94;511.63;BRADYCARDIA;BRADY
8204000;511.84;511.52;BRADYCARDIA;BRADY
8206000;511.41;511.09;BRADYCARDIA;BRADY
8208000;512.37;512.05;BRADYCARDIA;BRADY
8210000;511.72;511.39;BRADYCARDIA;BRADY
8212000;512.89;512.56;BRADYCARDIA;BRADY
8214000;512.67;512.34;BRADYCARDIA;BRADY
8216000;512.48;512.15;BRADYCARDIA;BRADY
8218000;512.44;512.11;BRADYCARDIA;BRADY
8220000;511.09;510.75;BRADYCARDIA;BRADY
8222000;511.53;511.19;BRADYCARDIA;BRADY
8224000;511.98;511.64;BRADYCARDIA;BRADY
8226000;511.15;510.81;BRADYCARDIA;BRADY
8228000;512.40;512.05;BRADYCARDIA;BRADY
8230000;512.51;512.15;BRADYCARDIA;BRADY
8232000;512.68;512.32;BRADYCARDIA;BRADY
8234000;511.03;510.67;BRADYCARDIA;BRADY
8236000;511.88;511.52;BRADYCARDIA;BRADY
8238000;511.42;511.06;BRADYCARDIA;BRADY
8240000;511.17;510.80;BRADYCARDIA;BRADY
8242000;514.34;513.97;BRADYCARDIA;BRADY
8244000;512.59;512.22;BRADYCARDIA;BRADY
8246000;511.29;510.91;BRADYCARDIA;BRADY
8248000;512.14;511.76;BRADYCARDIA;BRADY
8250000;511.27;510.88;BRADYCARDIA;BRADY
8252000;510.87;510.48;BRADYCARDIA;BRADY
8254000;511.69;511.30;BRADYCARDIA;BRADY
8256000;513.14;512.75;BRADYCARDIA;BRADY
8258000;511.91;511.51;BRADYCARDIA;BRADY
8260000;512.93;512.53;BRADYCARDIA;BRADY
8262000;511.34;510.94;BRADYCARDIA;BRADY
8264000;512.21;511.80;BRADYCARDIA;BRADY
8266000;511.94;511.54;BRADYCARDIA;BRADY
8268000;511.70;511.29;BRADYCARDIA;BRADY
8270000;512.34;511.92;BRADYCARDIA;BRADY
8272000;512.70;512.29;BRADYCARDIA;BRADY
8274000;512.09;511.68;BRADYCARDIA;BRADY
8276000;512.24;511.82;BRADYCARDIA;BRADY
8278000;513.20;512.78;BRADYCARDIA;BRADY
8280000;512.88;512.46;BRADYCARDIA;BRADY
8282000;510.11;509.68;BRADYCARDIA;BRADY
8284000;511.84;511.40;BRADYCARDIA;BRADY
8286000;510.99;510.55;BRADYCARDIA;BRADY
8288000;511.20;510.77;BRADYCARDIA;BRADY
8290000;514.07;513.63;BRADYCARDIA;BRADY
8292000;512.31;511.87;BRADYCARDIA;BRADY
8294000;513.20;512.75;BRADYCARDIA;BRADY
8296000;512.30;511.85;BRADYCARDIA;BRADY
8298000;512.39;511.94;BRADYCARDIA;BRADY
8300000;512.28;511.83;BRADYCARDIA;BRADY
8302000;513.15;512.69;BRADYCARDIA;BRADY
8304000;511.64;511.18;BRADYCARDIA;BRADY
8306000;512.24;511.77;BRADYCARDIA;BRADY
8308000;513.25;512.79;BRADYCARDIA;BRADY
8310000;512.34;511.87;BRADYCARDIA;BRADY
8312000;511.97;511.50;BRADYCARDIA;BRADY
8314000;512.01;511.54;BRADYCARDIA;BRADY
8316000;513.43;512.96;BRADYCARDIA;BRADY
8318000;512.01;511.53;BRADYCARDIA;BRADY
8320000;510.87;510.38;BRADYCARDIA;BRADY
8322000;512.09;511.60;BRADYCARDIA;BRADY
8324000;512.12;511.63;BRADYCARDIA;BRADY
8326000;511.54;511.05;BRADYCARDIA;BRADY
8328000;512.41;511.92;BRADYCARDIA;BRADY
8330000;511.71;511.22;BRADYCARDIA;BRADY
8332000;513.56;513.06;BRADYCARDIA;BRADY
8334000;511.96;511.46;BRADYCARDIA;BRADY
8336000;511.34;510.84;BRADYCARDIA;BRADY
8338000;513.20;512.70;BRADYCARDIA;BRADY
8340000;512.83;512.32;BRADYCARDIA;BRADY
8342000;512.94;512.43;BRADYCARDIA;BRADY
8344000;512.80;512.28;BRADYCARDIA;BRADY
8346000;514.86;514.35;BRADYCARDIA;BRADY
8348000;513.48;512.96;BRADYCARDIA;BRADY
8350000;513.14;512.62;BRADYCARDIA;BRADY
8352000;513.78;513.26;BRADYCARDIA;BRADY
8354000;513.61;513.08;BRADYCARDIA;BRADY
8356000;512.11;511.58;BRADYCARDIA;BRADY
8358000;512.60;512.07;BRADYCARDIA;BRADY
8360000;513.38;512.84;BRADYCARDIA;BRADY
8362000;512.06;511.52;BRADYCARDIA;BRADY
8364000;511.12;510.58;BRADYCARDIA;BRADY
8366000;512.08;511.53;BRADYCARDIA;BRADY
8368000;512.29;511.74;BRADYCARDIA;BRADY
8370000;513.43;512.89;BRADYCARDIA;BRADY
8372000;512.37;511.82;BRADYCARDIA;BRADY
8374000;511.99;511.43;BRADYCARDIA;BRADY
8376000;512.80;512.25;BRADYCARDIA;BRADY
8378000;511.43;510.87;BRADYCARDIA;BRADY
8380000;513.33;512.76;BRADYCARDIA;BRADY
8382000;513.23;512.67;BRADYCARDIA;BRADY
8384000;512.65;512.09;BRADYCARDIA;BRADY
8386000;511.08;510.51;BRADYCARDIA;BRADY
8388000;512.95;512.38;BRADYCARDIA;BRADY
8390000;512.45;511.88;BRADYCARDIA;BRADY
8392000;512.13;511.56;BRADYCARDIA;BRADY
8394000;512.41;511.83;BRADYCARDIA;BRADY
8396000;512.89;512.31;BRADYCARDIA;BRADY
8398000;512.16;511.57;BRADYCARDIA;BRADY
8400000;512.43;511.84;BRADYCARDIA;BRADY
8402000;512.00;511.41;BRADYCARDIA;BRADY
8404000;512.75;512.15;BRADYCARDIA;BRADY
8406000;512.62;512.02;BRADYCARDIA;BRADY
8408000;513.34;512.74;BRADYCARDIA;BRADY
8410000;513.15;512.55;BRADYCARDIA;BRADY
8412000;512.01;511.41;BRADYCARDIA;BRADY
8414000;512.09;511.49;BRADYCARDIA;BRADY
8416000;512.93;512.33;BRADYCARDIA;BRADY
8418000;512.80;512.19;BRADYCARDIA;BRADY
8420000;511.41;510.80;BRADYCARDIA;BRADY
8422000;513.83;513.21;BRADYCARDIA;BRADY
8424000;512.22;511.61;BRADYCARDIA;BRADY
8426000;512.35;511.73;BRADYCARDIA;BRADY
8428000;511.96;511.33;BRADYCARDIA;BRADY
8430000;513.67;513.05;BRADYCARDIA;BRADY
8432000;512.94;512.31;BRADYCARDIA;BRADY
8434000;511.96;511.33;BRADYCARDIA;BRADY
8436000;513.63;512.99;BRADYCARDIA;BRADY
8438000;511.62;510.98;BRADYCARDIA;BRADY
8440000;513.31;512.67;BRADYCARDIA;BRADY
8442000;512.75;512.11;BRADYCARDIA;BRADY
8444000;513.82;513.18;BRADYCARDIA;BRADY
8446000;513.42;512.78;BRADYCARDIA;BRADY
8448000;513.81;513.16;BRADYCARDIA;BRADY
8450000;513.32;512.67;BRADYCARDIA;BRADY
8452000;512.09;511.44;BRADYCARDIA;BRADY
8454000;512.14;511.48;BRADYCARDIA;BRADY
8456000;512.17;511.52;BRADYCARDIA;BRADY
8458000;512.86;512.20;BRADYCARDIA;BRADY
8460000;512.94;512.27;BRADYCARDIA;BRADY
8462000;512.97;512.30;BRADYCARDIA;BRADY
8464000;511.33;510.67;BRADYCARDIA;BRADY
8466000;512.42;511.75;BRADYCARDIA;BRADY
8468000;514.29;513.62;BRADYCARDIA;BRADY
8470000;512.53;511.86;BRADYCARDIA;BRADY
8472000;512.90;512.23;BRADYCARDIA;BRADY
8474000;512.80;512.12;BRADYCARDIA;BRADY
8476000;511.69;511.01;BRADYCARDIA;BRADY
8478000;512.48;511.80;BRADYCARDIA;BRADY
8480000;513.51;512.83;BRADYCARDIA;BRADY
8482000;513.52;512.83;BRADYCARDIA;BRADY
8484000;513.31;512.63;BRADYCARDIA;BRADY
8486000;513.66;512.97;BRADYCARDIA;BRADY
8488000;512.38;511.69;BRADYCARDIA;BRADY
8490000;512.81;512.12;BRADYCARDIA;BRADY
8492000;512.45;511.75;BRADYCARDIA;BRADY
8494000;512.53;511.83;BRADYCARDIA;BRADY
8496000;512.93;512.23;BRADYCARDIA;BRADY
8498000;513.45;512.75;BRADYCARDIA;BRADY
8500000;512.94;512.23;BRADYCARDIA;BRADY
8502000;512.18;511.47;BRADYCARDIA;BRADY
8504000;513.20;512.49;BRADYCARDIA;BRADY
8506000;512.57;511.86;BRADYCARDIA;BRADY
8508000;511.99;511.28;BRADYCARDIA;BRADY
8510000;511.46;510.74;BRADYCARDIA;BRADY
8512000;512.58;511.86;BRADYCARDIA;BRADY
8514000;512.15;511.43;BRADYCARDIA;BRADY
8516000;512.46;511.73;BRADYCARDIA;BRADY
8518000;512.19;511.46;BRADYCARDIA;BRADY
8520000;512.64;511.91;BRADYCARDIA;BRADY
8522000;514.04;513.31;BRADYCARDIA;BRADY
8524000;511.61;510.88;BRADYCARDIA;BRADY
8526000;511.98;511.25;BRADYCARDIA;BRADY
8528000;512.48;511.75;BRADYCARDIA;BRADY
8530000;512.61;511.87;BRADYCARDIA;BRADY
8532000;512.91;512.17;BRADYCARDIA;BRADY
8534000;514.08;513.33;BRADYCARDIA;BRADY
8536000;511.73;510.99;BRADYCARDIA;BRADY
8538000;513.96;513.21;BRADYCARDIA;BRADY
8540000;513.71;512.96;BRADYCARDIA;BRADY
8542000;511.61;510.86;BRADYCARDIA;BRADY
8544000;512.74;511.99;BRADYCARDIA;BRADY
8546000;513.40;512.65;BRADYCARDIA;BRADY
8548000;513.37;512.61;BRADYCARDIA;BRADY
8550000;513.06;512.30;BRADYCARDIA;BRADY
8552000;512.97;512.21;BRADYCARDIA;BRADY
8554000;512.92;512.16;BRADYCARDIA;BRADY
8556000;513.03;512.27;BRADYCARDIA;BRADY
8558000;510.98;510.22;BRADYCARDIA;BRADY
8560000;512.92;512.15;BRADYCARDIA;BRADY
8562000;513.62;512.85;BRADYCARDIA;BRADY
8564000;513.24;512.46;BRADYCARDIA;BRADY
8566000;512.89;512.12;BRADYCARDIA;BRADY
8568000;512.40;511.62;BRADYCARDIA;BRADY
8570000;512.52;511.73;BRADYCARDIA;BRADY
8572000;510.82;510.04;BRADYCARDIA;BRADY
8574000;513.25;512.46;BRADYCARDIA;BRADY
8576000;512.52;511.73;BRADYCARDIA;BRADY
8578000;512.07;511.29;BRADYCARDIA;BRADY
8580000;513.37;512.58;BRADYCARDIA;BRADY
8582000;513.72;512.93;BRADYCARDIA;BRADY
8584000;513.16;512.36;BRADYCARDIA;BRADY
8586000;512.69;511.89;BRADYCARDIA;BRADY
8588000;512.86;512.06;BRADYCARDIA;BRADY
8590000;511.23;510.43;BRADYCARDIA;BRADY
8592000;512.72;511.92;BRADYCARDIA;BRADY
8594000;511.71;510.90;BRADYCARDIA;BRADY
8596000;512.82;512.02;BRADYCARDIA;BRADY
8598000;512.97;512.16;BRADYCARDIA;BRADY
8600000;512.91;512.10;BRADYCARDIA;BRADY
8602000;512.82;512.01;BRADYCARDIA;BRADY
8604000;512.92;512.11;BRADYCARDIA;BRADY
8606000;511.48;510.66;BRADYCARDIA;BRADY
8608000;511.80;510.98;BRADYCARDIA;BRADY
8610000;513.47;512.65;BRADYCARDIA;BRADY
8612000;512.15;511.33;BRADYCARDIA;BRADY
8614000;511.84;511.02;BRADYCARDIA;BRADY
8616000;513.33;512.50;BRADYCARDIA;BRADY
8618000;513.51;512.68;BRADYCARDIA;BRADY
8620000;511.97;511.14;BRADYCARDIA;BRADY
8622000;513.02;512.19;BRADYCARDIA;BRADY
8624000;513.08;512.25;BRADYCARDIA;BRADY
8626000;512.35;511.51;BRADYCARDIA;BRADY
8628000;513.03;512.20;BRADYCARDIA;BRADY
8630000;512.04;511.20;BRADYCARDIA;BRADY
8632000;512.98;512.15;BRADYCARDIA;BRADY
8634000;514.16;513.32;BRADYCARDIA;BRADY
8636000;512.77;511.93;BRADYCARDIA;BRADY
8638000;512.36;511.52;BRADYCARDIA;BRADY
8640000;512.50;511.66;BRADYCARDIA;BRADY
8642000;512.18;511.33;BRADYCARDIA;BRADY
8644000;513.60;512.75;BRADYCARDIA;BRADY
8646000;513.04;512.20;BRADYCARDIA;BRADY
8648000;511.85;511.00;BRADYCARDIA;BRADY
8650000;513.70;512.84;BRADYCARDIA;BRADY
8652000;512.62;511.77;BRADYCARDIA;BRADY
8654000;513.54;512.68;BRADYCARDIA;BRADY
8656000;512.42;511.57;BRADYCARDIA;BRADY
8658000;511.84;510.99;BRADYCARDIA;BRADY
8660000;512.97;512.11;BRADYCARDIA;BRADY
8662000;512.66;511.80;BRADYCARDIA;BRADY
8664000;513.17;512.31;BRADYCARDIA;BRADY
8666000;512.01;511.14;BRADYCARDIA;BRADY
8668000;513.05;512.18;BRADYCARDIA;BRADY
8670000;512.81;511.94;BRADYCARDIA;BRADY
8672000;513.77;512.90;BRADYCARDIA;BRADY
8674000;514.23;513.35;BRADYCARDIA;BRADY
8676000;514.27;513.40;BRADYCARDIA;BRADY
8678000;512.57;511.69;BRADYCARDIA;BRADY
8680000;514.19;513.31;BRADYCARDIA;BRADY
8682000;512.11;511.23;BRADYCARDIA;BRADY
8684000;513.22;512.34;BRADYCARDIA;BRADY
8686000;512.13;511.25;BRADYCARDIA;BRADY
8688000;512.55;511.67;BRADYCARDIA;BRADY
8690000;512.91;512.03;BRADYCARDIA;BRADY
8692000;512.45;511.56;BRADYCARDIA;BRADY
8694000;513.51;512.62;BRADYCARDIA;BRADY
8696000;511.41;510.52;BRADYCARDIA;BRADY
8698000;512.20;511.31;BRADYCARDIA;BRADY
8700000;513.86;512.97;BRADYCARDIA;BRADY
8702000;512.98;512.09;BRADYCARDIA;BRADY
8704000;513.30;512.41;BRADYCARDIA;BRADY
8706000;513.67;512.78;BRADYCARDIA;BRADY
8708000;513.04;512.14;BRADYCARDIA;BRADY
8710000;513.63;512.74;BRADYCARDIA;BRADY
8712000;513.11;512.21;BRADYCARDIA;BRADY
8714000;512.86;511.96;BRADYCARDIA;BRADY
8716000;512.74;511.83;BRADYCARDIA;BRADY
8718000;513.05;512.15;BRADYCARDIA;BRADY
8720000;512.91;512.01;BRADYCARDIA;BRADY
8722000;511.78;510.87;BRADYCARDIA;BRADY
8724000;512.00;511.10;BRADYCARDIA;BRADY
8726000;512.68;511.77;BRADYCARDIA;BRADY
8728000;513.06;512.15;BRADYCARDIA;BRADY
8730000;512.48;511.57;BRADYCARDIA;BRADY
8732000;513.78;512.87;BRADYCARDIA;BRADY
8734000;513.72;512.80;BRADYCARDIA;BRADY
8736000;514.00;513.08;BRADYCARDIA;BRADY
8738000;513.49;512.57;BRADYCARDIA;BRADY
8740000;513.11;512.19;BRADYCARDIA;BRADY
8742000;512.42;511.50;BRADYCARDIA;BRADY
8744000;511.86;510.94;BRADYCARDIA;BRADY
8746000;512.90;511.97;BRADYCARDIA;BRADY
8748000;512.56;511.63;BRADYCARDIA;BRADY
8750000;513.56;512.64;BRADYCARDIA;BRADY
8752000;513.29;512.37;BRADYCARDIA;BRADY
8754000;513.69;512.76;BRADYCARDIA;BRADY
8756000;512.06;511.13;BRADYCARDIA;BRADY
8758000;513.05;512.12;BRADYCARDIA;BRADY
8760000;512.67;511.74;BRADYCARDIA;BRADY
8762000;512.68;511.75;BRADYCARDIA;BRADY
8764000;512.30;511.36;BRADYCARDIA;BRADY
8766000;512.96;512.03;BRADYCARDIA;BRADY
8768000;511.62;510.68;BRADYCARDIA;BRADY
8770000;513.54;512.60;BRADYCARDIA;BRADY
8772000;512.28;511.34;BRADYCARDIA;BRADY
8774000;513.74;512.80;BRADYCARDIA;BRADY
8776000;512.41;511.47;BRADYCARDIA;BRADY
8778000;513.14;512.20;BRADYCARDIA;BRADY
8780000;511.47;510.53;BRADYCARDIA;BRADY
8782000;513.17;512.23;BRADYCARDIA;BRADY
8784000;512.50;511.55;BRADYCARDIA;BRADY
8786000;513.18;512.23;BRADYCARDIA;BRADY
8788000;513.28;512.34;BRADYCARDIA;BRADY
8790000;512.36;511.42;BRADYCARDIA;BRADY
8792000;511.90;510.96;BRADYCARDIA;BRADY
8794000;513.61;512.66;BRADYCARDIA;BRADY
8796000;512.13;511.18;BRADYCARDIA;BRADY
8798000;514.29;513.34;BRADYCARDIA;BRADY
8800000;513.94;512.99;BRADYCARDIA;BRADY
8802000;511.62;510.66;BRADYCARDIA;BRADY
8804000;513.21;512.26;BRADYCARDIA;BRADY
8806000;513.38;512.42;BRADYCARDIA;BRADY
8808000;511.97;511.02;BRADYCARDIA;BRADY
8810000;513.31;512.35;BRADYCARDIA;BRADY
8812000;513.54;512.58;BRADYCARDIA;BRADY
8814000;512.41;511.46;BRADYCARDIA;BRADY
8816000;511.10;510.15;BRADYCARDIA;BRADY
8818000;513.30;512.34;BRADYCARDIA;BRADY
8820000;511.85;510.89;BRADYCARDIA;BRADY
8822000;514.11;513.15;BRADYCARDIA;BRADY
8824000;512.87;511.91;BRADYCARDIA;BRADY
8826000;512.97;512.01;BRADYCARDIA;BRADY
8828000;512.16;511.19;BRADYCARDIA;BRADY
8830000;512.94;511.98;BRADYCARDIA;BRADY
8832000;512.86;511.90;BRADYCARDIA;BRADY
8834000;511.41;510.44;BRADYCARDIA;BRADY
8836000;513.63;512.67;BRADYCARDIA;BRADY
8838000;512.66;511.69;BRADYCARDIA;BRADY
8840000;513.90;512.93;BRADYCARDIA;BRADY
8842000;512.23;511.26;BRADYCARDIA;BRADY
8844000;512.92;511.95;BRADYCARDIA;BRADY
8846000;512.88;511.91;BRADYCARDIA;BRADY
8848000;512.81;511.84;BRADYCARDIA;BRADY
8850000;512.61;511.63;BRADYCARDIA;BRADY
8852000;513.72;512.74;BRADYCARDIA;BRADY
8854000;514.00;513.03;BRADYCARDIA;BRADY
8856000;513.14;512.17;BRADYCARDIA;BRADY
8858000;513.45;512.48;BRADYCARDIA;BRADY
8860000;513.58;512.61;BRADYCARDIA;BRADY
8862000;514.23;513.26;BRADYCARDIA;BRADY
8864000;512.92;511.94;BRADYCARDIA;BRADY
8866000;514.28;513.30;BRADYCARDIA;BRADY
8868000;512.60;511.62;BRADYCARDIA;BRADY
8870000;512.26;511.29;BRADYCARDIA;BRADY
8872000;513.97;512.99;BRADYCARDIA;BRADY
8874000;512.90;511.92;BRADYCARDIA;BRADY
8876000;512.43;511.45;BRADYCARDIA;BRADY
8878000;513.87;512.89;BRADYCARDIA;BRADY
8880000;513.13;512.15;BRADYCARDIA;BRADY
8882000;512.67;511.68;BRADYCARDIA;BRADY
8884000;513.50;512.51;BRADYCARDIA;BRADY
8886000;513.18;512.20;BRADYCARDIA;BRADY
8888000;513.75;512.77;BRADYCARDIA;BRADY
8890000;512.88;511.90;BRADYCARDIA;BRADY
8892000;512.96;511.98;BRADYCARDIA;BRADY
8894000;513.21;512.22;BRADYCARDIA;BRADY
8896000;512.96;511.97;BRADYCARDIA;BRADY
8898000;513.74;512.75;BRADYCARDIA;BRADY
8900000;511.81;510.82;BRADYCARDIA;BRADY
8902000;513.42;512.43;BRADYCARDIA;BRADY
8904000;511.50;510.52;BRADYCARDIA;BRADY
8906000;511.57;510.58;BRADYCARDIA;BRADY
8908000;514.12;513.13;BRADYCARDIA;BRADY
8910000;512.29;511.30;BRADYCARDIA;BRADY
8912000;512.89;511.90;BRADYCARDIA;BRADY
8914000;513.84;512.85;BRADYCARDIA;BRADY
8916000;513.72;512.73;BRADYCARDIA;BRADY
8918000;511.00;510.01;BRADYCARDIA;BRADY
8920000;511.23;510.24;BRADYCARDIA;BRADY
8922000;514.03;513.03;BRADYCARDIA;BRADY
8924000;512.50;511.51;BRADYCARDIA;BRADY
8926000;512.78;511.78;BRADYCARDIA;BRADY
8928000;513.57;512.57;BRADYCARDIA;BRADY
8930000;512.39;511.39;BRADYCARDIA;BRADY
8932000;513.50;512.51;BRADYCARDIA;BRADY
8934000;512.51;511.51;BRADYCARDIA;BRADY
8936000;512.91;511.91;BRADYCARDIA;BRADY
8938000;513.67;512.68;BRADYCARDIA;BRADY
8940000;512.75;511.76;BRADYCARDIA;BRADY
8942000;512.80;511.81;BRADYCARDIA;BRADY
8944000;512.32;511.32;BRADYCARDIA;BRADY
8946000;512.99;511.99;BRADYCARDIA;BRADY
8948000;512.31;511.31;BRADYCARDIA;BRADY
8950000;512.63;511.63;BRADYCARDIA;BRADY
8952000;511.27;510.28;BRADYCARDIA;BRADY
8954000;513.94;512.94;BRADYCARDIA;BRADY
8956000;512.01;511.01;BRADYCARDIA;BRADY
8958000;513.09;512.09;BRADYCARDIA;BRADY
8960000;512.58;511.58;BRADYCARDIA;BRADY
8962000;512.91;511.91;BRADYCARDIA;BRADY
8964000;512.29;511.29;BRADYCARDIA;BRADY
8966000;512.47;511.47;BRADYCARDIA;BRADY
8968000;512.52;511.52;BRADYCARDIA;BRADY
8970000;513.13;512.13;BRADYCARDIA;BRADY
8972000;513.12;512.12;BRADYCARDIA;BRADY
8974000;512.66;511.67;BRADYCARDIA;BRADY
8976000;512.98;511.98;BRADYCARDIA;BRADY
8978000;513.41;512.41;BRADYCARDIA;BRADY
8980000;513.77;512.77;BRADYCARDIA;BRADY
8982000;512.32;511.32;BRADYCARDIA;BRADY
8984000;513.06;512.06;BRADYCARDIA;BRADY
8986000;513.23;512.23;BRADYCARDIA;BRADY
8988000;513.51;512.51;BRADYCARDIA;BRADY
8990000;514.21;513.21;BRADYCARDIA;BRADY
8992000;514.18;513.18;BRADYCARDIA;BRADY
8994000;512.90;511.90;BRADYCARDIA;BRADY
8996000;512.46;511.46;BRADYCARDIA;BRADY
8998000;512.03;511.03;BRADYCARDIA;BRADY
9000000;512.90;511.90;BRADYCARDIA;BRADY
9002000;513.80;512.80;BRADYCARDIA;BRADY
9004000;512.60;511.60;BRADYCARDIA;BRADY
9006000;513.02;512.02;BRADYCARDIA;BRADY
9008000;512.68;511.68;BRADYCARDIA;BRADY
9010000;512.64;511.64;BRADYCARDIA;BRADY
9012000;514.21;513.21;BRADYCARDIA;BRADY
9014000;512.28;511.28;BRADYCARDIA;BRADY
9016000;514.05;513.05;BRADYCARDIA;BRADY
9018000;512.54;511.54;BRADYCARDIA;BRADY
9020000;513.19;512.19;BRADYCARDIA;BRADY
9022000;513.77;512.77;BRADYCARDIA;BRADY
9024000;513.26;512.26;BRADYCARDIA;BRADY
9026000;514.19;513.20;BRADYCARDIA;BRADY
9028000;514.17;513.17;BRADYCARDIA;BRADY
9030000;513.81;512.81;BRADYCARDIA;BRADY
9032000;513.01;512.01;BRADYCARDIA;BRADY
9034000;511.76;510.76;BRADYCARDIA;BRADY
9036000;512.36;511.36;BRADYCARDIA;BRADY
9038000;510.91;509.91;BRADYCARDIA;BRADY
9040000;512.88;511.88;BRADYCARDIA;BRADY
9042000;512.95;511.95;BRADYCARDIA;BRADY
9044000;512.85;511.85;BRADYCARDIA;BRADY
9046000;513.63;512.63;BRADYCARDIA;BRADY
9048000;511.14;510.15;BRADYCARDIA;BRADY
9050000;513.33;512.33;BRADYCARDIA;BRADY
9052000;512.94;511.94;BRADYCARDIA;BRADY
9054000;511.83;510.83;BRADYCARDIA;BRADY
9056000;512.68;511.69;BRADYCARDIA;BRADY
9058000;512.68;511.68;BRADYCARDIA;BRADY
9060000;511.88;510.88;BRADYCARDIA;BRADY
9062000;511.47;510.48;BRADYCARDIA;BRADY
9064000;513.85;512.85;BRADYCARDIA;BRADY
9066000;513.03;512.03;BRADYCARDIA;BRADY
9068000;512.66;511.66;BRADYCARDIA;BRADY
9070000;512.24;511.24;BRADYCARDIA;BRADY
9072000;512.97;511.97;BRADYCARDIA;BRADY
9074000;512.44;511.44;BRADYCARDIA;BRADY
9076000;512.87;511.88;BRADYCARDIA;BRADY
9078000;511.34;510.35;BRADYCARDIA;BRADY
9080000;513.32;512.32;BRADYCARDIA;BRADY
9082000;513.39;512.40;BRADYCARDIA;BRADY
9084000;513.19;512.20;BRADYCARDIA;BRADY
9086000;513.33;512.34;BRADYCARDIA;BRADY
9088000;513.34;512.35;BRADYCARDIA;BRADY
9090000;511.77;510.78;BRADYCARDIA;BRADY
9092000;512.62;511.63;BRADYCARDIA;BRADY
9094000;512.25;511.26;BRADYCARDIA;BRADY
9096000;512.60;511.61;BRADYCARDIA;BRADY
9098000;512.35;511.36;BRADYCARDIA;BRADY
9100000;513.51;512.52;BRADYCARDIA;BRADY
9102000;513.70;512.71;BRADYCARDIA;BRADY
9104000;513.20;512.21;BRADYCARDIA;BRADY
9106000;512.41;511.43;BRADYCARDIA;BRADY
9108000;513.95;512.97;BRADYCARDIA;BRADY
9110000;513.83;512.85;BRADYCARDIA;BRADY
9112000;512.33;511.35;BRADYCARDIA;BRADY
9114000;513.10;512.12;BRADYCARDIA;BRADY
9116000;514.55;513.57;BRADYCARDIA;BRADY
9118000;513.56;512.58;BRADYCARDIA;BRADY
9120000;514.14;513.16;BRADYCARDIA;BRADY
9122000;512.12;511.14;BRADYCARDIA;BRADY
9124000;513.06;512.08;BRADYCARDIA;BRADY
9126000;512.96;511.98;BRADYCARDIA;BRADY
9128000;512.46;511.48;BRADYCARDIA;BRADY
9130000;512.98;512.00;BRADYCARDIA;BRADY
9132000;513.26;512.28;BRADYCARDIA;BRADY
9134000;514.08;513.10;BRADYCARDIA;BRADY
9136000;513.26;512.29;BRADYCARDIA;BRADY
9138000;513.05;512.07;BRADYCARDIA;BRADY
9140000;512.69;511.71;BRADYCARDIA;BRADY
9142000;512.97;512.00;BRADYCARDIA;BRADY
9144000;513.91;512.93;BRADYCARDIA;BRADY
9146000;512.77;511.80;BRADYCARDIA;BRADY
9148000;512.28;511.31;BRADYCARDIA;BRADY
9150000;513.19;512.22;BRADYCARDIA;BRADY
9152000;512.23;511.26;BRADYCARDIA;BRADY
9154000;513.19;512.22;BRADYCARDIA;BRADY
9156000;512.96;511.99;BRADYCARDIA;BRADY
9158000;512.69;511.72;BRADYCARDIA;BRADY
9160000;512.90;511.93;BRADYCARDIA;BRADY
9162000;513.70;512.74;BRADYCARDIA;BRADY
9164000;512.09;511.13;BRADYCARDIA;BRADY
9166000;511.86;510.90;BRADYCARDIA;BRADY
9168000;512.72;511.75;BRADYCARDIA;BRADY
9170000;512.27;511.30;BRADYCARDIA;BRADY
9172000;513.57;512.60;BRADYCARDIA;BRADY
9174000;512.07;511.11;BRADYCARDIA;BRADY
9176000;514.23;513.27;BRADYCARDIA;BRADY
9178000;513.26;512.30;BRADYCARDIA;BRADY
9180000;514.73;513.77;BRADYCARDIA;BRADY
9182000;512.80;511.84;BRADYCARDIA;BRADY
9184000;512.15;511.20;BRADYCARDIA;BRADY
9186000;513.78;512.82;BRADYCARDIA;BRADY
9188000;513.79;512.84;BRADYCARDIA;BRADY
9190000;514.04;513.08;BRADYCARDIA;BRADY
9192000;513.48;512.53;BRADYCARDIA;BRADY
9194000;512.86;511.90;BRADYCARDIA;BRADY
9196000;513.14;512.19;BRADYCARDIA;BRADY
9198000;511.70;510.75;BRADYCARDIA;BRADY
9200000;513.05;512.10;BRADYCARDIA;BRADY
9202000;514.75;513.80;BRADYCARDIA;BRADY
9204000;512.86;511.91;BRADYCARDIA;BRADY
9206000;512.86;511.91;BRADYCARDIA;BRADY
9208000;514.56;513.61;BRADYCARDIA;BRADY
9210000;511.77;510.83;BRADYCARDIA;BRADY
9212000;512.21;511.27;BRADYCARDIA;BRADY
9214000;513.36;512.42;BRADYCARDIA;BRADY
9216000;513.68;512.74;BRADYCARDIA;BRADY
9218000;513.43;512.49;BRADYCARDIA;BRADY
9220000;513.44;512.50;BRADYCARDIA;BRADY
9222000;514.12;513.18;BRADYCARDIA;BRADY
9224000;513.22;512.29;BRADYCARDIA;BRADY
9226000;512.71;511.77;BRADYCARDIA;BRADY
9228000;513.52;512.59;BRADYCARDIA;BRADY
9230000;512.84;511.91;BRADYCARDIA;BRADY
9232000;512.89;511.96;BRADYCARDIA;BRADY
9234000;513.01;512.08;BRADYCARDIA;BRADY
9236000;512.86;511.93;BRADYCARDIA;BRADY
9238000;512.86;511.93;BRADYCARDIA;BRADY
9240000;513.18;512.25;BRADYCARDIA;BRADY
9242000;512.77;511.84;BRADYCARDIA;BRADY
9244000;512.46;511.53;BRADYCARDIA;BRADY
9246000;513.23;512.31;BRADYCARDIA;BRADY
9248000;512.80;511.88;BRADYCARDIA;BRADY
9250000;513.45;512.52;BRADYCARDIA;BRADY
9252000;511.43;510.50;BRADYCARDIA;BRADY
9254000;513.66;512.74;BRADYCARDIA;BRADY
9256000;513.32;512.40;BRADYCARDIA;BRADY
9258000;513.10;512.18;BRADYCARDIA;BRADY
9260000;512.03;511.11;BRADYCARDIA;BRADY
9262000;513.09;512.18;BRADYCARDIA;BRADY
9264000;512.73;511.82;BRADYCARDIA;BRADY
9266000;512.80;511.89;BRADYCARDIA;BRADY
9268000;513.21;512.30;BRADYCARDIA;BRADY
9270000;511.87;510.96;BRADYCARDIA;BRADY
9272000;513.24;512.33;BRADYCARDIA;BRADY
9274000;513.04;512.14;BRADYCARDIA;BRADY
9276000;513.73;512.82;BRADYCARDIA;BRADY
9278000;514.54;513.64;BRADYCARDIA;BRADY
9280000;513.52;512.62;BRADYCARDIA;BRADY
9282000;512.37;511.47;BRADYCARDIA;BRADY
9284000;513.22;512.32;BRADYCARDIA;BRADY
9286000;512.30;511.40;BRADYCARDIA;BRADY
9288000;512.45;511.55;BRADYCARDIA;BRADY
9290000;511.98;511.08;BRADYCARDIA;BRADY
9292000;512.33;511.43;BRADYCARDIA;BRADY
9294000;513.38;512.49;BRADYCARDIA;BRADY
9296000;512.78;511.89;BRADYCARDIA;BRADY
9298000;512.95;512.06;BRADYCARDIA;BRADY
9300000;513.65;512.76;BRADYCARDIA;BRADY
9302000;513.92;513.03;BRADYCARDIA;BRADY
9304000;512.30;511.41;BRADYCARDIA;BRADY
9306000;512.43;511.54;BRADYCARDIA;BRADY
9308000;512.71;511.82;BRADYCARDIA;BRADY
9310000;513.51;512.62;BRADYCARDIA;BRADY
9312000;513.51;512.62;BRADYCARDIA;BRADY
9314000;513.01;512.13;BRADYCARDIA;BRADY
9316000;512.32;511.44;BRADYCARDIA;BRADY
9318000;513.65;512.78;BRADYCARDIA;BRADY
9320000;512.68;511.81;BRADYCARDIA;BRADY
9322000;513.09;512.21;BRADYCARDIA;BRADY
9324000;512.28;511.41;BRADYCARDIA;BRADY
9326000;513.12;512.25;BRADYCARDIA;BRADY
9328000;512.73;511.86;BRADYCARDIA;BRADY
9330000;511.92;511.06;BRADYCARDIA;BRADY
9332000;512.75;511.88;BRADYCARDIA;BRADY
9334000;511.27;510.40;BRADYCARDIA;BRADY
9336000;512.34;511.48;BRADYCARDIA;BRADY
9338000;513.64;512.77;BRADYCARDIA;BRADY
9340000;512.97;512.11;BRADYCARDIA;BRADY
9342000;512.03;511.17;BRADYCARDIA;BRADY
9344000;513.83;512.98;BRADYCARDIA;BRADY
9346000;513.19;512.34;BRADYCARDIA;BRADY
9348000;512.25;511.40;BRADYCARDIA;BRADY
9350000;513.49;512.64;BRADYCARDIA;BRADY
9352000;512.58;511.73;BRADYCARDIA;BRADY
9354000;513.13;512.28;BRADYCARDIA;BRADY
9356000;512.46;511.62;BRADYCARDIA;BRADY
9358000;512.28;511.43;BRADYCARDIA;BRADY
9360000;513.29;512.44;BRADYCARDIA;BRADY
9362000;512.50;511.65;BRADYCARDIA;BRADY
9364000;513.41;512.57;BRADYCARDIA;BRADY
9366000;511.35;510.51;BRADYCARDIA;BRADY
9368000;513.51;512.68;BRADYCARDIA;BRADY
9370000;513.15;512.32;BRADYCARDIA;BRADY
9372000;512.76;511.93;BRADYCARDIA;BRADY
9374000;512.51;511.67;BRADYCARDIA;BRADY
9376000;512.39;511.56;BRADYCARDIA;BRADY
9378000;512.68;511.85;BRADYCARDIA;BRADY
9380000;513.87;513.04;BRADYCARDIA;BRADY
9382000;513.19;512.37;BRADYCARDIA;BRADY
9384000;513.09;512.26;BRADYCARDIA;BRADY
9386000;513.00;512.18;BRADYCARDIA;BRADY
9388000;512.04;511.22;BRADYCARDIA;BRADY
9390000;513.16;512.34;BRADYCARDIA;BRADY
9392000;512.40;511.59;BRADYCARDIA;BRADY
9394000;513.10;512.28;BRADYCARDIA;BRADY
9396000;513.26;512.45;BRADYCARDIA;BRADY
9398000;511.76;510.95;BRADYCARDIA;BRADY
9400000;515.16;514.35;BRADYCARDIA;BRADY
9402000;512.34;511.54;BRADYCARDIA;BRADY
9404000;512.28;511.48;BRADYCARDIA;BRADY
9406000;512.54;511.74;BRADYCARDIA;BRADY
9408000;513.28;512.48;BRADYCARDIA;BRADY
9410000;512.99;512.19;BRADYCARDIA;BRADY
9412000;512.98;512.18;BRADYCARDIA;BRADY
9414000;511.62;510.83;BRADYCARDIA;BRADY
9416000;512.68;511.89;BRADYCARDIA;BRADY
9418000;511.79;511.00;BRADYCARDIA;BRADY
9420000;513.24;512.45;BRADYCARDIA;BRADY
9422000;514.15;513.36;BRADYCARDIA;BRADY
9424000;513.16;512.37;BRADYCARDIA;BRADY
9426000;512.04;511.25;BRADYCARDIA;BRADY
9428000;511.28;510.50;BRADYCARDIA;BRADY
9430000;512.17;511.39;BRADYCARDIA;BRADY
9432000;512.50;511.72;BRADYCARDIA;BRADY
9434000;512.48;511.70;BRADYCARDIA;BRADY
9436000;512.41;511.63;BRADYCARDIA;BRADY
9438000;514.28;513.51;BRADYCARDIA;BRADY
9440000;512.40;511.63;BRADYCARDIA;BRADY
9442000;513.24;512.47;BRADYCARDIA;BRADY
9444000;512.92;512.15;BRADYCARDIA;BRADY
9446000;511.18;510.41;BRADYCARDIA;BRADY
9448000;513.68;512.92;BRADYCARDIA;BRADY
9450000;512.66;511.90;BRADYCARDIA;BRADY
9452000;512.46;511.70;BRADYCARDIA;BRADY
9454000;513.90;513.15;BRADYCARDIA;BRADY
9456000;513.90;513.15;BRADYCARDIA;BRADY
9458000;511.61;510.85;BRADYCARDIA;BRADY
9460000;512.80;512.05;BRADYCARDIA;BRADY
9462000;514.21;513.47;BRADYCARDIA;BRADY
9464000;511.93;511.19;BRADYCARDIA;BRADY
9466000;512.44;511.70;BRADYCARDIA;BRADY
9468000;512.32;511.58;BRADYCARDIA;BRADY
9470000;512.96;512.22;BRADYCARDIA;BRADY
9472000;512.60;511.86;BRADYCARDIA;BRADY
9474000;512.17;511.44;BRADYCARDIA;BRADY
9476000;512.16;511.43;BRADYCARDIA;BRADY
9478000;511.77;511.04;BRADYCARDIA;BRADY
9480000;513.59;512.86;BRADYCARDIA;BRADY
9482000;512.96;512.23;BRADYCARDIA;BRADY
9484000;511.63;510.90;BRADYCARDIA;BRADY
9486000;512.60;511.88;BRADYCARDIA;BRADY
9488000;513.42;512.70;BRADYCARDIA;BRADY
9490000;511.98;511.26;BRADYCARDIA;BRADY
9492000;512.94;512.22;BRADYCARDIA;BRADY
9494000;512.17;511.45;BRADYCARDIA;BRADY
9496000;512.25;511.54;BRADYCARDIA;BRADY
9498000;511.68;510.97;BRADYCARDIA;BRADY
9500000;514.38;513.67;BRADYCARDIA;BRADY
9502000;511.98;511.28;BRADYCARDIA;BRADY
9504000;512.98;512.28;BRADYCARDIA;BRADY
9506000;511.82;511.12;BRADYCARDIA;BRADY
9508000;512.44;511.74;BRADYCARDIA;BRADY
9510000;512.30;511.60;BRADYCARDIA;BRADY
9512000;512.80;512.11;BRADYCARDIA;BRADY
9514000;513.31;512.62;BRADYCARDIA;BRADY
9516000;513.28;512.59;BRADYCARDIA;BRADY
9518000;512.61;511.92;BRADYCARDIA;BRADY
9520000;512.10;511.42;BRADYCARDIA;BRADY
9522000;512.81;512.12;BRADYCARDIA;BRADY
9524000;512.18;511.50;BRADYCARDIA;BRADY
9526000;514.21;513.54;BRADYCARDIA;BRADY
9528000;512.29;511.61;BRADYCARDIA;BRADY
9530000;512.25;511.57;BRADYCARDIA;BRADY
9532000;513.05;512.38;BRADYCARDIA;BRADY
9534000;513.31;512.64;BRADYCARDIA;BRADY
9536000;512.27;511.61;BRADYCARDIA;BRADY
9538000;511.68;511.02;BRADYCARDIA;BRADY
9540000;513.02;512.36;BRADYCARDIA;BRADY
9542000;511.66;511.00;BRADYCARDIA;BRADY
9544000;512.08;511.42;BRADYCARDIA;BRADY
9546000;513.25;512.59;BRADYCARDIA;BRADY
9548000;511.25;510.59;BRADYCARDIA;BRADY
9550000;511.17;510.52;BRADYCARDIA;BRADY
9552000;513.35;512.71;BRADYCARDIA;BRADY
9554000;514.03;513.38;BRADYCARDIA;BRADY
9556000;513.40;512.76;BRADYCARDIA;BRADY
9558000;511.73;511.09;BRADYCARDIA;BRADY
9560000;511.42;510.79;BRADYCARDIA;BRADY
9562000;511.81;511.18;BRADYCARDIA;BRADY
9564000;512.02;511.39;BRADYCARDIA;BRADY
9566000;512.04;511.41;BRADYCARDIA;BRADY
9568000;513.12;512.49;BRADYCARDIA;BRADY
9570000;511.43;510.80;BRADYCARDIA;BRADY
9572000;512.24;511.62;BRADYCARDIA;BRADY
9574000;511.50;510.88;BRADYCARDIA;BRADY
9576000;512.66;512.04;BRADYCARDIA;BRADY
9578000;512.20;511.58;BRADYCARDIA;BRADY
9580000;512.17;511.56;BRADYCARDIA;BRADY
9582000;512.02;511.41;BRADYCARDIA;BRADY
9584000;512.99;512.38;BRADYCARDIA;BRADY
9586000;512.93;512.33;BRADYCARDIA;BRADY
9588000;514.15;513.55;BRADYCARDIA;BRADY
9590000;512.79;512.19;BRADYCARDIA;BRADY
9592000;513.61;513.01;BRADYCARDIA;BRADY
9594000;512.86;512.27;BRADYCARDIA;BRADY
9596000;512.36;511.77;BRADYCARDIA;BRADY
9598000;511.06;510.47;BRADYCARDIA;BRADY
9600000;512.57;511.98;BRADYCARDIA;BRADY
9602000;513.88;513.30;BRADYCARDIA;BRADY
9604000;511.97;511.39;BRADYCARDIA;BRADY
9606000;510.90;510.32;BRADYCARDIA;BRADY
9608000;512.59;512.01;BRADYCARDIA;BRADY
9610000;512.84;512.26;BRADYCARDIA;BRADY
9612000;510.84;510.26;BRADYCARDIA;BRADY
9614000;512.46;511.89;BRADYCARDIA;BRADY
9616000;512.57;512.00;BRADYCARDIA;BRADY
9618000;511.72;511.15;BRADYCARDIA;BRADY
9620000;511.70;511.14;BRADYCARDIA;BRADY
9622000;513.04;512.48;BRADYCARDIA;BRADY
9624000;510.91;510.36;BRADYCARDIA;BRADY
9626000;513.06;512.51;BRADYCARDIA;BRADY
9628000;511.61;511.06;BRADYCARDIA;BRADY
9630000;512.76;512.21;BRADYCARDIA;BRADY
9632000;513.05;512.50;BRADYCARDIA;BRADY
9634000;511.73;511.19;BRADYCARDIA;BRADY
9636000;513.62;513.08;BRADYCARDIA;BRADY
9638000;511.72;511.18;BRADYCARDIA;BRADY
9640000;511.25;510.71;BRADYCARDIA;BRADY
9642000;513.11;512.58;BRADYCARDIA;BRADY
9644000;513.30;512.77;BRADYCARDIA;BRADY
9646000;513.91;513.38;BRADYCARDIA;BRADY
9648000;511.76;511.24;BRADYCARDIA;BRADY
9650000;513.27;512.75;BRADYCARDIA;BRADY
9652000;512.79;512.27;BRADYCARDIA;BRADY
9654000;511.00;510.48;BRADYCARDIA;BRADY
9656000;512.50;511.99;BRADYCARDIA;BRADY
9658000;514.48;513.97;BRADYCARDIA;BRADY
9660000;512.47;511.96;BRADYCARDIA;BRADY
9662000;512.83;512.33;BRADYCARDIA;BRADY
9664000;513.37;512.87;BRADYCARDIA;BRADY
9666000;511.60;511.10;BRADYCARDIA;BRADY
9668000;512.02;511.52;BRADYCARDIA;BRADY
9670000;512.01;511.52;BRADYCARDIA;BRADY
9672000;512.84;512.35;BRADYCARDIA;BRADY
9674000;513.03;512.54;BRADYCARDIA;BRADY
9676000;512.41;511.93;BRADYCARDIA;BRADY
9678000;512.16;511.67;BRADYCARDIA;BRADY
9680000;512.81;512.33;BRADYCARDIA;BRADY
9682000;511.85;511.37;BRADYCARDIA;BRADY
9684000;511.56;511.08;BRADYCARDIA;BRADY
9686000;512.21;511.74;BRADYCARDIA;BRADY
9688000;512.59;512.12;BRADYCARDIA;BRADY
9690000;511.91;511.44;BRADYCARDIA;BRADY
9692000;511.07;510.60;BRADYCARDIA;BRADY
9694000;511.93;511.46;BRADYCARDIA;BRADY
9696000;513.37;512.91;BRADYCARDIA;BRADY
9698000;512.88;512.43;BRADYCARDIA;BRADY
9700000;513.43;512.97;BRADYCARDIA;BRADY
9702000;511.41;510.96;BRADYCARDIA;BRADY
9704000;513.40;512.95;BRADYCARDIA;BRADY
9706000;512.53;512.09;BRADYCARDIA;BRADY
9708000;511.28;510.84;BRADYCARDIA;BRADY
9710000;512.27;511.83;BRADYCARDIA;BRADY
9712000;512.38;511.94;BRADYCARDIA;BRADY
9714000;513.10;512.67;BRADYCARDIA;BRADY
9716000;512.27;511.84;BRADYCARDIA;BRADY
9718000;512.31;511.88;BRADYCARDIA;BRADY
9720000;512.55;512.13;BRADYCARDIA;BRADY
9722000;512.04;511.62;BRADYCARDIA;BRADY
9724000;511.87;511.45;BRADYCARDIA;BRADY
9726000;511.72;511.30;BRADYCARDIA;BRADY
9728000;511.97;511.55;BRADYCARDIA;BRADY
9730000;513.45;513.04;BRADYCARDIA;BRADY
9732000;512.62;512.21;BRADYCARDIA;BRADY
9734000;511.54;511.13;BRADYCARDIA;BRADY
9736000;512.75;512.34;BRADYCARDIA;BRADY
9738000;510.13;509.73;BRADYCARDIA;BRADY
9740000;513.34;512.95;BRADYCARDIA;BRADY
9742000;513.49;513.10;BRADYCARDIA;BRADY
9744000;513.07;512.68;BRADYCARDIA;BRADY
9746000;513.68;513.29;BRADYCARDIA;BRADY
9748000;512.99;512.60;BRADYCARDIA;BRADY
9750000;512.67;512.29;BRADYCARDIA;BRADY
9752000;511.90;511.52;BRADYCARDIA;BRADY
9754000;512.25;511.87;BRADYCARDIA;BRADY
9756000;513.34;512.96;BRADYCARDIA;BRADY
9758000;512.03;511.65;BRADYCARDIA;BRADY
9760000;512.92;512.55;BRADYCARDIA;BRADY
9762000;513.09;512.73;BRADYCARDIA;BRADY
9764000;513.85;513.48;BRADYCARDIA;BRADY
9766000;512.21;511.85;BRADYCARDIA;BRADY
9768000;512.19;511.84;BRADYCARDIA;BRADY
9770000;513.56;513.21;BRADYCARDIA;BRADY
9772000;512.48;512.13;BRADYCARDIA;BRADY
9774000;513.28;512.93;BRADYCARDIA;BRADY
9776000;513.04;512.70;BRADYCARDIA;BRADY
9778000;512.64;512.30;BRADYCARDIA;BRADY
9780000;513.15;512.81;BRADYCARDIA;BRADY
9782000;512.23;511.90;BRADYCARDIA;BRADY
9784000;513.11;512.78;BRADYCARDIA;BRADY
9786000;511.88;511.55;BRADYCARDIA;BRADY
9788000;511.70;511.38;BRADYCARDIA;BRADY
9790000;510.81;510.49;BRADYCARDIA;BRADY
9792000;512.61;512.29;BRADYCARDIA;BRADY
9794000;513.58;513.26;BRADYCARDIA;BRADY
9796000;512.86;512.55;BRADYCARDIA;BRADY
9798000;512.06;511.75;BRADYCARDIA;BRADY
9800000;512.20;511.89;BRADYCARDIA;BRADY
9802000;511.55;511.24;BRADYCARDIA;BRADY
9804000;512.00;511.70;BRADYCARDIA;BRADY
9806000;511.55;511.25;BRADYCARDIA;BRADY
9808000;511.20;510.90;BRADYCARDIA;BRADY
9810000;510.62;510.33;BRADYCARDIA;BRADY
9812000;512.01;511.72;BRADYCARDIA;BRADY
9814000;513.13;512.85;BRADYCARDIA;BRADY
9816000;514.94;514.65;BRADYCARDIA;BRADY
9818000;510.62;510.34;BRADYCARDIA;BRADY
9820000;511.91;511.63;BRADYCARDIA;BRADY
9822000;512.21;511.94;BRADYCARDIA;BRADY
9824000;512.57;512.29;BRADYCARDIA;BRADY
9826000;511.78;511.51;BRADYCARDIA;BRADY
9828000;512.12;511.86;BRADYCARDIA;BRADY
9830000;511.36;511.10;BRADYCARDIA;BRADY
9832000;512.60;512.34;BRADYCARDIA;BRADY
9834000;511.50;511.24;BRADYCARDIA;BRADY
9836000;512.45;512.19;BRADYCARDIA;BRADY
9838000;512.35;512.10;BRADYCARDIA;BRADY
9840000;511.39;511.14;BRADYCARDIA;BRADY
9842000;512.69;512.44;BRADYCARDIA;BRADY
9844000;512.58;512.34;BRADYCARDIA;BRADY
9846000;511.51;511.27;BRADYCARDIA;BRADY
9848000;511.09;510.85;BRADYCARDIA;BRADY
9850000;511.60;511.37;BRADYCARDIA;BRADY
9852000;513.58;513.35;BRADYCARDIA;BRADY
9854000;511.58;511.36;BRADYCARDIA;BRADY
9856000;511.51;511.28;BRADYCARDIA;BRADY
9858000;512.78;512.56;BRADYCARDIA;BRADY
9860000;513.11;512.89;BRADYCARDIA;BRADY
9862000;510.71;510.49;BRADYCARDIA;BRADY
9864000;512.19;511.98;BRADYCARDIA;BRADY
9866000;511.55;511.34;BRADYCARDIA;BRADY
9868000;512.74;512.54;BRADYCARDIA;BRADY
9870000;511.91;511.71;BRADYCARDIA;BRADY
9872000;511.75;511.55;BRADYCARDIA;BRADY
9874000;512.68;512.48;BRADYCARDIA;BRADY
9876000;512.35;512.16;BRADYCARDIA;BRADY
9878000;511.81;511.61;BRADYCARDIA;BRADY
9880000;510.89;510.70;BRADYCARDIA;BRADY
9882000;511.09;510.90;BRADYCARDIA;BRADY
9884000;513.77;513.59;BRADYCARDIA;BRADY
9886000;511.82;511.64;BRADYCARDIA;BRADY
9888000;513.85;513.68;BRADYCARDIA;BRADY
9890000;512.07;511.90;BRADYCARDIA;BRADY
9892000;512.32;512.15;BRADYCARDIA;BRADY
9894000;511.61;511.44;BRADYCARDIA;BRADY
9896000;511.06;510.90;BRADYCARDIA;BRADY
9898000;511.59;511.44;BRADYCARDIA;BRADY
9900000;513.12;512.97;BRADYCARDIA;BRADY
9902000;512.29;512.14;BRADYCARDIA;BRADY
9904000;512.99;512.84;BRADYCARDIA;BRADY
9906000;513.81;513.67;BRADYCARDIA;BRADY
9908000;511.91;511.77;BRADYCARDIA;BRADY
9910000;512.79;512.65;BRADYCARDIA;BRADY
9912000;512.34;512.20;BRADYCARDIA;BRADY
9914000;511.95;511.82;BRADYCARDIA;BRADY
9916000;513.48;513.35;BRADYCARDIA;BRADY
9918000;513.36;513.23;BRADYCARDIA;BRADY
9920000;512.08;511.95;BRADYCARDIA;BRADY
9922000;512.63;512.50;BRADYCARDIA;BRADY
9924000;512.51;512.39;BRADYCARDIA;BRADY
9926000;511.47;511.35;BRADYCARDIA;BRADY
9928000;510.95;510.84;BRADYCARDIA;BRADY
9930000;511.31;511.20;BRADYCARDIA;BRADY
9932000;512.36;512.25;BRADYCARDIA;BRADY
9934000;511.20;511.10;BRADYCARDIA;BRADY
9936000;510.57;510.47;BRADYCARDIA;BRADY
9938000;511.22;511.13;BRADYCARDIA;BRADY
9940000;510.64;510.55;BRADYCARDIA;BRADY
9942000;510.51;510.42;BRADYCARDIA;BRADY
9944000;512.27;512.18;BRADYCARDIA;BRADY
9946000;512.18;512.09;BRADYCARDIA;BRADY
9948000;512.64;512.56;BRADYCARDIA;BRADY
9950000;511.07;510.99;BRADYCARDIA;BRADY
9952000;512.24;512.16;BRADYCARDIA;BRADY
9954000;511.78;511.71;BRADYCARDIA;BRADY
9956000;511.33;511.26;BRADYCARDIA;BRADY
9958000;511.11;511.04;BRADYCARDIA;BRADY
9960000;513.06;512.99;BRADYCARDIA;BRADY
9962000;513.40;513.34;BRADYCARDIA;BRADY
9964000;511.78;511.72;BRADYCARDIA;BRADY
9966000;512.53;512.48;BRADYCARDIA;BRADY
9968000;512.11;512.06;BRADYCARDIA;BRADY
9970000;512.34;512.30;BRADYCARDIA;BRADY
9972000;511.36;511.31;BRADYCARDIA;BRADY
9974000;510.67;510.63;BRADYCARDIA;BRADY
9976000;511.81;511.77;BRADYCARDIA;BRADY
9978000;512.11;512.08;BRADYCARDIA;BRADY
9980000;511.72;511.69;BRADYCARDIA;BRADY
9982000;510.60;510.58;BRADYCARDIA;BRADY
9984000;511.40;511.38;BRADYCARDIA;BRADY
9986000;511.43;511.41;BRADYCARDIA;BRADY
9988000;511.67;511.65;BRADYCARDIA;BRADY
9990000;513.05;513.04;BRADYCARDIA;BRADY
9992000;511.79;511.78;BRADYCARDIA;BRADY
9994000;513.54;513.53;BRADYCARDIA;BRADY
9996000;512.25;512.25;BRADYCARDIA;BRADY
9998000;511.89;511.89;BRADYCARDIA;BRADY
