timestamp_us;raw_adc;filtered_val;rhythm;class_code
0;511.68;511.68;BRADYCARDIA;BRADY
2000;512.18;512.17;BRADYCARDIA;BRADY
4000;511.70;511.69;BRADYCARDIA;BRADY
6000;511.43;511.42;BRADYCARDIA;BRADY
8000;512.94;512.92;BRADYCARDIA;BRADY
10000;512.07;512.05;BRADYCARDIA;BRADY
12000;511.74;511.72;BRADYCARDIA;BRADY
14000;512.47;512.45;BRADYCARDIA;BRADY
16000;513.08;513.06;BRADYCARDIA;BRADY
18000;510.71;510.68;BRADYCARDIA;BRADY
20000;512.93;512.90;BRADYCARDIA;BRADY
22000;511.03;511.00;BRADYCARDIA;BRADY
24000;513.18;513.14;BRADYCARDIA;BRADY
26000;512.05;512.01;BRADYCARDIA;BRADY
28000;512.19;512.14;BRADYCARDIA;BRADY
30000;512.14;512.09;BRADYCARDIA;BRADY
32000;512.14;512.09;BRADYCARDIA;BRADY
34000;512.86;512.81;BRADYCARDIA;BRADY
36000;511.75;511.70;BRADYCARDIA;BRADY
38000;512.59;512.53;BRADYCARDIA;BRADY
40000;512.22;512.16;BRADYCARDIA;BRADY
42000;511.38;511.31;BRADYCARDIA;BRADY
44000;511.48;511.41;BRADYCARDIA;BRADY
46000;512.77;512.69;BRADYCARDIA;BRADY
48000;512.07;512.00;BRADYCARDIA;BRADY
50000;513.35;513.27;BRADYCARDIA;BRADY
52000;511.24;511.16;BRADYCARDIA;BRADY
54000;511.64;511.55;BRADYCARDIA;BRADY
56000;511.78;511.69;BRADYCARDIA;BRADY
58000;511.23;511.14;BRADYCARDIA;BRADY
60000;512.02;511.92;BRADYCARDIA;BRADY
62000;511.54;511.44;BRADYCARDIA;BRADY
64000;512.12;512.02;BRADYCARDIA;BRADY
66000;512.20;512.10;BRADYCARDIA;BRADY
68000;511.03;510.93;BRADYCARDIA;BRADY
70000;512.27;512.16;BRADYCARDIA;BRADY
72000;511.71;511.59;BRADYCARDIA;BRADY
74000;512.26;512.14;BRADYCARDIA;BRADY
76000;511.42;511.30;BRADYCARDIA;BRADY
78000;511.96;511.84;BRADYCARDIA;BRADY
80000;511.23;511.10;BRADYCARDIA;BRADY
82000;511.93;511.80;BRADYCARDIA;BRADY
84000;513.08;512.94;BRADYCARDIA;BRADY
86000;513.56;513.43;BRADYCARDIA;BRADY
88000;511.08;510.94;BRADYCARDIA;BRADY
90000;511.76;511.62;BRADYCARDIA;BRADY
92000;512.98;512.83;BRADYCARDIA;BRADY
94000;512.86;512.71;BRADYCARDIA;BRADY
96000;511.88;511.73;BRADYCARDIA;BRADY
98000;510.90;510.74;BRADYCARDIA;BRADY
100000;512.33;512.17;BRADYCARDIA;BRADY
102000;511.69;511.53;BRADYCARDIA;BRADY
104000;512.61;512.45;BRADYCARDIA;BRADY
106000;511.32;511.15;BRADYCARDIA;BRADY
108000;510.29;510.12;BRADYCARDIA;BRADY
110000;511.85;511.67;BRADYCARDIA;BRADY
112000;511.55;511.37;BRADYCARDIA;BRADY
114000;512.77;512.59;BRADYCARDIA;BRADY
116000;512.79;512.61;BRADYCARDIA;BRADY
118000;512.57;512.39;BRADYCARDIA;BRADY
120000;511.85;511.66;BRADYCARDIA;BRADY
122000;512.72;512.53;BRADYCARDIA;BRADY
124000;513.18;512.98;BRADYCARDIA;BRADY
126000;511.58;511.38;BRADYCARDIA;BRADY
128000;513.87;513.67;BRADYCARDIA;BRADY
130000;512.49;512.29;BRADYCARDIA;BRADY
132000;513.16;512.95;BRADYCARDIA;BRADY
134000;512.29;512.08;BRADYCARDIA;BRADY
136000;511.34;511.12;BRADYCARDIA;BRADY
138000;512.13;511.91;BRADYCARDIA;BRADY
140000;511.43;511.21;BRADYCARDIA;BRADY
142000;510.89;510.67;BRADYCARDIA;BRADY
144000;513.49;513.26;BRADYCARDIA;BRADY
146000;512.36;512.13;BRADYCARDIA;BRADY
148000;511.77;511.54;BRADYCARDIA;BRADY
150000;512.72;512.49;BRADYCARDIA;BRADY
152000;510.77;510.53;BRADYCARDIA;BRADY
154000;513.20;512.96;BRADYCARDIA;BRADY
156000;512.70;512.46;BRADYCARDIA;BRADY
158000;511.94;511.69;BRADYCARDIA;BRADY
160000;511.64;511.39;BRADYCARDIA;BRADY
162000;511.69;511.44;BRADYCARDIA;BRADY
164000;512.93;512.67;BRADYCARDIA;BRADY
166000;512.74;512.48;BRADYCARDIA;BRADY
168000;511.68;511.42;BRADYCARDIA;BRADY
170000;512.42;512.16;BRADYCARDIA;BRADY
172000;510.23;509.96;BRADYCARDIA;BRADY
174000;512.10;511.83;BRADYCARDIA;BRADY
176000;512.07;511.80;BRADYCARDIA;BRADY
178000;513.62;513.35;BRADYCARDIA;BRADY
180000;511.79;511.51;BRADYCARDIA;BRADY
182000;513.53;513.25;BRADYCARDIA;BRADY
184000;510.84;510.56;BRADYCARDIA;BRADY
186000;511.82;511.53;BRADYCARDIA;BRADY
188000;510.57;510.28;BRADYCARDIA;BRADY
190000;510.91;510.62;BRADYCARDIA;BRADY
192000;512.88;512.58;BRADYCARDIA;BRADY
194000;512.55;512.25;BRADYCARDIA;BRADY
196000;512.90;512.60;BRADYCARDIA;BRADY
198000;512.52;512.22;BRADYCARDIA;BRADY
200000;512.79;512.48;BRADYCARDIA;BRADY
202000;511.58;511.27;BRADYCARDIA;BRADY
204000;511.80;511.48;BRADYCARDIA;BRADY
206000;511.50;511.18;BRADYCARDIA;BRADY
208000;513.19;512.87;BRADYCARDIA;BRADY
210000;511.75;511.42;BRADYCARDIA;BRADY
212000;511.17;510.85;BRADYCARDIA;BRADY
214000;512.79;512.46;BRADYCARDIA;BRADY
216000;513.51;513.18;BRADYCARDIA;BRADY
218000;512.61;512.28;BRADYCARDIA;BRADY
220000;511.61;511.27;BRADYCARDIA;BRADY
222000;512.78;512.44;BRADYCARDIA;BRADY
224000;511.66;511.32;BRADYCARDIA;BRADY
226000;512.06;511.71;BRADYCARDIA;BRADY
228000;512.63;512.28;BRADYCARDIA;BRADY
230000;512.05;511.69;BRADYCARDIA;BRADY
232000;512.18;511.83;BRADYCARDIA;BRADY
234000;511.98;511.62;BRADYCARDIA;BRADY
236000;512.49;512.13;BRADYCARDIA;BRADY
238000;512.66;512.29;BRADYCARDIA;BRADY
240000;512.21;511.84;BRADYCARDIA;BRADY
242000;512.95;512.58;BRADYCARDIA;BRADY
244000;513.61;513.24;BRADYCARDIA;BRADY
246000;513.08;512.71;BRADYCARDIA;BRADY
248000;512.38;512.00;BRADYCARDIA;BRADY
250000;512.58;512.20;BRADYCARDIA;BRADY
252000;511.74;511.35;BRADYCARDIA;BRADY
254000;511.62;511.24;BRADYCARDIA;BRADY
256000;513.27;512.88;BRADYCARDIA;BRADY
258000;513.26;512.86;BRADYCARDIA;BRADY
260000;512.21;511.81;BRADYCARDIA;BRADY
262000;511.40;511.00;BRADYCARDIA;BRADY
264000;511.65;511.25;BRADYCARDIA;BRADY
266000;512.33;511.92;BRADYCARDIA;BRADY
268000;512.12;511.72;BRADYCARDIA;BRADY
270000;512.34;511.93;BRADYCARDIA;BRADY
272000;511.18;510.76;BRADYCARDIA;BRADY
274000;511.67;511.26;BRADYCARDIA;BRADY
276000;512.54;512.12;BRADYCARDIA;BRADY
278000;512.46;512.03;BRADYCARDIA;BRADY
280000;513.16;512.73;BRADYCARDIA;BRADY
282000;511.69;511.26;BRADYCARDIA;BRADY
284000;511.92;511.49;BRADYCARDIA;BRADY
286000;513.92;513.49;BRADYCARDIA;BRADY
288000;513.78;513.35;BRADYCARDIA;BRADY
290000;511.70;511.26;BRADYCARDIA;BRADY
292000;512.56;512.12;BRADYCARDIA;BRADY
294000;512.52;512.07;BRADYCARDIA;BRADY
296000;512.59;512.14;BRADYCARDIA;BRADY
298000;512.29;511.84;BRADYCARDIA;BRADY
300000;512.46;512.01;BRADYCARDIA;BRADY
302000;513.52;513.06;BRADYCARDIA;BRADY
304000;511.84;511.38;BRADYCARDIA;BRADY
306000;514.66;514.20;BRADYCARDIA;BRADY
308000;511.17;510.71;BRADYCARDIA;BRADY
310000;511.17;510.70;BRADYCARDIA;BRADY
312000;511.99;511.52;BRADYCARDIA;BRADY
314000;511.47;511.00;BRADYCARDIA;BRADY
316000;511.51;511.04;BRADYCARDIA;BRADY
318000;512.93;512.45;BRADYCARDIA;BRADY
320000;512.83;512.35;BRADYCARDIA;BRADY
322000;511.77;511.28;BRADYCARDIA;BRADY
324000;513.04;512.55;BRADYCARDIA;BRADY
326000;512.24;511.75;BRADYCARDIA;BRADY
328000;511.99;511.50;BRADYCARDIA;BRADY
330000;513.51;513.02;BRADYCARDIA;BRADY
332000;512.20;511.70;BRADYCARDIA;BRADY
334000;512.10;511.60;BRADYCARDIA;BRADY
336000;515.13;514.63;BRADYCARDIA;BRADY
338000;512.05;511.54;BRADYCARDIA;BRADY
340000;512.04;511.53;BRADYCARDIA;BRADY
342000;511.66;511.15;BRADYCARDIA;BRADY
344000;512.74;512.23;BRADYCARDIA;BRADY
346000;510.63;510.11;BRADYCARDIA;BRADY
348000;512.70;512.18;BRADYCARDIA;BRADY
350000;511.92;511.40;BRADYCARDIA;BRADY
352000;511.76;511.24;BRADYCARDIA;BRADY
354000;512.53;512.00;BRADYCARDIA;BRADY
356000;514.89;514.36;BRADYCARDIA;BRADY
358000;512.86;512.33;BRADYCARDIA;BRADY
360000;513.44;512.90;BRADYCARDIA;BRADY
362000;512.11;511.57;BRADYCARDIA;BRADY
364000;512.29;511.75;BRADYCARDIA;BRADY
366000;512.36;511.82;BRADYCARDIA;BRADY
368000;513.36;512.81;BRADYCARDIA;BRADY
370000;511.68;511.13;BRADYCARDIA;BRADY
372000;512.45;511.90;BRADYCARDIA;BRADY
374000;512.06;511.51;BRADYCARDIA;BRADY
376000;511.21;510.65;BRADYCARDIA;BRADY
378000;512.11;511.55;BRADYCARDIA;BRADY
380000;512.52;511.96;BRADYCARDIA;BRADY
382000;513.74;513.17;BRADYCARDIA;BRADY
384000;513.53;512.96;BRADYCARDIA;BRADY
386000;512.18;511.61;BRADYCARDIA;BRADY
388000;512.24;511.67;BRADYCARDIA;BRADY
390000;512.42;511.84;BRADYCARDIA;BRADY
392000;514.96;514.38;BRADYCARDIA;BRADY
394000;512.03;511.45;BRADYCARDIA;BRADY
396000;512.51;511.93;BRADYCARDIA;BRADY
398000;512.22;511.64;BRADYCARDIA;BRADY
400000;512.22;511.63;BRADYCARDIA;BRADY
402000;511.91;511.32;BRADYCARDIA;BRADY
404000;513.69;513.10;BRADYCARDIA;BRADY
406000;513.04;512.44;BRADYCARDIA;BRADY
408000;510.91;510.32;BRADYCARDIA;BRADY
410000;511.32;510.72;BRADYCARDIA;BRADY
412000;513.29;512.68;BRADYCARDIA;BRADY
414000;512.28;511.67;BRADYCARDIA;BRADY
416000;513.16;512.56;BRADYCARDIA;BRADY
418000;511.46;510.85;BRADYCARDIA;BRADY
420000;511.79;511.18;BRADYCARDIA;BRADY
422000;512.54;511.93;BRADYCARDIA;BRADY
424000;512.65;512.03;BRADYCARDIA;BRADY
426000;512.44;511.82;BRADYCARDIA;BRADY
428000;513.55;512.93;BRADYCARDIA;BRADY
430000;512.51;511.89;BRADYCARDIA;BRADY
432000;511.93;511.30;BRADYCARDIA;BRADY
434000;511.72;511.09;BRADYCARDIA;BRADY
436000;512.24;511.61;BRADYCARDIA;BRADY
438000;513.10;512.46;BRADYCARDIA;BRADY
440000;512.41;511.77;BRADYCARDIA;BRADY
442000;511.08;510.44;BRADYCARDIA;BRADY
444000;511.68;511.03;BRADYCARDIA;BRADY
446000;512.25;511.61;BRADYCARDIA;BRADY
448000;514.13;513.48;BRADYCARDIA;BRADY
450000;512.58;511.93;BRADYCARDIA;BRADY
452000;512.78;512.13;BRADYCARDIA;BRADY
454000;513.01;512.36;BRADYCARDIA;BRADY
456000;513.90;513.24;BRADYCARDIA;BRADY
458000;511.99;511.33;BRADYCARDIA;BRADY
460000;513.26;512.60;BRADYCARDIA;BRADY
462000;511.44;510.78;BRADYCARDIA;BRADY
464000;512.40;511.74;BRADYCARDIA;BRADY
466000;512.12;511.45;BRADYCARDIA;BRADY
468000;512.13;511.46;BRADYCARDIA;BRADY
470000;512.46;511.79;BRADYCARDIA;BRADY
472000;513.07;512.39;BRADYCARDIA;BRADY
474000;512.79;512.11;BRADYCARDIA;BRADY
476000;513.56;512.88;BRADYCARDIA;BRADY
478000;512.12;511.44;BRADYCARDIA;BRADY
480000;512.53;511.85;BRADYCARDIA;BRADY
482000;512.28;511.59;BRADYCARDIA;BRADY
484000;511.41;510.72;BRADYCARDIA;BRADY
486000;513.16;512.47;BRADYCARDIA;BRADY
488000;513.78;513.09;BRADYCARDIA;BRADY
490000;513.85;513.16;BRADYCARDIA;BRADY
492000;513.60;512.90;BRADYCARDIA;BRADY
494000;512.75;512.05;BRADYCARDIA;BRADY
496000;511.87;511.17;BRADYCARDIA;BRADY
498000;510.79;510.08;BRADYCARDIA;BRADY
500000;512.07;511.37;BRADYCARDIA;BRADY
502000;513.71;513.00;BRADYCARDIA;BRADY
504000;513.15;512.44;BRADYCARDIA;BRADY
506000;511.90;511.19;BRADYCARDIA;BRADY
508000;511.79;511.07;BRADYCARDIA;BRADY
510000;513.31;512.59;BRADYCARDIA;BRADY
512000;512.62;511.90;BRADYCARDIA;BRADY
514000;513.76;513.04;BRADYCARDIA;BRADY
516000;514.05;513.33;BRADYCARDIA;BRADY
518000;513.57;512.84;BRADYCARDIA;BRADY
520000;512.88;512.15;BRADYCARDIA;BRADY
522000;511.14;510.41;BRADYCARDIA;BRADY
524000;513.78;513.05;BRADYCARDIA;BRADY
526000;512.91;512.18;BRADYCARDIA;BRADY
528000;513.04;512.31;BRADYCARDIA;BRADY
530000;512.23;511.49;BRADYCARDIA;BRADY
532000;512.37;511.63;BRADYCARDIA;BRADY
534000;513.48;512.74;BRADYCARDIA;BRADY
536000;513.76;513.01;BRADYCARDIA;BRADY
538000;512.29;511.54;BRADYCARDIA;BRADY
540000;512.15;511.40;BRADYCARDIA;BRADY
542000;512.42;511.67;BRADYCARDIA;BRADY
544000;513.15;512.40;BRADYCARDIA;BRADY
546000;513.27;512.51;BRADYCARDIA;BRADY
548000;512.84;512.08;BRADYCARDIA;BRADY
550000;512.87;512.11;BRADYCARDIA;BRADY
552000;511.84;511.08;BRADYCARDIA;BRADY
554000;512.64;511.88;BRADYCARDIA;BRADY
556000;512.21;511.44;BRADYCARDIA;BRADY
558000;513.23;512.46;BRADYCARDIA;BRADY
560000;512.36;511.59;BRADYCARDIA;BRADY
562000;512.30;511.52;BRADYCARDIA;BRADY
564000;512.58;511.81;BRADYCARDIA;BRADY
566000;513.45;512.67;BRADYCARDIA;BRADY
568000;513.01;512.24;BRADYCARDIA;BRADY
570000;512.42;511.64;BRADYCARDIA;BRADY
572000;511.88;511.10;BRADYCARDIA;BRADY
574000;512.51;511.73;BRADYCARDIA;BRADY
576000;513.22;512.43;BRADYCARDIA;BRADY
578000;513.15;512.37;BRADYCARDIA;BRADY
580000;510.55;509.76;BRADYCARDIA;BRADY
582000;512.18;511.39;BRADYCARDIA;BRADY
584000;513.66;512.87;BRADYCARDIA;BRADY
586000;514.07;513.27;BRADYCARDIA;BRADY
588000;514.29;513.49;BRADYCARDIA;BRADY
590000;514.28;513.48;BRADYCARDIA;BRADY
592000;512.66;511.85;BRADYCARDIA;BRADY
594000;512.31;511.50;BRADYCARDIA;BRADY
596000;512.75;511.94;BRADYCARDIA;BRADY
598000;512.26;511.46;BRADYCARDIA;BRADY
600000;512.64;511.83;BRADYCARDIA;BRADY
602000;514.25;513.43;BRADYCARDIA;BRADY
604000;512.35;511.53;BRADYCARDIA;BRADY
606000;512.15;511.33;BRADYCARDIA;BRADY
608000;512.06;511.25;BRADYCARDIA;BRADY
610000;512.65;511.83;BRADYCARDIA;BRADY
612000;512.97;512.15;BRADYCARDIA;BRADY
614000;512.51;511.69;BRADYCARDIA;BRADY
616000;512.08;511.25;BRADYCARDIA;BRADY
618000;512.07;511.25;BRADYCARDIA;BRADY
620000;513.29;512.46;BRADYCARDIA;BRADY
622000;512.46;511.63;BRADYCARDIA;BRADY
624000;513.16;512.33;BRADYCARDIA;BRADY
626000;513.42;512.58;BRADYCARDIA;BRADY
628000;512.73;511.89;BRADYCARDIA;BRADY
630000;511.98;511.15;BRADYCARDIA;BRADY
632000;512.55;511.71;BRADYCARDIA;BRADY
634000;514.45;513.61;BRADYCARDIA;BRADY
636000;514.10;513.26;BRADYCARDIA;BRADY
638000;512.92;512.08;BRADYCARDIA;BRADY
640000;513.18;512.33;BRADYCARDIA;BRADY
642000;512.58;511.73;BRADYCARDIA;BRADY
644000;511.92;511.07;BRADYCARDIA;BRADY
646000;513.36;512.51;BRADYCARDIA;BRADY
648000;512.43;511.58;BRADYCARDIA;BRADY
650000;514.10;513.25;BRADYCARDIA;BRADY
652000;512.77;511.92;BRADYCARDIA;BRADY
654000;512.79;511.94;BRADYCARDIA;BRADY
656000;514.28;513.42;BRADYCARDIA;BRADY
658000;512.85;511.99;BRADYCARDIA;BRADY
660000;514.10;513.24;BRADYCARDIA;BRADY
662000;513.20;512.33;BRADYCARDIA;BRADY
664000;511.40;510.54;BRADYCARDIA;BRADY
666000;512.55;511.69;BRADYCARDIA;BRADY
668000;514.15;513.29;BRADYCARDIA;BRADY
670000;512.20;511.33;BRADYCARDIA;BRADY
672000;511.84;510.97;BRADYCARDIA;BRADY
674000;512.48;511.61;BRADYCARDIA;BRADY
676000;512.28;511.40;BRADYCARDIA;BRADY
678000;514.02;513.14;BRADYCARDIA;BRADY
680000;513.55;512.67;BRADYCARDIA;BRADY
682000;512.02;511.14;BRADYCARDIA;BRADY
684000;511.87;510.99;BRADYCARDIA;BRADY
686000;512.51;511.63;BRADYCARDIA;BRADY
688000;512.63;511.74;BRADYCARDIA;BRADY
690000;511.83;510.95;BRADYCARDIA;BRADY
692000;512.85;511.96;BRADYCARDIA;BRADY
694000;512.72;511.84;BRADYCARDIA;BRADY
696000;512.91;512.03;BRADYCARDIA;BRADY
698000;513.26;512.37;BRADYCARDIA;BRADY
700000;514.55;513.66;BRADYCARDIA;BRADY
702000;511.54;510.65;BRADYCARDIA;BRADY
704000;512.75;511.86;BRADYCARDIA;BRADY
706000;513.27;512.37;BRADYCARDIA;BRADY
708000;513.05;512.15;BRADYCARDIA;BRADY
710000;511.82;510.92;BRADYCARDIA;BRADY
712000;512.75;511.85;BRADYCARDIA;BRADY
714000;513.32;512.41;BRADYCARDIA;BRADY
716000;512.28;511.37;BRADYCARDIA;BRADY
718000;512.14;511.23;BRADYCARDIA;BRADY
720000;512.06;511.15;BRADYCARDIA;BRADY
722000;514.04;513.13;BRADYCARDIA;BRADY
724000;511.12;510.21;BRADYCARDIA;BRADY
726000;513.09;512.18;BRADYCARDIA;BRADY
728000;512.29;511.38;BRADYCARDIA;BRADY
730000;512.75;511.84;BRADYCARDIA;BRADY
732000;513.64;512.73;BRADYCARDIA;BRADY
734000;512.66;511.75;BRADYCARDIA;BRADY
736000;512.90;511.98;BRADYCARDIA;BRADY
738000;511.99;511.08;BRADYCARDIA;BRADY
740000;512.74;511.83;BRADYCARDIA;BRADY
742000;511.73;510.82;BRADYCARDIA;BRADY
744000;513.22;512.30;BRADYCARDIA;BRADY
746000;512.42;511.50;BRADYCARDIA;BRADY
748000;511.90;510.98;BRADYCARDIA;BRADY
750000;512.97;512.05;BRADYCARDIA;BRADY
752000;512.45;511.52;BRADYCARDIA;BRADY
754000;512.60;511.67;BRADYCARDIA;BRADY
756000;513.27;512.34;BRADYCARDIA;BRADY
758000;513.30;512.37;BRADYCARDIA;BRADY
760000;512.38;511.45;BRADYCARDIA;BRADY
762000;513.80;512.87;BRADYCARDIA;BRADY
764000;512.50;511.56;BRADYCARDIA;BRADY
766000;512.47;511.53;BRADYCARDIA;BRADY
768000;511.61;510.68;BRADYCARDIA;BRADY
770000;511.76;510.83;BRADYCARDIA;BRADY
772000;513.27;512.33;BRADYCARDIA;BRADY
774000;513.25;512.31;BRADYCARDIA;BRADY
776000;512.76;511.82;BRADYCARDIA;BRADY
778000;512.38;511.44;BRADYCARDIA;BRADY
780000;513.17;512.23;BRADYCARDIA;BRADY
782000;514.34;513.40;BRADYCARDIA;BRADY
784000;512.67;511.73;BRADYCARDIA;BRADY
786000;512.34;511.40;BRADYCARDIA;BRADY
788000;513.69;512.74;BRADYCARDIA;BRADY
790000;512.40;511.45;BRADYCARDIA;BRADY
792000;512.96;512.01;BRADYCARDIA;BRADY
794000;511.83;510.89;BRADYCARDIA;BRADY
796000;512.38;511.43;BRADYCARDIA;BRADY
798000;511.83;510.88;BRADYCARDIA;BRADY
800000;513.34;512.39;BRADYCARDIA;BRADY
802000;513.95;513.00;BRADYCARDIA;BRADY
804000;512.34;511.38;BRADYCARDIA;BRADY
806000;513.58;512.63;BRADYCARDIA;BRADY
808000;513.33;512.37;BRADYCARDIA;BRADY
810000;513.24;512.29;BRADYCARDIA;BRADY
812000;514.02;513.07;BRADYCARDIA;BRADY
814000;513.26;512.30;BRADYCARDIA;BRADY
816000;512.47;511.51;BRADYCARDIA;BRADY
818000;514.21;513.25;BRADYCARDIA;BRADY
820000;513.31;512.35;BRADYCARDIA;BRADY
822000;512.07;511.10;BRADYCARDIA;BRADY
824000;511.63;510.67;BRADYCARDIA;BRADY
826000;512.41;511.44;BRADYCARDIA;BRADY
828000;513.93;512.97;BRADYCARDIA;BRADY
830000;513.47;512.51;BRADYCARDIA;BRADY
832000;513.55;512.59;BRADYCARDIA;BRADY
834000;512.64;511.68;BRADYCARDIA;BRADY
836000;513.10;512.13;BRADYCARDIA;BRADY
838000;513.08;512.11;BRADYCARDIA;BRADY
840000;512.97;512.00;BRADYCARDIA;BRADY
842000;511.40;510.43;BRADYCARDIA;BRADY
844000;512.85;511.88;BRADYCARDIA;BRADY
846000;512.41;511.44;BRADYCARDIA;BRADY
848000;513.14;512.17;BRADYCARDIA;BRADY
850000;513.19;512.22;BRADYCARDIA;BRADY
852000;514.01;513.03;BRADYCARDIA;BRADY
854000;513.75;512.78;BRADYCARDIA;BRADY
856000;512.99;512.01;BRADYCARDIA;BRADY
858000;512.42;511.44;BRADYCARDIA;BRADY
860000;510.82;509.85;BRADYCARDIA;BRADY
862000;513.37;512.39;BRADYCARDIA;BRADY
864000;511.02;510.04;BRADYCARDIA;BRADY
866000;513.17;512.19;BRADYCARDIA;BRADY
868000;513.67;512.70;BRADYCARDIA;BRADY
870000;513.55;512.57;BRADYCARDIA;BRADY
872000;512.35;511.37;BRADYCARDIA;BRADY
874000;513.39;512.41;BRADYCARDIA;BRADY
876000;513.89;512.91;BRADYCARDIA;BRADY
878000;512.30;511.32;BRADYCARDIA;BRADY
880000;512.53;511.55;BRADYCARDIA;BRADY
882000;513.21;512.23;BRADYCARDIA;BRADY
884000;512.78;511.80;BRADYCARDIA;BRADY
886000;512.67;511.69;BRADYCARDIA;BRADY
888000;513.88;512.89;BRADYCARDIA;BRADY
890000;511.66;510.68;BRADYCARDIA;BRADY
892000;512.81;511.82;BRADYCARDIA;BRADY
894000;512.28;511.29;BRADYCARDIA;BRADY
896000;513.09;512.11;BRADYCARDIA;BRADY
898000;513.66;512.67;BRADYCARDIA;BRADY
900000;511.95;510.96;BRADYCARDIA;BRADY
902000;512.85;511.86;BRADYCARDIA;BRADY
904000;512.28;511.30;BRADYCARDIA;BRADY
906000;513.33;512.34;BRADYCARDIA;BRADY
908000;513.72;512.73;BRADYCARDIA;BRADY
910000;513.04;512.05;BRADYCARDIA;BRADY
912000;513.36;512.37;BRADYCARDIA;BRADY
914000;513.77;512.78;BRADYCARDIA;BRADY
916000;513.18;512.19;BRADYCARDIA;BRADY
918000;512.29;511.30;BRADYCARDIA;BRADY
920000;512.26;511.26;BRADYCARDIA;BRADY
922000;512.54;511.55;BRADYCARDIA;BRADY
924000;512.71;511.72;BRADYCARDIA;BRADY
926000;512.60;511.60;BRADYCARDIA;BRADY
928000;512.59;511.60;BRADYCARDIA;BRADY
930000;511.89;510.89;BRADYCARDIA;BRADY
932000;514.28;513.29;BRADYCARDIA;BRADY
934000;514.25;513.26;BRADYCARDIA;BRADY
936000;513.64;512.64;BRADYCARDIA;BRADY
938000;513.09;512.10;BRADYCARDIA;BRADY
940000;512.03;511.04;BRADYCARDIA;BRADY
942000;512.35;511.36;BRADYCARDIA;BRADY
944000;513.65;512.65;BRADYCARDIA;BRADY
946000;512.53;511.53;BRADYCARDIA;BRADY
948000;513.20;512.21;BRADYCARDIA;BRADY
950000;512.90;511.90;BRADYCARDIA;BRADY
952000;513.14;512.14;BRADYCARDIA;BRADY
954000;512.80;511.80;BRADYCARDIA;BRADY
956000;513.39;512.39;BRADYCARDIA;BRADY
958000;512.84;511.84;BRADYCARDIA;BRADY
960000;514.43;513.43;BRADYCARDIA;BRADY
962000;512.52;511.52;BRADYCARDIA;BRADY
964000;513.68;512.68;BRADYCARDIA;BRADY
966000;512.39;511.39;BRADYCARDIA;BRADY
968000;512.10;511.10;BRADYCARDIA;BRADY
970000;512.85;511.85;BRADYCARDIA;BRADY
972000;513.09;512.09;BRADYCARDIA;BRADY
974000;513.74;512.74;BRADYCARDIA;BRADY
976000;513.30;512.30;BRADYCARDIA;BRADY
978000;513.10;512.10;BRADYCARDIA;BRADY
980000;513.56;512.56;BRADYCARDIA;BRADY
982000;513.18;512.18;BRADYCARDIA;BRADY
984000;513.23;512.23;BRADYCARDIA;BRADY
986000;512.56;511.56;BRADYCARDIA;BRADY
988000;513.40;512.40;BRADYCARDIA;BRADY
990000;512.60;511.60;BRADYCARDIA;BRADY
992000;512.67;511.67;BRADYCARDIA;BRADY
994000;514.77;513.77;BRADYCARDIA;BRADY
996000;512.64;511.64;BRADYCARDIA;BRADY
998000;512.13;511.13;BRADYCARDIA;BRADY
1000000;511.65;510.65;BRADYCARDIA;BRADY
1002000;512.30;511.30;BRADYCARDIA;BRADY
1004000;511.68;510.68;BRADYCARDIA;BRADY
1006000;511.99;510.99;BRADYCARDIA;BRADY
1008000;512.78;511.78;BRADYCARDIA;BRADY
1010000;512.80;511.80;BRADYCARDIA;BRADY
1012000;512.69;511.69;BRADYCARDIA;BRADY
1014000;513.44;512.44;BRADYCARDIA;BRADY
1016000;512.50;511.50;BRADYCARDIA;BRADY
1018000;513.79;512.79;BRADYCARDIA;BRADY
1020000;512.82;511.83;BRADYCARDIA;BRADY
1022000;512.10;511.10;BRADYCARDIA;BRADY
1024000;512.94;511.94;BRADYCARDIA;BRADY
1026000;513.03;512.03;BRADYCARDIA;BRADY
1028000;512.65;511.65;BRADYCARDIA;BRADY
1030000;513.99;513.00;BRADYCARDIA;BRADY
1032000;513.12;512.12;BRADYCARDIA;BRADY
1034000;515.03;514.03;BRADYCARDIA;BRADY
1036000;513.65;512.65;BRADYCARDIA;BRADY
1038000;512.23;511.23;BRADYCARDIA;BRADY
1040000;513.43;512.43;BRADYCARDIA;BRADY
1042000;513.10;512.10;BRADYCARDIA;BRADY
1044000;511.91;510.91;BRADYCARDIA;BRADY
1046000;512.75;511.75;BRADYCARDIA;BRADY
1048000;512.67;511.67;BRADYCARDIA;BRADY
1050000;512.59;511.59;BRADYCARDIA;BRADY
1052000;513.87;512.87;BRADYCARDIA;BRADY
1054000;513.41;512.42;BRADYCARDIA;BRADY
1056000;513.62;512.62;BRADYCARDIA;BRADY
1058000;513.50;512.50;BRADYCARDIA;BRADY
1060000;513.44;512.45;BRADYCARDIA;BRADY
1062000;513.22;512.22;BRADYCARDIA;BRADY
1064000;512.92;511.93;BRADYCARDIA;BRADY
1066000;512.82;511.82;BRADYCARDIA;BRADY
1068000;513.48;512.49;BRADYCARDIA;BRADY
1070000;512.83;511.83;BRADYCARDIA;BRADY
1072000;513.34;512.34;BRADYCARDIA;BRADY
1074000;513.20;512.20;BRADYCARDIA;BRADY
1076000;513.94;512.94;BRADYCARDIA;BRADY
1078000;513.84;512.85;BRADYCARDIA;BRADY
1080000;514.38;513.39;BRADYCARDIA;BRADY
1082000;513.28;512.29;BRADYCARDIA;BRADY
1084000;512.09;511.10;BRADYCARDIA;BRADY
1086000;512.61;511.62;BRADYCARDIA;BRADY
1088000;512.58;511.59;BRADYCARDIA;BRADY
1090000;512.96;511.97;BRADYCARDIA;BRADY
1092000;513.25;512.26;BRADYCARDIA;BRADY
1094000;512.03;511.04;BRADYCARDIA;BRADY
1096000;513.43;512.44;BRADYCARDIA;BRADY
1098000;513.77;512.78;BRADYCARDIA;BRADY
1100000;512.73;511.74;BRADYCARDIA;BRADY
1102000;513.15;512.17;BRADYCARDIA;BRADY
1104000;514.40;513.42;BRADYCARDIA;BRADY
1106000;512.51;511.53;BRADYCARDIA;BRADY
1108000;513.27;512.28;BRADYCARDIA;BRADY
1110000;512.62;511.64;BRADYCARDIA;BRADY
1112000;513.55;512.56;BRADYCARDIA;BRADY
1114000;513.35;512.36;BRADYCARDIA;BRADY
1116000;512.62;511.63;BRADYCARDIA;BRADY
1118000;515.20;514.22;BRADYCARDIA;BRADY
1120000;513.41;512.43;BRADYCARDIA;BRADY
1122000;512.97;511.99;BRADYCARDIA;BRADY
1124000;512.93;511.95;BRADYCARDIA;BRADY
1126000;512.47;511.49;BRADYCARDIA;BRADY
1128000;513.92;512.94;BRADYCARDIA;BRADY
1130000;513.80;512.82;BRADYCARDIA;BRADY
1132000;512.46;511.48;BRADYCARDIA;BRADY
1134000;512.41;511.43;BRADYCARDIA;BRADY
1136000;513.99;513.01;BRADYCARDIA;BRADY
1138000;512.54;511.56;BRADYCARDIA;BRADY
1140000;513.66;512.69;BRADYCARDIA;BRADY
1142000;513.55;512.57;BRADYCARDIA;BRADY
1144000;513.46;512.49;BRADYCARDIA;BRADY
1146000;513.09;512.11;BRADYCARDIA;BRADY
1148000;513.25;512.27;BRADYCARDIA;BRADY
1150000;512.30;511.32;BRADYCARDIA;BRADY
1152000;511.61;510.64;BRADYCARDIA;BRADY
1154000;513.94;512.97;BRADYCARDIA;BRADY
1156000;513.86;512.89;BRADYCARDIA;BRADY
1158000;513.14;512.17;BRADYCARDIA;BRADY
1160000;512.21;511.24;BRADYCARDIA;BRADY
1162000;512.22;511.25;BRADYCARDIA;BRADY
1164000;513.38;512.41;BRADYCARDIA;BRADY
1166000;512.27;511.30;BRADYCARDIA;BRADY
1168000;513.30;512.33;BRADYCARDIA;BRADY
1170000;512.21;511.25;BRADYCARDIA;BRADY
1172000;513.15;512.19;BRADYCARDIA;BRADY
1174000;512.13;511.17;BRADYCARDIA;BRADY
1176000;512.27;511.31;BRADYCARDIA;BRADY
1178000;512.99;512.03;BRADYCARDIA;BRADY
1180000;513.85;512.89;BRADYCARDIA;BRADY
1182000;513.87;512.91;BRADYCARDIA;BRADY
1184000;512.40;511.44;BRADYCARDIA;BRADY
1186000;514.11;513.15;BRADYCARDIA;BRADY
1188000;513.57;512.61;BRADYCARDIA;BRADY
1190000;513.50;512.55;BRADYCARDIA;BRADY
1192000;513.41;512.45;BRADYCARDIA;BRADY
1194000;512.47;511.51;BRADYCARDIA;BRADY
1196000;513.20;512.25;BRADYCARDIA;BRADY
1198000;513.04;512.09;BRADYCARDIA;BRADY
1200000;513.12;512.17;BRADYCARDIA;BRADY
1202000;512.04;511.09;BRADYCARDIA;BRADY
1204000;512.09;511.14;BRADYCARDIA;BRADY
1206000;512.68;511.73;BRADYCARDIA;BRADY
1208000;512.54;511.60;BRADYCARDIA;BRADY
1210000;512.57;511.63;BRADYCARDIA;BRADY
1212000;512.84;511.90;BRADYCARDIA;BRADY
1214000;512.35;511.41;BRADYCARDIA;BRADY
1216000;512.63;511.69;BRADYCARDIA;BRADY
1218000;513.08;512.14;BRADYCARDIA;BRADY
1220000;511.79;510.85;BRADYCARDIA;BRADY
1222000;512.34;511.40;BRADYCARDIA;BRADY
1224000;512.35;511.41;BRADYCARDIA;BRADY
1226000;513.47;512.54;BRADYCARDIA;BRADY
1228000;513.10;512.17;BRADYCARDIA;BRADY
1230000;513.60;512.67;BRADYCARDIA;BRADY
1232000;511.61;510.67;BRADYCARDIA;BRADY
1234000;514.00;513.07;BRADYCARDIA;BRADY
1236000;514.26;513.33;BRADYCARDIA;BRADY
1238000;512.10;511.16;BRADYCARDIA;BRADY
1240000;513.93;513.01;BRADYCARDIA;BRADY
1242000;513.36;512.43;BRADYCARDIA;BRADY
1244000;513.64;512.71;BRADYCARDIA;BRADY
1246000;513.79;512.86;BRADYCARDIA;BRADY
1248000;512.38;511.46;BRADYCARDIA;BRADY
1250000;512.85;511.92;BRADYCARDIA;BRADY
1252000;513.88;512.96;BRADYCARDIA;BRADY
1254000;513.26;512.34;BRADYCARDIA;BRADY
1256000;512.42;511.50;BRADYCARDIA;BRADY
1258000;512.65;511.73;BRADYCARDIA;BRADY
1260000;513.38;512.46;BRADYCARDIA;BRADY
1262000;513.40;512.49;BRADYCARDIA;BRADY
1264000;513.38;512.46;BRADYCARDIA;BRADY
1266000;511.92;511.01;BRADYCARDIA;BRADY
1268000;513.18;512.26;BRADYCARDIA;BRADY
1270000;513.23;512.32;BRADYCARDIA;BRADY
1272000;510.45;509.54;BRADYCARDIA;BRADY
1274000;514.06;513.16;BRADYCARDIA;BRADY
1276000;512.87;511.96;BRADYCARDIA;BRADY
1278000;511.39;510.48;BRADYCARDIA;BRADY
1280000;514.47;513.56;BRADYCARDIA;BRADY
1282000;513.30;512.39;BRADYCARDIA;BRADY
1284000;513.07;512.16;BRADYCARDIA;BRADY
1286000;512.87;511.97;BRADYCARDIA;BRADY
1288000;512.16;511.26;BRADYCARDIA;BRADY
1290000;513.20;512.30;BRADYCARDIA;BRADY
1292000;512.90;512.00;BRADYCARDIA;BRADY
1294000;512.16;511.27;BRADYCARDIA;BRADY
1296000;512.44;511.54;BRADYCARDIA;BRADY
1298000;513.58;512.69;BRADYCARDIA;BRADY
1300000;512.67;511.78;BRADYCARDIA;BRADY
1302000;514.38;513.49;BRADYCARDIA;BRADY
1304000;512.60;511.71;BRADYCARDIA;BRADY
1306000;511.58;510.69;BRADYCARDIA;BRADY
1308000;513.02;512.13;BRADYCARDIA;BRADY
1310000;512.62;511.74;BRADYCARDIA;BRADY
1312000;513.60;512.72;BRADYCARDIA;BRADY
1314000;512.57;511.69;BRADYCARDIA;BRADY
1316000;513.80;512.92;BRADYCARDIA;BRADY
1318000;511.72;510.84;BRADYCARDIA;BRADY
1320000;513.38;512.50;BRADYCARDIA;BRADY
1322000;512.44;511.56;BRADYCARDIA;BRADY
1324000;514.71;513.84;BRADYCARDIA;BRADY
1326000;512.88;512.01;BRADYCARDIA;BRADY
1328000;513.56;512.69;BRADYCARDIA;BRADY
1330000;513.63;512.76;BRADYCARDIA;BRADY
1332000;512.66;511.79;BRADYCARDIA;BRADY
1334000;513.28;512.41;BRADYCARDIA;BRADY
1336000;513.48;512.61;BRADYCARDIA;BRADY
1338000;512.71;511.84;BRADYCARDIA;BRADY
1340000;512.86;512.00;BRADYCARDIA;BRADY
1342000;513.60;512.74;BRADYCARDIA;BRADY
1344000;512.73;511.87;BRADYCARDIA;BRADY
1346000;512.93;512.07;BRADYCARDIA;BRADY
1348000;512.61;511.76;BRADYCARDIA;BRADY
1350000;512.78;511.92;BRADYCARDIA;BRADY
1352000;513.49;512.64;BRADYCARDIA;BRADY
1354000;514.40;513.55;BRADYCARDIA;BRADY
1356000;512.91;512.06;BRADYCARDIA;BRADY
1358000;512.32;511.47;BRADYCARDIA;BRADY
1360000;513.30;512.46;BRADYCARDIA;BRADY
1362000;513.89;513.04;BRADYCARDIA;BRADY
1364000;512.87;512.03;BRADYCARDIA;BRADY
1366000;512.32;511.48;BRADYCARDIA;BRADY
1368000;513.05;512.22;BRADYCARDIA;BRADY
1370000;512.56;511.72;BRADYCARDIA;BRADY
1372000;513.57;512.73;BRADYCARDIA;BRADY
1374000;512.45;511.62;BRADYCARDIA;BRADY
1376000;513.16;512.33;BRADYCARDIA;BRADY
1378000;512.80;511.97;BRADYCARDIA;BRADY
1380000;513.13;512.30;BRADYCARDIA;BRADY
1382000;512.24;511.42;BRADYCARDIA;BRADY
1384000;513.29;512.46;BRADYCARDIA;BRADY
1386000;511.67;510.85;BRADYCARDIA;BRADY
1388000;512.51;511.69;BRADYCARDIA;BRADY
1390000;513.41;512.59;BRADYCARDIA;BRADY
1392000;511.62;510.80;BRADYCARDIA;BRADY
1394000;513.85;513.03;BRADYCARDIA;BRADY
1396000;512.80;511.99;BRADYCARDIA;BRADY
1398000;514.38;513.57;BRADYCARDIA;BRADY
1400000;512.40;511.59;BRADYCARDIA;BRADY
1402000;511.88;511.08;BRADYCARDIA;BRADY
1404000;513.01;512.21;BRADYCARDIA;BRADY
1406000;511.78;510.98;BRADYCARDIA;BRADY
1408000;512.64;511.84;BRADYCARDIA;BRADY
1410000;514.43;513.63;BRADYCARDIA;BRADY
1412000;513.08;512.28;BRADYCARDIA;BRADY
1414000;511.73;510.94;BRADYCARDIA;BRADY
1416000;511.12;510.32;BRADYCARDIA;BRADY
1418000;512.80;512.01;BRADYCARDIA;BRADY
1420000;513.20;512.41;BRADYCARDIA;BRADY
1422000;511.95;511.17;BRADYCARDIA;BRADY
1424000;513.24;512.45;BRADYCARDIA;BRADY
1426000;512.59;511.80;BRADYCARDIA;BRADY
1428000;514.36;513.58;BRADYCARDIA;BRADY
1430000;514.74;513.96;BRADYCARDIA;BRADY
1432000;513.57;512.79;BRADYCARDIA;BRADY
1434000;512.09;511.32;BRADYCARDIA;BRADY
1436000;512.38;511.60;BRADYCARDIA;BRADY
1438000;512.69;511.92;BRADYCARDIA;BRADY
1440000;513.55;512.78;BRADYCARDIA;BRADY
1442000;513.29;512.52;BRADYCARDIA;BRADY
1444000;511.84;511.07;BRADYCARDIA;BRADY
1446000;513.72;512.95;BRADYCARDIA;BRADY
1448000;512.49;511.73;BRADYCARDIA;BRADY
1450000;512.70;511.94;BRADYCARDIA;BRADY
1452000;512.29;511.54;BRADYCARDIA;BRADY
1454000;512.46;511.71;BRADYCARDIA;BRADY
1456000;511.78;511.02;BRADYCARDIA;BRADY
1458000;513.23;512.47;BRADYCARDIA;BRADY
1460000;511.95;511.20;BRADYCARDIA;BRADY
1462000;512.46;511.71;BRADYCARDIA;BRADY
1464000;511.83;511.08;BRADYCARDIA;BRADY
1466000;513.03;512.29;BRADYCARDIA;BRADY
1468000;512.76;512.02;BRADYCARDIA;BRADY
1470000;512.53;511.79;BRADYCARDIA;BRADY
1472000;512.06;511.33;BRADYCARDIA;BRADY
1474000;513.27;512.53;BRADYCARDIA;BRADY
1476000;512.61;511.87;BRADYCARDIA;BRADY
1478000;513.49;512.76;BRADYCARDIA;BRADY
1480000;512.10;511.38;BRADYCARDIA;BRADY
1482000;512.77;512.04;BRADYCARDIA;BRADY
1484000;513.97;513.24;BRADYCARDIA;BRADY
1486000;512.82;512.10;BRADYCARDIA;BRADY
1488000;511.94;511.22;BRADYCARDIA;BRADY
1490000;513.13;512.42;BRADYCARDIA;BRADY
1492000;511.83;511.11;BRADYCARDIA;BRADY
1494000;512.54;511.83;BRADYCARDIA;BRADY
1496000;512.37;511.66;BRADYCARDIA;BRADY
1498000;513.21;512.50;BRADYCARDIA;BRADY
1500000;514.10;513.40;BRADYCARDIA;BRADY
1502000;511.52;510.82;BRADYCARDIA;BRADY
1504000;512.45;511.75;BRADYCARDIA;BRADY
1506000;512.98;512.28;BRADYCARDIA;BRADY
1508000;514.08;513.38;BRADYCARDIA;BRADY
1510000;512.62;511.92;BRADYCARDIA;BRADY
1512000;512.08;511.39;BRADYCARDIA;BRADY
1514000;512.63;511.94;BRADYCARDIA;BRADY
1516000;512.94;512.25;BRADYCARDIA;BRADY
1518000;512.14;511.46;BRADYCARDIA;BRADY
1520000;512.92;512.23;BRADYCARDIA;BRADY
1522000;511.70;511.01;BRADYCARDIA;BRADY
1524000;512.41;511.73;BRADYCARDIA;BRADY
1526000;513.25;512.58;BRADYCARDIA;BRADY
1528000;512.99;512.32;BRADYCARDIA;BRADY
1530000;512.32;511.65;BRADYCARDIA;BRADY
1532000;512.46;511.79;BRADYCARDIA;BRADY
1534000;512.70;512.04;BRADYCARDIA;BRADY
1536000;513.60;512.93;BRADYCARDIA;BRADY
1538000;514.18;513.52;BRADYCARDIA;BRADY
1540000;510.67;510.01;BRADYCARDIA;BRADY
1542000;512.17;511.51;BRADYCARDIA;BRADY
1544000;513.51;512.86;BRADYCARDIA;BRADY
1546000;512.27;511.62;BRADYCARDIA;BRADY
1548000;512.94;512.29;BRADYCARDIA;BRADY
1550000;511.80;511.15;BRADYCARDIA;BRADY
1552000;512.76;512.11;BRADYCARDIA;BRADY
1554000;514.44;513.79;BRADYCARDIA;BRADY
1556000;511.93;511.29;BRADYCARDIA;BRADY
1558000;512.48;511.84;BRADYCARDIA;BRADY
1560000;513.62;512.98;BRADYCARDIA;BRADY
1562000;513.17;512.54;BRADYCARDIA;BRADY
1564000;512.15;511.51;BRADYCARDIA;BRADY
1566000;512.04;511.41;BRADYCARDIA;BRADY
1568000;513.26;512.63;BRADYCARDIA;BRADY
1570000;512.10;511.48;BRADYCARDIA;BRADY
1572000;511.63;511.01;BRADYCARDIA;BRADY
1574000;513.27;512.65;BRADYCARDIA;BRADY
1576000;513.59;512.98;BRADYCARDIA;BRADY
1578000;511.86;511.25;BRADYCARDIA;BRADY
1580000;513.29;512.67;BRADYCARDIA;BRADY
1582000;512.44;511.83;BRADYCARDIA;BRADY
1584000;512.60;511.99;BRADYCARDIA;BRADY
1586000;512.83;512.23;BRADYCARDIA;BRADY
1588000;513.82;513.21;BRADYCARDIA;BRADY
1590000;511.26;510.66;BRADYCARDIA;BRADY
1592000;512.83;512.23;BRADYCARDIA;BRADY
1594000;513.16;512.56;BRADYCARDIA;BRADY
1596000;513.09;512.50;BRADYCARDIA;BRADY
1598000;512.85;512.26;BRADYCARDIA;BRADY
1600000;513.33;512.74;BRADYCARDIA;BRADY
1602000;513.83;513.25;BRADYCARDIA;BRADY
1604000;511.57;510.99;BRADYCARDIA;BRADY
1606000;512.36;511.78;BRADYCARDIA;BRADY
1608000;511.76;511.18;BRADYCARDIA;BRADY
1610000;512.56;511.98;BRADYCARDIA;BRADY
1612000;511.44;510.87;BRADYCARDIA;BRADY
1614000;513.09;512.52;BRADYCARDIA;BRADY
1616000;512.20;511.63;BRADYCARDIA;BRADY
1618000;510.63;510.07;BRADYCARDIA;BRADY
1620000;512.59;512.03;BRADYCARDIA;BRADY
1622000;513.49;512.93;BRADYCARDIA;BRADY
1624000;513.45;512.89;BRADYCARDIA;BRADY
1626000;512.63;512.08;BRADYCARDIA;BRADY
1628000;512.15;511.60;BRADYCARDIA;BRADY
1630000;513.11;512.57;BRADYCARDIA;BRADY
1632000;513.38;512.83;BRADYCARDIA;BRADY
1634000;512.94;512.40;BRADYCARDIA;BRADY
1636000;512.36;511.82;BRADYCARDIA;BRADY
1638000;512.27;511.73;BRADYCARDIA;BRADY
1640000;512.62;512.09;BRADYCARDIA;BRADY
1642000;512.93;512.39;BRADYCARDIA;BRADY
1644000;511.49;510.96;BRADYCARDIA;BRADY
1646000;513.31;512.78;BRADYCARDIA;BRADY
1648000;512.10;511.57;BRADYCARDIA;BRADY
1650000;513.02;512.50;BRADYCARDIA;BRADY
1652000;512.13;511.61;BRADYCARDIA;BRADY
1654000;513.55;513.03;BRADYCARDIA;BRADY
1656000;511.83;511.32;BRADYCARDIA;BRADY
1658000;513.60;513.09;BRADYCARDIA;BRADY
1660000;511.66;511.15;BRADYCARDIA;BRADY
1662000;511.23;510.72;BRADYCARDIA;BRADY
1664000;512.34;511.84;BRADYCARDIA;BRADY
1666000;512.75;512.25;BRADYCARDIA;BRADY
1668000;513.08;512.58;BRADYCARDIA;BRADY
1670000;511.52;511.03;BRADYCARDIA;BRADY
1672000;512.35;511.85;BRADYCARDIA;BRADY
1674000;512.75;512.26;BRADYCARDIA;BRADY
1676000;511.61;511.12;BRADYCARDIA;BRADY
1678000;513.05;512.56;BRADYCARDIA;BRADY
1680000;512.66;512.18;BRADYCARDIA;BRADY
1682000;513.59;513.11;BRADYCARDIA;BRADY
1684000;511.16;510.69;BRADYCARDIA;BRADY
1686000;512.25;511.77;BRADYCARDIA;BRADY
1688000;511.63;511.16;BRADYCARDIA;BRADY
1690000;512.53;512.06;BRADYCARDIA;BRADY
1692000;512.23;511.77;BRADYCARDIA;BRADY
1694000;511.66;511.20;BRADYCARDIA;BRADY
1696000;513.68;513.22;BRADYCARDIA;BRADY
1698000;513.48;513.02;BRADYCARDIA;BRADY
1700000;513.33;512.88;BRADYCARDIA;BRADY
1702000;511.84;511.39;BRADYCARDIA;BRADY
1704000;512.20;511.76;BRADYCARDIA;BRADY
1706000;510.40;509.95;BRADYCARDIA;BRADY
1708000;513.54;513.09;BRADYCARDIA;BRADY
1710000;513.60;513.16;BRADYCARDIA;BRADY
1712000;512.54;512.11;BRADYCARDIA;BRADY
1714000;512.19;511.76;BRADYCARDIA;BRADY
1716000;512.43;512.00;BRADYCARDIA;BRADY
1718000;512.12;511.69;BRADYCARDIA;BRADY
1720000;511.92;511.49;BRADYCARDIA;BRADY
1722000;512.32;511.90;BRADYCARDIA;BRADY
1724000;513.08;512.66;BRADYCARDIA;BRADY
1726000;513.16;512.75;BRADYCARDIA;BRADY
1728000;513.30;512.89;BRADYCARDIA;BRADY
1730000;511.77;511.36;BRADYCARDIA;BRADY
1732000;511.46;511.05;BRADYCARDIA;BRADY
1734000;511.52;511.11;BRADYCARDIA;BRADY
1736000;512.70;512.29;BRADYCARDIA;BRADY
1738000;512.74;512.34;BRADYCARDIA;BRADY
1740000;512.69;512.29;BRADYCARDIA;BRADY
1742000;511.28;510.89;BRADYCARDIA;BRADY
1744000;512.02;511.63;BRADYCARDIA;BRADY
1746000;511.11;510.72;BRADYCARDIA;BRADY
1748000;513.85;513.46;BRADYCARDIA;BRADY
1750000;513.26;512.87;BRADYCARDIA;BRADY
1752000;512.85;512.48;BRADYCARDIA;BRADY
1754000;511.48;511.10;BRADYCARDIA;BRADY
1756000;511.72;511.34;BRADYCARDIA;BRADY
1758000;511.93;511.56;BRADYCARDIA;BRADY
1760000;511.83;511.46;BRADYCARDIA;BRADY
1762000;512.05;511.69;BRADYCARDIA;BRADY
1764000;511.74;511.37;BRADYCARDIA;BRADY
1766000;512.03;511.67;BRADYCARDIA;BRADY
1768000;512.58;512.22;BRADYCARDIA;BRADY
1770000;512.11;511.76;BRADYCARDIA;BRADY
1772000;512.26;511.91;BRADYCARDIA;BRADY
1774000;513.03;512.68;BRADYCARDIA;BRADY
1776000;512.90;512.56;BRADYCARDIA;BRADY
1778000;513.82;513.48;BRADYCARDIA;BRADY
1780000;511.49;511.15;BRADYCARDIA;BRADY
1782000;513.51;513.18;BRADYCARDIA;BRADY
1784000;512.09;511.75;BRADYCARDIA;BRADY
1786000;512.55;512.22;BRADYCARDIA;BRADY
1788000;512.39;512.07;BRADYCARDIA;BRADY
1790000;512.50;512.17;BRADYCARDIA;BRADY
1792000;512.51;512.19;BRADYCARDIA;BRADY
1794000;512.08;511.77;BRADYCARDIA;BRADY
1796000;513.88;513.57;BRADYCARDIA;BRADY
1798000;512.45;512.14;BRADYCARDIA;BRADY
1800000;512.44;512.14;BRADYCARDIA;BRADY
1802000;513.57;513.27;BRADYCARDIA;BRADY
1804000;511.77;511.46;BRADYCARDIA;BRADY
1806000;511.94;511.64;BRADYCARDIA;BRADY
1808000;513.40;513.10;BRADYCARDIA;BRADY
1810000;512.19;511.90;BRADYCARDIA;BRADY
1812000;512.84;512.55;BRADYCARDIA;BRADY
1814000;511.88;511.59;BRADYCARDIA;BRADY
1816000;512.32;512.03;BRADYCARDIA;BRADY
1818000;512.64;512.36;BRADYCARDIA;BRADY
1820000;511.91;511.63;BRADYCARDIA;BRADY
1822000;511.74;511.46;BRADYCARDIA;BRADY
1824000;512.32;512.04;BRADYCARDIA;BRADY
1826000;511.66;511.39;BRADYCARDIA;BRADY
1828000;512.16;511.89;BRADYCARDIA;BRADY
1830000;511.27;511.01;BRADYCARDIA;BRADY
1832000;511.51;511.25;BRADYCARDIA;BRADY
1834000;513.07;512.81;BRADYCARDIA;BRADY
1836000;511.81;511.56;BRADYCARDIA;BRADY
1838000;511.62;511.37;BRADYCARDIA;BRADY
1840000;514.52;514.27;BRADYCARDIA;BRADY
1842000;513.15;512.91;BRADYCARDIA;BRADY
1844000;510.77;510.53;BRADYCARDIA;BRADY
1846000;512.11;511.87;BRADYCARDIA;BRADY
1848000;513.28;513.04;BRADYCARDIA;BRADY
1850000;513.42;513.18;BRADYCARDIA;BRADY
1852000;512.72;512.49;BRADYCARDIA;BRADY
1854000;512.07;511.84;BRADYCARDIA;BRADY
1856000;511.33;511.11;BRADYCARDIA;BRADY
1858000;511.79;511.57;BRADYCARDIA;BRADY
1860000;512.42;512.20;BRADYCARDIA;BRADY
1862000;511.40;511.18;BRADYCARDIA;BRADY
1864000;512.54;512.33;BRADYCARDIA;BRADY
1866000;512.43;512.22;BRADYCARDIA;BRADY
1868000;511.41;511.20;BRADYCARDIA;BRADY
1870000;512.08;511.88;BRADYCARDIA;BRADY
1872000;511.61;511.41;BRADYCARDIA;BRADY
1874000;512.36;512.16;BRADYCARDIA;BRADY
1876000;511.76;511.56;BRADYCARDIA;BRADY
1878000;511.34;511.15;BRADYCARDIA;BRADY
1880000;511.16;510.98;BRADYCARDIA;BRADY
1882000;510.35;510.16;BRADYCARDIA;BRADY
1884000;513.38;513.20;BRADYCARDIA;BRADY
1886000;511.42;511.24;BRADYCARDIA;BRADY
1888000;512.48;512.30;BRADYCARDIA;BRADY
1890000;511.58;511.41;BRADYCARDIA;BRADY
1892000;512.20;512.03;BRADYCARDIA;BRADY
1894000;512.83;512.67;BRADYCARDIA;BRADY
1896000;513.17;513.00;BRADYCARDIA;BRADY
1898000;511.69;511.53;BRADYCARDIA;BRADY
1900000;511.91;511.75;BRADYCARDIA;BRADY
1902000;512.42;512.26;BRADYCARDIA;BRADY
1904000;512.01;511.86;BRADYCARDIA;BRADY
1906000;513.04;512.89;BRADYCARDIA;BRADY
1908000;511.14;511.00;BRADYCARDIA;BRADY
1910000;512.34;512.20;BRADYCARDIA;BRADY
1912000;511.40;511.26;BRADYCARDIA;BRADY
1914000;512.27;512.14;BRADYCARDIA;BRADY
1916000;512.62;512.48;BRADYCARDIA;BRADY
1918000;514.66;514.54;BRADYCARDIA;BRADY
1920000;513.67;513.55;BRADYCARDIA;BRADY
1922000;511.86;511.74;BRADYCARDIA;BRADY
1924000;511.89;511.77;BRADYCARDIA;BRADY
1926000;510.86;510.74;BRADYCARDIA;BRADY
1928000;512.37;512.26;BRADYCARDIA;BRADY
1930000;512.51;512.40;BRADYCARDIA;BRADY
1932000;513.09;512.98;BRADYCARDIA;BRADY
1934000;511.51;511.41;BRADYCARDIA;BRADY
1936000;511.42;511.32;BRADYCARDIA;BRADY
1938000;511.14;511.04;BRADYCARDIA;BRADY
1940000;512.21;512.12;BRADYCARDIA;BRADY
1942000;511.26;511.17;BRADYCARDIA;BRADY
1944000;510.85;510.76;BRADYCARDIA;BRADY
1946000;512.96;512.87;BRADYCARDIA;BRADY
1948000;511.89;511.81;BRADYCARDIA;BRADY
1950000;512.66;512.59;BRADYCARDIA;BRADY
1952000;510.78;510.71;BRADYCARDIA;BRADY
1954000;511.40;511.33;BRADYCARDIA;BRADY
1956000;512.12;512.05;BRADYCARDIA;BRADY
1958000;512.88;512.81;BRADYCARDIA;BRADY
1960000;511.86;511.80;BRADYCARDIA;BRADY
1962000;513.11;513.05;BRADYCARDIA;BRADY
1964000;512.22;512.17;BRADYCARDIA;BRADY
1966000;512.01;511.95;BRADYCARDIA;BRADY
1968000;512.03;511.98;BRADYCARDIA;BRADY
1970000;511.92;511.88;BRADYCARDIA;BRADY
1972000;511.92;511.87;BRADYCARDIA;BRADY
1974000;513.67;513.63;BRADYCARDIA;BRADY
1976000;512.58;512.54;BRADYCARDIA;BRADY
1978000;512.02;511.99;BRADYCARDIA;BRADY
1980000;511.09;511.06;BRADYCARDIA;BRADY
1982000;510.54;510.51;BRADYCARDIA;BRADY
1984000;512.06;512.04;BRADYCARDIA;BRADY
1986000;512.14;512.11;BRADYCARDIA;BRADY
1988000;511.67;511.66;BRADYCARDIA;BRADY
1990000;514.19;514.18;BRADYCARDIA;BRADY
1992000;511.89;511.88;BRADYCARDIA;BRADY
1994000;512.18;512.17;BRADYCARDIA;BRADY
1996000;511.38;511.37;BRADYCARDIA;BRADY
1998000;511.15;511.15;BRADYCARDIA;BRADY
2000000;511.77;511.77;BRADYCARDIA;BRADY
2002000;511.29;511.29;BRADYCARDIA;BRADY
2004000;513.43;513.44;BRADYCARDIA;BRADY
2006000;511.77;511.78;BRADYCARDIA;BRADY
2008000;512.81;512.82;BRADYCARDIA;BRADY
2010000;512.32;512.34;BRADYCARDIA;BRADY
2012000;513.09;513.11;BRADYCARDIA;BRADY
2014000;512.17;512.19;BRADYCARDIA;BRADY
2016000;512.59;512.62;BRADYCARDIA;BRADY
2018000;512.88;512.91;BRADYCARDIA;BRADY
2020000;511.33;511.37;BRADYCARDIA;BRADY
2022000;512.30;512.33;BRADYCARDIA;BRADY
2024000;511.78;511.82;BRADYCARDIA;BRADY
2026000;511.86;511.90;BRADYCARDIA;BRADY
2028000;512.53;512.57;BRADYCARDIA;BRADY
2030000;511.64;511.69;BRADYCARDIA;BRADY
2032000;513.11;513.16;BRADYCARDIA;BRADY
2034000;511.62;511.67;BRADYCARDIA;BRADY
2036000;511.07;511.13;BRADYCARDIA;BRADY
2038000;511.67;511.73;BRADYCARDIA;BRADY
2040000;512.05;512.12;BRADYCARDIA;BRADY
2042000;512.80;512.86;BRADYCARDIA;BRADY
2044000;510.74;510.81;BRADYCARDIA;BRADY
2046000;514.06;514.13;BRADYCARDIA;BRADY
2048000;512.72;512.79;BRADYCARDIA;BRADY
2050000;511.11;511.19;BRADYCARDIA;BRADY
2052000;511.85;511.93;BRADYCARDIA;BRADY
2054000;512.65;512.73;BRADYCARDIA;BRADY
2056000;512.50;512.59;BRADYCARDIA;BRADY
2058000;513.69;513.78;BRADYCARDIA;BRADY
2060000;512.67;512.76;BRADYCARDIA;BRADY
2062000;512.64;512.74;BRADYCARDIA;BRADY
2064000;511.96;512.06;BRADYCARDIA;BRADY
2066000;512.60;512.70;BRADYCARDIA;BRADY
2068000;510.31;510.42;BRADYCARDIA;BRADY
2070000;512.31;512.42;BRADYCARDIA;BRADY
2072000;511.22;511.33;BRADYCARDIA;BRADY
2074000;511.16;511.28;BRADYCARDIA;BRADY
2076000;512.03;512.15;BRADYCARDIA;BRADY
2078000;511.98;512.10;BRADYCARDIA;BRADY
2080000;511.56;511.69;BRADYCARDIA;BRADY
2082000;512.35;512.48;BRADYCARDIA;BRADY
2084000;511.30;511.43;BRADYCARDIA;BRADY
2086000;510.86;511.00;BRADYCARDIA;BRADY
2088000;511.40;511.53;BRADYCARDIA;BRADY
2090000;511.90;512.05;BRADYCARDIA;BRADY
2092000;510.53;510.68;BRADYCARDIA;BRADY
2094000;510.66;510.81;BRADYCARDIA;BRADY
2096000;511.31;511.46;BRADYCARDIA;BRADY
2098000;512.91;513.06;BRADYCARDIA;BRADY
2100000;512.55;512.71;BRADYCARDIA;BRADY
2102000;512.96;513.12;BRADYCARDIA;BRADY
2104000;510.52;510.68;BRADYCARDIA;BRADY
2106000;510.85;511.02;BRADYCARDIA;BRADY
2108000;511.29;511.46;BRADYCARDIA;BRADY
2110000;512.21;512.38;BRADYCARDIA;BRADY
2112000;511.16;511.33;BRADYCARDIA;BRADY
2114000;509.95;510.13;BRADYCARDIA;BRADY
2116000;513.75;513.93;BRADYCARDIA;BRADY
2118000;511.82;512.00;BRADYCARDIA;BRADY
2120000;510.86;511.05;BRADYCARDIA;BRADY
2122000;512.12;512.31;BRADYCARDIA;BRADY
2124000;511.58;511.78;BRADYCARDIA;BRADY
2126000;511.97;512.17;BRADYCARDIA;BRADY
2128000;512.14;512.34;BRADYCARDIA;BRADY
2130000;513.44;513.64;BRADYCARDIA;BRADY
2132000;511.29;511.50;BRADYCARDIA;BRADY
2134000;513.26;513.47;BRADYCARDIA;BRADY
2136000;511.71;511.92;BRADYCARDIA;BRADY
2138000;512.78;512.99;BRADYCARDIA;BRADY
2140000;513.17;513.39;BRADYCARDIA;BRADY
2142000;511.54;511.76;BRADYCARDIA;BRADY
2144000;510.73;510.96;BRADYCARDIA;BRADY
2146000;511.14;511.37;BRADYCARDIA;BRADY
2148000;511.66;511.89;BRADYCARDIA;BRADY
2150000;511.24;511.47;BRADYCARDIA;BRADY
2152000;511.87;512.11;BRADYCARDIA;BRADY
2154000;511.10;511.34;BRADYCARDIA;BRADY
2156000;512.22;512.46;BRADYCARDIA;BRADY
2158000;511.16;511.41;BRADYCARDIA;BRADY
2160000;510.44;510.69;BRADYCARDIA;BRADY
2162000;513.62;513.88;BRADYCARDIA;BRADY
2164000;512.44;512.70;BRADYCARDIA;BRADY
2166000;512.59;512.85;BRADYCARDIA;BRADY
2168000;510.84;511.10;BRADYCARDIA;BRADY
2170000;511.66;511.92;BRADYCARDIA;BRADY
2172000;511.28;511.54;BRADYCARDIA;BRADY
2174000;511.17;511.44;BRADYCARDIA;BRADY
2176000;512.36;512.64;BRADYCARDIA;BRADY
2178000;511.75;512.03;BRADYCARDIA;BRADY
2180000;511.86;512.14;BRADYCARDIA;BRADY
2182000;510.69;510.97;BRADYCARDIA;BRADY
2184000;511.42;511.71;BRADYCARDIA;BRADY
2186000;512.64;512.93;BRADYCARDIA;BRADY
2188000;511.84;512.13;BRADYCARDIA;BRADY
2190000;512.41;512.71;BRADYCARDIA;BRADY
2192000;511.81;512.11;BRADYCARDIA;BRADY
2194000;511.03;511.33;BRADYCARDIA;BRADY
2196000;510.87;511.18;BRADYCARDIA;BRADY
2198000;511.91;512.21;BRADYCARDIA;BRADY
2200000;511.07;511.38;BRADYCARDIA;BRADY
2202000;511.66;511.97;BRADYCARDIA;BRADY
2204000;511.29;511.60;BRADYCARDIA;BRADY
2206000;511.18;511.50;BRADYCARDIA;BRADY
2208000;512.76;513.08;BRADYCARDIA;BRADY
2210000;511.33;511.65;BRADYCARDIA;BRADY
2212000;512.44;512.77;BRADYCARDIA;BRADY
2214000;511.36;511.69;BRADYCARDIA;BRADY
2216000;512.49;512.82;BRADYCARDIA;BRADY
2218000;512.53;512.86;BRADYCARDIA;BRADY
2220000;513.31;513.64;BRADYCARDIA;BRADY
2222000;510.38;510.72;BRADYCARDIA;BRADY
2224000;511.79;512.13;BRADYCARDIA;BRADY
2226000;510.88;511.23;BRADYCARDIA;BRADY
2228000;512.47;512.82;BRADYCARDIA;BRADY
2230000;511.17;511.53;BRADYCARDIA;BRADY
2232000;511.60;511.96;BRADYCARDIA;BRADY
2234000;510.83;511.19;BRADYCARDIA;BRADY
2236000;512.38;512.74;BRADYCARDIA;BRADY
2238000;510.57;510.94;BRADYCARDIA;BRADY
2240000;510.39;510.75;BRADYCARDIA;BRADY
2242000;511.42;511.79;BRADYCARDIA;BRADY
2244000;510.96;511.34;BRADYCARDIA;BRADY
2246000;512.09;512.46;BRADYCARDIA;BRADY
2248000;511.72;512.10;BRADYCARDIA;BRADY
2250000;511.12;511.50;BRADYCARDIA;BRADY
2252000;510.87;511.25;BRADYCARDIA;BRADY
2254000;511.37;511.75;BRADYCARDIA;BRADY
2256000;511.77;512.16;BRADYCARDIA;BRADY
2258000;510.73;511.12;BRADYCARDIA;BRADY
2260000;510.45;510.85;BRADYCARDIA;BRADY
2262000;510.58;510.98;BRADYCARDIA;BRADY
2264000;512.52;512.92;BRADYCARDIA;BRADY
2266000;510.67;511.08;BRADYCARDIA;BRADY
2268000;511.91;512.32;BRADYCARDIA;BRADY
2270000;511.71;512.12;BRADYCARDIA;BRADY
2272000;511.01;511.42;BRADYCARDIA;BRADY
2274000;510.85;511.27;BRADYCARDIA;BRADY
2276000;511.39;511.81;BRADYCARDIA;BRADY
2278000;512.63;513.05;BRADYCARDIA;BRADY
2280000;512.36;512.79;BRADYCARDIA;BRADY
2282000;511.16;511.58;BRADYCARDIA;BRADY
2284000;511.02;511.45;BRADYCARDIA;BRADY
2286000;510.50;510.94;BRADYCARDIA;BRADY
2288000;511.12;511.55;BRADYCARDIA;BRADY
2290000;510.40;510.84;BRADYCARDIA;BRADY
2292000;511.27;511.71;BRADYCARDIA;BRADY
2294000;511.22;511.67;BRADYCARDIA;BRADY
2296000;511.97;512.41;BRADYCARDIA;BRADY
2298000;510.09;510.54;BRADYCARDIA;BRADY
2300000;511.40;511.85;BRADYCARDIA;BRADY
2302000;512.55;513.01;BRADYCARDIA;BRADY
2304000;510.86;511.32;BRADYCARDIA;BRADY
2306000;511.89;512.35;BRADYCARDIA;BRADY
2308000;512.86;513.32;BRADYCARDIA;BRADY
2310000;511.56;512.02;BRADYCARDIA;BRADY
2312000;511.90;512.37;BRADYCARDIA;BRADY
2314000;512.17;512.64;BRADYCARDIA;BRADY
2316000;510.78;511.26;BRADYCARDIA;BRADY
2318000;512.78;513.26;BRADYCARDIA;BRADY
2320000;510.51;511.00;BRADYCARDIA;BRADY
2322000;512.74;513.22;BRADYCARDIA;BRADY
2324000;510.84;511.33;BRADYCARDIA;BRADY
2326000;513.19;513.68;BRADYCARDIA;BRADY
2328000;511.68;512.17;BRADYCARDIA;BRADY
2330000;511.63;512.13;BRADYCARDIA;BRADY
2332000;511.34;511.84;BRADYCARDIA;BRADY
2334000;512.30;512.80;BRADYCARDIA;BRADY
2336000;512.57;513.07;BRADYCARDIA;BRADY
2338000;511.18;511.69;BRADYCARDIA;BRADY
2340000;511.14;511.65;BRADYCARDIA;BRADY
2342000;510.20;510.71;BRADYCARDIA;BRADY
2344000;510.96;511.48;BRADYCARDIA;BRADY
2346000;511.12;511.64;BRADYCARDIA;BRADY
2348000;510.32;510.84;BRADYCARDIA;BRADY
2350000;512.03;512.55;BRADYCARDIA;BRADY
2352000;511.10;511.63;BRADYCARDIA;BRADY
2354000;514.11;514.64;BRADYCARDIA;BRADY
2356000;510.90;511.43;BRADYCARDIA;BRADY
2358000;511.84;512.37;BRADYCARDIA;BRADY
2360000;511.56;512.09;BRADYCARDIA;BRADY
2362000;512.23;512.77;BRADYCARDIA;BRADY
2364000;512.12;512.66;BRADYCARDIA;BRADY
2366000;511.80;512.34;BRADYCARDIA;BRADY
2368000;511.13;511.67;BRADYCARDIA;BRADY
2370000;511.12;511.67;BRADYCARDIA;BRADY
2372000;511.35;511.91;BRADYCARDIA;BRADY
2374000;511.41;511.97;BRADYCARDIA;BRADY
2376000;511.32;511.88;BRADYCARDIA;BRADY
2378000;511.63;512.19;BRADYCARDIA;BRADY
2380000;511.46;512.02;BRADYCARDIA;BRADY
2382000;511.46;512.02;BRADYCARDIA;BRADY
2384000;512.23;512.80;BRADYCARDIA;BRADY
2386000;512.41;512.98;BRADYCARDIA;BRADY
2388000;511.55;512.12;BRADYCARDIA;BRADY
2390000;511.82;512.40;BRADYCARDIA;BRADY
2392000;511.36;511.94;BRADYCARDIA;BRADY
2394000;511.59;512.17;BRADYCARDIA;BRADY
2396000;511.67;512.26;BRADYCARDIA;BRADY
2398000;511.35;511.94;BRADYCARDIA;BRADY
2400000;511.55;512.14;BRADYCARDIA;BRADY
2402000;511.17;511.77;BRADYCARDIA;BRADY
2404000;511.55;512.15;BRADYCARDIA;BRADY
2406000;510.84;511.43;BRADYCARDIA;BRADY
2408000;511.70;512.30;BRADYCARDIA;BRADY
2410000;510.36;510.96;BRADYCARDIA;BRADY
2412000;512.00;512.60;BRADYCARDIA;BRADY
2414000;510.94;511.55;BRADYCARDIA;BRADY
2416000;512.19;512.80;BRADYCARDIA;BRADY
2418000;512.19;512.80;BRADYCARDIA;BRADY
2420000;511.07;511.68;BRADYCARDIA;BRADY
2422000;511.56;512.18;BRADYCARDIA;BRADY
2424000;511.75;512.36;BRADYCARDIA;BRADY
2426000;510.97;511.59;BRADYCARDIA;BRADY
2428000;511.99;512.61;BRADYCARDIA;BRADY
2430000;511.38;512.00;BRADYCARDIA;BRADY
2432000;511.22;511.84;BRADYCARDIA;BRADY
2434000;510.61;511.24;BRADYCARDIA;BRADY
2436000;511.42;512.05;BRADYCARDIA;BRADY
2438000;511.00;511.63;BRADYCARDIA;BRADY
2440000;511.69;512.33;BRADYCARDIA;BRADY
2442000;510.64;511.28;BRADYCARDIA;BRADY
2444000;510.72;511.36;BRADYCARDIA;BRADY
2446000;511.10;511.74;BRADYCARDIA;BRADY
2448000;512.32;512.96;BRADYCARDIA;BRADY
2450000;511.67;512.32;BRADYCARDIA;BRADY
2452000;509.76;510.41;BRADYCARDIA;BRADY
2454000;512.01;512.66;BRADYCARDIA;BRADY
2456000;510.56;511.22;BRADYCARDIA;BRADY
2458000;511.51;512.17;BRADYCARDIA;BRADY
2460000;511.10;511.76;BRADYCARDIA;BRADY
2462000;511.87;512.54;BRADYCARDIA;BRADY
2464000;511.63;512.30;BRADYCARDIA;BRADY
2466000;510.12;510.79;BRADYCARDIA;BRADY
2468000;511.77;512.44;BRADYCARDIA;BRADY
2470000;510.70;511.37;BRADYCARDIA;BRADY
2472000;511.92;512.60;BRADYCARDIA;BRADY
2474000;511.12;511.80;BRADYCARDIA;BRADY
2476000;510.28;510.96;BRADYCARDIA;BRADY
2478000;510.96;511.65;BRADYCARDIA;BRADY
2480000;511.93;512.61;BRADYCARDIA;BRADY
2482000;512.02;512.70;BRADYCARDIA;BRADY
2484000;511.81;512.50;BRADYCARDIA;BRADY
2486000;511.47;512.16;BRADYCARDIA;BRADY
2488000;511.36;512.06;BRADYCARDIA;BRADY
2490000;510.42;511.12;BRADYCARDIA;BRADY
2492000;510.56;511.26;BRADYCARDIA;BRADY
2494000;510.79;511.49;BRADYCARDIA;BRADY
2496000;511.24;511.95;BRADYCARDIA;BRADY
2498000;511.94;512.65;BRADYCARDIA;BRADY
2500000;510.87;511.58;BRADYCARDIA;BRADY
2502000;511.70;512.41;BRADYCARDIA;BRADY
2504000;511.43;512.14;BRADYCARDIA;BRADY
2506000;511.74;512.45;BRADYCARDIA;BRADY
2508000;510.55;511.27;BRADYCARDIA;BRADY
2510000;511.10;511.82;BRADYCARDIA;BRADY
2512000;511.28;512.00;BRADYCARDIA;BRADY
2514000;511.85;512.57;BRADYCARDIA;BRADY
2516000;511.75;512.48;BRADYCARDIA;BRADY
2518000;511.14;511.87;BRADYCARDIA;BRADY
2520000;510.98;511.71;BRADYCARDIA;BRADY
2522000;513.00;513.73;BRADYCARDIA;BRADY
2524000;511.01;511.74;BRADYCARDIA;BRADY
2526000;510.92;511.65;BRADYCARDIA;BRADY
2528000;510.14;510.88;BRADYCARDIA;BRADY
2530000;511.23;511.97;BRADYCARDIA;BRADY
2532000;510.78;511.52;BRADYCARDIA;BRADY
2534000;512.38;513.12;BRADYCARDIA;BRADY
2536000;510.53;511.28;BRADYCARDIA;BRADY
2538000;511.68;512.43;BRADYCARDIA;BRADY
2540000;511.10;511.85;BRADYCARDIA;BRADY
2542000;510.77;511.52;BRADYCARDIA;BRADY
2544000;511.95;512.70;BRADYCARDIA;BRADY
2546000;511.96;512.72;BRADYCARDIA;BRADY
2548000;511.91;512.66;BRADYCARDIA;BRADY
2550000;510.87;511.63;BRADYCARDIA;BRADY
2552000;511.59;512.35;BRADYCARDIA;BRADY
2554000;509.85;510.62;BRADYCARDIA;BRADY
2556000;511.18;511.94;BRADYCARDIA;BRADY
2558000;510.88;511.65;BRADYCARDIA;BRADY
2560000;512.60;513.37;BRADYCARDIA;BRADY
2562000;511.21;511.98;BRADYCARDIA;BRADY
2564000;510.78;511.55;BRADYCARDIA;BRADY
2566000;511.08;511.85;BRADYCARDIA;BRADY
2568000;510.74;511.52;BRADYCARDIA;BRADY
2570000;510.96;511.74;BRADYCARDIA;BRADY
2572000;509.93;510.71;BRADYCARDIA;BRADY
2574000;512.44;513.22;BRADYCARDIA;BRADY
2576000;511.48;512.27;BRADYCARDIA;BRADY
2578000;510.58;511.37;BRADYCARDIA;BRADY
2580000;509.93;510.72;BRADYCARDIA;BRADY
2582000;510.53;511.33;BRADYCARDIA;BRADY
2584000;510.97;511.76;BRADYCARDIA;BRADY
2586000;510.85;511.64;BRADYCARDIA;BRADY
2588000;510.61;511.41;BRADYCARDIA;BRADY
2590000;511.07;511.87;BRADYCARDIA;BRADY
2592000;510.85;511.65;BRADYCARDIA;BRADY
2594000;511.96;512.76;BRADYCARDIA;BRADY
2596000;511.20;512.01;BRADYCARDIA;BRADY
2598000;510.55;511.35;BRADYCARDIA;BRADY
2600000;509.66;510.47;BRADYCARDIA;BRADY
2602000;511.18;511.99;BRADYCARDIA;BRADY
2604000;510.73;511.54;BRADYCARDIA;BRADY
2606000;511.20;512.01;BRADYCARDIA;BRADY
2608000;508.95;509.77;BRADYCARDIA;BRADY
2610000;512.41;513.23;BRADYCARDIA;BRADY
2612000;511.70;512.52;BRADYCARDIA;BRADY
2614000;510.71;511.54;BRADYCARDIA;BRADY
2616000;510.33;511.16;BRADYCARDIA;BRADY
2618000;513.07;513.90;BRADYCARDIA;BRADY
2620000;511.25;512.07;BRADYCARDIA;BRADY
2622000;511.65;512.48;BRADYCARDIA;BRADY
2624000;510.04;510.87;BRADYCARDIA;BRADY
2626000;512.59;513.42;BRADYCARDIA;BRADY
2628000;510.46;511.29;BRADYCARDIA;BRADY
2630000;512.34;513.18;BRADYCARDIA;BRADY
2632000;509.90;510.74;BRADYCARDIA;BRADY
2634000;511.18;512.02;BRADYCARDIA;BRADY
2636000;509.97;510.81;BRADYCARDIA;BRADY
2638000;511.51;512.35;BRADYCARDIA;BRADY
2640000;511.28;512.13;BRADYCARDIA;BRADY
2642000;511.04;511.88;BRADYCARDIA;BRADY
2644000;512.58;513.43;BRADYCARDIA;BRADY
2646000;509.80;510.65;BRADYCARDIA;BRADY
2648000;511.18;512.03;BRADYCARDIA;BRADY
2650000;510.78;511.64;BRADYCARDIA;BRADY
2652000;510.62;511.47;BRADYCARDIA;BRADY
2654000;511.37;512.23;BRADYCARDIA;BRADY
2656000;511.15;512.01;BRADYCARDIA;BRADY
2658000;512.02;512.88;BRADYCARDIA;BRADY
2660000;510.66;511.52;BRADYCARDIA;BRADY
2662000;510.91;511.78;BRADYCARDIA;BRADY
2664000;510.69;511.56;BRADYCARDIA;BRADY
2666000;510.06;510.93;BRADYCARDIA;BRADY
2668000;511.21;512.08;BRADYCARDIA;BRADY
2670000;510.73;511.60;BRADYCARDIA;BRADY
2672000;512.15;513.02;BRADYCARDIA;BRADY
2674000;512.46;513.34;BRADYCARDIA;BRADY
2676000;511.70;512.57;BRADYCARDIA;BRADY
2678000;511.48;512.36;BRADYCARDIA;BRADY
2680000;510.52;511.40;BRADYCARDIA;BRADY
2682000;509.87;510.75;BRADYCARDIA;BRADY
2684000;512.19;513.06;BRADYCARDIA;BRADY
2686000;511.11;511.99;BRADYCARDIA;BRADY
2688000;511.60;512.48;BRADYCARDIA;BRADY
2690000;510.16;511.04;BRADYCARDIA;BRADY
2692000;511.48;512.37;BRADYCARDIA;BRADY
2694000;513.23;514.12;BRADYCARDIA;BRADY
2696000;511.24;512.13;BRADYCARDIA;BRADY
2698000;511.91;512.80;BRADYCARDIA;BRADY
2700000;510.38;511.28;BRADYCARDIA;BRADY
2702000;511.33;512.22;BRADYCARDIA;BRADY
2704000;510.90;511.79;BRADYCARDIA;BRADY
2706000;511.00;511.90;BRADYCARDIA;BRADY
2708000;509.47;510.36;BRADYCARDIA;BRADY
2710000;510.97;511.87;BRADYCARDIA;BRADY
2712000;510.55;511.45;BRADYCARDIA;BRADY
2714000;511.83;512.73;BRADYCARDIA;BRADY
2716000;510.94;511.84;BRADYCARDIA;BRADY
2718000;510.82;511.73;BRADYCARDIA;BRADY
2720000;511.28;512.18;BRADYCARDIA;BRADY
2722000;511.18;512.09;BRADYCARDIA;BRADY
2724000;511.44;512.35;BRADYCARDIA;BRADY
2726000;510.99;511.89;BRADYCARDIA;BRADY
2728000;511.28;512.19;BRADYCARDIA;BRADY
2730000;511.35;512.26;BRADYCARDIA;BRADY
2732000;511.67;512.58;BRADYCARDIA;BRADY
2734000;511.00;511.92;BRADYCARDIA;BRADY
2736000;511.13;512.04;BRADYCARDIA;BRADY
2738000;510.81;511.73;BRADYCARDIA;BRADY
2740000;510.56;511.48;BRADYCARDIA;BRADY
2742000;510.29;511.21;BRADYCARDIA;BRADY
2744000;509.74;510.66;BRADYCARDIA;BRADY
2746000;512.13;513.05;BRADYCARDIA;BRADY
2748000;511.89;512.81;BRADYCARDIA;BRADY
2750000;510.48;511.40;BRADYCARDIA;BRADY
2752000;511.82;512.75;BRADYCARDIA;BRADY
2754000;510.95;511.88;BRADYCARDIA;BRADY
2756000;510.72;511.65;BRADYCARDIA;BRADY
2758000;512.13;513.06;BRADYCARDIA;BRADY
2760000;510.06;510.99;BRADYCARDIA;BRADY
2762000;510.50;511.43;BRADYCARDIA;BRADY
2764000;510.50;511.43;BRADYCARDIA;BRADY
2766000;510.69;511.62;BRADYCARDIA;BRADY
2768000;509.54;510.47;BRADYCARDIA;BRADY
2770000;511.22;512.16;BRADYCARDIA;BRADY
2772000;511.45;512.39;BRADYCARDIA;BRADY
2774000;511.27;512.21;BRADYCARDIA;BRADY
2776000;511.10;512.04;BRADYCARDIA;BRADY
2778000;511.80;512.74;BRADYCARDIA;BRADY
2780000;512.08;513.02;BRADYCARDIA;BRADY
2782000;510.27;511.21;BRADYCARDIA;BRADY
2784000;509.76;510.71;BRADYCARDIA;BRADY
2786000;510.78;511.72;BRADYCARDIA;BRADY
2788000;511.18;512.12;BRADYCARDIA;BRADY
2790000;511.07;512.02;BRADYCARDIA;BRADY
2792000;510.22;511.17;BRADYCARDIA;BRADY
2794000;510.12;511.07;BRADYCARDIA;BRADY
2796000;511.04;511.99;BRADYCARDIA;BRADY
2798000;510.61;511.56;BRADYCARDIA;BRADY
2800000;510.35;511.30;BRADYCARDIA;BRADY
2802000;510.85;511.80;BRADYCARDIA;BRADY
2804000;510.05;511.01;BRADYCARDIA;BRADY
2806000;511.35;512.31;BRADYCARDIA;BRADY
2808000;509.91;510.86;BRADYCARDIA;BRADY
2810000;510.46;511.41;BRADYCARDIA;BRADY
2812000;510.26;511.22;BRADYCARDIA;BRADY
2814000;511.10;512.06;BRADYCARDIA;BRADY
2816000;511.23;512.19;BRADYCARDIA;BRADY
2818000;510.59;511.55;BRADYCARDIA;BRADY
2820000;511.17;512.13;BRADYCARDIA;BRADY
2822000;512.01;512.98;BRADYCARDIA;BRADY
2824000;510.91;511.88;BRADYCARDIA;BRADY
2826000;511.10;512.06;BRADYCARDIA;BRADY
2828000;509.71;510.67;BRADYCARDIA;BRADY
2830000;510.61;511.57;BRADYCARDIA;BRADY
2832000;511.22;512.19;BRADYCARDIA;BRADY
2834000;510.36;511.33;BRADYCARDIA;BRADY
2836000;512.10;513.07;BRADYCARDIA;BRADY
2838000;511.25;512.22;BRADYCARDIA;BRADY
2840000;509.86;510.83;BRADYCARDIA;BRADY
2842000;510.23;511.20;BRADYCARDIA;BRADY
2844000;511.68;512.65;BRADYCARDIA;BRADY
2846000;511.56;512.53;BRADYCARDIA;BRADY
2848000;511.97;512.94;BRADYCARDIA;BRADY
2850000;512.09;513.07;BRADYCARDIA;BRADY
2852000;511.55;512.53;BRADYCARDIA;BRADY
2854000;509.71;510.68;BRADYCARDIA;BRADY
2856000;511.76;512.73;BRADYCARDIA;BRADY
2858000;511.55;512.53;BRADYCARDIA;BRADY
2860000;510.80;511.78;BRADYCARDIA;BRADY
2862000;510.67;511.65;BRADYCARDIA;BRADY
2864000;511.73;512.71;BRADYCARDIA;BRADY
2866000;511.27;512.25;BRADYCARDIA;BRADY
2868000;511.41;512.39;BRADYCARDIA;BRADY
2870000;510.57;511.55;BRADYCARDIA;BRADY
2872000;512.23;513.21;BRADYCARDIA;BRADY
2874000;511.62;512.60;BRADYCARDIA;BRADY
2876000;511.58;512.56;BRADYCARDIA;BRADY
2878000;511.32;512.30;BRADYCARDIA;BRADY
2880000;510.99;511.97;BRADYCARDIA;BRADY
2882000;510.96;511.94;BRADYCARDIA;BRADY
2884000;511.22;512.20;BRADYCARDIA;BRADY
2886000;511.40;512.38;BRADYCARDIA;BRADY
2888000;510.98;511.97;BRADYCARDIA;BRADY
2890000;511.76;512.75;BRADYCARDIA;BRADY
2892000;510.54;511.52;BRADYCARDIA;BRADY
2894000;512.33;513.32;BRADYCARDIA;BRADY
2896000;510.25;511.24;BRADYCARDIA;BRADY
2898000;510.57;511.56;BRADYCARDIA;BRADY
2900000;511.85;512.83;BRADYCARDIA;BRADY
2902000;512.40;513.39;BRADYCARDIA;BRADY
2904000;511.93;512.92;BRADYCARDIA;BRADY
2906000;510.96;511.95;BRADYCARDIA;BRADY
2908000;511.56;512.55;BRADYCARDIA;BRADY
2910000;510.52;511.51;BRADYCARDIA;BRADY
2912000;510.10;511.09;BRADYCARDIA;BRADY
2914000;510.94;511.93;BRADYCARDIA;BRADY
2916000;511.05;512.04;BRADYCARDIA;BRADY
2918000;511.59;512.58;BRADYCARDIA;BRADY
2920000;511.03;512.02;BRADYCARDIA;BRADY
2922000;509.85;510.84;BRADYCARDIA;BRADY
2924000;510.28;511.27;BRADYCARDIA;BRADY
2926000;509.98;510.97;BRADYCARDIA;BRADY
2928000;511.54;512.53;BRADYCARDIA;BRADY
2930000;511.55;512.55;BRADYCARDIA;BRADY
2932000;510.52;511.51;BRADYCARDIA;BRADY
2934000;509.89;510.88;BRADYCARDIA;BRADY
2936000;510.83;511.83;BRADYCARDIA;BRADY
2938000;512.14;513.13;BRADYCARDIA;BRADY
2940000;512.01;513.00;BRADYCARDIA;BRADY
2942000;510.73;511.73;BRADYCARDIA;BRADY
2944000;510.80;511.80;BRADYCARDIA;BRADY
2946000;510.25;511.25;BRADYCARDIA;BRADY
2948000;510.97;511.97;BRADYCARDIA;BRADY
2950000;511.78;512.78;BRADYCARDIA;BRADY
2952000;510.66;511.66;BRADYCARDIA;BRADY
2954000;511.53;512.53;BRADYCARDIA;BRADY
2956000;510.57;511.57;BRADYCARDIA;BRADY
2958000;513.40;514.40;BRADYCARDIA;BRADY
2960000;510.71;511.70;BRADYCARDIA;BRADY
2962000;511.37;512.37;BRADYCARDIA;BRADY
2964000;509.58;510.58;BRADYCARDIA;BRADY
2966000;511.75;512.75;BRADYCARDIA;BRADY
2968000;512.51;513.51;BRADYCARDIA;BRADY
2970000;509.56;510.56;BRADYCARDIA;BRADY
2972000;511.45;512.45;BRADYCARDIA;BRADY
2974000;511.79;512.79;BRADYCARDIA;BRADY
2976000;511.62;512.62;BRADYCARDIA;BRADY
2978000;509.76;510.76;BRADYCARDIA;BRADY
2980000;510.82;511.81;BRADYCARDIA;BRADY
2982000;510.63;511.63;BRADYCARDIA;BRADY
2984000;511.93;512.93;BRADYCARDIA;BRADY
2986000;509.77;510.77;BRADYCARDIA;BRADY
2988000;510.53;511.53;BRADYCARDIA;BRADY
2990000;510.98;511.98;BRADYCARDIA;BRADY
2992000;510.60;511.60;BRADYCARDIA;BRADY
2994000;511.57;512.57;BRADYCARDIA;BRADY
2996000;510.89;511.89;BRADYCARDIA;BRADY
2998000;510.40;511.40;BRADYCARDIA;BRADY
3000000;510.11;511.11;BRADYCARDIA;BRADY
3002000;510.81;511.81;BRADYCARDIA;BRADY
3004000;512.12;513.12;BRADYCARDIA;BRADY
3006000;511.16;512.16;BRADYCARDIA;BRADY
3008000;510.77;511.77;BRADYCARDIA;BRADY
3010000;510.84;511.84;BRADYCARDIA;BRADY
3012000;510.79;511.79;BRADYCARDIA;BRADY
3014000;511.35;512.35;BRADYCARDIA;BRADY
3016000;512.81;513.81;BRADYCARDIA;BRADY
3018000;510.25;511.25;BRADYCARDIA;BRADY
3020000;510.31;511.31;BRADYCARDIA;BRADY
3022000;511.28;512.28;BRADYCARDIA;BRADY
3024000;511.16;512.16;BRADYCARDIA;BRADY
3026000;511.23;512.22;BRADYCARDIA;BRADY
3028000;511.02;512.02;BRADYCARDIA;BRADY
3030000;510.83;511.82;BRADYCARDIA;BRADY
3032000;510.41;511.41;BRADYCARDIA;BRADY
3034000;511.69;512.69;BRADYCARDIA;BRADY
3036000;513.42;514.42;BRADYCARDIA;BRADY
3038000;511.94;512.94;BRADYCARDIA;BRADY
3040000;512.10;513.10;BRADYCARDIA;BRADY
3042000;509.81;510.81;BRADYCARDIA;BRADY
3044000;512.39;513.39;BRADYCARDIA;BRADY
3046000;510.88;511.88;BRADYCARDIA;BRADY
3048000;511.13;512.13;BRADYCARDIA;BRADY
3050000;511.00;511.99;BRADYCARDIA;BRADY
3052000;509.96;510.95;BRADYCARDIA;BRADY
3054000;509.60;510.60;BRADYCARDIA;BRADY
3056000;509.52;510.52;BRADYCARDIA;BRADY
3058000;512.82;513.81;BRADYCARDIA;BRADY
3060000;512.97;513.97;BRADYCARDIA;BRADY
3062000;511.18;512.18;BRADYCARDIA;BRADY
3064000;513.07;514.07;BRADYCARDIA;BRADY
3066000;509.42;510.42;BRADYCARDIA;BRADY
3068000;511.38;512.37;BRADYCARDIA;BRADY
3070000;511.52;512.52;BRADYCARDIA;BRADY
3072000;511.10;512.09;BRADYCARDIA;BRADY
3074000;510.15;511.15;BRADYCARDIA;BRADY
3076000;511.00;511.99;BRADYCARDIA;BRADY
3078000;512.26;513.25;BRADYCARDIA;BRADY
3080000;511.04;512.03;BRADYCARDIA;BRADY
3082000;510.70;511.69;BRADYCARDIA;BRADY
3084000;511.73;512.72;BRADYCARDIA;BRADY
3086000;512.88;513.87;BRADYCARDIA;BRADY
3088000;512.07;513.06;BRADYCARDIA;BRADY
3090000;511.02;512.01;BRADYCARDIA;BRADY
3092000;511.32;512.31;BRADYCARDIA;BRADY
3094000;510.65;511.64;BRADYCARDIA;BRADY
3096000;510.39;511.37;BRADYCARDIA;BRADY
3098000;510.98;511.96;BRADYCARDIA;BRADY
3100000;511.28;512.27;BRADYCARDIA;BRADY
3102000;510.51;511.50;BRADYCARDIA;BRADY
3104000;510.55;511.54;BRADYCARDIA;BRADY
3106000;511.55;512.53;BRADYCARDIA;BRADY
3108000;510.53;511.51;BRADYCARDIA;BRADY
3110000;511.25;512.24;BRADYCARDIA;BRADY
3112000;511.65;512.63;BRADYCARDIA;BRADY
3114000;511.15;512.13;BRADYCARDIA;BRADY
3116000;511.74;512.73;BRADYCARDIA;BRADY
3118000;511.08;512.07;BRADYCARDIA;BRADY
3120000;510.97;511.95;BRADYCARDIA;BRADY
3122000;511.25;512.24;BRADYCARDIA;BRADY
3124000;511.74;512.72;BRADYCARDIA;BRADY
3126000;511.70;512.68;BRADYCARDIA;BRADY
3128000;512.25;513.23;BRADYCARDIA;BRADY
3130000;512.00;512.98;BRADYCARDIA;BRADY
3132000;512.03;513.01;BRADYCARDIA;BRADY
3134000;510.54;511.52;BRADYCARDIA;BRADY
3136000;511.35;512.33;BRADYCARDIA;BRADY
3138000;511.21;512.19;BRADYCARDIA;BRADY
3140000;511.83;512.80;BRADYCARDIA;BRADY
3142000;510.94;511.91;BRADYCARDIA;BRADY
3144000;510.60;511.58;BRADYCARDIA;BRADY
3146000;510.65;511.62;BRADYCARDIA;BRADY
3148000;511.92;512.89;BRADYCARDIA;BRADY
3150000;510.56;511.53;BRADYCARDIA;BRADY
3152000;509.79;510.77;BRADYCARDIA;BRADY
3154000;511.25;512.23;BRADYCARDIA;BRADY
3156000;510.13;511.10;BRADYCARDIA;BRADY
3158000;511.27;512.24;BRADYCARDIA;BRADY
3160000;510.66;511.62;BRADYCARDIA;BRADY
3162000;511.28;512.25;BRADYCARDIA;BRADY
3164000;509.08;510.05;BRADYCARDIA;BRADY
3166000;512.00;512.96;BRADYCARDIA;BRADY
3168000;510.08;511.04;BRADYCARDIA;BRADY
3170000;510.72;511.68;BRADYCARDIA;BRADY
3172000;511.37;512.33;BRADYCARDIA;BRADY
3174000;510.72;511.69;BRADYCARDIA;BRADY
3176000;509.82;510.78;BRADYCARDIA;BRADY
3178000;511.33;512.29;BRADYCARDIA;BRADY
3180000;510.48;511.44;BRADYCARDIA;BRADY
3182000;511.50;512.45;BRADYCARDIA;BRADY
3184000;509.45;510.41;BRADYCARDIA;BRADY
3186000;511.62;512.58;BRADYCARDIA;BRADY
3188000;511.41;512.36;BRADYCARDIA;BRADY
3190000;510.83;511.78;BRADYCARDIA;BRADY
3192000;510.29;511.24;BRADYCARDIA;BRADY
3194000;510.13;511.08;BRADYCARDIA;BRADY
3196000;511.10;512.05;BRADYCARDIA;BRADY
3198000;511.67;512.62;BRADYCARDIA;BRADY
3200000;512.26;513.21;BRADYCARDIA;BRADY
3202000;512.41;513.36;BRADYCARDIA;BRADY
3204000;511.16;512.11;BRADYCARDIA;BRADY
3206000;511.37;512.32;BRADYCARDIA;BRADY
3208000;510.90;511.84;BRADYCARDIA;BRADY
3210000;512.75;513.70;BRADYCARDIA;BRADY
3212000;511.85;512.80;BRADYCARDIA;BRADY
3214000;511.31;512.25;BRADYCARDIA;BRADY
3216000;510.69;511.63;BRADYCARDIA;BRADY
3218000;510.51;511.45;BRADYCARDIA;BRADY
3220000;510.54;511.48;BRADYCARDIA;BRADY
3222000;511.52;512.46;BRADYCARDIA;BRADY
3224000;511.33;512.27;BRADYCARDIA;BRADY
3226000;511.07;512.00;BRADYCARDIA;BRADY
3228000;510.89;511.82;BRADYCARDIA;BRADY
3230000;512.62;513.56;BRADYCARDIA;BRADY
3232000;511.15;512.09;BRADYCARDIA;BRADY
3234000;510.58;511.51;BRADYCARDIA;BRADY
3236000;511.60;512.53;BRADYCARDIA;BRADY
3238000;510.69;511.62;BRADYCARDIA;BRADY
3240000;511.32;512.25;BRADYCARDIA;BRADY
3242000;511.19;512.12;BRADYCARDIA;BRADY
3244000;512.06;512.99;BRADYCARDIA;BRADY
3246000;510.96;511.89;BRADYCARDIA;BRADY
3248000;510.34;511.27;BRADYCARDIA;BRADY
3250000;510.68;511.60;BRADYCARDIA;BRADY
3252000;511.60;512.52;BRADYCARDIA;BRADY
3254000;509.52;510.45;BRADYCARDIA;BRADY
3256000;510.86;511.78;BRADYCARDIA;BRADY
3258000;510.17;511.09;BRADYCARDIA;BRADY
3260000;511.09;512.01;BRADYCARDIA;BRADY
3262000;511.93;512.85;BRADYCARDIA;BRADY
3264000;510.12;511.04;BRADYCARDIA;BRADY
3266000;509.96;510.88;BRADYCARDIA;BRADY
3268000;510.55;511.46;BRADYCARDIA;BRADY
3270000;510.39;511.30;BRADYCARDIA;BRADY
3272000;510.87;511.78;BRADYCARDIA;BRADY
3274000;510.62;511.53;BRADYCARDIA;BRADY
3276000;510.93;511.83;BRADYCARDIA;BRADY
3278000;512.74;513.64;BRADYCARDIA;BRADY
3280000;510.26;511.16;BRADYCARDIA;BRADY
3282000;510.61;511.52;BRADYCARDIA;BRADY
3284000;512.38;513.28;BRADYCARDIA;BRADY
3286000;510.46;511.36;BRADYCARDIA;BRADY
3288000;510.99;511.89;BRADYCARDIA;BRADY
3290000;512.20;513.10;BRADYCARDIA;BRADY
3292000;510.60;511.50;BRADYCARDIA;BRADY
3294000;511.15;512.04;BRADYCARDIA;BRADY
3296000;511.43;512.32;BRADYCARDIA;BRADY
3298000;510.21;511.11;BRADYCARDIA;BRADY
3300000;508.82;509.71;BRADYCARDIA;BRADY
3302000;511.66;512.54;BRADYCARDIA;BRADY
3304000;510.03;510.92;BRADYCARDIA;BRADY
3306000;510.08;510.97;BRADYCARDIA;BRADY
3308000;511.40;512.28;BRADYCARDIA;BRADY
3310000;510.43;511.32;BRADYCARDIA;BRADY
3312000;510.77;511.66;BRADYCARDIA;BRADY
3314000;511.40;512.28;BRADYCARDIA;BRADY
3316000;511.40;512.28;BRADYCARDIA;BRADY
3318000;509.88;510.75;BRADYCARDIA;BRADY
3320000;509.89;510.76;BRADYCARDIA;BRADY
3322000;512.01;512.88;BRADYCARDIA;BRADY
3324000;510.04;510.91;BRADYCARDIA;BRADY
3326000;511.38;512.25;BRADYCARDIA;BRADY
3328000;509.68;510.55;BRADYCARDIA;BRADY
3330000;509.06;509.92;BRADYCARDIA;BRADY
3332000;508.91;509.78;BRADYCARDIA;BRADY
3334000;511.04;511.90;BRADYCARDIA;BRADY
3336000;511.12;511.98;BRADYCARDIA;BRADY
3338000;510.97;511.83;BRADYCARDIA;BRADY
3340000;511.97;512.83;BRADYCARDIA;BRADY
3342000;512.57;513.43;BRADYCARDIA;BRADY
3344000;512.24;513.10;BRADYCARDIA;BRADY
3346000;511.10;511.95;BRADYCARDIA;BRADY
3348000;510.23;511.08;BRADYCARDIA;BRADY
3350000;511.31;512.16;BRADYCARDIA;BRADY
3352000;511.71;512.56;BRADYCARDIA;BRADY
3354000;510.06;510.91;BRADYCARDIA;BRADY
3356000;511.36;512.21;BRADYCARDIA;BRADY
3358000;511.26;512.10;BRADYCARDIA;BRADY
3360000;511.92;512.77;BRADYCARDIA;BRADY
3362000;511.79;512.63;BRADYCARDIA;BRADY
3364000;511.37;512.21;BRADYCARDIA;BRADY
3366000;510.44;511.27;BRADYCARDIA;BRADY
3368000;511.67;512.50;BRADYCARDIA;BRADY
3370000;511.42;512.26;BRADYCARDIA;BRADY
3372000;511.86;512.69;BRADYCARDIA;BRADY
3374000;510.52;511.35;BRADYCARDIA;BRADY
3376000;511.87;512.70;BRADYCARDIA;BRADY
3378000;512.70;513.53;BRADYCARDIA;BRADY
3380000;511.81;512.64;BRADYCARDIA;BRADY
3382000;510.51;511.34;BRADYCARDIA;BRADY
3384000;512.41;513.24;BRADYCARDIA;BRADY
3386000;511.34;512.17;BRADYCARDIA;BRADY
3388000;511.21;512.03;BRADYCARDIA;BRADY
3390000;511.21;512.03;BRADYCARDIA;BRADY
3392000;511.98;512.80;BRADYCARDIA;BRADY
3394000;511.29;512.11;BRADYCARDIA;BRADY
3396000;513.12;513.93;BRADYCARDIA;BRADY
3398000;510.45;511.26;BRADYCARDIA;BRADY
3400000;509.15;509.96;BRADYCARDIA;BRADY
3402000;512.63;513.44;BRADYCARDIA;BRADY
3404000;511.69;512.50;BRADYCARDIA;BRADY
3406000;512.08;512.88;BRADYCARDIA;BRADY
3408000;511.20;512.01;BRADYCARDIA;BRADY
3410000;510.24;511.04;BRADYCARDIA;BRADY
3412000;510.36;511.16;BRADYCARDIA;BRADY
3414000;509.98;510.77;BRADYCARDIA;BRADY
3416000;512.37;513.17;BRADYCARDIA;BRADY
3418000;511.01;511.81;BRADYCARDIA;BRADY
3420000;511.92;512.71;BRADYCARDIA;BRADY
3422000;510.16;510.95;BRADYCARDIA;BRADY
3424000;512.51;513.29;BRADYCARDIA;BRADY
3426000;510.66;511.44;BRADYCARDIA;BRADY
3428000;511.24;512.02;BRADYCARDIA;BRADY
3430000;510.01;510.79;BRADYCARDIA;BRADY
3432000;509.95;510.72;BRADYCARDIA;BRADY
3434000;511.49;512.26;BRADYCARDIA;BRADY
3436000;512.05;512.82;BRADYCARDIA;BRADY
3438000;511.55;512.33;BRADYCARDIA;BRADY
3440000;511.36;512.13;BRADYCARDIA;BRADY
3442000;510.42;511.19;BRADYCARDIA;BRADY
3444000;510.91;511.68;BRADYCARDIA;BRADY
3446000;512.54;513.30;BRADYCARDIA;BRADY
3448000;510.79;511.55;BRADYCARDIA;BRADY
3450000;511.17;511.93;BRADYCARDIA;BRADY
3452000;510.22;510.98;BRADYCARDIA;BRADY
3454000;512.23;512.98;BRADYCARDIA;BRADY
3456000;511.20;511.96;BRADYCARDIA;BRADY
3458000;510.61;511.36;BRADYCARDIA;BRADY
3460000;511.66;512.41;BRADYCARDIA;BRADY
3462000;512.09;512.83;BRADYCARDIA;BRADY
3464000;511.42;512.16;BRADYCARDIA;BRADY
3466000;511.80;512.54;BRADYCARDIA;BRADY
3468000;511.30;512.04;BRADYCARDIA;BRADY
3470000;511.76;512.50;BRADYCARDIA;BRADY
3472000;510.06;510.80;BRADYCARDIA;BRADY
3474000;511.67;512.40;BRADYCARDIA;BRADY
3476000;511.19;511.92;BRADYCARDIA;BRADY
3478000;510.86;511.59;BRADYCARDIA;BRADY
3480000;511.97;512.69;BRADYCARDIA;BRADY
3482000;510.93;511.66;BRADYCARDIA;BRADY
3484000;512.01;512.73;BRADYCARDIA;BRADY
3486000;511.44;512.17;BRADYCARDIA;BRADY
3488000;512.06;512.78;BRADYCARDIA;BRADY
3490000;510.86;511.58;BRADYCARDIA;BRADY
3492000;510.63;511.35;BRADYCARDIA;BRADY
3494000;509.98;510.70;BRADYCARDIA;BRADY
3496000;511.66;512.37;BRADYCARDIA;BRADY
3498000;511.12;511.83;BRADYCARDIA;BRADY
3500000;510.65;511.36;BRADYCARDIA;BRADY
3502000;511.95;512.65;BRADYCARDIA;BRADY
3504000;511.26;511.96;BRADYCARDIA;BRADY
3506000;512.32;513.03;BRADYCARDIA;BRADY
3508000;510.91;511.61;BRADYCARDIA;BRADY
3510000;512.48;513.18;BRADYCARDIA;BRADY
3512000;511.40;512.10;BRADYCARDIA;BRADY
3514000;511.35;512.04;BRADYCARDIA;BRADY
3516000;511.88;512.57;BRADYCARDIA;BRADY
3518000;510.98;511.67;BRADYCARDIA;BRADY
3520000;511.06;511.74;BRADYCARDIA;BRADY
3522000;511.02;511.70;BRADYCARDIA;BRADY
3524000;508.53;509.21;BRADYCARDIA;BRADY
3526000;512.39;513.07;BRADYCARDIA;BRADY
3528000;509.92;510.60;BRADYCARDIA;BRADY
3530000;512.50;513.17;BRADYCARDIA;BRADY
3532000;511.51;512.18;BRADYCARDIA;BRADY
3534000;510.27;510.94;BRADYCARDIA;BRADY
3536000;511.26;511.92;BRADYCARDIA;BRADY
3538000;512.06;512.72;BRADYCARDIA;BRADY
3540000;511.12;511.78;BRADYCARDIA;BRADY
3542000;511.02;511.68;BRADYCARDIA;BRADY
3544000;510.93;511.59;BRADYCARDIA;BRADY
3546000;511.71;512.36;BRADYCARDIA;BRADY
3548000;511.90;512.55;BRADYCARDIA;BRADY
3550000;510.46;511.11;BRADYCARDIA;BRADY
3552000;511.71;512.36;BRADYCARDIA;BRADY
3554000;511.19;511.84;BRADYCARDIA;BRADY
3556000;509.13;509.77;BRADYCARDIA;BRADY
3558000;511.50;512.14;BRADYCARDIA;BRADY
3560000;512.62;513.26;BRADYCARDIA;BRADY
3562000;510.64;511.27;BRADYCARDIA;BRADY
3564000;510.27;510.91;BRADYCARDIA;BRADY
3566000;510.42;511.05;BRADYCARDIA;BRADY
3568000;511.65;512.28;BRADYCARDIA;BRADY
3570000;511.54;512.16;BRADYCARDIA;BRADY
3572000;511.29;511.91;BRADYCARDIA;BRADY
3574000;510.98;511.60;BRADYCARDIA;BRADY
3576000;510.81;511.42;BRADYCARDIA;BRADY
3578000;512.69;513.31;BRADYCARDIA;BRADY
3580000;511.19;511.81;BRADYCARDIA;BRADY
3582000;512.05;512.66;BRADYCARDIA;BRADY
3584000;510.43;511.04;BRADYCARDIA;BRADY
3586000;511.76;512.36;BRADYCARDIA;BRADY
3588000;509.34;509.94;BRADYCARDIA;BRADY
3590000;510.54;511.14;BRADYCARDIA;BRADY
3592000;512.09;512.68;BRADYCARDIA;BRADY
3594000;511.48;512.07;BRADYCARDIA;BRADY
3596000;511.62;512.21;BRADYCARDIA;BRADY
3598000;511.73;512.32;BRADYCARDIA;BRADY
3600000;511.42;512.01;BRADYCARDIA;BRADY
3602000;511.92;512.50;BRADYCARDIA;BRADY
3604000;511.35;511.93;BRADYCARDIA;BRADY
3606000;511.56;512.14;BRADYCARDIA;BRADY
3608000;510.90;511.48;BRADYCARDIA;BRADY
3610000;512.12;512.70;BRADYCARDIA;BRADY
3612000;512.37;512.94;BRADYCARDIA;BRADY
3614000;511.40;511.97;BRADYCARDIA;BRADY
3616000;510.51;511.07;BRADYCARDIA;BRADY
3618000;509.76;510.33;BRADYCARDIA;BRADY
3620000;510.95;511.51;BRADYCARDIA;BRADY
3622000;510.77;511.33;BRADYCARDIA;BRADY
3624000;511.89;512.45;BRADYCARDIA;BRADY
3626000;510.86;511.41;BRADYCARDIA;BRADY
3628000;510.96;511.51;BRADYCARDIA;BRADY
3630000;511.84;512.39;BRADYCARDIA;BRADY
3632000;511.44;511.98;BRADYCARDIA;BRADY
3634000;511.03;511.57;BRADYCARDIA;BRADY
3636000;512.90;513.44;BRADYCARDIA;BRADY
3638000;510.81;511.35;BRADYCARDIA;BRADY
3640000;511.81;512.34;BRADYCARDIA;BRADY
3642000;510.66;511.20;BRADYCARDIA;BRADY
3644000;510.78;511.31;BRADYCARDIA;BRADY
3646000;511.87;512.40;BRADYCARDIA;BRADY
3648000;511.15;511.68;BRADYCARDIA;BRADY
3650000;512.07;512.60;BRADYCARDIA;BRADY
3652000;510.82;511.34;BRADYCARDIA;BRADY
3654000;511.12;511.64;BRADYCARDIA;BRADY
3656000;511.30;511.82;BRADYCARDIA;BRADY
3658000;511.40;511.92;BRADYCARDIA;BRADY
3660000;512.29;512.80;BRADYCARDIA;BRADY
3662000;510.49;510.99;BRADYCARDIA;BRADY
3664000;511.50;512.01;BRADYCARDIA;BRADY
3666000;511.42;511.92;BRADYCARDIA;BRADY
3668000;511.90;512.40;BRADYCARDIA;BRADY
3670000;511.12;511.61;BRADYCARDIA;BRADY
3672000;510.97;511.46;BRADYCARDIA;BRADY
3674000;510.34;510.83;BRADYCARDIA;BRADY
3676000;512.27;512.76;BRADYCARDIA;BRADY
3678000;511.40;511.88;BRADYCARDIA;BRADY
3680000;510.75;511.23;BRADYCARDIA;BRADY
3682000;511.79;512.26;BRADYCARDIA;BRADY
3684000;510.86;511.34;BRADYCARDIA;BRADY
3686000;511.47;511.95;BRADYCARDIA;BRADY
3688000;510.37;510.84;BRADYCARDIA;BRADY
3690000;511.68;512.14;BRADYCARDIA;BRADY
3692000;511.75;512.22;BRADYCARDIA;BRADY
3694000;511.39;511.85;BRADYCARDIA;BRADY
3696000;511.86;512.32;BRADYCARDIA;BRADY
3698000;510.72;511.17;BRADYCARDIA;BRADY
3700000;511.31;511.76;BRADYCARDIA;BRADY
3702000;512.55;513.00;BRADYCARDIA;BRADY
3704000;511.70;512.15;BRADYCARDIA;BRADY
3706000;510.39;510.83;BRADYCARDIA;BRADY
3708000;512.05;512.49;BRADYCARDIA;BRADY
3710000;511.85;512.29;BRADYCARDIA;BRADY
3712000;511.57;512.00;BRADYCARDIA;BRADY
3714000;511.01;511.44;BRADYCARDIA;BRADY
3716000;511.77;512.20;BRADYCARDIA;BRADY
3718000;509.62;510.05;BRADYCARDIA;BRADY
3720000;511.63;512.05;BRADYCARDIA;BRADY
3722000;512.04;512.47;BRADYCARDIA;BRADY
3724000;511.30;511.72;BRADYCARDIA;BRADY
3726000;512.44;512.86;BRADYCARDIA;BRADY
3728000;512.02;512.43;BRADYCARDIA;BRADY
3730000;512.26;512.67;BRADYCARDIA;BRADY
3732000;511.43;511.83;BRADYCARDIA;BRADY
3734000;512.04;512.45;BRADYCARDIA;BRADY
3736000;511.19;511.59;BRADYCARDIA;BRADY
3738000;512.51;512.91;BRADYCARDIA;BRADY
3740000;510.99;511.39;BRADYCARDIA;BRADY
3742000;513.35;513.74;BRADYCARDIA;BRADY
3744000;511.17;511.57;BRADYCARDIA;BRADY
3746000;511.33;511.71;BRADYCARDIA;BRADY
3748000;512.16;512.54;BRADYCARDIA;BRADY
3750000;510.38;510.76;BRADYCARDIA;BRADY
3752000;510.69;511.07;BRADYCARDIA;BRADY
3754000;511.69;512.06;BRADYCARDIA;BRADY
3756000;512.36;512.74;BRADYCARDIA;BRADY
3758000;511.61;511.99;BRADYCARDIA;BRADY
3760000;510.50;510.86;BRADYCARDIA;BRADY
3762000;511.95;512.31;BRADYCARDIA;BRADY
3764000;510.65;511.01;BRADYCARDIA;BRADY
3766000;511.88;512.24;BRADYCARDIA;BRADY
3768000;510.71;511.07;BRADYCARDIA;BRADY
3770000;511.53;511.89;BRADYCARDIA;BRADY
3772000;511.90;512.25;BRADYCARDIA;BRADY
3774000;511.41;511.76;BRADYCARDIA;BRADY
3776000;511.75;512.10;BRADYCARDIA;BRADY
3778000;510.81;511.15;BRADYCARDIA;BRADY
3780000;510.64;510.97;BRADYCARDIA;BRADY
3782000;512.25;512.58;BRADYCARDIA;BRADY
3784000;511.21;511.54;BRADYCARDIA;BRADY
3786000;510.61;510.94;BRADYCARDIA;BRADY
3788000;511.77;512.09;BRADYCARDIA;BRADY
3790000;511.59;511.92;BRADYCARDIA;BRADY
3792000;512.22;512.54;BRADYCARDIA;BRADY
3794000;512.26;512.57;BRADYCARDIA;BRADY
3796000;511.44;511.76;BRADYCARDIA;BRADY
3798000;510.92;511.23;BRADYCARDIA;BRADY
3800000;510.25;510.56;BRADYCARDIA;BRADY
3802000;513.12;513.42;BRADYCARDIA;BRADY
3804000;511.97;512.27;BRADYCARDIA;BRADY
3806000;511.10;511.40;BRADYCARDIA;BRADY
3808000;512.74;513.04;BRADYCARDIA;BRADY
3810000;511.82;512.12;BRADYCARDIA;BRADY
3812000;511.56;511.85;BRADYCARDIA;BRADY
3814000;512.87;513.16;BRADYCARDIA;BRADY
3816000;510.94;511.22;BRADYCARDIA;BRADY
3818000;511.47;511.76;BRADYCARDIA;BRADY
3820000;510.79;511.07;BRADYCARDIA;BRADY
3822000;511.06;511.34;BRADYCARDIA;BRADY
3824000;512.47;512.74;BRADYCARDIA;BRADY
3826000;512.07;512.34;BRADYCARDIA;BRADY
3828000;511.85;512.12;BRADYCARDIA;BRADY
3830000;511.75;512.01;BRADYCARDIA;BRADY
3832000;509.86;510.12;BRADYCARDIA;BRADY
3834000;511.91;512.16;BRADYCARDIA;BRADY
3836000;512.33;512.58;BRADYCARDIA;BRADY
3838000;510.37;510.62;BRADYCARDIA;BRADY
3840000;512.11;512.36;BRADYCARDIA;BRADY
3842000;511.58;511.83;BRADYCARDIA;BRADY
3844000;510.89;511.14;BRADYCARDIA;BRADY
3846000;511.16;511.40;BRADYCARDIA;BRADY
3848000;511.21;511.45;BRADYCARDIA;BRADY
3850000;512.13;512.37;BRADYCARDIA;BRADY
3852000;512.48;512.71;BRADYCARDIA;BRADY
3854000;512.52;512.75;BRADYCARDIA;BRADY
3856000;511.31;511.53;BRADYCARDIA;BRADY
3858000;512.24;512.46;BRADYCARDIA;BRADY
3860000;513.05;513.27;BRADYCARDIA;BRADY
3862000;511.59;511.80;BRADYCARDIA;BRADY
3864000;510.13;510.34;BRADYCARDIA;BRADY
3866000;512.35;512.56;BRADYCARDIA;BRADY
3868000;511.46;511.67;BRADYCARDIA;BRADY
3870000;512.20;512.40;BRADYCARDIA;BRADY
3872000;512.11;512.31;BRADYCARDIA;BRADY
3874000;510.17;510.36;BRADYCARDIA;BRADY
3876000;511.75;511.94;BRADYCARDIA;BRADY
3878000;512.78;512.97;BRADYCARDIA;BRADY
3880000;511.15;511.34;BRADYCARDIA;BRADY
3882000;512.37;512.55;BRADYCARDIA;BRADY
3884000;511.42;511.60;BRADYCARDIA;BRADY
3886000;510.42;510.60;BRADYCARDIA;BRADY
3888000;511.80;511.98;BRADYCARDIA;BRADY
3890000;510.71;510.88;BRADYCARDIA;BRADY
3892000;511.22;511.39;BRADYCARDIA;BRADY
3894000;509.45;509.62;BRADYCARDIA;BRADY
3896000;513.34;513.50;BRADYCARDIA;BRADY
3898000;512.40;512.56;BRADYCARDIA;BRADY
3900000;512.86;513.02;BRADYCARDIA;BRADY
3902000;511.46;511.62;BRADYCARDIA;BRADY
3904000;511.30;511.45;BRADYCARDIA;BRADY
3906000;512.09;512.24;BRADYCARDIA;BRADY
3908000;512.34;512.48;BRADYCARDIA;BRADY
3910000;512.08;512.22;BRADYCARDIA;BRADY
3912000;510.92;511.06;BRADYCARDIA;BRADY
3914000;513.32;513.45;BRADYCARDIA;BRADY
3916000;510.88;511.01;BRADYCARDIA;BRADY
3918000;512.09;512.22;BRADYCARDIA;BRADY
3920000;511.60;511.73;BRADYCARDIA;BRADY
3922000;512.35;512.48;BRADYCARDIA;BRADY
3924000;510.85;510.97;BRADYCARDIA;BRADY
3926000;511.50;511.61;BRADYCARDIA;BRADY
3928000;512.59;512.71;BRADYCARDIA;BRADY
3930000;512.28;512.39;BRADYCARDIA;BRADY
3932000;512.36;512.46;BRADYCARDIA;BRADY
3934000;510.87;510.97;BRADYCARDIA;BRADY
3936000;510.75;510.85;BRADYCARDIA;BRADY
3938000;513.27;513.37;BRADYCARDIA;BRADY
3940000;512.15;512.24;BRADYCARDIA;BRADY
3942000;513.30;513.39;BRADYCARDIA;BRADY
3944000;510.51;510.60;BRADYCARDIA;BRADY
3946000;511.19;511.28;BRADYCARDIA;BRADY
3948000;512.06;512.14;BRADYCARDIA;BRADY
3950000;512.99;513.07;BRADYCARDIA;BRADY
3952000;511.88;511.95;BRADYCARDIA;BRADY
3954000;511.35;511.42;BRADYCARDIA;BRADY
3956000;512.04;512.11;BRADYCARDIA;BRADY
3958000;511.32;511.39;BRADYCARDIA;BRADY
3960000;510.33;510.40;BRADYCARDIA;BRADY
3962000;512.15;512.21;BRADYCARDIA;BRADY
3964000;512.77;512.83;BRADYCARDIA;BRADY
3966000;512.33;512.38;BRADYCARDIA;BRADY
3968000;511.10;511.15;BRADYCARDIA;BRADY
3970000;512.44;512.49;BRADYCARDIA;BRADY
3972000;512.63;512.67;BRADYCARDIA;BRADY
3974000;511.97;512.01;BRADYCARDIA;BRADY
3976000;513.02;513.06;BRADYCARDIA;BRADY
3978000;511.35;511.38;BRADYCARDIA;BRADY
3980000;511.63;511.67;BRADYCARDIA;BRADY
3982000;512.26;512.29;BRADYCARDIA;BRADY
3984000;512.76;512.78;BRADYCARDIA;BRADY
3986000;511.79;511.81;BRADYCARDIA;BRADY
3988000;511.16;511.18;BRADYCARDIA;BRADY
3990000;511.69;511.71;BRADYCARDIA;BRADY
3992000;510.93;510.95;BRADYCARDIA;BRADY
3994000;511.80;511.81;BRADYCARDIA;BRADY
3996000;511.58;511.59;BRADYCARDIA;BRADY
3998000;511.51;511.52;BRADYCARDIA;BRADY
4000000;511.21;511.21;BRADYCARDIA;BRADY
4002000;513.73;513.72;BRADYCARDIA;BRADY
4004000;510.98;510.97;BRADYCARDIA;BRADY
4006000;511.16;511.15;BRADYCARDIA;BRADY
4008000;512.79;512.78;BRADYCARDIA;BRADY
4010000;511.35;511.33;BRADYCARDIA;BRADY
4012000;512.61;512.59;BRADYCARDIA;BRADY
4014000;511.70;511.68;BRADYCARDIA;BRADY
4016000;512.94;512.92;BRADYCARDIA;BRADY
4018000;513.17;513.14;BRADYCARDIA;BRADY
4020000;511.76;511.73;BRADYCARDIA;BRADY
4022000;511.39;511.36;BRADYCARDIA;BRADY
4024000;511.60;511.56;BRADYCARDIA;BRADY
4026000;512.23;512.19;BRADYCARDIA;BRADY
4028000;512.85;512.80;BRADYCARDIA;BRADY
4030000;511.91;511.86;BRADYCARDIA;BRADY
4032000;511.27;511.22;BRADYCARDIA;BRADY
4034000;512.88;512.83;BRADYCARDIA;BRADY
4036000;512.14;512.09;BRADYCARDIA;BRADY
4038000;512.40;512.34;BRADYCARDIA;BRADY
4040000;511.29;511.23;BRADYCARDIA;BRADY
4042000;512.90;512.84;BRADYCARDIA;BRADY
4044000;512.06;511.99;BRADYCARDIA;BRADY
4046000;512.31;512.24;BRADYCARDIA;BRADY
4048000;512.08;512.00;BRADYCARDIA;BRADY
4050000;511.55;511.47;BRADYCARDIA;BRADY
4052000;510.80;510.72;BRADYCARDIA;BRADY
4054000;513.26;513.18;BRADYCARDIA;BRADY
4056000;512.65;512.56;BRADYCARDIA;BRADY
4058000;512.68;512.59;BRADYCARDIA;BRADY
4060000;513.48;513.39;BRADYCARDIA;BRADY
4062000;512.13;512.03;BRADYCARDIA;BRADY
4064000;512.84;512.74;BRADYCARDIA;BRADY
4066000;511.69;511.58;BRADYCARDIA;BRADY
4068000;511.60;511.49;BRADYCARDIA;BRADY
4070000;512.27;512.16;BRADYCARDIA;BRADY
4072000;514.24;514.13;BRADYCARDIA;BRADY
4074000;511.53;511.42;BRADYCARDIA;BRADY
4076000;511.62;511.50;BRADYCARDIA;BRADY
4078000;510.81;510.68;BRADYCARDIA;BRADY
4080000;512.08;511.95;BRADYCARDIA;BRADY
4082000;510.75;510.63;BRADYCARDIA;BRADY
4084000;513.49;513.36;BRADYCARDIA;BRADY
4086000;513.43;513.30;BRADYCARDIA;BRADY
4088000;513.09;512.95;BRADYCARDIA;BRADY
4090000;511.44;511.30;BRADYCARDIA;BRADY
4092000;510.93;510.78;BRADYCARDIA;BRADY
4094000;511.41;511.26;BRADYCARDIA;BRADY
4096000;513.68;513.53;BRADYCARDIA;BRADY
4098000;513.74;513.59;BRADYCARDIA;BRADY
4100000;511.02;510.86;BRADYCARDIA;BRADY
4102000;512.22;512.06;BRADYCARDIA;BRADY
4104000;513.24;513.08;BRADYCARDIA;BRADY
4106000;511.92;511.76;BRADYCARDIA;BRADY
4108000;511.51;511.35;BRADYCARDIA;BRADY
4110000;512.30;512.13;BRADYCARDIA;BRADY
4112000;513.05;512.87;BRADYCARDIA;BRADY
4114000;512.53;512.35;BRADYCARDIA;BRADY
4116000;511.67;511.49;BRADYCARDIA;BRADY
4118000;512.61;512.43;BRADYCARDIA;BRADY
4120000;513.48;513.29;BRADYCARDIA;BRADY
4122000;512.50;512.31;BRADYCARDIA;BRADY
4124000;511.22;511.03;BRADYCARDIA;BRADY
4126000;513.08;512.88;BRADYCARDIA;BRADY
4128000;512.61;512.41;BRADYCARDIA;BRADY
4130000;511.22;511.01;BRADYCARDIA;BRADY
4132000;512.36;512.16;BRADYCARDIA;BRADY
4134000;511.52;511.31;BRADYCARDIA;BRADY
4136000;512.58;512.37;BRADYCARDIA;BRADY
4138000;512.75;512.53;BRADYCARDIA;BRADY
4140000;512.56;512.34;BRADYCARDIA;BRADY
4142000;512.52;512.30;BRADYCARDIA;BRADY
4144000;512.18;511.96;BRADYCARDIA;BRADY
4146000;512.80;512.58;BRADYCARDIA;BRADY
4148000;513.48;513.25;BRADYCARDIA;BRADY
4150000;512.43;512.20;BRADYCARDIA;BRADY
4152000;512.69;512.45;BRADYCARDIA;BRADY
4154000;513.07;512.83;BRADYCARDIA;BRADY
4156000;512.52;512.28;BRADYCARDIA;BRADY
4158000;512.64;512.40;BRADYCARDIA;BRADY
4160000;513.00;512.75;BRADYCARDIA;BRADY
4162000;513.01;512.76;BRADYCARDIA;BRADY
4164000;511.59;511.34;BRADYCARDIA;BRADY
4166000;512.20;511.94;BRADYCARDIA;BRADY
4168000;512.56;512.30;BRADYCARDIA;BRADY
4170000;512.60;512.33;BRADYCARDIA;BRADY
4172000;512.93;512.66;BRADYCARDIA;BRADY
4174000;512.61;512.34;BRADYCARDIA;BRADY
4176000;510.64;510.37;BRADYCARDIA;BRADY
4178000;512.57;512.30;BRADYCARDIA;BRADY
4180000;513.73;513.45;BRADYCARDIA;BRADY
4182000;513.13;512.85;BRADYCARDIA;BRADY
4184000;512.20;511.91;BRADYCARDIA;BRADY
4186000;512.27;511.98;BRADYCARDIA;BRADY
4188000;513.46;513.17;BRADYCARDIA;BRADY
4190000;512.34;512.04;BRADYCARDIA;BRADY
4192000;511.32;511.02;BRADYCARDIA;BRADY
4194000;512.78;512.48;BRADYCARDIA;BRADY
4196000;511.94;511.63;BRADYCARDIA;BRADY
4198000;513.42;513.11;BRADYCARDIA;BRADY
4200000;513.53;513.22;BRADYCARDIA;BRADY
4202000;512.08;511.76;BRADYCARDIA;BRADY
4204000;510.58;510.27;BRADYCARDIA;BRADY
4206000;513.74;513.42;BRADYCARDIA;BRADY
4208000;511.46;511.14;BRADYCARDIA;BRADY
4210000;512.40;512.07;BRADYCARDIA;BRADY
4212000;512.74;512.41;BRADYCARDIA;BRADY
4214000;511.50;511.17;BRADYCARDIA;BRADY
4216000;514.10;513.77;BRADYCARDIA;BRADY
4218000;513.20;512.87;BRADYCARDIA;BRADY
4220000;512.98;512.64;BRADYCARDIA;BRADY
4222000;513.26;512.92;BRADYCARDIA;BRADY
4224000;511.25;510.91;BRADYCARDIA;BRADY
4226000;513.27;512.92;BRADYCARDIA;BRADY
4228000;512.78;512.43;BRADYCARDIA;BRADY
4230000;511.17;510.81;BRADYCARDIA;BRADY
4232000;513.80;513.44;BRADYCARDIA;BRADY
4234000;513.28;512.92;BRADYCARDIA;BRADY
4236000;512.13;511.77;BRADYCARDIA;BRADY
4238000;511.88;511.52;BRADYCARDIA;BRADY
4240000;512.79;512.42;BRADYCARDIA;BRADY
4242000;512.68;512.30;BRADYCARDIA;BRADY
4244000;512.82;512.44;BRADYCARDIA;BRADY
4246000;510.34;509.96;BRADYCARDIA;BRADY
4248000;512.73;512.35;BRADYCARDIA;BRADY
4250000;510.30;509.92;BRADYCARDIA;BRADY
4252000;511.86;511.48;BRADYCARDIA;BRADY
4254000;512.81;512.43;BRADYCARDIA;BRADY
4256000;512.35;511.96;BRADYCARDIA;BRADY
4258000;511.95;511.55;BRADYCARDIA;BRADY
4260000;513.73;513.34;BRADYCARDIA;BRADY
4262000;512.64;512.24;BRADYCARDIA;BRADY
4264000;512.80;512.40;BRADYCARDIA;BRADY
4266000;512.11;511.71;BRADYCARDIA;BRADY
4268000;513.30;512.89;BRADYCARDIA;BRADY
4270000;512.17;511.76;BRADYCARDIA;BRADY
4272000;512.76;512.35;BRADYCARDIA;BRADY
4274000;512.88;512.47;BRADYCARDIA;BRADY
4276000;514.18;513.76;BRADYCARDIA;BRADY
4278000;512.51;512.08;BRADYCARDIA;BRADY
4280000;512.91;512.49;BRADYCARDIA;BRADY
4282000;512.07;511.64;BRADYCARDIA;BRADY
4284000;512.84;512.40;BRADYCARDIA;BRADY
4286000;512.36;511.92;BRADYCARDIA;BRADY
4288000;511.98;511.54;BRADYCARDIA;BRADY
4290000;513.09;512.65;BRADYCARDIA;BRADY
4292000;512.46;512.02;BRADYCARDIA;BRADY
4294000;512.47;512.03;BRADYCARDIA;BRADY
4296000;511.17;510.72;BRADYCARDIA;BRADY
4298000;512.26;511.81;BRADYCARDIA;BRADY
4300000;512.17;511.71;BRADYCARDIA;BRADY
4302000;512.45;511.99;BRADYCARDIA;BRADY
4304000;512.88;512.42;BRADYCARDIA;BRADY
4306000;513.09;512.62;BRADYCARDIA;BRADY
4308000;512.72;512.25;BRADYCARDIA;BRADY
4310000;512.04;511.57;BRADYCARDIA;BRADY
4312000;511.16;510.69;BRADYCARDIA;BRADY
4314000;512.67;512.20;BRADYCARDIA;BRADY
4316000;513.13;512.65;BRADYCARDIA;BRADY
4318000;512.59;512.11;BRADYCARDIA;BRADY
4320000;511.56;511.08;BRADYCARDIA;BRADY
4322000;511.55;511.06;BRADYCARDIA;BRADY
4324000;511.17;510.68;BRADYCARDIA;BRADY
4326000;511.75;511.26;BRADYCARDIA;BRADY
4328000;511.42;510.93;BRADYCARDIA;BRADY
4330000;512.08;511.59;BRADYCARDIA;BRADY
4332000;511.13;510.63;BRADYCARDIA;BRADY
4334000;512.69;512.18;BRADYCARDIA;BRADY
4336000;513.15;512.65;BRADYCARDIA;BRADY
4338000;513.11;512.60;BRADYCARDIA;BRADY
4340000;512.33;511.82;BRADYCARDIA;BRADY
4342000;512.82;512.31;BRADYCARDIA;BRADY
4344000;511.53;511.01;BRADYCARDIA;BRADY
4346000;512.37;511.85;BRADYCARDIA;BRADY
4348000;513.20;512.68;BRADYCARDIA;BRADY
4350000;513.45;512.93;BRADYCARDIA;BRADY
4352000;512.97;512.45;BRADYCARDIA;BRADY
4354000;513.33;512.80;BRADYCARDIA;BRADY
4356000;512.78;512.25;BRADYCARDIA;BRADY
4358000;512.11;511.58;BRADYCARDIA;BRADY
4360000;513.54;513.01;BRADYCARDIA;BRADY
4362000;513.58;513.04;BRADYCARDIA;BRADY
4364000;512.45;511.91;BRADYCARDIA;BRADY
4366000;513.02;512.47;BRADYCARDIA;BRADY
4368000;511.77;511.22;BRADYCARDIA;BRADY
4370000;513.51;512.97;BRADYCARDIA;BRADY
4372000;512.12;511.57;BRADYCARDIA;BRADY
4374000;513.70;513.15;BRADYCARDIA;BRADY
4376000;511.94;511.38;BRADYCARDIA;BRADY
4378000;511.05;510.49;BRADYCARDIA;BRADY
4380000;512.52;511.95;BRADYCARDIA;BRADY
4382000;512.74;512.18;BRADYCARDIA;BRADY
4384000;513.14;512.57;BRADYCARDIA;BRADY
4386000;512.54;511.97;BRADYCARDIA;BRADY
4388000;513.36;512.79;BRADYCARDIA;BRADY
4390000;512.54;511.96;BRADYCARDIA;BRADY
4392000;512.56;511.98;BRADYCARDIA;BRADY
4394000;511.53;510.95;BRADYCARDIA;BRADY
4396000;512.71;512.12;BRADYCARDIA;BRADY
4398000;512.49;511.90;BRADYCARDIA;BRADY
4400000;511.53;510.94;BRADYCARDIA;BRADY
4402000;512.18;511.59;BRADYCARDIA;BRADY
4404000;512.93;512.33;BRADYCARDIA;BRADY
4406000;512.19;511.59;BRADYCARDIA;BRADY
4408000;512.71;512.11;BRADYCARDIA;BRADY
4410000;511.60;511.00;BRADYCARDIA;BRADY
4412000;512.22;511.62;BRADYCARDIA;BRADY
4414000;512.71;512.10;BRADYCARDIA;BRADY
4416000;512.60;511.99;BRADYCARDIA;BRADY
4418000;513.39;512.78;BRADYCARDIA;BRADY
4420000;512.11;511.50;BRADYCARDIA;BRADY
4422000;513.18;512.57;BRADYCARDIA;BRADY
4424000;512.44;511.82;BRADYCARDIA;BRADY
4426000;513.11;512.49;BRADYCARDIA;BRADY
4428000;513.19;512.56;BRADYCARDIA;BRADY
4430000;512.91;512.29;BRADYCARDIA;BRADY
4432000;511.97;511.34;BRADYCARDIA;BRADY
4434000;512.60;511.97;BRADYCARDIA;BRADY
4436000;511.93;511.30;BRADYCARDIA;BRADY
4438000;512.67;512.03;BRADYCARDIA;BRADY
4440000;512.71;512.07;BRADYCARDIA;BRADY
4442000;512.38;511.74;BRADYCARDIA;BRADY
4444000;514.20;513.56;BRADYCARDIA;BRADY
4446000;513.34;512.69;BRADYCARDIA;BRADY
4448000;512.48;511.84;BRADYCARDIA;BRADY
4450000;512.56;511.91;BRADYCARDIA;BRADY
4452000;512.18;511.53;BRADYCARDIA;BRADY
4454000;513.39;512.73;BRADYCARDIA;BRADY
4456000;512.77;512.11;BRADYCARDIA;BRADY
4458000;511.04;510.39;BRADYCARDIA;BRADY
4460000;511.39;510.73;BRADYCARDIA;BRADY
4462000;512.54;511.87;BRADYCARDIA;BRADY
4464000;511.88;511.21;BRADYCARDIA;BRADY
4466000;512.47;511.80;BRADYCARDIA;BRADY
4468000;512.86;512.19;BRADYCARDIA;BRADY
4470000;512.77;512.10;BRADYCARDIA;BRADY
4472000;511.11;510.43;BRADYCARDIA;BRADY
4474000;512.91;512.23;BRADYCARDIA;BRADY
4476000;512.63;511.95;BRADYCARDIA;BRADY
4478000;512.68;512.00;BRADYCARDIA;BRADY
4480000;511.23;510.55;BRADYCARDIA;BRADY
4482000;513.72;513.03;BRADYCARDIA;BRADY
4484000;512.02;511.33;BRADYCARDIA;BRADY
4486000;512.29;511.60;BRADYCARDIA;BRADY
4488000;511.79;511.09;BRADYCARDIA;BRADY
4490000;511.84;511.14;BRADYCARDIA;BRADY
4492000;512.45;511.75;BRADYCARDIA;BRADY
4494000;513.37;512.67;BRADYCARDIA;BRADY
4496000;513.13;512.43;BRADYCARDIA;BRADY
4498000;512.24;511.54;BRADYCARDIA;BRADY
4500000;512.69;511.99;BRADYCARDIA;BRADY
4502000;513.42;512.71;BRADYCARDIA;BRADY
4504000;513.25;512.54;BRADYCARDIA;BRADY
4506000;512.92;512.20;BRADYCARDIA;BRADY
4508000;514.60;513.88;BRADYCARDIA;BRADY
4510000;511.60;510.89;BRADYCARDIA;BRADY
4512000;512.49;511.77;BRADYCARDIA;BRADY
4514000;512.28;511.56;BRADYCARDIA;BRADY
4516000;513.03;512.30;BRADYCARDIA;BRADY
4518000;512.12;511.39;BRADYCARDIA;BRADY
4520000;514.96;514.23;BRADYCARDIA;BRADY
4522000;512.15;511.42;BRADYCARDIA;BRADY
4524000;512.85;512.12;BRADYCARDIA;BRADY
4526000;512.31;511.58;BRADYCARDIA;BRADY
4528000;513.12;512.38;BRADYCARDIA;BRADY
4530000;514.16;513.42;BRADYCARDIA;BRADY
4532000;513.37;512.63;BRADYCARDIA;BRADY
4534000;513.20;512.45;BRADYCARDIA;BRADY
4536000;514.45;513.71;BRADYCARDIA;BRADY
4538000;513.47;512.73;BRADYCARDIA;BRADY
4540000;512.06;511.31;BRADYCARDIA;BRADY
4542000;512.81;512.05;BRADYCARDIA;BRADY
4544000;512.39;511.64;BRADYCARDIA;BRADY
4546000;512.20;511.44;BRADYCARDIA;BRADY
4548000;511.29;510.53;BRADYCARDIA;BRADY
4550000;511.80;511.04;BRADYCARDIA;BRADY
4552000;513.05;512.28;BRADYCARDIA;BRADY
4554000;511.78;511.01;BRADYCARDIA;BRADY
4556000;512.86;512.09;BRADYCARDIA;BRADY
4558000;513.88;513.11;BRADYCARDIA;BRADY
4560000;512.84;512.07;BRADYCARDIA;BRADY
4562000;512.68;511.90;BRADYCARDIA;BRADY
4564000;512.83;512.06;BRADYCARDIA;BRADY
4566000;511.96;511.18;BRADYCARDIA;BRADY
4568000;510.69;509.91;BRADYCARDIA;BRADY
4570000;512.83;512.05;BRADYCARDIA;BRADY
4572000;512.72;511.94;BRADYCARDIA;BRADY
4574000;513.25;512.46;BRADYCARDIA;BRADY
4576000;512.47;511.69;BRADYCARDIA;BRADY
4578000;512.95;512.16;BRADYCARDIA;BRADY
4580000;512.97;512.18;BRADYCARDIA;BRADY
4582000;511.22;510.43;BRADYCARDIA;BRADY
4584000;510.40;509.61;BRADYCARDIA;BRADY
4586000;511.67;510.87;BRADYCARDIA;BRADY
4588000;512.05;511.25;BRADYCARDIA;BRADY
4590000;512.40;511.60;BRADYCARDIA;BRADY
4592000;512.70;511.89;BRADYCARDIA;BRADY
4594000;512.16;511.36;BRADYCARDIA;BRADY
4596000;512.36;511.55;BRADYCARDIA;BRADY
4598000;510.66;509.86;BRADYCARDIA;BRADY
4600000;512.59;511.79;BRADYCARDIA;BRADY
4602000;511.97;511.16;BRADYCARDIA;BRADY
4604000;511.89;511.08;BRADYCARDIA;BRADY
4606000;513.85;513.03;BRADYCARDIA;BRADY
4608000;512.25;511.44;BRADYCARDIA;BRADY
4610000;512.41;511.59;BRADYCARDIA;BRADY
4612000;512.91;512.09;BRADYCARDIA;BRADY
4614000;511.30;510.48;BRADYCARDIA;BRADY
4616000;512.68;511.86;BRADYCARDIA;BRADY
4618000;512.67;511.85;BRADYCARDIA;BRADY
4620000;513.48;512.65;BRADYCARDIA;BRADY
4622000;512.19;511.36;BRADYCARDIA;BRADY
4624000;512.11;511.28;BRADYCARDIA;BRADY
4626000;513.82;512.99;BRADYCARDIA;BRADY
4628000;511.84;511.01;BRADYCARDIA;BRADY
4630000;512.41;511.58;BRADYCARDIA;BRADY
4632000;512.41;511.57;BRADYCARDIA;BRADY
4634000;512.68;511.84;BRADYCARDIA;BRADY
4636000;512.18;511.34;BRADYCARDIA;BRADY
4638000;513.04;512.20;BRADYCARDIA;BRADY
4640000;512.48;511.63;BRADYCARDIA;BRADY
4642000;513.56;512.71;BRADYCARDIA;BRADY
4644000;511.90;511.05;BRADYCARDIA;BRADY
4646000;513.64;512.79;BRADYCARDIA;BRADY
4648000;511.10;510.25;BRADYCARDIA;BRADY
4650000;512.83;511.97;BRADYCARDIA;BRADY
4652000;512.80;511.94;BRADYCARDIA;BRADY
4654000;512.91;512.05;BRADYCARDIA;BRADY
4656000;513.29;512.44;BRADYCARDIA;BRADY
4658000;511.71;510.85;BRADYCARDIA;BRADY
4660000;512.26;511.40;BRADYCARDIA;BRADY
4662000;513.00;512.14;BRADYCARDIA;BRADY
4664000;511.86;511.00;BRADYCARDIA;BRADY
4666000;513.19;512.33;BRADYCARDIA;BRADY
4668000;514.20;513.33;BRADYCARDIA;BRADY
4670000;512.65;511.78;BRADYCARDIA;BRADY
4672000;512.87;512.00;BRADYCARDIA;BRADY
4674000;513.68;512.81;BRADYCARDIA;BRADY
4676000;511.51;510.63;BRADYCARDIA;BRADY
4678000;513.43;512.56;BRADYCARDIA;BRADY
4680000;513.70;512.82;BRADYCARDIA;BRADY
4682000;512.36;511.48;BRADYCARDIA;BRADY
4684000;512.29;511.42;BRADYCARDIA;BRADY
4686000;511.06;510.18;BRADYCARDIA;BRADY
4688000;511.32;510.44;BRADYCARDIA;BRADY
4690000;512.29;511.40;BRADYCARDIA;BRADY
4692000;513.28;512.40;BRADYCARDIA;BRADY
4694000;512.62;511.73;BRADYCARDIA;BRADY
4696000;513.35;512.46;BRADYCARDIA;BRADY
4698000;513.71;512.82;BRADYCARDIA;BRADY
4700000;511.18;510.29;BRADYCARDIA;BRADY
4702000;513.78;512.89;BRADYCARDIA;BRADY
4704000;512.62;511.72;BRADYCARDIA;BRADY
4706000;514.33;513.43;BRADYCARDIA;BRADY
4708000;513.30;512.40;BRADYCARDIA;BRADY
4710000;513.05;512.15;BRADYCARDIA;BRADY
4712000;511.51;510.61;BRADYCARDIA;BRADY
4714000;512.97;512.07;BRADYCARDIA;BRADY
4716000;513.46;512.55;BRADYCARDIA;BRADY
4718000;511.94;511.04;BRADYCARDIA;BRADY
4720000;514.27;513.37;BRADYCARDIA;BRADY
4722000;512.01;511.10;BRADYCARDIA;BRADY
4724000;512.40;511.49;BRADYCARDIA;BRADY
4726000;513.65;512.74;BRADYCARDIA;BRADY
4728000;511.99;511.08;BRADYCARDIA;BRADY
4730000;513.32;512.41;BRADYCARDIA;BRADY
4732000;514.14;513.23;BRADYCARDIA;BRADY
4734000;512.82;511.91;BRADYCARDIA;BRADY
4736000;512.84;511.93;BRADYCARDIA;BRADY
4738000;512.96;512.04;BRADYCARDIA;BRADY
4740000;513.03;512.12;BRADYCARDIA;BRADY
4742000;512.80;511.89;BRADYCARDIA;BRADY
4744000;512.73;511.81;BRADYCARDIA;BRADY
4746000;513.61;512.69;BRADYCARDIA;BRADY
4748000;515.32;514.40;BRADYCARDIA;BRADY
4750000;513.40;512.48;BRADYCARDIA;BRADY
4752000;513.17;512.25;BRADYCARDIA;BRADY
4754000;512.88;511.95;BRADYCARDIA;BRADY
4756000;512.71;511.79;BRADYCARDIA;BRADY
4758000;513.26;512.34;BRADYCARDIA;BRADY
4760000;511.39;510.46;BRADYCARDIA;BRADY
4762000;513.84;512.91;BRADYCARDIA;BRADY
4764000;512.09;511.16;BRADYCARDIA;BRADY
4766000;512.87;511.94;BRADYCARDIA;BRADY
4768000;514.09;513.16;BRADYCARDIA;BRADY
4770000;512.80;511.86;BRADYCARDIA;BRADY
4772000;512.62;511.69;BRADYCARDIA;BRADY
4774000;511.69;510.76;BRADYCARDIA;BRADY
4776000;511.66;510.72;BRADYCARDIA;BRADY
4778000;512.97;512.03;BRADYCARDIA;BRADY
4780000;511.62;510.68;BRADYCARDIA;BRADY
4782000;512.45;511.51;BRADYCARDIA;BRADY
4784000;513.48;512.53;BRADYCARDIA;BRADY
4786000;512.65;511.70;BRADYCARDIA;BRADY
4788000;513.41;512.47;BRADYCARDIA;BRADY
4790000;514.12;513.17;BRADYCARDIA;BRADY
4792000;512.90;511.95;BRADYCARDIA;BRADY
4794000;514.30;513.35;BRADYCARDIA;BRADY
4796000;513.40;512.45;BRADYCARDIA;BRADY
4798000;513.28;512.33;BRADYCARDIA;BRADY
4800000;514.08;513.13;BRADYCARDIA;BRADY
4802000;511.72;510.77;BRADYCARDIA;BRADY
4804000;513.46;512.50;BRADYCARDIA;BRADY
4806000;513.43;512.48;BRADYCARDIA;BRADY
4808000;513.62;512.67;BRADYCARDIA;BRADY
4810000;514.60;513.64;BRADYCARDIA;BRADY
4812000;512.40;511.45;BRADYCARDIA;BRADY
4814000;513.82;512.86;BRADYCARDIA;BRADY
4816000;513.46;512.50;BRADYCARDIA;BRADY
4818000;512.86;511.90;BRADYCARDIA;BRADY
4820000;512.69;511.73;BRADYCARDIA;BRADY
4822000;512.85;511.89;BRADYCARDIA;BRADY
4824000;512.90;511.93;BRADYCARDIA;BRADY
4826000;513.04;512.08;BRADYCARDIA;BRADY
4828000;513.59;512.63;BRADYCARDIA;BRADY
4830000;512.80;511.84;BRADYCARDIA;BRADY
4832000;512.61;511.64;BRADYCARDIA;BRADY
4834000;513.81;512.84;BRADYCARDIA;BRADY
4836000;512.39;511.42;BRADYCARDIA;BRADY
4838000;511.93;510.96;BRADYCARDIA;BRADY
4840000;512.79;511.82;BRADYCARDIA;BRADY
4842000;512.60;511.63;BRADYCARDIA;BRADY
4844000;512.87;511.90;BRADYCARDIA;BRADY
4846000;512.90;511.93;BRADYCARDIA;BRADY
4848000;513.49;512.52;BRADYCARDIA;BRADY
4850000;512.64;511.66;BRADYCARDIA;BRADY
4852000;512.47;511.50;BRADYCARDIA;BRADY
4854000;513.61;512.64;BRADYCARDIA;BRADY
4856000;513.48;512.50;BRADYCARDIA;BRADY
4858000;512.85;511.87;BRADYCARDIA;BRADY
4860000;512.25;511.28;BRADYCARDIA;BRADY
4862000;513.07;512.09;BRADYCARDIA;BRADY
4864000;511.81;510.83;BRADYCARDIA;BRADY
4866000;511.51;510.53;BRADYCARDIA;BRADY
4868000;514.35;513.37;BRADYCARDIA;BRADY
4870000;513.91;512.93;BRADYCARDIA;BRADY
4872000;512.24;511.26;BRADYCARDIA;BRADY
4874000;513.24;512.26;BRADYCARDIA;BRADY
4876000;512.72;511.74;BRADYCARDIA;BRADY
4878000;512.34;511.36;BRADYCARDIA;BRADY
4880000;512.22;511.24;BRADYCARDIA;BRADY
4882000;512.88;511.89;BRADYCARDIA;BRADY
4884000;512.16;511.18;BRADYCARDIA;BRADY
4886000;512.77;511.79;BRADYCARDIA;BRADY
4888000;512.46;511.48;BRADYCARDIA;BRADY
4890000;512.86;511.88;BRADYCARDIA;BRADY
4892000;512.73;511.74;BRADYCARDIA;BRADY
4894000;513.32;512.33;BRADYCARDIA;BRADY
4896000;512.70;511.72;BRADYCARDIA;BRADY
4898000;514.19;513.20;BRADYCARDIA;BRADY
4900000;514.26;513.27;BRADYCARDIA;BRADY
4902000;511.91;510.92;BRADYCARDIA;BRADY
4904000;512.95;511.97;BRADYCARDIA;BRADY
4906000;510.81;509.82;BRADYCARDIA;BRADY
4908000;512.91;511.92;BRADYCARDIA;BRADY
4910000;513.33;512.34;BRADYCARDIA;BRADY
4912000;513.73;512.74;BRADYCARDIA;BRADY
4914000;512.83;511.84;BRADYCARDIA;BRADY
4916000;513.58;512.59;BRADYCARDIA;BRADY
4918000;512.85;511.86;BRADYCARDIA;BRADY
4920000;512.87;511.88;BRADYCARDIA;BRADY
4922000;513.60;512.60;BRADYCARDIA;BRADY
4924000;514.01;513.02;BRADYCARDIA;BRADY
4926000;513.55;512.56;BRADYCARDIA;BRADY
4928000;512.04;511.05;BRADYCARDIA;BRADY
4930000;511.37;510.38;BRADYCARDIA;BRADY
4932000;512.81;511.81;BRADYCARDIA;BRADY
4934000;513.78;512.78;BRADYCARDIA;BRADY
4936000;514.04;513.04;BRADYCARDIA;BRADY
4938000;513.52;512.53;BRADYCARDIA;BRADY
4940000;513.33;512.33;BRADYCARDIA;BRADY
4942000;511.84;510.84;BRADYCARDIA;BRADY
4944000;512.62;511.63;BRADYCARDIA;BRADY
4946000;512.64;511.64;BRADYCARDIA;BRADY
4948000;513.66;512.67;BRADYCARDIA;BRADY
4950000;512.01;511.01;BRADYCARDIA;BRADY
4952000;514.29;513.29;BRADYCARDIA;BRADY
4954000;511.37;510.38;BRADYCARDIA;BRADY
4956000;513.14;512.15;BRADYCARDIA;BRADY
4958000;514.24;513.24;BRADYCARDIA;BRADY
4960000;513.93;512.93;BRADYCARDIA;BRADY
4962000;512.43;511.43;BRADYCARDIA;BRADY
4964000;512.91;511.91;BRADYCARDIA;BRADY
4966000;514.71;513.72;BRADYCARDIA;BRADY
4968000;513.74;512.74;BRADYCARDIA;BRADY
4970000;512.67;511.67;BRADYCARDIA;BRADY
4972000;511.31;510.31;BRADYCARDIA;BRADY
4974000;512.94;511.94;BRADYCARDIA;BRADY
4976000;512.84;511.85;BRADYCARDIA;BRADY
4978000;513.93;512.93;BRADYCARDIA;BRADY
4980000;511.80;510.80;BRADYCARDIA;BRADY
4982000;513.22;512.22;BRADYCARDIA;BRADY
4984000;512.44;511.44;BRADYCARDIA;BRADY
4986000;513.93;512.93;BRADYCARDIA;BRADY
4988000;513.01;512.01;BRADYCARDIA;BRADY
4990000;514.08;513.08;BRADYCARDIA;BRADY
4992000;512.69;511.69;BRADYCARDIA;BRADY
4994000;513.54;512.54;BRADYCARDIA;BRADY
4996000;513.21;512.21;BRADYCARDIA;BRADY
4998000;513.97;512.97;BRADYCARDIA;BRADY
5000000;512.18;511.18;BRADYCARDIA;BRADY
5002000;513.54;512.54;BRADYCARDIA;BRADY
5004000;513.41;512.41;BRADYCARDIA;BRADY
5006000;512.85;511.85;BRADYCARDIA;BRADY
5008000;512.80;511.80;BRADYCARDIA;BRADY
5010000;514.20;513.20;BRADYCARDIA;BRADY
5012000;513.01;512.01;BRADYCARDIA;BRADY
5014000;513.78;512.78;BRADYCARDIA;BRADY
5016000;512.56;511.56;BRADYCARDIA;BRADY
5018000;513.81;512.81;BRADYCARDIA;BRADY
5020000;513.75;512.75;BRADYCARDIA;BRADY
5022000;513.08;512.08;BRADYCARDIA;BRADY
5024000;513.90;512.90;BRADYCARDIA;BRADY
5026000;514.56;513.56;BRADYCARDIA;BRADY
5028000;513.72;512.72;BRADYCARDIA;BRADY
5030000;513.06;512.06;BRADYCARDIA;BRADY
5032000;514.45;513.45;BRADYCARDIA;BRADY
5034000;511.40;510.40;BRADYCARDIA;BRADY
5036000;511.75;510.75;BRADYCARDIA;BRADY
5038000;513.43;512.43;BRADYCARDIA;BRADY
5040000;513.09;512.09;BRADYCARDIA;BRADY
5042000;513.86;512.86;BRADYCARDIA;BRADY
5044000;511.57;510.57;BRADYCARDIA;BRADY
5046000;511.81;510.82;BRADYCARDIA;BRADY
5048000;513.28;512.29;BRADYCARDIA;BRADY
5050000;512.70;511.70;BRADYCARDIA;BRADY
5052000;512.42;511.42;BRADYCARDIA;BRADY
5054000;511.60;510.60;BRADYCARDIA;BRADY
5056000;512.36;511.37;BRADYCARDIA;BRADY
5058000;512.20;511.20;BRADYCARDIA;BRADY
5060000;511.89;510.89;BRADYCARDIA;BRADY
5062000;513.07;512.08;BRADYCARDIA;BRADY
5064000;511.90;510.90;BRADYCARDIA;BRADY
5066000;512.01;511.02;BRADYCARDIA;BRADY
5068000;513.79;512.79;BRADYCARDIA;BRADY
5070000;512.82;511.83;BRADYCARDIA;BRADY
5072000;511.91;510.92;BRADYCARDIA;BRADY
5074000;512.86;511.87;BRADYCARDIA;BRADY
5076000;513.60;512.61;BRADYCARDIA;BRADY
5078000;512.94;511.95;BRADYCARDIA;BRADY
5080000;513.97;512.98;BRADYCARDIA;BRADY
5082000;512.86;511.86;BRADYCARDIA;BRADY
5084000;512.18;511.19;BRADYCARDIA;BRADY
5086000;511.92;510.93;BRADYCARDIA;BRADY
5088000;512.84;511.85;BRADYCARDIA;BRADY
5090000;513.48;512.49;BRADYCARDIA;BRADY
5092000;513.40;512.41;BRADYCARDIA;BRADY
5094000;513.09;512.10;BRADYCARDIA;BRADY
5096000;513.34;512.36;BRADYCARDIA;BRADY
5098000;511.86;510.87;BRADYCARDIA;BRADY
5100000;513.19;512.20;BRADYCARDIA;BRADY
5102000;512.14;511.15;BRADYCARDIA;BRADY
5104000;513.31;512.32;BRADYCARDIA;BRADY
5106000;512.32;511.34;BRADYCARDIA;BRADY
5108000;513.17;512.19;BRADYCARDIA;BRADY
5110000;512.20;511.21;BRADYCARDIA;BRADY
5112000;514.02;513.03;BRADYCARDIA;BRADY
5114000;512.36;511.37;BRADYCARDIA;BRADY
5116000;513.36;512.38;BRADYCARDIA;BRADY
5118000;513.96;512.98;BRADYCARDIA;BRADY
5120000;513.20;512.22;BRADYCARDIA;BRADY
5122000;513.21;512.23;BRADYCARDIA;BRADY
5124000;514.39;513.41;BRADYCARDIA;BRADY
5126000;513.64;512.66;BRADYCARDIA;BRADY
5128000;512.41;511.43;BRADYCARDIA;BRADY
5130000;512.35;511.37;BRADYCARDIA;BRADY
5132000;512.80;511.82;BRADYCARDIA;BRADY
5134000;512.96;511.99;BRADYCARDIA;BRADY
5136000;512.78;511.81;BRADYCARDIA;BRADY
5138000;513.85;512.88;BRADYCARDIA;BRADY
5140000;513.49;512.51;BRADYCARDIA;BRADY
5142000;513.93;512.96;BRADYCARDIA;BRADY
5144000;514.60;513.62;BRADYCARDIA;BRADY
5146000;513.87;512.89;BRADYCARDIA;BRADY
5148000;513.84;512.86;BRADYCARDIA;BRADY
5150000;514.39;513.42;BRADYCARDIA;BRADY
5152000;513.04;512.07;BRADYCARDIA;BRADY
5154000;512.90;511.93;BRADYCARDIA;BRADY
5156000;514.10;513.13;BRADYCARDIA;BRADY
5158000;510.48;509.51;BRADYCARDIA;BRADY
5160000;513.52;512.55;BRADYCARDIA;BRADY
5162000;511.57;510.61;BRADYCARDIA;BRADY
5164000;512.39;511.42;BRADYCARDIA;BRADY
5166000;513.67;512.70;BRADYCARDIA;BRADY
5168000;511.90;510.93;BRADYCARDIA;BRADY
5170000;513.65;512.69;BRADYCARDIA;BRADY
5172000;512.16;511.19;BRADYCARDIA;BRADY
5174000;512.19;511.22;BRADYCARDIA;BRADY
5176000;512.31;511.34;BRADYCARDIA;BRADY
5178000;512.36;511.40;BRADYCARDIA;BRADY
5180000;511.81;510.85;BRADYCARDIA;BRADY
5182000;513.28;512.33;BRADYCARDIA;BRADY
5184000;513.85;512.89;BRADYCARDIA;BRADY
5186000;512.63;511.67;BRADYCARDIA;BRADY
5188000;512.53;511.58;BRADYCARDIA;BRADY
5190000;514.35;513.39;BRADYCARDIA;BRADY
5192000;512.43;511.48;BRADYCARDIA;BRADY
5194000;513.54;512.58;BRADYCARDIA;BRADY
5196000;514.15;513.20;BRADYCARDIA;BRADY
5198000;513.04;512.08;BRADYCARDIA;BRADY
5200000;513.17;512.22;BRADYCARDIA;BRADY
5202000;513.30;512.35;BRADYCARDIA;BRADY
5204000;513.87;512.92;BRADYCARDIA;BRADY
5206000;512.60;511.65;BRADYCARDIA;BRADY
5208000;512.63;511.68;BRADYCARDIA;BRADY
5210000;511.74;510.80;BRADYCARDIA;BRADY
5212000;510.99;510.04;BRADYCARDIA;BRADY
5214000;512.36;511.42;BRADYCARDIA;BRADY
5216000;513.13;512.19;BRADYCARDIA;BRADY
5218000;513.13;512.19;BRADYCARDIA;BRADY
5220000;512.18;511.24;BRADYCARDIA;BRADY
5222000;512.88;511.94;BRADYCARDIA;BRADY
5224000;512.16;511.22;BRADYCARDIA;BRADY
5226000;513.10;512.17;BRADYCARDIA;BRADY
5228000;513.36;512.42;BRADYCARDIA;BRADY
5230000;511.42;510.48;BRADYCARDIA;BRADY
5232000;512.51;511.58;BRADYCARDIA;BRADY
5234000;512.01;511.07;BRADYCARDIA;BRADY
5236000;511.99;511.05;BRADYCARDIA;BRADY
5238000;511.95;511.02;BRADYCARDIA;BRADY
5240000;512.54;511.61;BRADYCARDIA;BRADY
5242000;513.13;512.21;BRADYCARDIA;BRADY
5244000;512.07;511.15;BRADYCARDIA;BRADY
5246000;513.20;512.27;BRADYCARDIA;BRADY
5248000;512.89;511.96;BRADYCARDIA;BRADY
5250000;512.91;511.99;BRADYCARDIA;BRADY
5252000;512.88;511.95;BRADYCARDIA;BRADY
5254000;511.59;510.67;BRADYCARDIA;BRADY
5256000;512.22;511.30;BRADYCARDIA;BRADY
5258000;512.76;511.84;BRADYCARDIA;BRADY
5260000;514.44;513.53;BRADYCARDIA;BRADY
5262000;513.80;512.89;BRADYCARDIA;BRADY
5264000;512.04;511.12;BRADYCARDIA;BRADY
5266000;515.02;514.11;BRADYCARDIA;BRADY
5268000;513.93;513.01;BRADYCARDIA;BRADY
5270000;513.47;512.56;BRADYCARDIA;BRADY
5272000;513.98;513.07;BRADYCARDIA;BRADY
5274000;513.33;512.42;BRADYCARDIA;BRADY
5276000;513.14;512.23;BRADYCARDIA;BRADY
5278000;514.12;513.21;BRADYCARDIA;BRADY
5280000;512.66;511.76;BRADYCARDIA;BRADY
5282000;511.87;510.97;BRADYCARDIA;BRADY
5284000;514.03;513.13;BRADYCARDIA;BRADY
5286000;514.13;513.23;BRADYCARDIA;BRADY
5288000;511.86;510.96;BRADYCARDIA;BRADY
5290000;512.71;511.81;BRADYCARDIA;BRADY
5292000;512.38;511.48;BRADYCARDIA;BRADY
5294000;515.25;514.35;BRADYCARDIA;BRADY
5296000;511.46;510.57;BRADYCARDIA;BRADY
5298000;512.96;512.07;BRADYCARDIA;BRADY
5300000;512.10;511.21;BRADYCARDIA;BRADY
5302000;511.74;510.85;BRADYCARDIA;BRADY
5304000;511.98;511.09;BRADYCARDIA;BRADY
5306000;513.34;512.45;BRADYCARDIA;BRADY
5308000;512.45;511.57;BRADYCARDIA;BRADY
5310000;513.70;512.82;BRADYCARDIA;BRADY
5312000;512.59;511.71;BRADYCARDIA;BRADY
5314000;514.97;514.09;BRADYCARDIA;BRADY
5316000;513.63;512.75;BRADYCARDIA;BRADY
5318000;512.53;511.65;BRADYCARDIA;BRADY
5320000;512.37;511.50;BRADYCARDIA;BRADY
5322000;512.96;512.09;BRADYCARDIA;BRADY
5324000;512.94;512.07;BRADYCARDIA;BRADY
5326000;512.59;511.72;BRADYCARDIA;BRADY
5328000;512.16;511.29;BRADYCARDIA;BRADY
5330000;512.96;512.09;BRADYCARDIA;BRADY
5332000;513.00;512.13;BRADYCARDIA;BRADY
5334000;514.51;513.64;BRADYCARDIA;BRADY
5336000;512.43;511.57;BRADYCARDIA;BRADY
5338000;513.29;512.43;BRADYCARDIA;BRADY
5340000;512.15;511.29;BRADYCARDIA;BRADY
5342000;512.40;511.54;BRADYCARDIA;BRADY
5344000;512.96;512.11;BRADYCARDIA;BRADY
5346000;515.21;514.36;BRADYCARDIA;BRADY
5348000;512.58;511.73;BRADYCARDIA;BRADY
5350000;512.50;511.64;BRADYCARDIA;BRADY
5352000;513.91;513.06;BRADYCARDIA;BRADY
5354000;513.36;512.51;BRADYCARDIA;BRADY
5356000;514.18;513.34;BRADYCARDIA;BRADY
5358000;511.48;510.64;BRADYCARDIA;BRADY
5360000;512.93;512.09;BRADYCARDIA;BRADY
5362000;512.51;511.67;BRADYCARDIA;BRADY
5364000;513.36;512.52;BRADYCARDIA;BRADY
5366000;512.65;511.81;BRADYCARDIA;BRADY
5368000;513.66;512.82;BRADYCARDIA;BRADY
5370000;512.23;511.39;BRADYCARDIA;BRADY
5372000;513.69;512.86;BRADYCARDIA;BRADY
5374000;513.05;512.21;BRADYCARDIA;BRADY
5376000;513.39;512.56;BRADYCARDIA;BRADY
5378000;512.78;511.95;BRADYCARDIA;BRADY
5380000;512.70;511.88;BRADYCARDIA;BRADY
5382000;512.90;512.07;BRADYCARDIA;BRADY
5384000;512.17;511.35;BRADYCARDIA;BRADY
5386000;512.57;511.75;BRADYCARDIA;BRADY
5388000;513.05;512.23;BRADYCARDIA;BRADY
5390000;513.13;512.31;BRADYCARDIA;BRADY
5392000;513.53;512.71;BRADYCARDIA;BRADY
5394000;512.27;511.45;BRADYCARDIA;BRADY
5396000;512.96;512.15;BRADYCARDIA;BRADY
5398000;512.33;511.52;BRADYCARDIA;BRADY
5400000;513.38;512.57;BRADYCARDIA;BRADY
5402000;512.07;511.27;BRADYCARDIA;BRADY
5404000;512.52;511.72;BRADYCARDIA;BRADY
5406000;511.93;511.12;BRADYCARDIA;BRADY
5408000;513.53;512.73;BRADYCARDIA;BRADY
5410000;513.67;512.87;BRADYCARDIA;BRADY
5412000;513.96;513.16;BRADYCARDIA;BRADY
5414000;512.23;511.44;BRADYCARDIA;BRADY
5416000;511.25;510.45;BRADYCARDIA;BRADY
5418000;512.50;511.71;BRADYCARDIA;BRADY
5420000;513.83;513.04;BRADYCARDIA;BRADY
5422000;512.77;511.98;BRADYCARDIA;BRADY
5424000;512.54;511.76;BRADYCARDIA;BRADY
5426000;511.47;510.69;BRADYCARDIA;BRADY
5428000;511.27;510.49;BRADYCARDIA;BRADY
5430000;512.60;511.82;BRADYCARDIA;BRADY
5432000;512.72;511.94;BRADYCARDIA;BRADY
5434000;512.80;512.02;BRADYCARDIA;BRADY
5436000;513.54;512.77;BRADYCARDIA;BRADY
5438000;512.05;511.27;BRADYCARDIA;BRADY
5440000;513.90;513.13;BRADYCARDIA;BRADY
5442000;512.99;512.22;BRADYCARDIA;BRADY
5444000;512.63;511.86;BRADYCARDIA;BRADY
5446000;512.08;511.32;BRADYCARDIA;BRADY
5448000;513.84;513.08;BRADYCARDIA;BRADY
5450000;512.07;511.30;BRADYCARDIA;BRADY
5452000;512.78;512.02;BRADYCARDIA;BRADY
5454000;511.00;510.24;BRADYCARDIA;BRADY
5456000;513.16;512.41;BRADYCARDIA;BRADY
5458000;512.48;511.72;BRADYCARDIA;BRADY
5460000;512.86;512.11;BRADYCARDIA;BRADY
5462000;513.10;512.35;BRADYCARDIA;BRADY
5464000;511.98;511.23;BRADYCARDIA;BRADY
5466000;514.01;513.27;BRADYCARDIA;BRADY
5468000;512.82;512.08;BRADYCARDIA;BRADY
5470000;513.01;512.27;BRADYCARDIA;BRADY
5472000;511.83;511.09;BRADYCARDIA;BRADY
5474000;511.66;510.92;BRADYCARDIA;BRADY
5476000;512.86;512.13;BRADYCARDIA;BRADY
5478000;513.15;512.42;BRADYCARDIA;BRADY
5480000;513.78;513.05;BRADYCARDIA;BRADY
5482000;512.83;512.10;BRADYCARDIA;BRADY
5484000;512.81;512.08;BRADYCARDIA;BRADY
5486000;513.62;512.90;BRADYCARDIA;BRADY
5488000;511.12;510.40;BRADYCARDIA;BRADY
5490000;512.51;511.79;BRADYCARDIA;BRADY
5492000;513.95;513.23;BRADYCARDIA;BRADY
5494000;512.44;511.73;BRADYCARDIA;BRADY
5496000;512.82;512.11;BRADYCARDIA;BRADY
5498000;512.09;511.38;BRADYCARDIA;BRADY
5500000;514.49;513.78;BRADYCARDIA;BRADY
5502000;512.74;512.03;BRADYCARDIA;BRADY
5504000;512.38;511.68;BRADYCARDIA;BRADY
5506000;513.81;513.11;BRADYCARDIA;BRADY
5508000;512.21;511.51;BRADYCARDIA;BRADY
5510000;512.81;512.11;BRADYCARDIA;BRADY
5512000;511.67;510.98;BRADYCARDIA;BRADY
5514000;511.63;510.94;BRADYCARDIA;BRADY
5516000;513.02;512.33;BRADYCARDIA;BRADY
5518000;513.16;512.48;BRADYCARDIA;BRADY
5520000;512.97;512.28;BRADYCARDIA;BRADY
5522000;513.27;512.59;BRADYCARDIA;BRADY
5524000;512.34;511.66;BRADYCARDIA;BRADY
5526000;512.55;511.87;BRADYCARDIA;BRADY
5528000;511.85;511.17;BRADYCARDIA;BRADY
5530000;512.23;511.56;BRADYCARDIA;BRADY
5532000;512.71;512.04;BRADYCARDIA;BRADY
5534000;513.31;512.65;BRADYCARDIA;BRADY
5536000;513.01;512.34;BRADYCARDIA;BRADY
5538000;512.55;511.89;BRADYCARDIA;BRADY
5540000;512.35;511.69;BRADYCARDIA;BRADY
5542000;514.18;513.52;BRADYCARDIA;BRADY
5544000;511.65;510.99;BRADYCARDIA;BRADY
5546000;512.26;511.60;BRADYCARDIA;BRADY
5548000;512.19;511.54;BRADYCARDIA;BRADY
5550000;512.03;511.38;BRADYCARDIA;BRADY
5552000;513.25;512.60;BRADYCARDIA;BRADY
5554000;512.62;511.97;BRADYCARDIA;BRADY
5556000;512.51;511.87;BRADYCARDIA;BRADY
5558000;512.53;511.89;BRADYCARDIA;BRADY
5560000;513.66;513.02;BRADYCARDIA;BRADY
5562000;513.92;513.28;BRADYCARDIA;BRADY
5564000;512.06;511.43;BRADYCARDIA;BRADY
5566000;511.14;510.51;BRADYCARDIA;BRADY
5568000;512.67;512.05;BRADYCARDIA;BRADY
5570000;511.93;511.30;BRADYCARDIA;BRADY
5572000;512.57;511.94;BRADYCARDIA;BRADY
5574000;512.93;512.31;BRADYCARDIA;BRADY
5576000;514.42;513.80;BRADYCARDIA;BRADY
5578000;512.69;512.07;BRADYCARDIA;BRADY
5580000;513.02;512.40;BRADYCARDIA;BRADY
5582000;511.96;511.35;BRADYCARDIA;BRADY
5584000;511.40;510.79;BRADYCARDIA;BRADY
5586000;513.13;512.52;BRADYCARDIA;BRADY
5588000;512.02;511.42;BRADYCARDIA;BRADY
5590000;512.00;511.40;BRADYCARDIA;BRADY
5592000;511.70;511.11;BRADYCARDIA;BRADY
5594000;511.91;511.31;BRADYCARDIA;BRADY
5596000;513.35;512.75;BRADYCARDIA;BRADY
5598000;513.68;513.09;BRADYCARDIA;BRADY
5600000;514.49;513.91;BRADYCARDIA;BRADY
5602000;512.06;511.48;BRADYCARDIA;BRADY
5604000;513.21;512.62;BRADYCARDIA;BRADY
5606000;512.22;511.64;BRADYCARDIA;BRADY
5608000;512.10;511.52;BRADYCARDIA;BRADY
5610000;512.43;511.85;BRADYCARDIA;BRADY
5612000;512.00;511.43;BRADYCARDIA;BRADY
5614000;512.24;511.67;BRADYCARDIA;BRADY
5616000;511.43;510.86;BRADYCARDIA;BRADY
5618000;512.57;512.01;BRADYCARDIA;BRADY
5620000;513.63;513.07;BRADYCARDIA;BRADY
5622000;512.66;512.10;BRADYCARDIA;BRADY
5624000;513.37;512.82;BRADYCARDIA;BRADY
5626000;512.78;512.23;BRADYCARDIA;BRADY
5628000;512.35;511.80;BRADYCARDIA;BRADY
5630000;513.78;513.24;BRADYCARDIA;BRADY
5632000;512.43;511.88;BRADYCARDIA;BRADY
5634000;513.64;513.09;BRADYCARDIA;BRADY
5636000;512.46;511.91;BRADYCARDIA;BRADY
5638000;513.45;512.92;BRADYCARDIA;BRADY
5640000;511.98;511.45;BRADYCARDIA;BRADY
5642000;511.17;510.63;BRADYCARDIA;BRADY
5644000;514.19;513.66;BRADYCARDIA;BRADY
5646000;513.16;512.63;BRADYCARDIA;BRADY
5648000;511.80;511.28;BRADYCARDIA;BRADY
5650000;511.61;511.09;BRADYCARDIA;BRADY
5652000;514.29;513.77;BRADYCARDIA;BRADY
5654000;514.13;513.62;BRADYCARDIA;BRADY
5656000;511.66;511.15;BRADYCARDIA;BRADY
5658000;512.82;512.31;BRADYCARDIA;BRADY
5660000;513.74;513.23;BRADYCARDIA;BRADY
5662000;511.93;511.42;BRADYCARDIA;BRADY
5664000;512.57;512.07;BRADYCARDIA;BRADY
5666000;511.45;510.95;BRADYCARDIA;BRADY
5668000;513.16;512.66;BRADYCARDIA;BRADY
5670000;512.83;512.33;BRADYCARDIA;BRADY
5672000;513.78;513.28;BRADYCARDIA;BRADY
5674000;514.26;513.77;BRADYCARDIA;BRADY
5676000;513.59;513.11;BRADYCARDIA;BRADY
5678000;512.14;511.65;BRADYCARDIA;BRADY
5680000;512.88;512.40;BRADYCARDIA;BRADY
5682000;513.02;512.54;BRADYCARDIA;BRADY
5684000;511.27;510.79;BRADYCARDIA;BRADY
5686000;512.48;512.01;BRADYCARDIA;BRADY
5688000;513.40;512.93;BRADYCARDIA;BRADY
5690000;511.86;511.40;BRADYCARDIA;BRADY
5692000;511.97;511.50;BRADYCARDIA;BRADY
5694000;512.40;511.94;BRADYCARDIA;BRADY
5696000;511.71;511.25;BRADYCARDIA;BRADY
5698000;511.72;511.26;BRADYCARDIA;BRADY
5700000;510.74;510.29;BRADYCARDIA;BRADY
5702000;512.85;512.40;BRADYCARDIA;BRADY
5704000;512.06;511.61;BRADYCARDIA;BRADY
5706000;514.58;514.13;BRADYCARDIA;BRADY
5708000;510.21;509.76;BRADYCARDIA;BRADY
5710000;512.94;512.50;BRADYCARDIA;BRADY
5712000;511.90;511.47;BRADYCARDIA;BRADY
5714000;512.18;511.74;BRADYCARDIA;BRADY
5716000;511.80;511.37;BRADYCARDIA;BRADY
5718000;512.61;512.18;BRADYCARDIA;BRADY
5720000;511.72;511.30;BRADYCARDIA;BRADY
5722000;511.86;511.43;BRADYCARDIA;BRADY
5724000;512.68;512.26;BRADYCARDIA;BRADY
5726000;513.04;512.63;BRADYCARDIA;BRADY
5728000;511.47;511.06;BRADYCARDIA;BRADY
5730000;511.89;511.48;BRADYCARDIA;BRADY
5732000;512.09;511.69;BRADYCARDIA;BRADY
5734000;513.62;513.21;BRADYCARDIA;BRADY
5736000;511.92;511.52;BRADYCARDIA;BRADY
5738000;511.82;511.42;BRADYCARDIA;BRADY
5740000;513.11;512.72;BRADYCARDIA;BRADY
5742000;513.41;513.01;BRADYCARDIA;BRADY
5744000;513.42;513.03;BRADYCARDIA;BRADY
5746000;512.68;512.29;BRADYCARDIA;BRADY
5748000;512.63;512.24;BRADYCARDIA;BRADY
5750000;513.30;512.91;BRADYCARDIA;BRADY
5752000;513.26;512.88;BRADYCARDIA;BRADY
5754000;510.50;510.13;BRADYCARDIA;BRADY
5756000;512.72;512.34;BRADYCARDIA;BRADY
5758000;511.69;511.32;BRADYCARDIA;BRADY
5760000;511.64;511.27;BRADYCARDIA;BRADY
5762000;512.33;511.97;BRADYCARDIA;BRADY
5764000;512.25;511.89;BRADYCARDIA;BRADY
5766000;512.28;511.92;BRADYCARDIA;BRADY
5768000;512.04;511.68;BRADYCARDIA;BRADY
5770000;512.96;512.60;BRADYCARDIA;BRADY
5772000;513.97;513.62;BRADYCARDIA;BRADY
5774000;512.18;511.83;BRADYCARDIA;BRADY
5776000;513.12;512.77;BRADYCARDIA;BRADY
5778000;513.41;513.07;BRADYCARDIA;BRADY
5780000;513.99;513.65;BRADYCARDIA;BRADY
5782000;511.39;511.06;BRADYCARDIA;BRADY
5784000;513.09;512.76;BRADYCARDIA;BRADY
5786000;512.52;512.19;BRADYCARDIA;BRADY
5788000;511.34;511.01;BRADYCARDIA;BRADY
5790000;511.51;511.19;BRADYCARDIA;BRADY
5792000;513.46;513.14;BRADYCARDIA;BRADY
5794000;513.31;513.00;BRADYCARDIA;BRADY
5796000;512.20;511.89;BRADYCARDIA;BRADY
5798000;511.49;511.18;BRADYCARDIA;BRADY
5800000;512.48;512.17;BRADYCARDIA;BRADY
5802000;511.92;511.61;BRADYCARDIA;BRADY
5804000;510.40;510.10;BRADYCARDIA;BRADY
5806000;512.87;512.57;BRADYCARDIA;BRADY
5808000;511.89;511.59;BRADYCARDIA;BRADY
5810000;513.08;512.78;BRADYCARDIA;BRADY
5812000;511.19;510.90;BRADYCARDIA;BRADY
5814000;511.79;511.50;BRADYCARDIA;BRADY
5816000;513.66;513.38;BRADYCARDIA;BRADY
5818000;511.70;511.41;BRADYCARDIA;BRADY
5820000;512.90;512.62;BRADYCARDIA;BRADY
5822000;512.62;512.34;BRADYCARDIA;BRADY
5824000;512.12;511.84;BRADYCARDIA;BRADY
5826000;511.53;511.26;BRADYCARDIA;BRADY
5828000;511.92;511.65;BRADYCARDIA;BRADY
5830000;512.91;512.64;BRADYCARDIA;BRADY
5832000;512.24;511.98;BRADYCARDIA;BRADY
5834000;514.16;513.91;BRADYCARDIA;BRADY
5836000;513.00;512.74;BRADYCARDIA;BRADY
5838000;512.87;512.62;BRADYCARDIA;BRADY
5840000;510.81;510.56;BRADYCARDIA;BRADY
5842000;513.11;512.87;BRADYCARDIA;BRADY
5844000;512.46;512.22;BRADYCARDIA;BRADY
5846000;511.63;511.39;BRADYCARDIA;BRADY
5848000;510.46;510.23;BRADYCARDIA;BRADY
5850000;513.16;512.93;BRADYCARDIA;BRADY
5852000;511.08;510.85;BRADYCARDIA;BRADY
5854000;511.12;510.90;BRADYCARDIA;BRADY
5856000;512.35;512.13;BRADYCARDIA;BRADY
5858000;512.98;512.76;BRADYCARDIA;BRADY
5860000;511.38;511.16;BRADYCARDIA;BRADY
5862000;511.48;511.27;BRADYCARDIA;BRADY
5864000;511.93;511.71;BRADYCARDIA;BRADY
5866000;512.38;512.17;BRADYCARDIA;BRADY
5868000;512.38;512.17;BRADYCARDIA;BRADY
5870000;513.34;513.14;BRADYCARDIA;BRADY
5872000;512.01;511.81;BRADYCARDIA;BRADY
5874000;512.30;512.10;BRADYCARDIA;BRADY
5876000;513.69;513.50;BRADYCARDIA;BRADY
5878000;511.46;511.27;BRADYCARDIA;BRADY
5880000;511.66;511.47;BRADYCARDIA;BRADY
5882000;511.14;510.96;BRADYCARDIA;BRADY
5884000;512.73;512.55;BRADYCARDIA;BRADY
5886000;511.44;511.26;BRADYCARDIA;BRADY
5888000;513.31;513.14;BRADYCARDIA;BRADY
5890000;512.36;512.19;BRADYCARDIA;BRADY
5892000;512.12;511.95;BRADYCARDIA;BRADY
5894000;511.01;510.84;BRADYCARDIA;BRADY
5896000;512.12;511.96;BRADYCARDIA;BRADY
5898000;512.64;512.48;BRADYCARDIA;BRADY
5900000;511.80;511.64;BRADYCARDIA;BRADY
5902000;512.62;512.46;BRADYCARDIA;BRADY
5904000;511.87;511.72;BRADYCARDIA;BRADY
5906000;512.01;511.86;BRADYCARDIA;BRADY
5908000;513.63;513.48;BRADYCARDIA;BRADY
5910000;512.93;512.78;BRADYCARDIA;BRADY
5912000;512.09;511.96;BRADYCARDIA;BRADY
5914000;512.95;512.82;BRADYCARDIA;BRADY
5916000;511.46;511.33;BRADYCARDIA;BRADY
5918000;511.22;511.09;BRADYCARDIA;BRADY
5920000;512.66;512.54;BRADYCARDIA;BRADY
5922000;510.14;510.02;BRADYCARDIA;BRADY
5924000;511.95;511.84;BRADYCARDIA;BRADY
5926000;511.68;511.56;BRADYCARDIA;BRADY
5928000;512.74;512.62;BRADYCARDIA;BRADY
5930000;511.92;511.81;BRADYCARDIA;BRADY
5932000;511.02;510.92;BRADYCARDIA;BRADY
5934000;512.58;512.48;BRADYCARDIA;BRADY
5936000;513.25;513.15;BRADYCARDIA;BRADY
5938000;511.64;511.54;BRADYCARDIA;BRADY
5940000;511.34;511.24;BRADYCARDIA;BRADY
5942000;513.17;513.08;BRADYCARDIA;BRADY
5944000;511.57;511.48;BRADYCARDIA;BRADY
5946000;511.32;511.24;BRADYCARDIA;BRADY
5948000;511.74;511.66;BRADYCARDIA;BRADY
5950000;512.71;512.63;BRADYCARDIA;BRADY
5952000;511.71;511.64;BRADYCARDIA;BRADY
5954000;512.30;512.23;BRADYCARDIA;BRADY
5956000;512.32;512.25;BRADYCARDIA;BRADY
5958000;511.72;511.65;BRADYCARDIA;BRADY
5960000;511.33;511.27;BRADYCARDIA;BRADY
5962000;512.89;512.83;BRADYCARDIA;BRADY
5964000;512.49;512.44;BRADYCARDIA;BRADY
5966000;512.59;512.53;BRADYCARDIA;BRADY
5968000;510.40;510.35;BRADYCARDIA;BRADY
5970000;512.69;512.64;BRADYCARDIA;BRADY
5972000;512.42;512.38;BRADYCARDIA;BRADY
5974000;512.89;512.85;BRADYCARDIA;BRADY
5976000;512.27;512.23;BRADYCARDIA;BRADY
5978000;511.06;511.02;BRADYCARDIA;BRADY
5980000;512.20;512.17;BRADYCARDIA;BRADY
5982000;512.46;512.43;BRADYCARDIA;BRADY
5984000;513.24;513.21;BRADYCARDIA;BRADY
5986000;512.51;512.49;BRADYCARDIA;BRADY
5988000;512.36;512.34;BRADYCARDIA;BRADY
5990000;512.83;512.82;BRADYCARDIA;BRADY
5992000;512.09;512.08;BRADYCARDIA;BRADY
5994000;512.31;512.30;BRADYCARDIA;BRADY
5996000;512.44;512.43;BRADYCARDIA;BRADY
5998000;513.03;513.02;BRADYCARDIA;BRADY
6000000;512.57;512.57;BRADYCARDIA;BRADY
6002000;513.02;513.02;BRADYCARDIA;BRADY
6004000;512.59;512.60;BRADYCARDIA;BRADY
6006000;511.50;511.51;BRADYCARDIA;BRADY
6008000;512.06;512.07;BRADYCARDIA;BRADY
6010000;512.34;512.36;BRADYCARDIA;BRADY
6012000;511.89;511.91;BRADYCARDIA;BRADY
6014000;511.93;511.95;BRADYCARDIA;BRADY
6016000;511.52;511.54;BRADYCARDIA;BRADY
6018000;511.76;511.79;BRADYCARDIA;BRADY
6020000;512.49;512.52;BRADYCARDIA;BRADY
6022000;512.14;512.17;BRADYCARDIA;BRADY
6024000;511.62;511.65;BRADYCARDIA;BRADY
6026000;513.19;513.23;BRADYCARDIA;BRADY
6028000;511.61;511.66;BRADYCARDIA;BRADY
6030000;511.52;511.57;BRADYCARDIA;BRADY
6032000;512.66;512.71;BRADYCARDIA;BRADY
6034000;512.09;512.14;BRADYCARDIA;BRADY
6036000;513.83;513.89;BRADYCARDIA;BRADY
6038000;511.10;511.16;BRADYCARDIA;BRADY
6040000;512.12;512.19;BRADYCARDIA;BRADY
6042000;511.87;511.93;BRADYCARDIA;BRADY
6044000;512.22;512.29;BRADYCARDIA;BRADY
6046000;512.62;512.69;BRADYCARDIA;BRADY
6048000;511.28;511.35;BRADYCARDIA;BRADY
6050000;512.39;512.47;BRADYCARDIA;BRADY
6052000;511.83;511.92;BRADYCARDIA;BRADY
6054000;510.83;510.91;BRADYCARDIA;BRADY
6056000;512.46;512.55;BRADYCARDIA;BRADY
6058000;512.46;512.55;BRADYCARDIA;BRADY
6060000;511.24;511.34;BRADYCARDIA;BRADY
6062000;510.62;510.72;BRADYCARDIA;BRADY
6064000;510.40;510.50;BRADYCARDIA;BRADY
6066000;511.81;511.92;BRADYCARDIA;BRADY
6068000;511.55;511.66;BRADYCARDIA;BRADY
6070000;511.27;511.38;BRADYCARDIA;BRADY
6072000;512.21;512.33;BRADYCARDIA;BRADY
6074000;511.23;511.35;BRADYCARDIA;BRADY
6076000;513.43;513.55;BRADYCARDIA;BRADY
6078000;511.39;511.51;BRADYCARDIA;BRADY
6080000;510.56;510.69;BRADYCARDIA;BRADY
6082000;510.82;510.95;BRADYCARDIA;BRADY
6084000;511.53;511.67;BRADYCARDIA;BRADY
6086000;513.17;513.30;BRADYCARDIA;BRADY
6088000;511.65;511.79;BRADYCARDIA;BRADY
6090000;511.75;511.89;BRADYCARDIA;BRADY
6092000;511.41;511.55;BRADYCARDIA;BRADY
6094000;512.72;512.87;BRADYCARDIA;BRADY
6096000;512.07;512.22;BRADYCARDIA;BRADY
6098000;512.69;512.85;BRADYCARDIA;BRADY
6100000;510.88;511.04;BRADYCARDIA;BRADY
6102000;511.17;511.33;BRADYCARDIA;BRADY
6104000;511.94;512.10;BRADYCARDIA;BRADY
6106000;511.19;511.36;BRADYCARDIA;BRADY
6108000;511.79;511.96;BRADYCARDIA;BRADY
6110000;511.61;511.78;BRADYCARDIA;BRADY
6112000;510.87;511.04;BRADYCARDIA;BRADY
6114000;511.90;512.08;BRADYCARDIA;BRADY
6116000;512.81;512.99;BRADYCARDIA;BRADY
6118000;511.96;512.15;BRADYCARDIA;BRADY
6120000;512.63;512.82;BRADYCARDIA;BRADY
6122000;511.05;511.24;BRADYCARDIA;BRADY
6124000;511.86;512.06;BRADYCARDIA;BRADY
6126000;511.53;511.73;BRADYCARDIA;BRADY
6128000;512.34;512.54;BRADYCARDIA;BRADY
6130000;511.60;511.81;BRADYCARDIA;BRADY
6132000;511.41;511.62;BRADYCARDIA;BRADY
6134000;511.04;511.25;BRADYCARDIA;BRADY
6136000;511.50;511.72;BRADYCARDIA;BRADY
6138000;511.91;512.12;BRADYCARDIA;BRADY
6140000;512.29;512.51;BRADYCARDIA;BRADY
6142000;512.90;513.12;BRADYCARDIA;BRADY
6144000;512.27;512.50;BRADYCARDIA;BRADY
6146000;510.42;510.64;BRADYCARDIA;BRADY
6148000;512.52;512.75;BRADYCARDIA;BRADY
6150000;510.84;511.07;BRADYCARDIA;BRADY
6152000;511.74;511.97;BRADYCARDIA;BRADY
6154000;512.35;512.59;BRADYCARDIA;BRADY
6156000;511.81;512.06;BRADYCARDIA;BRADY
6158000;511.32;511.57;BRADYCARDIA;BRADY
6160000;511.85;512.10;BRADYCARDIA;BRADY
6162000;511.33;511.59;BRADYCARDIA;BRADY
6164000;511.46;511.71;BRADYCARDIA;BRADY
6166000;512.10;512.36;BRADYCARDIA;BRADY
6168000;510.98;511.24;BRADYCARDIA;BRADY
6170000;512.39;512.65;BRADYCARDIA;BRADY
6172000;512.37;512.64;BRADYCARDIA;BRADY
6174000;511.16;511.43;BRADYCARDIA;BRADY
6176000;511.05;511.32;BRADYCARDIA;BRADY
6178000;511.96;512.23;BRADYCARDIA;BRADY
6180000;510.93;511.21;BRADYCARDIA;BRADY
6182000;513.16;513.44;BRADYCARDIA;BRADY
6184000;511.10;511.39;BRADYCARDIA;BRADY
6186000;511.38;511.67;BRADYCARDIA;BRADY
6188000;512.06;512.35;BRADYCARDIA;BRADY
6190000;511.30;511.59;BRADYCARDIA;BRADY
6192000;510.82;511.12;BRADYCARDIA;BRADY
6194000;511.38;511.68;BRADYCARDIA;BRADY
6196000;511.61;511.92;BRADYCARDIA;BRADY
6198000;509.65;509.95;BRADYCARDIA;BRADY
6200000;511.66;511.97;BRADYCARDIA;BRADY
6202000;510.21;510.52;BRADYCARDIA;BRADY
6204000;513.38;513.69;BRADYCARDIA;BRADY
6206000;511.39;511.71;BRADYCARDIA;BRADY
6208000;512.05;512.37;BRADYCARDIA;BRADY
6210000;512.63;512.95;BRADYCARDIA;BRADY
6212000;511.85;512.18;BRADYCARDIA;BRADY
6214000;511.94;512.27;BRADYCARDIA;BRADY
6216000;511.50;511.83;BRADYCARDIA;BRADY
6218000;512.04;512.38;BRADYCARDIA;BRADY
6220000;512.61;512.95;BRADYCARDIA;BRADY
6222000;512.97;513.31;BRADYCARDIA;BRADY
6224000;511.47;511.81;BRADYCARDIA;BRADY
6226000;512.08;512.42;BRADYCARDIA;BRADY
6228000;513.11;513.46;BRADYCARDIA;BRADY
6230000;510.39;510.74;BRADYCARDIA;BRADY
6232000;512.35;512.71;BRADYCARDIA;BRADY
6234000;510.52;510.88;BRADYCARDIA;BRADY
6236000;509.94;510.30;BRADYCARDIA;BRADY
6238000;512.33;512.70;BRADYCARDIA;BRADY
6240000;512.63;513.00;BRADYCARDIA;BRADY
6242000;512.50;512.87;BRADYCARDIA;BRADY
6244000;512.03;512.40;BRADYCARDIA;BRADY
6246000;511.03;511.41;BRADYCARDIA;BRADY
6248000;510.97;511.35;BRADYCARDIA;BRADY
6250000;511.17;511.56;BRADYCARDIA;BRADY
6252000;512.17;512.55;BRADYCARDIA;BRADY
6254000;510.53;510.92;BRADYCARDIA;BRADY
6256000;511.62;512.01;BRADYCARDIA;BRADY
6258000;511.91;512.31;BRADYCARDIA;BRADY
6260000;512.44;512.84;BRADYCARDIA;BRADY
6262000;511.37;511.77;BRADYCARDIA;BRADY
6264000;512.59;513.00;BRADYCARDIA;BRADY
6266000;510.88;511.28;BRADYCARDIA;BRADY
6268000;510.71;511.12;BRADYCARDIA;BRADY
6270000;512.16;512.57;BRADYCARDIA;BRADY
6272000;512.09;512.51;BRADYCARDIA;BRADY
6274000;511.45;511.86;BRADYCARDIA;BRADY
6276000;511.37;511.79;BRADYCARDIA;BRADY
6278000;512.31;512.73;BRADYCARDIA;BRADY
6280000;512.00;512.43;BRADYCARDIA;BRADY
6282000;511.41;511.84;BRADYCARDIA;BRADY
6284000;512.60;513.03;BRADYCARDIA;BRADY
6286000;509.85;510.28;BRADYCARDIA;BRADY
6288000;511.98;512.42;BRADYCARDIA;BRADY
6290000;510.42;510.86;BRADYCARDIA;BRADY
6292000;512.28;512.72;BRADYCARDIA;BRADY
6294000;510.24;510.69;BRADYCARDIA;BRADY
6296000;511.19;511.64;BRADYCARDIA;BRADY
6298000;511.33;511.78;BRADYCARDIA;BRADY
6300000;511.79;512.25;BRADYCARDIA;BRADY
6302000;510.76;511.22;BRADYCARDIA;BRADY
6304000;511.62;512.08;BRADYCARDIA;BRADY
6306000;510.76;511.23;BRADYCARDIA;BRADY
6308000;512.55;513.02;BRADYCARDIA;BRADY
6310000;510.47;510.93;BRADYCARDIA;BRADY
6312000;511.44;511.91;BRADYCARDIA;BRADY
6314000;511.19;511.66;BRADYCARDIA;BRADY
6316000;511.97;512.45;BRADYCARDIA;BRADY
6318000;511.05;511.52;BRADYCARDIA;BRADY
6320000;512.71;513.19;BRADYCARDIA;BRADY
6322000;511.31;511.80;BRADYCARDIA;BRADY
6324000;513.67;514.16;BRADYCARDIA;BRADY
6326000;509.83;510.32;BRADYCARDIA;BRADY
6328000;512.42;512.91;BRADYCARDIA;BRADY
6330000;509.50;509.99;BRADYCARDIA;BRADY
6332000;510.10;510.60;BRADYCARDIA;BRADY
6334000;512.10;512.60;BRADYCARDIA;BRADY
6336000;512.10;512.60;BRADYCARDIA;BRADY
6338000;511.35;511.86;BRADYCARDIA;BRADY
6340000;512.24;512.75;BRADYCARDIA;BRADY
6342000;512.04;512.55;BRADYCARDIA;BRADY
6344000;510.60;511.12;BRADYCARDIA;BRADY
6346000;511.74;512.26;BRADYCARDIA;BRADY
6348000;511.03;511.55;BRADYCARDIA;BRADY
6350000;512.96;513.49;BRADYCARDIA;BRADY
6352000;510.36;510.88;BRADYCARDIA;BRADY
6354000;511.13;511.66;BRADYCARDIA;BRADY
6356000;511.19;511.72;BRADYCARDIA;BRADY
6358000;510.51;511.05;BRADYCARDIA;BRADY
6360000;511.03;511.57;BRADYCARDIA;BRADY
6362000;512.14;512.68;BRADYCARDIA;BRADY
6364000;510.82;511.36;BRADYCARDIA;BRADY
6366000;511.44;511.98;BRADYCARDIA;BRADY
6368000;511.35;511.90;BRADYCARDIA;BRADY
6370000;511.47;512.02;BRADYCARDIA;BRADY
6372000;513.16;513.71;BRADYCARDIA;BRADY
6374000;512.27;512.82;BRADYCARDIA;BRADY
6376000;511.96;512.52;BRADYCARDIA;BRADY
6378000;510.75;511.31;BRADYCARDIA;BRADY
6380000;511.17;511.73;BRADYCARDIA;BRADY
6382000;511.89;512.46;BRADYCARDIA;BRADY
6384000;511.06;511.63;BRADYCARDIA;BRADY
6386000;510.87;511.44;BRADYCARDIA;BRADY
6388000;513.18;513.75;BRADYCARDIA;BRADY
6390000;511.87;512.45;BRADYCARDIA;BRADY
6392000;511.52;512.10;BRADYCARDIA;BRADY
6394000;510.27;510.85;BRADYCARDIA;BRADY
6396000;512.54;513.12;BRADYCARDIA;BRADY
6398000;511.17;511.76;BRADYCARDIA;BRADY
6400000;510.62;511.21;BRADYCARDIA;BRADY
6402000;510.57;511.16;BRADYCARDIA;BRADY
6404000;513.14;513.73;BRADYCARDIA;BRADY
6406000;511.51;512.11;BRADYCARDIA;BRADY
6408000;512.06;512.66;BRADYCARDIA;BRADY
6410000;510.14;510.74;BRADYCARDIA;BRADY
6412000;512.00;512.61;BRADYCARDIA;BRADY
6414000;510.23;510.84;BRADYCARDIA;BRADY
6416000;510.84;511.45;BRADYCARDIA;BRADY
6418000;511.45;512.06;BRADYCARDIA;BRADY
6420000;511.36;511.98;BRADYCARDIA;BRADY
6422000;512.85;513.47;BRADYCARDIA;BRADY
6424000;510.94;511.56;BRADYCARDIA;BRADY
6426000;511.06;511.68;BRADYCARDIA;BRADY
6428000;511.38;512.00;BRADYCARDIA;BRADY
6430000;512.49;513.12;BRADYCARDIA;BRADY
6432000;511.18;511.81;BRADYCARDIA;BRADY
6434000;511.24;511.87;BRADYCARDIA;BRADY
6436000;511.14;511.77;BRADYCARDIA;BRADY
6438000;511.09;511.72;BRADYCARDIA;BRADY
6440000;510.35;510.98;BRADYCARDIA;BRADY
6442000;511.35;511.99;BRADYCARDIA;BRADY
6444000;510.71;511.35;BRADYCARDIA;BRADY
6446000;511.27;511.92;BRADYCARDIA;BRADY
6448000;510.58;511.23;BRADYCARDIA;BRADY
6450000;511.51;512.16;BRADYCARDIA;BRADY
6452000;511.18;511.84;BRADYCARDIA;BRADY
6454000;511.58;512.24;BRADYCARDIA;BRADY
6456000;510.63;511.29;BRADYCARDIA;BRADY
6458000;510.71;511.37;BRADYCARDIA;BRADY
6460000;511.67;512.33;BRADYCARDIA;BRADY
6462000;510.41;511.07;BRADYCARDIA;BRADY
6464000;511.20;511.87;BRADYCARDIA;BRADY
6466000;511.35;512.02;BRADYCARDIA;BRADY
6468000;510.61;511.28;BRADYCARDIA;BRADY
6470000;510.56;511.24;BRADYCARDIA;BRADY
6472000;512.36;513.03;BRADYCARDIA;BRADY
6474000;510.83;511.51;BRADYCARDIA;BRADY
6476000;511.43;512.11;BRADYCARDIA;BRADY
6478000;511.14;511.83;BRADYCARDIA;BRADY
6480000;510.51;511.20;BRADYCARDIA;BRADY
6482000;512.14;512.83;BRADYCARDIA;BRADY
6484000;510.36;511.05;BRADYCARDIA;BRADY
6486000;511.64;512.34;BRADYCARDIA;BRADY
6488000;511.18;511.88;BRADYCARDIA;BRADY
6490000;511.51;512.20;BRADYCARDIA;BRADY
6492000;511.57;512.27;BRADYCARDIA;BRADY
6494000;510.54;511.24;BRADYCARDIA;BRADY
6496000;511.22;511.93;BRADYCARDIA;BRADY
6498000;511.48;512.19;BRADYCARDIA;BRADY
6500000;511.11;511.82;BRADYCARDIA;BRADY
6502000;512.08;512.79;BRADYCARDIA;BRADY
6504000;512.60;513.31;BRADYCARDIA;BRADY
6506000;511.58;512.29;BRADYCARDIA;BRADY
6508000;510.86;511.58;BRADYCARDIA;BRADY
6510000;511.08;511.80;BRADYCARDIA;BRADY
6512000;511.02;511.74;BRADYCARDIA;BRADY
6514000;510.79;511.52;BRADYCARDIA;BRADY
6516000;510.81;511.54;BRADYCARDIA;BRADY
6518000;511.05;511.77;BRADYCARDIA;BRADY
6520000;511.36;512.09;BRADYCARDIA;BRADY
6522000;512.18;512.91;BRADYCARDIA;BRADY
6524000;511.08;511.82;BRADYCARDIA;BRADY
6526000;511.68;512.42;BRADYCARDIA;BRADY
6528000;511.42;512.15;BRADYCARDIA;BRADY
6530000;511.96;512.70;BRADYCARDIA;BRADY
6532000;511.26;512.00;BRADYCARDIA;BRADY
6534000;511.53;512.27;BRADYCARDIA;BRADY
6536000;511.08;511.82;BRADYCARDIA;BRADY
6538000;511.85;512.59;BRADYCARDIA;BRADY
6540000;510.84;511.59;BRADYCARDIA;BRADY
6542000;512.39;513.14;BRADYCARDIA;BRADY
6544000;510.55;511.30;BRADYCARDIA;BRADY
6546000;510.86;511.62;BRADYCARDIA;BRADY
6548000;511.41;512.17;BRADYCARDIA;BRADY
6550000;510.16;510.92;BRADYCARDIA;BRADY
6552000;512.10;512.86;BRADYCARDIA;BRADY
6554000;511.02;511.79;BRADYCARDIA;BRADY
6556000;511.00;511.77;BRADYCARDIA;BRADY
6558000;511.26;512.03;BRADYCARDIA;BRADY
6560000;511.72;512.49;BRADYCARDIA;BRADY
6562000;512.00;512.77;BRADYCARDIA;BRADY
6564000;511.49;512.27;BRADYCARDIA;BRADY
6566000;512.45;513.23;BRADYCARDIA;BRADY
6568000;511.56;512.34;BRADYCARDIA;BRADY
6570000;512.14;512.92;BRADYCARDIA;BRADY
6572000;511.26;512.04;BRADYCARDIA;BRADY
6574000;511.86;512.64;BRADYCARDIA;BRADY
6576000;510.28;511.07;BRADYCARDIA;BRADY
6578000;509.52;510.31;BRADYCARDIA;BRADY
6580000;512.20;512.99;BRADYCARDIA;BRADY
6582000;510.15;510.94;BRADYCARDIA;BRADY
6584000;510.86;511.66;BRADYCARDIA;BRADY
6586000;510.80;511.60;BRADYCARDIA;BRADY
6588000;512.05;512.85;BRADYCARDIA;BRADY
6590000;512.25;513.05;BRADYCARDIA;BRADY
6592000;511.08;511.88;BRADYCARDIA;BRADY
6594000;510.39;511.19;BRADYCARDIA;BRADY
6596000;513.07;513.88;BRADYCARDIA;BRADY
6598000;512.04;512.85;BRADYCARDIA;BRADY
6600000;511.77;512.57;BRADYCARDIA;BRADY
6602000;512.51;513.32;BRADYCARDIA;BRADY
6604000;511.22;512.03;BRADYCARDIA;BRADY
6606000;510.08;510.90;BRADYCARDIA;BRADY
6608000;511.73;512.55;BRADYCARDIA;BRADY
6610000;510.73;511.55;BRADYCARDIA;BRADY
6612000;511.92;512.74;BRADYCARDIA;BRADY
6614000;511.39;512.22;BRADYCARDIA;BRADY
6616000;510.02;510.84;BRADYCARDIA;BRADY
6618000;511.80;512.63;BRADYCARDIA;BRADY
6620000;510.14;510.97;BRADYCARDIA;BRADY
6622000;510.66;511.49;BRADYCARDIA;BRADY
6624000;511.78;512.61;BRADYCARDIA;BRADY
6626000;510.53;511.36;BRADYCARDIA;BRADY
6628000;509.52;510.36;BRADYCARDIA;BRADY
6630000;511.38;512.22;BRADYCARDIA;BRADY
6632000;510.54;511.38;BRADYCARDIA;BRADY
6634000;511.24;512.08;BRADYCARDIA;BRADY
6636000;511.32;512.16;BRADYCARDIA;BRADY
6638000;510.43;511.28;BRADYCARDIA;BRADY
6640000;511.78;512.63;BRADYCARDIA;BRADY
6642000;510.89;511.74;BRADYCARDIA;BRADY
6644000;509.75;510.60;BRADYCARDIA;BRADY
6646000;511.11;511.96;BRADYCARDIA;BRADY
6648000;509.30;510.15;BRADYCARDIA;BRADY
6650000;511.52;512.37;BRADYCARDIA;BRADY
6652000;509.86;510.71;BRADYCARDIA;BRADY
6654000;511.16;512.02;BRADYCARDIA;BRADY
6656000;512.03;512.89;BRADYCARDIA;BRADY
6658000;511.96;512.82;BRADYCARDIA;BRADY
6660000;510.72;511.58;BRADYCARDIA;BRADY
6662000;511.23;512.10;BRADYCARDIA;BRADY
6664000;511.70;512.56;BRADYCARDIA;BRADY
6666000;509.68;510.54;BRADYCARDIA;BRADY
6668000;511.38;512.25;BRADYCARDIA;BRADY
6670000;510.99;511.86;BRADYCARDIA;BRADY
6672000;510.59;511.47;BRADYCARDIA;BRADY
6674000;511.64;512.51;BRADYCARDIA;BRADY
6676000;510.64;511.51;BRADYCARDIA;BRADY
6678000;511.94;512.81;BRADYCARDIA;BRADY
6680000;509.98;510.86;BRADYCARDIA;BRADY
6682000;511.50;512.38;BRADYCARDIA;BRADY
6684000;511.66;512.54;BRADYCARDIA;BRADY
6686000;510.79;511.67;BRADYCARDIA;BRADY
6688000;511.53;512.41;BRADYCARDIA;BRADY
6690000;510.87;511.75;BRADYCARDIA;BRADY
6692000;509.73;510.62;BRADYCARDIA;BRADY
6694000;511.72;512.61;BRADYCARDIA;BRADY
6696000;511.64;512.53;BRADYCARDIA;BRADY
6698000;510.45;511.34;BRADYCARDIA;BRADY
6700000;511.90;512.79;BRADYCARDIA;BRADY
6702000;512.11;513.00;BRADYCARDIA;BRADY
6704000;510.70;511.59;BRADYCARDIA;BRADY
6706000;510.57;511.47;BRADYCARDIA;BRADY
6708000;510.83;511.73;BRADYCARDIA;BRADY
6710000;510.20;511.10;BRADYCARDIA;BRADY
6712000;511.51;512.41;BRADYCARDIA;BRADY
6714000;510.09;511.00;BRADYCARDIA;BRADY
6716000;511.95;512.86;BRADYCARDIA;BRADY
6718000;510.55;511.46;BRADYCARDIA;BRADY
6720000;511.86;512.77;BRADYCARDIA;BRADY
6722000;512.51;513.41;BRADYCARDIA;BRADY
6724000;510.37;511.27;BRADYCARDIA;BRADY
6726000;511.31;512.22;BRADYCARDIA;BRADY
6728000;511.42;512.33;BRADYCARDIA;BRADY
6730000;511.96;512.88;BRADYCARDIA;BRADY
6732000;512.15;513.06;BRADYCARDIA;BRADY
6734000;511.60;512.51;BRADYCARDIA;BRADY
6736000;510.30;511.22;BRADYCARDIA;BRADY
6738000;512.22;513.14;BRADYCARDIA;BRADY
6740000;510.49;511.40;BRADYCARDIA;BRADY
6742000;511.52;512.44;BRADYCARDIA;BRADY
6744000;511.37;512.29;BRADYCARDIA;BRADY
6746000;511.50;512.42;BRADYCARDIA;BRADY
6748000;511.01;511.93;BRADYCARDIA;BRADY
6750000;511.51;512.43;BRADYCARDIA;BRADY
6752000;511.09;512.02;BRADYCARDIA;BRADY
6754000;511.94;512.86;BRADYCARDIA;BRADY
6756000;510.15;511.08;BRADYCARDIA;BRADY
6758000;513.63;514.56;BRADYCARDIA;BRADY
6760000;511.64;512.57;BRADYCARDIA;BRADY
6762000;510.74;511.67;BRADYCARDIA;BRADY
6764000;510.54;511.47;BRADYCARDIA;BRADY
6766000;510.41;511.34;BRADYCARDIA;BRADY
6768000;511.61;512.54;BRADYCARDIA;BRADY
6770000;510.42;511.36;BRADYCARDIA;BRADY
6772000;510.92;511.86;BRADYCARDIA;BRADY
6774000;510.24;511.18;BRADYCARDIA;BRADY
6776000;512.29;513.22;BRADYCARDIA;BRADY
6778000;511.47;512.41;BRADYCARDIA;BRADY
6780000;511.49;512.43;BRADYCARDIA;BRADY
6782000;510.67;511.61;BRADYCARDIA;BRADY
6784000;510.88;511.82;BRADYCARDIA;BRADY
6786000;510.23;511.17;BRADYCARDIA;BRADY
6788000;511.57;512.52;BRADYCARDIA;BRADY
6790000;509.39;510.34;BRADYCARDIA;BRADY
6792000;510.70;511.65;BRADYCARDIA;BRADY
6794000;510.80;511.75;BRADYCARDIA;BRADY
6796000;511.16;512.11;BRADYCARDIA;BRADY
6798000;511.11;512.06;BRADYCARDIA;BRADY
6800000;511.35;512.30;BRADYCARDIA;BRADY
6802000;510.48;511.43;BRADYCARDIA;BRADY
6804000;509.86;510.81;BRADYCARDIA;BRADY
6806000;510.97;511.92;BRADYCARDIA;BRADY
6808000;510.28;511.23;BRADYCARDIA;BRADY
6810000;512.29;513.25;BRADYCARDIA;BRADY
6812000;511.54;512.50;BRADYCARDIA;BRADY
6814000;511.09;512.05;BRADYCARDIA;BRADY
6816000;509.46;510.42;BRADYCARDIA;BRADY
6818000;511.38;512.34;BRADYCARDIA;BRADY
6820000;510.66;511.62;BRADYCARDIA;BRADY
6822000;511.67;512.63;BRADYCARDIA;BRADY
6824000;512.48;513.44;BRADYCARDIA;BRADY
6826000;510.87;511.83;BRADYCARDIA;BRADY
6828000;512.49;513.45;BRADYCARDIA;BRADY
6830000;511.27;512.23;BRADYCARDIA;BRADY
6832000;510.70;511.66;BRADYCARDIA;BRADY
6834000;511.15;512.12;BRADYCARDIA;BRADY
6836000;509.51;510.47;BRADYCARDIA;BRADY
6838000;512.54;513.51;BRADYCARDIA;BRADY
6840000;511.61;512.58;BRADYCARDIA;BRADY
6842000;511.71;512.68;BRADYCARDIA;BRADY
6844000;510.71;511.68;BRADYCARDIA;BRADY
6846000;509.60;510.57;BRADYCARDIA;BRADY
6848000;512.16;513.13;BRADYCARDIA;BRADY
6850000;510.24;511.21;BRADYCARDIA;BRADY
6852000;511.69;512.66;BRADYCARDIA;BRADY
6854000;511.28;512.26;BRADYCARDIA;BRADY
6856000;511.25;512.23;BRADYCARDIA;BRADY
6858000;509.36;510.34;BRADYCARDIA;BRADY
6860000;510.40;511.38;BRADYCARDIA;BRADY
6862000;510.66;511.64;BRADYCARDIA;BRADY
6864000;511.77;512.75;BRADYCARDIA;BRADY
6866000;511.38;512.36;BRADYCARDIA;BRADY
6868000;512.61;513.59;BRADYCARDIA;BRADY
6870000;510.54;511.52;BRADYCARDIA;BRADY
6872000;509.96;510.94;BRADYCARDIA;BRADY
6874000;511.23;512.21;BRADYCARDIA;BRADY
6876000;511.74;512.72;BRADYCARDIA;BRADY
6878000;509.92;510.90;BRADYCARDIA;BRADY
6880000;511.28;512.27;BRADYCARDIA;BRADY
6882000;511.62;512.60;BRADYCARDIA;BRADY
6884000;509.84;510.82;BRADYCARDIA;BRADY
6886000;511.88;512.87;BRADYCARDIA;BRADY
6888000;512.30;513.29;BRADYCARDIA;BRADY
6890000;508.93;509.92;BRADYCARDIA;BRADY
6892000;509.65;510.63;BRADYCARDIA;BRADY
6894000;511.08;512.07;BRADYCARDIA;BRADY
6896000;510.98;511.97;BRADYCARDIA;BRADY
6898000;511.16;512.14;BRADYCARDIA;BRADY
6900000;511.83;512.82;BRADYCARDIA;BRADY
6902000;510.62;511.61;BRADYCARDIA;BRADY
6904000;511.70;512.69;BRADYCARDIA;BRADY
6906000;511.40;512.39;BRADYCARDIA;BRADY
6908000;510.73;511.72;BRADYCARDIA;BRADY
6910000;511.28;512.27;BRADYCARDIA;BRADY
6912000;511.07;512.06;BRADYCARDIA;BRADY
6914000;512.82;513.81;BRADYCARDIA;BRADY
6916000;510.33;511.33;BRADYCARDIA;BRADY
6918000;511.54;512.53;BRADYCARDIA;BRADY
6920000;510.21;511.21;BRADYCARDIA;BRADY
6922000;510.51;511.51;BRADYCARDIA;BRADY
6924000;510.02;511.01;BRADYCARDIA;BRADY
6926000;511.11;512.10;BRADYCARDIA;BRADY
6928000;510.61;511.60;BRADYCARDIA;BRADY
6930000;509.87;510.87;BRADYCARDIA;BRADY
6932000;510.65;511.64;BRADYCARDIA;BRADY
6934000;510.50;511.50;BRADYCARDIA;BRADY
6936000;510.70;511.69;BRADYCARDIA;BRADY
6938000;511.77;512.77;BRADYCARDIA;BRADY
6940000;510.93;511.92;BRADYCARDIA;BRADY
6942000;510.64;511.63;BRADYCARDIA;BRADY
6944000;511.09;512.09;BRADYCARDIA;BRADY
6946000;511.05;512.05;BRADYCARDIA;BRADY
6948000;512.19;513.18;BRADYCARDIA;BRADY
6950000;511.66;512.66;BRADYCARDIA;BRADY
6952000;511.28;512.28;BRADYCARDIA;BRADY
6954000;510.13;511.13;BRADYCARDIA;BRADY
6956000;511.14;512.14;BRADYCARDIA;BRADY
6958000;510.66;511.66;BRADYCARDIA;BRADY
6960000;511.59;512.58;BRADYCARDIA;BRADY
6962000;510.88;511.88;BRADYCARDIA;BRADY
6964000;510.70;511.70;BRADYCARDIA;BRADY
6966000;511.61;512.60;BRADYCARDIA;BRADY
6968000;512.12;513.12;BRADYCARDIA;BRADY
6970000;511.32;512.32;BRADYCARDIA;BRADY
6972000;511.61;512.60;BRADYCARDIA;BRADY
6974000;510.65;511.65;BRADYCARDIA;BRADY
6976000;510.68;511.68;BRADYCARDIA;BRADY
6978000;509.95;510.95;BRADYCARDIA;BRADY
6980000;511.49;512.49;BRADYCARDIA;BRADY
6982000;512.64;513.64;BRADYCARDIA;BRADY
6984000;509.96;510.96;BRADYCARDIA;BRADY
6986000;511.40;512.40;BRADYCARDIA;BRADY
6988000;512.01;513.01;BRADYCARDIA;BRADY
6990000;511.08;512.08;BRADYCARDIA;BRADY
6992000;511.12;512.12;BRADYCARDIA;BRADY
6994000;510.35;511.35;BRADYCARDIA;BRADY
6996000;511.31;512.31;BRADYCARDIA;BRADY
6998000;511.55;512.55;BRADYCARDIA;BRADY
7000000;510.89;511.89;BRADYCARDIA;BRADY
7002000;511.31;512.31;BRADYCARDIA;BRADY
7004000;510.35;511.35;BRADYCARDIA;BRADY
7006000;511.86;512.86;BRADYCARDIA;BRADY
7008000;511.05;512.05;BRADYCARDIA;BRADY
7010000;511.39;512.39;BRADYCARDIA;BRADY
7012000;509.93;510.93;BRADYCARDIA;BRADY
7014000;512.50;513.50;BRADYCARDIA;BRADY
7016000;510.76;511.76;BRADYCARDIA;BRADY
7018000;511.85;512.85;BRADYCARDIA;BRADY
7020000;510.07;511.07;BRADYCARDIA;BRADY
7022000;510.09;511.09;BRADYCARDIA;BRADY
7024000;510.34;511.34;BRADYCARDIA;BRADY
7026000;510.69;511.69;BRADYCARDIA;BRADY
7028000;512.47;513.47;BRADYCARDIA;BRADY
7030000;511.64;512.64;BRADYCARDIA;BRADY
7032000;511.27;512.27;BRADYCARDIA;BRADY
7034000;510.42;511.42;BRADYCARDIA;BRADY
7036000;510.34;511.33;BRADYCARDIA;BRADY
7038000;510.23;511.23;BRADYCARDIA;BRADY
7040000;511.42;512.41;BRADYCARDIA;BRADY
7042000;511.97;512.97;BRADYCARDIA;BRADY
7044000;509.93;510.93;BRADYCARDIA;BRADY
7046000;509.78;510.78;BRADYCARDIA;BRADY
7048000;510.95;511.95;BRADYCARDIA;BRADY
7050000;511.86;512.86;BRADYCARDIA;BRADY
7052000;511.71;512.71;BRADYCARDIA;BRADY
7054000;511.93;512.92;BRADYCARDIA;BRADY
7056000;511.62;512.62;BRADYCARDIA;BRADY
7058000;510.71;511.70;BRADYCARDIA;BRADY
7060000;511.97;512.97;BRADYCARDIA;BRADY
7062000;511.28;512.28;BRADYCARDIA;BRADY
7064000;511.51;512.50;BRADYCARDIA;BRADY
7066000;510.59;511.58;BRADYCARDIA;BRADY
7068000;511.73;512.72;BRADYCARDIA;BRADY
7070000;511.98;512.97;BRADYCARDIA;BRADY
7072000;511.15;512.14;BRADYCARDIA;BRADY
7074000;511.21;512.21;BRADYCARDIA;BRADY
7076000;511.21;512.20;BRADYCARDIA;BRADY
7078000;511.58;512.58;BRADYCARDIA;BRADY
7080000;511.24;512.23;BRADYCARDIA;BRADY
7082000;509.85;510.84;BRADYCARDIA;BRADY
7084000;511.82;512.81;BRADYCARDIA;BRADY
7086000;511.83;512.82;BRADYCARDIA;BRADY
7088000;510.66;511.65;BRADYCARDIA;BRADY
7090000;512.66;513.65;BRADYCARDIA;BRADY
7092000;511.76;512.75;BRADYCARDIA;BRADY
7094000;511.44;512.43;BRADYCARDIA;BRADY
7096000;510.66;511.65;BRADYCARDIA;BRADY
7098000;511.89;512.88;BRADYCARDIA;BRADY
7100000;510.12;511.11;BRADYCARDIA;BRADY
7102000;511.53;512.52;BRADYCARDIA;BRADY
7104000;510.70;511.69;BRADYCARDIA;BRADY
7106000;510.94;511.93;BRADYCARDIA;BRADY
7108000;511.62;512.60;BRADYCARDIA;BRADY
7110000;511.05;512.03;BRADYCARDIA;BRADY
7112000;511.55;512.53;BRADYCARDIA;BRADY
7114000;511.42;512.40;BRADYCARDIA;BRADY
7116000;510.52;511.50;BRADYCARDIA;BRADY
7118000;510.46;511.44;BRADYCARDIA;BRADY
7120000;510.95;511.93;BRADYCARDIA;BRADY
7122000;512.40;513.38;BRADYCARDIA;BRADY
7124000;511.73;512.71;BRADYCARDIA;BRADY
7126000;509.78;510.76;BRADYCARDIA;BRADY
7128000;511.30;512.28;BRADYCARDIA;BRADY
7130000;510.83;511.81;BRADYCARDIA;BRADY
7132000;511.66;512.63;BRADYCARDIA;BRADY
7134000;510.85;511.83;BRADYCARDIA;BRADY
7136000;509.88;510.86;BRADYCARDIA;BRADY
7138000;509.49;510.47;BRADYCARDIA;BRADY
7140000;510.82;511.80;BRADYCARDIA;BRADY
7142000;511.16;512.14;BRADYCARDIA;BRADY
7144000;509.94;510.91;BRADYCARDIA;BRADY
7146000;510.18;511.15;BRADYCARDIA;BRADY
7148000;510.76;511.73;BRADYCARDIA;BRADY
7150000;512.04;513.01;BRADYCARDIA;BRADY
7152000;512.12;513.09;BRADYCARDIA;BRADY
7154000;509.66;510.63;BRADYCARDIA;BRADY
7156000;510.44;511.41;BRADYCARDIA;BRADY
7158000;511.87;512.84;BRADYCARDIA;BRADY
7160000;509.84;510.81;BRADYCARDIA;BRADY
7162000;511.01;511.98;BRADYCARDIA;BRADY
7164000;511.14;512.10;BRADYCARDIA;BRADY
7166000;510.86;511.82;BRADYCARDIA;BRADY
7168000;510.94;511.90;BRADYCARDIA;BRADY
7170000;511.74;512.70;BRADYCARDIA;BRADY
7172000;511.17;512.14;BRADYCARDIA;BRADY
7174000;509.61;510.57;BRADYCARDIA;BRADY
7176000;511.26;512.22;BRADYCARDIA;BRADY
7178000;511.57;512.54;BRADYCARDIA;BRADY
7180000;511.57;512.53;BRADYCARDIA;BRADY
7182000;512.56;513.52;BRADYCARDIA;BRADY
7184000;510.89;511.85;BRADYCARDIA;BRADY
7186000;510.73;511.69;BRADYCARDIA;BRADY
7188000;511.04;512.00;BRADYCARDIA;BRADY
7190000;511.84;512.79;BRADYCARDIA;BRADY
7192000;509.97;510.93;BRADYCARDIA;BRADY
7194000;510.33;511.28;BRADYCARDIA;BRADY
7196000;511.74;512.69;BRADYCARDIA;BRADY
7198000;510.71;511.67;BRADYCARDIA;BRADY
7200000;512.18;513.14;BRADYCARDIA;BRADY
7202000;510.09;511.04;BRADYCARDIA;BRADY
7204000;510.66;511.61;BRADYCARDIA;BRADY
7206000;510.57;511.52;BRADYCARDIA;BRADY
7208000;511.92;512.86;BRADYCARDIA;BRADY
7210000;510.17;511.11;BRADYCARDIA;BRADY
7212000;512.41;513.35;BRADYCARDIA;BRADY
7214000;510.46;511.40;BRADYCARDIA;BRADY
7216000;511.56;512.51;BRADYCARDIA;BRADY
7218000;512.04;512.98;BRADYCARDIA;BRADY
7220000;510.77;511.71;BRADYCARDIA;BRADY
7222000;511.77;512.71;BRADYCARDIA;BRADY
7224000;509.61;510.55;BRADYCARDIA;BRADY
7226000;510.36;511.30;BRADYCARDIA;BRADY
7228000;509.31;510.25;BRADYCARDIA;BRADY
7230000;510.60;511.53;BRADYCARDIA;BRADY
7232000;510.20;511.13;BRADYCARDIA;BRADY
7234000;510.16;511.09;BRADYCARDIA;BRADY
7236000;510.38;511.31;BRADYCARDIA;BRADY
7238000;510.86;511.80;BRADYCARDIA;BRADY
7240000;511.50;512.43;BRADYCARDIA;BRADY
7242000;509.32;510.25;BRADYCARDIA;BRADY
7244000;510.49;511.42;BRADYCARDIA;BRADY
7246000;510.07;510.99;BRADYCARDIA;BRADY
7248000;511.26;512.19;BRADYCARDIA;BRADY
7250000;511.44;512.36;BRADYCARDIA;BRADY
7252000;511.60;512.52;BRADYCARDIA;BRADY
7254000;509.64;510.56;BRADYCARDIA;BRADY
7256000;511.67;512.59;BRADYCARDIA;BRADY
7258000;511.05;511.97;BRADYCARDIA;BRADY
7260000;509.28;510.20;BRADYCARDIA;BRADY
7262000;511.63;512.55;BRADYCARDIA;BRADY
7264000;509.33;510.24;BRADYCARDIA;BRADY
7266000;510.74;511.65;BRADYCARDIA;BRADY
7268000;509.97;510.88;BRADYCARDIA;BRADY
7270000;511.02;511.93;BRADYCARDIA;BRADY
7272000;510.90;511.81;BRADYCARDIA;BRADY
7274000;511.67;512.58;BRADYCARDIA;BRADY
7276000;511.78;512.68;BRADYCARDIA;BRADY
7278000;512.14;513.05;BRADYCARDIA;BRADY
7280000;511.54;512.44;BRADYCARDIA;BRADY
7282000;511.88;512.78;BRADYCARDIA;BRADY
7284000;511.73;512.64;BRADYCARDIA;BRADY
7286000;510.98;511.88;BRADYCARDIA;BRADY
7288000;511.09;511.99;BRADYCARDIA;BRADY
7290000;511.12;512.02;BRADYCARDIA;BRADY
7292000;509.98;510.87;BRADYCARDIA;BRADY
7294000;511.69;512.59;BRADYCARDIA;BRADY
7296000;510.24;511.13;BRADYCARDIA;BRADY
7298000;512.31;513.20;BRADYCARDIA;BRADY
7300000;510.10;510.99;BRADYCARDIA;BRADY
7302000;511.62;512.51;BRADYCARDIA;BRADY
7304000;510.72;511.61;BRADYCARDIA;BRADY
7306000;511.67;512.56;BRADYCARDIA;BRADY
7308000;511.97;512.86;BRADYCARDIA;BRADY
7310000;510.46;511.35;BRADYCARDIA;BRADY
7312000;510.63;511.51;BRADYCARDIA;BRADY
7314000;511.86;512.74;BRADYCARDIA;BRADY
7316000;511.02;511.90;BRADYCARDIA;BRADY
7318000;511.86;512.74;BRADYCARDIA;BRADY
7320000;511.37;512.24;BRADYCARDIA;BRADY
7322000;510.59;511.46;BRADYCARDIA;BRADY
7324000;511.14;512.01;BRADYCARDIA;BRADY
7326000;510.99;511.87;BRADYCARDIA;BRADY
7328000;510.93;511.80;BRADYCARDIA;BRADY
7330000;510.96;511.83;BRADYCARDIA;BRADY
7332000;510.57;511.44;BRADYCARDIA;BRADY
7334000;513.11;513.98;BRADYCARDIA;BRADY
7336000;510.20;511.07;BRADYCARDIA;BRADY
7338000;509.61;510.47;BRADYCARDIA;BRADY
7340000;509.15;510.01;BRADYCARDIA;BRADY
7342000;511.10;511.96;BRADYCARDIA;BRADY
7344000;510.73;511.59;BRADYCARDIA;BRADY
7346000;511.62;512.48;BRADYCARDIA;BRADY
7348000;510.84;511.69;BRADYCARDIA;BRADY
7350000;511.26;512.11;BRADYCARDIA;BRADY
7352000;512.26;513.11;BRADYCARDIA;BRADY
7354000;510.22;511.07;BRADYCARDIA;BRADY
7356000;510.30;511.15;BRADYCARDIA;BRADY
7358000;511.31;512.16;BRADYCARDIA;BRADY
7360000;511.65;512.49;BRADYCARDIA;BRADY
7362000;510.64;511.48;BRADYCARDIA;BRADY
7364000;511.05;511.89;BRADYCARDIA;BRADY
7366000;509.68;510.52;BRADYCARDIA;BRADY
7368000;512.75;513.59;BRADYCARDIA;BRADY
7370000;510.04;510.88;BRADYCARDIA;BRADY
7372000;510.78;511.61;BRADYCARDIA;BRADY
7374000;510.13;510.96;BRADYCARDIA;BRADY
7376000;511.07;511.91;BRADYCARDIA;BRADY
7378000;511.77;512.60;BRADYCARDIA;BRADY
7380000;511.41;512.24;BRADYCARDIA;BRADY
7382000;511.99;512.82;BRADYCARDIA;BRADY
7384000;510.56;511.39;BRADYCARDIA;BRADY
7386000;510.29;511.12;BRADYCARDIA;BRADY
7388000;512.01;512.83;BRADYCARDIA;BRADY
7390000;511.30;512.12;BRADYCARDIA;BRADY
7392000;510.12;510.94;BRADYCARDIA;BRADY
7394000;510.85;511.67;BRADYCARDIA;BRADY
7396000;511.73;512.54;BRADYCARDIA;BRADY
7398000;510.91;511.72;BRADYCARDIA;BRADY
7400000;510.89;511.70;BRADYCARDIA;BRADY
7402000;511.14;511.95;BRADYCARDIA;BRADY
7404000;510.56;511.36;BRADYCARDIA;BRADY
7406000;511.53;512.33;BRADYCARDIA;BRADY
7408000;511.00;511.81;BRADYCARDIA;BRADY
7410000;511.41;512.21;BRADYCARDIA;BRADY
7412000;509.46;510.26;BRADYCARDIA;BRADY
7414000;511.01;511.81;BRADYCARDIA;BRADY
7416000;512.56;513.35;BRADYCARDIA;BRADY
7418000;511.01;511.81;BRADYCARDIA;BRADY
7420000;511.55;512.34;BRADYCARDIA;BRADY
7422000;511.05;511.84;BRADYCARDIA;BRADY
7424000;510.88;511.67;BRADYCARDIA;BRADY
7426000;511.33;512.11;BRADYCARDIA;BRADY
7428000;510.86;511.65;BRADYCARDIA;BRADY
7430000;512.59;513.37;BRADYCARDIA;BRADY
7432000;511.43;512.21;BRADYCARDIA;BRADY
7434000;510.65;511.43;BRADYCARDIA;BRADY
7436000;511.01;511.78;BRADYCARDIA;BRADY
7438000;510.93;511.70;BRADYCARDIA;BRADY
7440000;510.96;511.73;BRADYCARDIA;BRADY
7442000;511.80;512.57;BRADYCARDIA;BRADY
7444000;510.53;511.30;BRADYCARDIA;BRADY
7446000;513.39;514.15;BRADYCARDIA;BRADY
7448000;511.14;511.90;BRADYCARDIA;BRADY
7450000;512.17;512.93;BRADYCARDIA;BRADY
7452000;511.50;512.26;BRADYCARDIA;BRADY
7454000;511.41;512.16;BRADYCARDIA;BRADY
7456000;510.24;511.00;BRADYCARDIA;BRADY
7458000;511.15;511.90;BRADYCARDIA;BRADY
7460000;512.15;512.90;BRADYCARDIA;BRADY
7462000;511.79;512.54;BRADYCARDIA;BRADY
7464000;512.07;512.82;BRADYCARDIA;BRADY
7466000;510.88;511.62;BRADYCARDIA;BRADY
7468000;511.23;511.97;BRADYCARDIA;BRADY
7470000;511.35;512.09;BRADYCARDIA;BRADY
7472000;511.83;512.57;BRADYCARDIA;BRADY
7474000;511.38;512.11;BRADYCARDIA;BRADY
7476000;511.62;512.35;BRADYCARDIA;BRADY
7478000;510.70;511.44;BRADYCARDIA;BRADY
7480000;511.29;512.02;BRADYCARDIA;BRADY
7482000;511.89;512.62;BRADYCARDIA;BRADY
7484000;509.98;510.70;BRADYCARDIA;BRADY
7486000;511.38;512.10;BRADYCARDIA;BRADY
7488000;511.85;512.57;BRADYCARDIA;BRADY
7490000;511.63;512.35;BRADYCARDIA;BRADY
7492000;510.66;511.38;BRADYCARDIA;BRADY
7494000;510.92;511.63;BRADYCARDIA;BRADY
7496000;511.75;512.46;BRADYCARDIA;BRADY
7498000;510.67;511.38;BRADYCARDIA;BRADY
7500000;511.30;512.00;BRADYCARDIA;BRADY
7502000;511.66;512.36;BRADYCARDIA;BRADY
7504000;510.70;511.41;BRADYCARDIA;BRADY
7506000;510.58;511.28;BRADYCARDIA;BRADY
7508000;510.34;511.04;BRADYCARDIA;BRADY
7510000;511.26;511.96;BRADYCARDIA;BRADY
7512000;511.27;511.96;BRADYCARDIA;BRADY
7514000;509.99;510.68;BRADYCARDIA;BRADY
7516000;511.80;512.49;BRADYCARDIA;BRADY
7518000;512.36;513.05;BRADYCARDIA;BRADY
7520000;510.96;511.64;BRADYCARDIA;BRADY
7522000;511.34;512.03;BRADYCARDIA;BRADY
7524000;510.38;511.06;BRADYCARDIA;BRADY
7526000;510.55;511.23;BRADYCARDIA;BRADY
7528000;510.93;511.61;BRADYCARDIA;BRADY
7530000;511.70;512.37;BRADYCARDIA;BRADY
7532000;510.74;511.41;BRADYCARDIA;BRADY
7534000;511.46;512.13;BRADYCARDIA;BRADY
7536000;511.01;511.68;BRADYCARDIA;BRADY
7538000;511.46;512.13;BRADYCARDIA;BRADY
7540000;512.14;512.80;BRADYCARDIA;BRADY
7542000;511.34;512.00;BRADYCARDIA;BRADY
7544000;512.09;512.74;BRADYCARDIA;BRADY
7546000;511.88;512.53;BRADYCARDIA;BRADY
7548000;510.95;511.60;BRADYCARDIA;BRADY
7550000;512.55;513.20;BRADYCARDIA;BRADY
7552000;511.22;511.87;BRADYCARDIA;BRADY
7554000;511.64;512.28;BRADYCARDIA;BRADY
7556000;511.55;512.19;BRADYCARDIA;BRADY
7558000;510.92;511.56;BRADYCARDIA;BRADY
7560000;511.97;512.61;BRADYCARDIA;BRADY
7562000;511.42;512.05;BRADYCARDIA;BRADY
7564000;510.84;511.47;BRADYCARDIA;BRADY
7566000;511.12;511.75;BRADYCARDIA;BRADY
7568000;510.23;510.86;BRADYCARDIA;BRADY
7570000;510.54;511.16;BRADYCARDIA;BRADY
7572000;509.79;510.41;BRADYCARDIA;BRADY
7574000;512.11;512.73;BRADYCARDIA;BRADY
7576000;513.19;513.81;BRADYCARDIA;BRADY
7578000;510.59;511.20;BRADYCARDIA;BRADY
7580000;511.10;511.71;BRADYCARDIA;BRADY
7582000;511.84;512.45;BRADYCARDIA;BRADY
7584000;509.74;510.35;BRADYCARDIA;BRADY
7586000;509.96;510.57;BRADYCARDIA;BRADY
7588000;513.07;513.68;BRADYCARDIA;BRADY
7590000;511.24;511.84;BRADYCARDIA;BRADY
7592000;511.91;512.51;BRADYCARDIA;BRADY
7594000;511.06;511.65;BRADYCARDIA;BRADY
7596000;510.29;510.88;BRADYCARDIA;BRADY
7598000;511.03;511.62;BRADYCARDIA;BRADY
7600000;512.16;512.75;BRADYCARDIA;BRADY
7602000;512.00;512.59;BRADYCARDIA;BRADY
7604000;512.11;512.69;BRADYCARDIA;BRADY
7606000;510.24;510.82;BRADYCARDIA;BRADY
7608000;512.47;513.05;BRADYCARDIA;BRADY
7610000;509.72;510.29;BRADYCARDIA;BRADY
7612000;511.09;511.66;BRADYCARDIA;BRADY
7614000;511.68;512.25;BRADYCARDIA;BRADY
7616000;511.19;511.76;BRADYCARDIA;BRADY
7618000;510.88;511.45;BRADYCARDIA;BRADY
7620000;511.75;512.31;BRADYCARDIA;BRADY
7622000;510.93;511.49;BRADYCARDIA;BRADY
7624000;510.87;511.43;BRADYCARDIA;BRADY
7626000;511.07;511.63;BRADYCARDIA;BRADY
7628000;511.77;512.32;BRADYCARDIA;BRADY
7630000;511.90;512.45;BRADYCARDIA;BRADY
7632000;510.96;511.51;BRADYCARDIA;BRADY
7634000;511.83;512.38;BRADYCARDIA;BRADY
7636000;511.18;511.72;BRADYCARDIA;BRADY
7638000;511.34;511.88;BRADYCARDIA;BRADY
7640000;511.31;511.85;BRADYCARDIA;BRADY
7642000;511.54;512.07;BRADYCARDIA;BRADY
7644000;512.49;513.02;BRADYCARDIA;BRADY
7646000;511.37;511.89;BRADYCARDIA;BRADY
7648000;511.54;512.07;BRADYCARDIA;BRADY
7650000;511.36;511.88;BRADYCARDIA;BRADY
7652000;510.05;510.57;BRADYCARDIA;BRADY
7654000;511.77;512.28;BRADYCARDIA;BRADY
7656000;512.65;513.17;BRADYCARDIA;BRADY
7658000;510.58;511.10;BRADYCARDIA;BRADY
7660000;511.95;512.46;BRADYCARDIA;BRADY
7662000;510.61;511.12;BRADYCARDIA;BRADY
7664000;510.55;511.05;BRADYCARDIA;BRADY
7666000;512.05;512.55;BRADYCARDIA;BRADY
7668000;511.38;511.88;BRADYCARDIA;BRADY
7670000;512.11;512.61;BRADYCARDIA;BRADY
7672000;513.60;514.10;BRADYCARDIA;BRADY
7674000;511.98;512.47;BRADYCARDIA;BRADY
7676000;512.08;512.57;BRADYCARDIA;BRADY
7678000;512.17;512.65;BRADYCARDIA;BRADY
7680000;511.03;511.51;BRADYCARDIA;BRADY
7682000;511.64;512.12;BRADYCARDIA;BRADY
7684000;512.17;512.65;BRADYCARDIA;BRADY
7686000;512.56;513.04;BRADYCARDIA;BRADY
7688000;511.54;512.01;BRADYCARDIA;BRADY
7690000;510.80;511.26;BRADYCARDIA;BRADY
7692000;511.75;512.22;BRADYCARDIA;BRADY
7694000;512.64;513.10;BRADYCARDIA;BRADY
7696000;513.30;513.76;BRADYCARDIA;BRADY
7698000;511.11;511.57;BRADYCARDIA;BRADY
7700000;512.95;513.40;BRADYCARDIA;BRADY
7702000;512.11;512.56;BRADYCARDIA;BRADY
7704000;512.59;513.03;BRADYCARDIA;BRADY
7706000;511.40;511.85;BRADYCARDIA;BRADY
7708000;512.89;513.33;BRADYCARDIA;BRADY
7710000;511.55;511.99;BRADYCARDIA;BRADY
7712000;514.06;514.49;BRADYCARDIA;BRADY
7714000;512.11;512.54;BRADYCARDIA;BRADY
7716000;511.91;512.34;BRADYCARDIA;BRADY
7718000;511.57;512.00;BRADYCARDIA;BRADY
7720000;511.99;512.41;BRADYCARDIA;BRADY
7722000;510.97;511.39;BRADYCARDIA;BRADY
7724000;511.63;512.05;BRADYCARDIA;BRADY
7726000;511.91;512.33;BRADYCARDIA;BRADY
7728000;509.59;510.01;BRADYCARDIA;BRADY
7730000;511.09;511.50;BRADYCARDIA;BRADY
7732000;510.74;511.15;BRADYCARDIA;BRADY
7734000;510.94;511.35;BRADYCARDIA;BRADY
7736000;511.66;512.06;BRADYCARDIA;BRADY
7738000;512.01;512.41;BRADYCARDIA;BRADY
7740000;511.42;511.81;BRADYCARDIA;BRADY
7742000;512.01;512.40;BRADYCARDIA;BRADY
7744000;511.07;511.47;BRADYCARDIA;BRADY
7746000;511.85;512.23;BRADYCARDIA;BRADY
7748000;511.00;511.38;BRADYCARDIA;BRADY
7750000;511.94;512.32;BRADYCARDIA;BRADY
7752000;512.12;512.50;BRADYCARDIA;BRADY
7754000;511.45;511.82;BRADYCARDIA;BRADY
7756000;511.37;511.74;BRADYCARDIA;BRADY
7758000;511.49;511.86;BRADYCARDIA;BRADY
7760000;512.19;512.56;BRADYCARDIA;BRADY
7762000;511.63;512.00;BRADYCARDIA;BRADY
7764000;512.80;513.16;BRADYCARDIA;BRADY
7766000;509.79;510.15;BRADYCARDIA;BRADY
7768000;512.58;512.94;BRADYCARDIA;BRADY
7770000;511.72;512.07;BRADYCARDIA;BRADY
7772000;512.15;512.50;BRADYCARDIA;BRADY
7774000;511.15;511.50;BRADYCARDIA;BRADY
7776000;510.14;510.48;BRADYCARDIA;BRADY
7778000;512.51;512.86;BRADYCARDIA;BRADY
7780000;512.20;512.54;BRADYCARDIA;BRADY
7782000;511.40;511.74;BRADYCARDIA;BRADY
7784000;511.44;511.77;BRADYCARDIA;BRADY
7786000;513.56;513.89;BRADYCARDIA;BRADY
7788000;511.52;511.85;BRADYCARDIA;BRADY
7790000;512.32;512.64;BRADYCARDIA;BRADY
7792000;511.73;512.05;BRADYCARDIA;BRADY
7794000;510.84;511.16;BRADYCARDIA;BRADY
7796000;510.57;510.88;BRADYCARDIA;BRADY
7798000;511.87;512.18;BRADYCARDIA;BRADY
7800000;510.68;510.99;BRADYCARDIA;BRADY
7802000;512.63;512.93;BRADYCARDIA;BRADY
7804000;512.72;513.02;BRADYCARDIA;BRADY
7806000;511.40;511.70;BRADYCARDIA;BRADY
7808000;512.73;513.02;BRADYCARDIA;BRADY
7810000;511.88;512.17;BRADYCARDIA;BRADY
7812000;511.75;512.04;BRADYCARDIA;BRADY
7814000;511.50;511.79;BRADYCARDIA;BRADY
7816000;512.10;512.39;BRADYCARDIA;BRADY
7818000;511.77;512.05;BRADYCARDIA;BRADY
7820000;511.73;512.00;BRADYCARDIA;BRADY
7822000;511.02;511.30;BRADYCARDIA;BRADY
7824000;512.32;512.60;BRADYCARDIA;BRADY
7826000;511.37;511.64;BRADYCARDIA;BRADY
7828000;511.71;511.98;BRADYCARDIA;BRADY
7830000;510.56;510.82;BRADYCARDIA;BRADY
7832000;511.35;511.62;BRADYCARDIA;BRADY
7834000;512.36;512.62;BRADYCARDIA;BRADY
7836000;513.22;513.48;BRADYCARDIA;BRADY
7838000;511.10;511.35;BRADYCARDIA;BRADY
7840000;512.22;512.47;BRADYCARDIA;BRADY
7842000;511.04;511.28;BRADYCARDIA;BRADY
7844000;512.40;512.64;BRADYCARDIA;BRADY
7846000;511.62;511.86;BRADYCARDIA;BRADY
7848000;512.13;512.37;BRADYCARDIA;BRADY
7850000;512.29;512.52;BRADYCARDIA;BRADY
7852000;513.20;513.43;BRADYCARDIA;BRADY
7854000;510.05;510.27;BRADYCARDIA;BRADY
7856000;511.53;511.76;BRADYCARDIA;BRADY
7858000;511.89;512.11;BRADYCARDIA;BRADY
7860000;510.40;510.61;BRADYCARDIA;BRADY
7862000;512.08;512.29;BRADYCARDIA;BRADY
7864000;513.66;513.87;BRADYCARDIA;BRADY
7866000;512.05;512.26;BRADYCARDIA;BRADY
7868000;512.80;513.01;BRADYCARDIA;BRADY
7870000;511.74;511.94;BRADYCARDIA;BRADY
7872000;510.80;511.00;BRADYCARDIA;BRADY
7874000;512.53;512.72;BRADYCARDIA;BRADY
7876000;512.85;513.04;BRADYCARDIA;BRADY
7878000;510.94;511.13;BRADYCARDIA;BRADY
7880000;511.89;512.08;BRADYCARDIA;BRADY
7882000;510.94;511.13;BRADYCARDIA;BRADY
7884000;512.50;512.68;BRADYCARDIA;BRADY
7886000;512.43;512.61;BRADYCARDIA;BRADY
7888000;511.42;511.59;BRADYCARDIA;BRADY
7890000;512.94;513.12;BRADYCARDIA;BRADY
7892000;511.49;511.66;BRADYCARDIA;BRADY
7894000;511.57;511.74;BRADYCARDIA;BRADY
7896000;511.92;512.08;BRADYCARDIA;BRADY
7898000;510.10;510.26;BRADYCARDIA;BRADY
7900000;511.38;511.54;BRADYCARDIA;BRADY
7902000;513.16;513.31;BRADYCARDIA;BRADY
7904000;513.12;513.27;BRADYCARDIA;BRADY
7906000;512.12;512.27;BRADYCARDIA;BRADY
7908000;512.45;512.59;BRADYCARDIA;BRADY
7910000;512.12;512.26;BRADYCARDIA;BRADY
7912000;513.30;513.43;BRADYCARDIA;BRADY
7914000;510.70;510.83;BRADYCARDIA;BRADY
7916000;511.96;512.09;BRADYCARDIA;BRADY
7918000;512.13;512.26;BRADYCARDIA;BRADY
7920000;511.30;511.42;BRADYCARDIA;BRADY
7922000;510.65;510.77;BRADYCARDIA;BRADY
7924000;512.03;512.15;BRADYCARDIA;BRADY
7926000;511.42;511.54;BRADYCARDIA;BRADY
7928000;511.74;511.86;BRADYCARDIA;BRADY
7930000;513.17;513.28;BRADYCARDIA;BRADY
7932000;512.55;512.66;BRADYCARDIA;BRADY
7934000;512.71;512.81;BRADYCARDIA;BRADY
7936000;513.74;513.84;BRADYCARDIA;BRADY
7938000;511.94;512.04;BRADYCARDIA;BRADY
7940000;511.87;511.97;BRADYCARDIA;BRADY
7942000;509.46;509.56;BRADYCARDIA;BRADY
7944000;511.72;511.81;BRADYCARDIA;BRADY
7946000;510.94;511.02;BRADYCARDIA;BRADY
7948000;511.17;511.25;BRADYCARDIA;BRADY
7950000;512.22;512.30;BRADYCARDIA;BRADY
7952000;510.62;510.70;BRADYCARDIA;BRADY
7954000;512.01;512.08;BRADYCARDIA;BRADY
7956000;512.06;512.13;BRADYCARDIA;BRADY
7958000;510.98;511.04;BRADYCARDIA;BRADY
7960000;511.01;511.07;BRADYCARDIA;BRADY
7962000;511.21;511.26;BRADYCARDIA;BRADY
7964000;510.58;510.63;BRADYCARDIA;BRADY
7966000;512.55;512.61;BRADYCARDIA;BRADY
7968000;511.48;511.54;BRADYCARDIA;BRADY
7970000;511.60;511.65;BRADYCARDIA;BRADY
7972000;511.44;511.48;BRADYCARDIA;BRADY
7974000;511.93;511.97;BRADYCARDIA;BRADY
7976000;513.87;513.91;BRADYCARDIA;BRADY
7978000;512.12;512.16;BRADYCARDIA;BRADY
7980000;512.05;512.08;BRADYCARDIA;BRADY
7982000;512.88;512.90;BRADYCARDIA;BRADY
7984000;512.36;512.38;BRADYCARDIA;BRADY
7986000;511.56;511.58;BRADYCARDIA;BRADY
7988000;513.15;513.17;BRADYCARDIA;BRADY
7990000;512.46;512.47;BRADYCARDIA;BRADY
7992000;511.63;511.64;BRADYCARDIA;BRADY
7994000;511.16;511.17;BRADYCARDIA;BRADY
7996000;511.80;511.81;BRADYCARDIA;BRADY
7998000;511.74;511.74;BRADYCARDIA;BRADY
8000000;510.77;510.77;BRADYCARDIA;BRADY
8002000;512.10;512.10;BRADYCARDIA;BRADY
8004000;512.33;512.32;BRADYCARDIA;BRADY
8006000;512.05;512.04;BRADYCARDIA;BRADY
8008000;511.74;511.73;BRADYCARDIA;BRADY
8010000;511.77;511.75;BRADYCARDIA;BRADY
8012000;510.63;510.61;BRADYCARDIA;BRADY
8014000;513.86;513.84;BRADYCARDIA;BRADY
8016000;511.33;511.31;BRADYCARDIA;BRADY
8018000;511.79;511.76;BRADYCARDIA;BRADY
8020000;511.60;511.57;BRADYCARDIA;BRADY
8022000;510.87;510.83;BRADYCARDIA;BRADY
8024000;513.27;513.23;BRADYCARDIA;BRADY
8026000;511.23;511.19;BRADYCARDIA;BRADY
8028000;512.40;512.35;BRADYCARDIA;BRADY
8030000;510.96;510.92;BRADYCARDIA;BRADY
8032000;512.13;512.08;BRADYCARDIA;BRADY
8034000;512.27;512.22;BRADYCARDIA;BRADY
8036000;511.74;511.68;BRADYCARDIA;BRADY
8038000;513.24;513.18;BRADYCARDIA;BRADY
8040000;512.38;512.31;BRADYCARDIA;BRADY
8042000;512.13;512.06;BRADYCARDIA;BRADY
8044000;511.55;511.48;BRADYCARDIA;BRADY
8046000;512.03;511.96;BRADYCARDIA;BRADY
8048000;513.61;513.54;BRADYCARDIA;BRADY
8050000;511.65;511.57;BRADYCARDIA;BRADY
8052000;511.53;511.45;BRADYCARDIA;BRADY
8054000;511.51;511.42;BRADYCARDIA;BRADY
8056000;512.72;512.63;BRADYCARDIA;BRADY
8058000;511.59;511.50;BRADYCARDIA;BRADY
8060000;512.55;512.46;BRADYCARDIA;BRADY
8062000;512.48;512.39;BRADYCARDIA;BRADY
8064000;509.81;509.71;BRADYCARDIA;BRADY
8066000;512.26;512.16;BRADYCARDIA;BRADY
8068000;510.37;510.27;BRADYCARDIA;BRADY
8070000;513.27;513.16;BRADYCARDIA;BRADY
8072000;512.70;512.59;BRADYCARDIA;BRADY
8074000;512.51;512.39;BRADYCARDIA;BRADY
8076000;511.47;511.35;BRADYCARDIA;BRADY
8078000;511.61;511.49;BRADYCARDIA;BRADY
8080000;512.29;512.16;BRADYCARDIA;BRADY
8082000;512.18;512.06;BRADYCARDIA;BRADY
8084000;513.59;513.45;BRADYCARDIA;BRADY
8086000;511.96;511.83;BRADYCARDIA;BRADY
8088000;512.11;511.97;BRADYCARDIA;BRADY
8090000;512.22;512.08;BRADYCARDIA;BRADY
8092000;513.21;513.07;BRADYCARDIA;BRADY
8094000;512.19;512.05;BRADYCARDIA;BRADY
8096000;512.27;512.12;BRADYCARDIA;BRADY
8098000;512.46;512.31;BRADYCARDIA;BRADY
8100000;511.32;511.16;BRADYCARDIA;BRADY
8102000;512.36;512.20;BRADYCARDIA;BRADY
8104000;511.96;511.80;BRADYCARDIA;BRADY
8106000;512.34;512.17;BRADYCARDIA;BRADY
8108000;511.94;511.77;BRADYCARDIA;BRADY
8110000;511.17;511.00;BRADYCARDIA;BRADY
8112000;510.81;510.63;BRADYCARDIA;BRADY
8114000;511.20;511.02;BRADYCARDIA;BRADY
8116000;513.48;513.30;BRADYCARDIA;BRADY
8118000;512.14;511.95;BRADYCARDIA;BRADY
8120000;512.41;512.23;BRADYCARDIA;BRADY
8122000;512.49;512.30;BRADYCARDIA;BRADY
8124000;513.75;513.56;BRADYCARDIA;BRADY
8126000;512.38;512.18;BRADYCARDIA;BRADY
8128000;511.99;511.79;BRADYCARDIA;BRADY
8130000;512.29;512.09;BRADYCARDIA;BRADY
8132000;512.82;512.62;BRADYCARDIA;BRADY
8134000;511.57;511.36;BRADYCARDIA;BRADY
8136000;511.98;511.77;BRADYCARDIA;BRADY
8138000;511.63;511.42;BRADYCARDIA;BRADY
8140000;510.81;510.59;BRADYCARDIA;BRADY
8142000;512.19;511.97;BRADYCARDIA;BRADY
8144000;512.51;512.28;BRADYCARDIA;BRADY
8146000;512.35;512.13;BRADYCARDIA;BRADY
8148000;512.23;512.00;BRADYCARDIA;BRADY
8150000;511.42;511.18;BRADYCARDIA;BRADY
8152000;512.76;512.53;BRADYCARDIA;BRADY
8154000;511.80;511.56;BRADYCARDIA;BRADY
8156000;512.07;511.82;BRADYCARDIA;BRADY
8158000;511.94;511.70;BRADYCARDIA;BRADY
8160000;510.84;510.60;BRADYCARDIA;BRADY
8162000;512.72;512.47;BRADYCARDIA;BRADY
8164000;511.71;511.46;BRADYCARDIA;BRADY
8166000;511.52;511.27;BRADYCARDIA;BRADY
8168000;511.42;511.16;BRADYCARDIA;BRADY
8170000;510.71;510.44;BRADYCARDIA;BRADY
8172000;512.44;512.17;BRADYCARDIA;BRADY
8174000;512.08;511.81;BRADYCARDIA;BRADY
8176000;512.98;512.70;BRADYCARDIA;BRADY
8178000;512.61;512.33;BRADYCARDIA;BRADY
8180000;512.48;512.20;BRADYCARDIA;BRADY
8182000;513.68;513.40;BRADYCARDIA;BRADY
8184000;512.33;512.04;BRADYCARDIA;BRADY
8186000;513.26;512.98;BRADYCARDIA;BRADY
8188000;513.33;513.04;BRADYCARDIA;BRADY
8190000;513.05;512.76;BRADYCARDIA;BRADY
8192000;512.95;512.66;BRADYCARDIA;BRADY
8194000;511.84;511.54;BRADYCARDIA;BRADY
8196000;512.63;512.33;BRADYCARDIA;BRADY
8198000;513.20;512.89;BRADYCARDIA;BRADY
8200000;512.50;512.19;BRADYCARDIA;BRADY
8202000;512.47;512.15;BRADYCARDIA;BRADY
8204000;511.71;511.39;BRADYCARDIA;BRADY
8206000;511.83;511.51;BRADYCARDIA;BRADY
8208000;513.24;512.92;BRADYCARDIA;BRADY
8210000;511.68;511.35;BRADYCARDIA;BRADY
8212000;511.93;511.60;BRADYCARDIA;BRADY
8214000;513.27;512.94;BRADYCARDIA;BRADY
8216000;510.82;510.48;BRADYCARDIA;BRADY
8218000;514.67;514.34;BRADYCARDIA;BRADY
8220000;512.20;511.86;BRADYCARDIA;BRADY
8222000;511.71;511.37;BRADYCARDIA;BRADY
8224000;511.60;511.26;BRADYCARDIA;BRADY
8226000;511.80;511.45;BRADYCARDIA;BRADY
8228000;512.65;512.30;BRADYCARDIA;BRADY
8230000;512.95;512.60;BRADYCARDIA;BRADY
8232000;513.30;512.94;BRADYCARDIA;BRADY
8234000;512.25;511.90;BRADYCARDIA;BRADY
8236000;511.53;511.16;BRADYCARDIA;BRADY
8238000;512.77;512.41;BRADYCARDIA;BRADY
8240000;511.50;511.13;BRADYCARDIA;BRADY
8242000;511.60;511.23;BRADYCARDIA;BRADY
8244000;512.29;511.92;BRADYCARDIA;BRADY
8246000;512.69;512.31;BRADYCARDIA;BRADY
8248000;512.30;511.92;BRADYCARDIA;BRADY
8250000;511.30;510.92;BRADYCARDIA;BRADY
8252000;511.99;511.61;BRADYCARDIA;BRADY
8254000;512.28;511.89;BRADYCARDIA;BRADY
8256000;513.19;512.80;BRADYCARDIA;BRADY
8258000;512.48;512.09;BRADYCARDIA;BRADY
8260000;512.53;512.13;BRADYCARDIA;BRADY
8262000;510.67;510.27;BRADYCARDIA;BRADY
8264000;512.54;512.13;BRADYCARDIA;BRADY
8266000;513.35;512.94;BRADYCARDIA;BRADY
8268000;512.58;512.17;BRADYCARDIA;BRADY
8270000;511.87;511.46;BRADYCARDIA;BRADY
8272000;511.54;511.13;BRADYCARDIA;BRADY
8274000;513.90;513.48;BRADYCARDIA;BRADY
8276000;512.93;512.51;BRADYCARDIA;BRADY
8278000;511.69;511.27;BRADYCARDIA;BRADY
8280000;512.48;512.05;BRADYCARDIA;BRADY
8282000;512.58;512.15;BRADYCARDIA;BRADY
8284000;512.40;511.96;BRADYCARDIA;BRADY
8286000;512.01;511.57;BRADYCARDIA;BRADY
8288000;513.89;513.45;BRADYCARDIA;BRADY
8290000;511.51;511.07;BRADYCARDIA;BRADY
8292000;512.09;511.65;BRADYCARDIA;BRADY
8294000;512.38;511.93;BRADYCARDIA;BRADY
8296000;511.96;511.51;BRADYCARDIA;BRADY
8298000;510.59;510.14;BRADYCARDIA;BRADY
8300000;511.42;510.96;BRADYCARDIA;BRADY
8302000;512.14;511.69;BRADYCARDIA;BRADY
8304000;511.78;511.32;BRADYCARDIA;BRADY
8306000;512.76;512.29;BRADYCARDIA;BRADY
8308000;512.04;511.58;BRADYCARDIA;BRADY
8310000;511.23;510.76;BRADYCARDIA;BRADY
8312000;512.18;511.71;BRADYCARDIA;BRADY
8314000;513.76;513.28;BRADYCARDIA;BRADY
8316000;512.16;511.69;BRADYCARDIA;BRADY
8318000;511.50;511.02;BRADYCARDIA;BRADY
8320000;512.54;512.06;BRADYCARDIA;BRADY
8322000;510.57;510.08;BRADYCARDIA;BRADY
8324000;511.58;511.09;BRADYCARDIA;BRADY
8326000;512.02;511.53;BRADYCARDIA;BRADY
8328000;512.60;512.11;BRADYCARDIA;BRADY
8330000;513.22;512.72;BRADYCARDIA;BRADY
8332000;513.49;512.99;BRADYCARDIA;BRADY
8334000;511.19;510.69;BRADYCARDIA;BRADY
8336000;513.19;512.68;BRADYCARDIA;BRADY
8338000;512.80;512.29;BRADYCARDIA;BRADY
8340000;513.86;513.35;BRADYCARDIA;BRADY
8342000;511.52;511.00;BRADYCARDIA;BRADY
8344000;512.32;511.81;BRADYCARDIA;BRADY
8346000;511.61;511.09;BRADYCARDIA;BRADY
8348000;511.94;511.42;BRADYCARDIA;BRADY
8350000;513.51;512.99;BRADYCARDIA;BRADY
8352000;510.86;510.34;BRADYCARDIA;BRADY
8354000;512.71;512.18;BRADYCARDIA;BRADY
8356000;511.36;510.83;BRADYCARDIA;BRADY
8358000;513.09;512.55;BRADYCARDIA;BRADY
8360000;512.63;512.10;BRADYCARDIA;BRADY
8362000;514.00;513.46;BRADYCARDIA;BRADY
8364000;513.75;513.21;BRADYCARDIA;BRADY
8366000;512.78;512.23;BRADYCARDIA;BRADY
8368000;512.38;511.83;BRADYCARDIA;BRADY
8370000;513.71;513.16;BRADYCARDIA;BRADY
8372000;513.22;512.67;BRADYCARDIA;BRADY
8374000;512.91;512.36;BRADYCARDIA;BRADY
8376000;512.96;512.41;BRADYCARDIA;BRADY
8378000;512.86;512.30;BRADYCARDIA;BRADY
8380000;511.82;511.26;BRADYCARDIA;BRADY
8382000;513.50;512.93;BRADYCARDIA;BRADY
8384000;511.19;510.63;BRADYCARDIA;BRADY
8386000;510.81;510.24;BRADYCARDIA;BRADY
8388000;513.81;513.24;BRADYCARDIA;BRADY
8390000;513.11;512.54;BRADYCARDIA;BRADY
8392000;512.47;511.89;BRADYCARDIA;BRADY
8394000;513.30;512.72;BRADYCARDIA;BRADY
8396000;512.64;512.06;BRADYCARDIA;BRADY
8398000;512.41;511.82;BRADYCARDIA;BRADY
8400000;513.63;513.04;BRADYCARDIA;BRADY
8402000;511.72;511.13;BRADYCARDIA;BRADY
8404000;512.22;511.63;BRADYCARDIA;BRADY
8406000;512.24;511.65;BRADYCARDIA;BRADY
8408000;512.58;511.98;BRADYCARDIA;BRADY
8410000;512.05;511.45;BRADYCARDIA;BRADY
8412000;512.46;511.86;BRADYCARDIA;BRADY
8414000;511.57;510.96;BRADYCARDIA;BRADY
8416000;512.81;512.21;BRADYCARDIA;BRADY
8418000;512.76;512.15;BRADYCARDIA;BRADY
8420000;512.50;511.89;BRADYCARDIA;BRADY
8422000;511.96;511.35;BRADYCARDIA;BRADY
8424000;512.48;511.86;BRADYCARDIA;BRADY
8426000;513.99;513.37;BRADYCARDIA;BRADY
8428000;513.60;512.97;BRADYCARDIA;BRADY
8430000;512.01;511.38;BRADYCARDIA;BRADY
8432000;511.74;511.12;BRADYCARDIA;BRADY
8434000;512.53;511.90;BRADYCARDIA;BRADY
8436000;514.31;513.67;BRADYCARDIA;BRADY
8438000;513.29;512.66;BRADYCARDIA;BRADY
8440000;513.02;512.38;BRADYCARDIA;BRADY
8442000;512.42;511.78;BRADYCARDIA;BRADY
8444000;511.72;511.08;BRADYCARDIA;BRADY
8446000;512.31;511.66;BRADYCARDIA;BRADY
8448000;514.01;513.36;BRADYCARDIA;BRADY
8450000;512.32;511.67;BRADYCARDIA;BRADY
8452000;512.82;512.17;BRADYCARDIA;BRADY
8454000;513.05;512.40;BRADYCARDIA;BRADY
8456000;510.78;510.12;BRADYCARDIA;BRADY
8458000;512.26;511.60;BRADYCARDIA;BRADY
8460000;512.13;511.47;BRADYCARDIA;BRADY
8462000;513.68;513.01;BRADYCARDIA;BRADY
8464000;512.40;511.74;BRADYCARDIA;BRADY
8466000;512.49;511.82;BRADYCARDIA;BRADY
8468000;512.94;512.26;BRADYCARDIA;BRADY
8470000;514.02;513.35;BRADYCARDIA;BRADY
8472000;512.38;511.70;BRADYCARDIA;BRADY
8474000;512.47;511.79;BRADYCARDIA;BRADY
8476000;513.20;512.52;BRADYCARDIA;BRADY
8478000;513.13;512.45;BRADYCARDIA;BRADY
8480000;512.98;512.30;BRADYCARDIA;BRADY
8482000;511.60;510.91;BRADYCARDIA;BRADY
8484000;511.30;510.61;BRADYCARDIA;BRADY
8486000;512.65;511.96;BRADYCARDIA;BRADY
8488000;512.41;511.72;BRADYCARDIA;BRADY
8490000;512.76;512.06;BRADYCARDIA;BRADY
8492000;513.90;513.21;BRADYCARDIA;BRADY
8494000;512.33;511.63;BRADYCARDIA;BRADY
8496000;513.34;512.64;BRADYCARDIA;BRADY
8498000;512.94;512.24;BRADYCARDIA;BRADY
8500000;511.96;511.25;BRADYCARDIA;BRADY
8502000;514.20;513.49;BRADYCARDIA;BRADY
8504000;514.78;514.07;BRADYCARDIA;BRADY
8506000;511.99;511.28;BRADYCARDIA;BRADY
8508000;511.73;511.01;BRADYCARDIA;BRADY
8510000;510.37;509.65;BRADYCARDIA;BRADY
8512000;513.19;512.47;BRADYCARDIA;BRADY
8514000;512.33;511.61;BRADYCARDIA;BRADY
8516000;512.87;512.15;BRADYCARDIA;BRADY
8518000;514.44;513.71;BRADYCARDIA;BRADY
8520000;512.46;511.74;BRADYCARDIA;BRADY
8522000;512.73;512.00;BRADYCARDIA;BRADY
8524000;511.65;510.92;BRADYCARDIA;BRADY
8526000;512.76;512.03;BRADYCARDIA;BRADY
8528000;512.97;512.23;BRADYCARDIA;BRADY
8530000;512.39;511.65;BRADYCARDIA;BRADY
8532000;513.15;512.41;BRADYCARDIA;BRADY
8534000;511.41;510.67;BRADYCARDIA;BRADY
8536000;513.10;512.35;BRADYCARDIA;BRADY
8538000;511.97;511.23;BRADYCARDIA;BRADY
8540000;512.85;512.10;BRADYCARDIA;BRADY
8542000;512.41;511.66;BRADYCARDIA;BRADY
8544000;513.06;512.30;BRADYCARDIA;BRADY
8546000;511.00;510.25;BRADYCARDIA;BRADY
8548000;512.22;511.47;BRADYCARDIA;BRADY
8550000;512.79;512.03;BRADYCARDIA;BRADY
8552000;512.98;512.22;BRADYCARDIA;BRADY
8554000;513.55;512.79;BRADYCARDIA;BRADY
8556000;512.99;512.23;BRADYCARDIA;BRADY
8558000;511.33;510.56;BRADYCARDIA;BRADY
8560000;512.59;511.82;BRADYCARDIA;BRADY
8562000;511.19;510.42;BRADYCARDIA;BRADY
8564000;513.79;513.02;BRADYCARDIA;BRADY
8566000;511.82;511.05;BRADYCARDIA;BRADY
8568000;512.54;511.76;BRADYCARDIA;BRADY
8570000;513.23;512.45;BRADYCARDIA;BRADY
8572000;512.03;511.25;BRADYCARDIA;BRADY
8574000;513.39;512.60;BRADYCARDIA;BRADY
8576000;510.95;510.17;BRADYCARDIA;BRADY
8578000;513.57;512.78;BRADYCARDIA;BRADY
8580000;512.07;511.28;BRADYCARDIA;BRADY
8582000;512.70;511.91;BRADYCARDIA;BRADY
8584000;513.66;512.87;BRADYCARDIA;BRADY
8586000;513.33;512.53;BRADYCARDIA;BRADY
8588000;512.36;511.56;BRADYCARDIA;BRADY
8590000;513.03;512.23;BRADYCARDIA;BRADY
8592000;513.21;512.41;BRADYCARDIA;BRADY
8594000;513.80;513.00;BRADYCARDIA;BRADY
8596000;512.38;511.57;BRADYCARDIA;BRADY
8598000;512.23;511.43;BRADYCARDIA;BRADY
8600000;513.89;513.08;BRADYCARDIA;BRADY
8602000;510.26;509.45;BRADYCARDIA;BRADY
8604000;511.55;510.74;BRADYCARDIA;BRADY
8606000;514.17;513.36;BRADYCARDIA;BRADY
8608000;514.12;513.31;BRADYCARDIA;BRADY
8610000;512.39;511.57;BRADYCARDIA;BRADY
8612000;512.83;512.01;BRADYCARDIA;BRADY
8614000;513.09;512.27;BRADYCARDIA;BRADY
8616000;512.43;511.60;BRADYCARDIA;BRADY
8618000;512.98;512.15;BRADYCARDIA;BRADY
8620000;513.38;512.55;BRADYCARDIA;BRADY
8622000;512.78;511.95;BRADYCARDIA;BRADY
8624000;513.29;512.46;BRADYCARDIA;BRADY
8626000;511.95;511.11;BRADYCARDIA;BRADY
8628000;513.04;512.20;BRADYCARDIA;BRADY
8630000;513.06;512.22;BRADYCARDIA;BRADY
8632000;513.22;512.38;BRADYCARDIA;BRADY
8634000;513.47;512.63;BRADYCARDIA;BRADY
8636000;512.97;512.13;BRADYCARDIA;BRADY
8638000;512.32;511.48;BRADYCARDIA;BRADY
8640000;512.17;511.32;BRADYCARDIA;BRADY
8642000;512.89;512.04;BRADYCARDIA;BRADY
8644000;512.98;512.13;BRADYCARDIA;BRADY
8646000;512.59;511.74;BRADYCARDIA;BRADY
8648000;513.06;512.21;BRADYCARDIA;BRADY
8650000;512.47;511.61;BRADYCARDIA;BRADY
8652000;513.53;512.68;BRADYCARDIA;BRADY
8654000;512.17;511.31;BRADYCARDIA;BRADY
8656000;512.95;512.09;BRADYCARDIA;BRADY
8658000;513.89;513.03;BRADYCARDIA;BRADY
8660000;514.46;513.60;BRADYCARDIA;BRADY
8662000;512.36;511.50;BRADYCARDIA;BRADY
8664000;512.77;511.90;BRADYCARDIA;BRADY
8666000;511.27;510.40;BRADYCARDIA;BRADY
8668000;512.08;511.21;BRADYCARDIA;BRADY
8670000;513.79;512.92;BRADYCARDIA;BRADY
8672000;511.57;510.70;BRADYCARDIA;BRADY
8674000;512.77;511.90;BRADYCARDIA;BRADY
8676000;511.68;510.81;BRADYCARDIA;BRADY
8678000;512.82;511.94;BRADYCARDIA;BRADY
8680000;512.70;511.83;BRADYCARDIA;BRADY
8682000;514.48;513.61;BRADYCARDIA;BRADY
8684000;512.03;511.15;BRADYCARDIA;BRADY
8686000;513.91;513.03;BRADYCARDIA;BRADY
8688000;512.06;511.17;BRADYCARDIA;BRADY
8690000;513.66;512.77;BRADYCARDIA;BRADY
8692000;512.26;511.37;BRADYCARDIA;BRADY
8694000;512.77;511.89;BRADYCARDIA;BRADY
8696000;513.13;512.24;BRADYCARDIA;BRADY
8698000;513.83;512.94;BRADYCARDIA;BRADY
8700000;512.76;511.87;BRADYCARDIA;BRADY
8702000;513.56;512.66;BRADYCARDIA;BRADY
8704000;512.43;511.54;BRADYCARDIA;BRADY
8706000;513.54;512.65;BRADYCARDIA;BRADY
8708000;513.58;512.69;BRADYCARDIA;BRADY
8710000;512.09;511.19;BRADYCARDIA;BRADY
8712000;511.33;510.43;BRADYCARDIA;BRADY
8714000;512.85;511.95;BRADYCARDIA;BRADY
8716000;512.90;512.00;BRADYCARDIA;BRADY
8718000;513.07;512.16;BRADYCARDIA;BRADY
8720000;512.55;511.64;BRADYCARDIA;BRADY
8722000;513.26;512.36;BRADYCARDIA;BRADY
8724000;514.15;513.24;BRADYCARDIA;BRADY
8726000;511.94;511.03;BRADYCARDIA;BRADY
8728000;514.54;513.63;BRADYCARDIA;BRADY
8730000;513.43;512.52;BRADYCARDIA;BRADY
8732000;513.90;512.99;BRADYCARDIA;BRADY
8734000;513.03;512.12;BRADYCARDIA;BRADY
8736000;512.21;511.30;BRADYCARDIA;BRADY
8738000;513.03;512.11;BRADYCARDIA;BRADY
8740000;514.66;513.74;BRADYCARDIA;BRADY
8742000;513.13;512.21;BRADYCARDIA;BRADY
8744000;513.60;512.68;BRADYCARDIA;BRADY
8746000;512.36;511.44;BRADYCARDIA;BRADY
8748000;512.60;511.68;BRADYCARDIA;BRADY
8750000;513.35;512.42;BRADYCARDIA;BRADY
8752000;513.23;512.30;BRADYCARDIA;BRADY
8754000;513.88;512.96;BRADYCARDIA;BRADY
8756000;513.36;512.44;BRADYCARDIA;BRADY
8758000;513.06;512.13;BRADYCARDIA;BRADY
8760000;513.00;512.07;BRADYCARDIA;BRADY
8762000;513.47;512.53;BRADYCARDIA;BRADY
8764000;511.62;510.69;BRADYCARDIA;BRADY
8766000;512.00;511.07;BRADYCARDIA;BRADY
8768000;514.24;513.31;BRADYCARDIA;BRADY
8770000;512.88;511.95;BRADYCARDIA;BRADY
8772000;513.58;512.64;BRADYCARDIA;BRADY
8774000;513.50;512.57;BRADYCARDIA;BRADY
8776000;512.82;511.88;BRADYCARDIA;BRADY
8778000;512.69;511.75;BRADYCARDIA;BRADY
8780000;512.53;511.58;BRADYCARDIA;BRADY
8782000;512.99;512.04;BRADYCARDIA;BRADY
8784000;512.93;511.99;BRADYCARDIA;BRADY
8786000;511.34;510.40;BRADYCARDIA;BRADY
8788000;513.09;512.15;BRADYCARDIA;BRADY
8790000;512.67;511.72;BRADYCARDIA;BRADY
8792000;514.14;513.20;BRADYCARDIA;BRADY
8794000;513.47;512.52;BRADYCARDIA;BRADY
8796000;512.17;511.22;BRADYCARDIA;BRADY
8798000;512.26;511.31;BRADYCARDIA;BRADY
8800000;511.60;510.65;BRADYCARDIA;BRADY
8802000;511.98;511.02;BRADYCARDIA;BRADY
8804000;512.85;511.90;BRADYCARDIA;BRADY
8806000;513.57;512.61;BRADYCARDIA;BRADY
8808000;514.21;513.26;BRADYCARDIA;BRADY
8810000;512.89;511.94;BRADYCARDIA;BRADY
8812000;513.30;512.35;BRADYCARDIA;BRADY
8814000;512.82;511.86;BRADYCARDIA;BRADY
8816000;511.37;510.41;BRADYCARDIA;BRADY
8818000;514.56;513.60;BRADYCARDIA;BRADY
8820000;512.20;511.24;BRADYCARDIA;BRADY
8822000;513.36;512.40;BRADYCARDIA;BRADY
8824000;513.15;512.19;BRADYCARDIA;BRADY
8826000;512.71;511.75;BRADYCARDIA;BRADY
8828000;512.00;511.03;BRADYCARDIA;BRADY
8830000;513.73;512.77;BRADYCARDIA;BRADY
8832000;512.88;511.91;BRADYCARDIA;BRADY
8834000;513.20;512.23;BRADYCARDIA;BRADY
8836000;512.26;511.29;BRADYCARDIA;BRADY
8838000;512.50;511.53;BRADYCARDIA;BRADY
8840000;513.47;512.50;BRADYCARDIA;BRADY
8842000;512.17;511.20;BRADYCARDIA;BRADY
8844000;511.92;510.95;BRADYCARDIA;BRADY
8846000;513.74;512.77;BRADYCARDIA;BRADY
8848000;513.44;512.47;BRADYCARDIA;BRADY
8850000;512.65;511.67;BRADYCARDIA;BRADY
8852000;513.30;512.33;BRADYCARDIA;BRADY
8854000;513.57;512.60;BRADYCARDIA;BRADY
8856000;511.29;510.31;BRADYCARDIA;BRADY
8858000;512.30;511.33;BRADYCARDIA;BRADY
8860000;512.73;511.76;BRADYCARDIA;BRADY
8862000;512.87;511.89;BRADYCARDIA;BRADY
8864000;512.13;511.16;BRADYCARDIA;BRADY
8866000;512.13;511.16;BRADYCARDIA;BRADY
8868000;513.53;512.55;BRADYCARDIA;BRADY
8870000;512.59;511.61;BRADYCARDIA;BRADY
8872000;514.66;513.68;BRADYCARDIA;BRADY
8874000;513.01;512.03;BRADYCARDIA;BRADY
8876000;512.54;511.56;BRADYCARDIA;BRADY
8878000;513.63;512.64;BRADYCARDIA;BRADY
8880000;513.77;512.78;BRADYCARDIA;BRADY
8882000;512.53;511.54;BRADYCARDIA;BRADY
8884000;513.54;512.55;BRADYCARDIA;BRADY
8886000;511.98;511.00;BRADYCARDIA;BRADY
8888000;513.49;512.50;BRADYCARDIA;BRADY
8890000;513.04;512.06;BRADYCARDIA;BRADY
8892000;512.31;511.32;BRADYCARDIA;BRADY
8894000;512.61;511.63;BRADYCARDIA;BRADY
8896000;512.03;511.04;BRADYCARDIA;BRADY
8898000;512.35;511.36;BRADYCARDIA;BRADY
8900000;512.72;511.73;BRADYCARDIA;BRADY
8902000;513.67;512.68;BRADYCARDIA;BRADY
8904000;512.00;511.01;BRADYCARDIA;BRADY
8906000;511.37;510.38;BRADYCARDIA;BRADY
8908000;512.11;511.12;BRADYCARDIA;BRADY
8910000;512.93;511.94;BRADYCARDIA;BRADY
8912000;514.83;513.84;BRADYCARDIA;BRADY
8914000;512.42;511.43;BRADYCARDIA;BRADY
8916000;512.69;511.70;BRADYCARDIA;BRADY
8918000;512.82;511.83;BRADYCARDIA;BRADY
8920000;512.27;511.28;BRADYCARDIA;BRADY
8922000;513.14;512.15;BRADYCARDIA;BRADY
8924000;512.20;511.20;BRADYCARDIA;BRADY
8926000;512.40;511.41;BRADYCARDIA;BRADY
8928000;512.91;511.92;BRADYCARDIA;BRADY
8930000;511.77;510.78;BRADYCARDIA;BRADY
8932000;513.03;512.04;BRADYCARDIA;BRADY
8934000;513.34;512.35;BRADYCARDIA;BRADY
8936000;512.91;511.91;BRADYCARDIA;BRADY
8938000;513.13;512.13;BRADYCARDIA;BRADY
8940000;513.77;512.78;BRADYCARDIA;BRADY
8942000;514.28;513.28;BRADYCARDIA;BRADY
8944000;512.28;511.28;BRADYCARDIA;BRADY
8946000;512.72;511.72;BRADYCARDIA;BRADY
8948000;512.22;511.23;BRADYCARDIA;BRADY
8950000;514.14;513.14;BRADYCARDIA;BRADY
8952000;512.53;511.53;BRADYCARDIA;BRADY
8954000;512.81;511.81;BRADYCARDIA;BRADY
8956000;513.19;512.19;BRADYCARDIA;BRADY
8958000;512.85;511.85;BRADYCARDIA;BRADY
8960000;512.52;511.52;BRADYCARDIA;BRADY
8962000;512.72;511.72;BRADYCARDIA;BRADY
8964000;512.18;511.18;BRADYCARDIA;BRADY
8966000;512.28;511.28;BRADYCARDIA;BRADY
8968000;512.39;511.40;BRADYCARDIA;BRADY
8970000;512.56;511.56;BRADYCARDIA;BRADY
8972000;513.64;512.64;BRADYCARDIA;BRADY
8974000;513.55;512.55;BRADYCARDIA;BRADY
8976000;512.30;511.30;BRADYCARDIA;BRADY
8978000;514.83;513.83;BRADYCARDIA;BRADY
8980000;511.83;510.83;BRADYCARDIA;BRADY
8982000;514.04;513.04;BRADYCARDIA;BRADY
8984000;512.76;511.76;BRADYCARDIA;BRADY
8986000;512.24;511.24;BRADYCARDIA;BRADY
8988000;513.37;512.37;BRADYCARDIA;BRADY
8990000;514.89;513.89;BRADYCARDIA;BRADY
8992000;513.61;512.61;BRADYCARDIA;BRADY
8994000;513.09;512.09;BRADYCARDIA;BRADY
8996000;513.02;512.02;BRADYCARDIA;BRADY
8998000;513.45;512.45;BRADYCARDIA;BRADY
9000000;512.68;511.68;BRADYCARDIA;BRADY
9002000;513.06;512.06;BRADYCARDIA;BRADY
9004000;512.11;511.11;BRADYCARDIA;BRADY
9006000;511.86;510.86;BRADYCARDIA;BRADY
9008000;513.71;512.71;BRADYCARDIA;BRADY
9010000;512.81;511.81;BRADYCARDIA;BRADY
9012000;511.95;510.95;BRADYCARDIA;BRADY
9014000;513.73;512.73;BRADYCARDIA;BRADY
9016000;512.66;511.66;BRADYCARDIA;BRADY
9018000;512.27;511.27;BRADYCARDIA;BRADY
9020000;512.28;511.28;BRADYCARDIA;BRADY
9022000;512.55;511.55;BRADYCARDIA;BRADY
9024000;512.90;511.90;BRADYCARDIA;BRADY
9026000;512.59;511.59;BRADYCARDIA;BRADY
9028000;513.77;512.77;BRADYCARDIA;BRADY
9030000;512.61;511.61;BRADYCARDIA;BRADY
9032000;512.77;511.77;BRADYCARDIA;BRADY
9034000;514.38;513.39;BRADYCARDIA;BRADY
9036000;514.10;513.10;BRADYCARDIA;BRADY
9038000;513.80;512.80;BRADYCARDIA;BRADY
9040000;512.85;511.86;BRADYCARDIA;BRADY
9042000;514.49;513.50;BRADYCARDIA;BRADY
9044000;512.57;511.57;BRADYCARDIA;BRADY
9046000;514.17;513.17;BRADYCARDIA;BRADY
9048000;513.15;512.15;BRADYCARDIA;BRADY
9050000;513.95;512.95;BRADYCARDIA;BRADY
9052000;513.99;513.00;BRADYCARDIA;BRADY
9054000;513.31;512.31;BRADYCARDIA;BRADY
9056000;514.09;513.09;BRADYCARDIA;BRADY
9058000;512.05;511.05;BRADYCARDIA;BRADY
9060000;512.12;511.12;BRADYCARDIA;BRADY
9062000;513.95;512.96;BRADYCARDIA;BRADY
9064000;512.97;511.98;BRADYCARDIA;BRADY
9066000;512.32;511.32;BRADYCARDIA;BRADY
9068000;512.53;511.53;BRADYCARDIA;BRADY
9070000;513.69;512.69;BRADYCARDIA;BRADY
9072000;513.59;512.59;BRADYCARDIA;BRADY
9074000;513.12;512.12;BRADYCARDIA;BRADY
9076000;512.85;511.86;BRADYCARDIA;BRADY
9078000;512.85;511.85;BRADYCARDIA;BRADY
9080000;513.67;512.67;BRADYCARDIA;BRADY
9082000;513.21;512.22;BRADYCARDIA;BRADY
9084000;512.83;511.84;BRADYCARDIA;BRADY
9086000;513.01;512.02;BRADYCARDIA;BRADY
9088000;512.71;511.72;BRADYCARDIA;BRADY
9090000;513.41;512.42;BRADYCARDIA;BRADY
9092000;512.51;511.52;BRADYCARDIA;BRADY
9094000;510.94;509.95;BRADYCARDIA;BRADY
9096000;513.97;512.98;BRADYCARDIA;BRADY
9098000;512.42;511.43;BRADYCARDIA;BRADY
9100000;513.35;512.36;BRADYCARDIA;BRADY
9102000;512.92;511.93;BRADYCARDIA;BRADY
9104000;512.59;511.60;BRADYCARDIA;BRADY
9106000;512.84;511.86;BRADYCARDIA;BRADY
9108000;514.54;513.56;BRADYCARDIA;BRADY
9110000;513.37;512.38;BRADYCARDIA;BRADY
9112000;512.20;511.21;BRADYCARDIA;BRADY
9114000;512.77;511.79;BRADYCARDIA;BRADY
9116000;513.42;512.43;BRADYCARDIA;BRADY
9118000;514.83;513.85;BRADYCARDIA;BRADY
9120000;513.32;512.34;BRADYCARDIA;BRADY
9122000;512.02;511.03;BRADYCARDIA;BRADY
9124000;511.78;510.80;BRADYCARDIA;BRADY
9126000;512.93;511.95;BRADYCARDIA;BRADY
9128000;512.25;511.27;BRADYCARDIA;BRADY
9130000;513.22;512.24;BRADYCARDIA;BRADY
9132000;512.78;511.80;BRADYCARDIA;BRADY
9134000;512.94;511.96;BRADYCARDIA;BRADY
9136000;513.11;512.14;BRADYCARDIA;BRADY
9138000;512.00;511.02;BRADYCARDIA;BRADY
9140000;512.74;511.77;BRADYCARDIA;BRADY
9142000;512.65;511.67;BRADYCARDIA;BRADY
9144000;512.04;511.06;BRADYCARDIA;BRADY
9146000;512.21;511.24;BRADYCARDIA;BRADY
9148000;513.75;512.78;BRADYCARDIA;BRADY
9150000;511.78;510.81;BRADYCARDIA;BRADY
9152000;512.89;511.92;BRADYCARDIA;BRADY
9154000;512.68;511.71;BRADYCARDIA;BRADY
9156000;513.91;512.94;BRADYCARDIA;BRADY
9158000;512.30;511.33;BRADYCARDIA;BRADY
9160000;513.22;512.25;BRADYCARDIA;BRADY
9162000;513.25;512.29;BRADYCARDIA;BRADY
9164000;514.05;513.08;BRADYCARDIA;BRADY
9166000;513.76;512.79;BRADYCARDIA;BRADY
9168000;511.89;510.92;BRADYCARDIA;BRADY
9170000;512.17;511.21;BRADYCARDIA;BRADY
9172000;513.42;512.46;BRADYCARDIA;BRADY
9174000;512.49;511.53;BRADYCARDIA;BRADY
9176000;512.33;511.37;BRADYCARDIA;BRADY
9178000;512.84;511.88;BRADYCARDIA;BRADY
9180000;513.05;512.08;BRADYCARDIA;BRADY
9182000;513.04;512.08;BRADYCARDIA;BRADY
9184000;511.51;510.55;BRADYCARDIA;BRADY
9186000;513.07;512.12;BRADYCARDIA;BRADY
9188000;512.60;511.64;BRADYCARDIA;BRADY
9190000;512.30;511.34;BRADYCARDIA;BRADY
9192000;513.26;512.30;BRADYCARDIA;BRADY
9194000;511.35;510.40;BRADYCARDIA;BRADY
9196000;512.90;511.94;BRADYCARDIA;BRADY
9198000;512.52;511.57;BRADYCARDIA;BRADY
9200000;513.56;512.61;BRADYCARDIA;BRADY
9202000;513.68;512.73;BRADYCARDIA;BRADY
9204000;512.75;511.80;BRADYCARDIA;BRADY
9206000;512.33;511.39;BRADYCARDIA;BRADY
9208000;513.05;512.10;BRADYCARDIA;BRADY
9210000;512.61;511.67;BRADYCARDIA;BRADY
9212000;513.12;512.17;BRADYCARDIA;BRADY
9214000;513.10;512.16;BRADYCARDIA;BRADY
9216000;511.95;511.00;BRADYCARDIA;BRADY
9218000;513.34;512.40;BRADYCARDIA;BRADY
9220000;513.77;512.83;BRADYCARDIA;BRADY
9222000;512.82;511.88;BRADYCARDIA;BRADY
9224000;510.58;509.64;BRADYCARDIA;BRADY
9226000;513.48;512.54;BRADYCARDIA;BRADY
9228000;512.60;511.66;BRADYCARDIA;BRADY
9230000;512.98;512.05;BRADYCARDIA;BRADY
9232000;512.52;511.58;BRADYCARDIA;BRADY
9234000;514.23;513.30;BRADYCARDIA;BRADY
9236000;512.44;511.50;BRADYCARDIA;BRADY
9238000;513.91;512.98;BRADYCARDIA;BRADY
9240000;512.85;511.92;BRADYCARDIA;BRADY
9242000;511.60;510.67;BRADYCARDIA;BRADY
9244000;512.42;511.50;BRADYCARDIA;BRADY
9246000;511.50;510.57;BRADYCARDIA;BRADY
9248000;512.02;511.09;BRADYCARDIA;BRADY
9250000;513.65;512.72;BRADYCARDIA;BRADY
9252000;512.54;511.62;BRADYCARDIA;BRADY
9254000;512.27;511.35;BRADYCARDIA;BRADY
9256000;513.82;512.90;BRADYCARDIA;BRADY
9258000;512.73;511.81;BRADYCARDIA;BRADY
9260000;513.04;512.12;BRADYCARDIA;BRADY
9262000;513.43;512.51;BRADYCARDIA;BRADY
9264000;512.15;511.24;BRADYCARDIA;BRADY
9266000;513.39;512.47;BRADYCARDIA;BRADY
9268000;513.82;512.90;BRADYCARDIA;BRADY
9270000;511.56;510.65;BRADYCARDIA;BRADY
9272000;511.85;510.94;BRADYCARDIA;BRADY
9274000;512.58;511.67;BRADYCARDIA;BRADY
9276000;513.22;512.31;BRADYCARDIA;BRADY
9278000;511.34;510.43;BRADYCARDIA;BRADY
9280000;512.75;511.85;BRADYCARDIA;BRADY
9282000;513.62;512.72;BRADYCARDIA;BRADY
9284000;512.81;511.91;BRADYCARDIA;BRADY
9286000;511.89;510.98;BRADYCARDIA;BRADY
9288000;513.29;512.39;BRADYCARDIA;BRADY
9290000;513.18;512.28;BRADYCARDIA;BRADY
9292000;512.50;511.60;BRADYCARDIA;BRADY
9294000;512.59;511.70;BRADYCARDIA;BRADY
9296000;512.63;511.73;BRADYCARDIA;BRADY
9298000;512.74;511.85;BRADYCARDIA;BRADY
9300000;513.44;512.55;BRADYCARDIA;BRADY
9302000;511.99;511.10;BRADYCARDIA;BRADY
9304000;512.79;511.90;BRADYCARDIA;BRADY
9306000;511.47;510.58;BRADYCARDIA;BRADY
9308000;512.27;511.39;BRADYCARDIA;BRADY
9310000;514.06;513.18;BRADYCARDIA;BRADY
9312000;512.00;511.12;BRADYCARDIA;BRADY
9314000;513.33;512.45;BRADYCARDIA;BRADY
9316000;512.11;511.23;BRADYCARDIA;BRADY
9318000;512.28;511.40;BRADYCARDIA;BRADY
9320000;511.98;511.11;BRADYCARDIA;BRADY
9322000;512.70;511.82;BRADYCARDIA;BRADY
9324000;511.58;510.71;BRADYCARDIA;BRADY
9326000;514.45;513.58;BRADYCARDIA;BRADY
9328000;511.90;511.03;BRADYCARDIA;BRADY
9330000;513.21;512.34;BRADYCARDIA;BRADY
9332000;513.45;512.59;BRADYCARDIA;BRADY
9334000;513.26;512.40;BRADYCARDIA;BRADY
9336000;512.94;512.08;BRADYCARDIA;BRADY
9338000;512.06;511.20;BRADYCARDIA;BRADY
9340000;513.44;512.58;BRADYCARDIA;BRADY
9342000;512.73;511.87;BRADYCARDIA;BRADY
9344000;512.65;511.79;BRADYCARDIA;BRADY
9346000;512.44;511.59;BRADYCARDIA;BRADY
9348000;513.38;512.52;BRADYCARDIA;BRADY
9350000;513.02;512.16;BRADYCARDIA;BRADY
9352000;513.71;512.86;BRADYCARDIA;BRADY
9354000;512.44;511.59;BRADYCARDIA;BRADY
9356000;512.91;512.07;BRADYCARDIA;BRADY
9358000;512.38;511.53;BRADYCARDIA;BRADY
9360000;512.62;511.77;BRADYCARDIA;BRADY
9362000;512.71;511.87;BRADYCARDIA;BRADY
9364000;513.29;512.45;BRADYCARDIA;BRADY
9366000;512.99;512.15;BRADYCARDIA;BRADY
9368000;513.73;512.89;BRADYCARDIA;BRADY
9370000;513.64;512.81;BRADYCARDIA;BRADY
9372000;512.87;512.03;BRADYCARDIA;BRADY
9374000;512.56;511.73;BRADYCARDIA;BRADY
9376000;513.40;512.57;BRADYCARDIA;BRADY
9378000;513.16;512.33;BRADYCARDIA;BRADY
9380000;511.79;510.96;BRADYCARDIA;BRADY
9382000;512.28;511.45;BRADYCARDIA;BRADY
9384000;512.16;511.33;BRADYCARDIA;BRADY
9386000;513.06;512.24;BRADYCARDIA;BRADY
9388000;513.58;512.76;BRADYCARDIA;BRADY
9390000;514.15;513.33;BRADYCARDIA;BRADY
9392000;512.28;511.46;BRADYCARDIA;BRADY
9394000;513.62;512.80;BRADYCARDIA;BRADY
9396000;513.11;512.30;BRADYCARDIA;BRADY
9398000;512.84;512.03;BRADYCARDIA;BRADY
9400000;512.38;511.57;BRADYCARDIA;BRADY
9402000;511.50;510.70;BRADYCARDIA;BRADY
9404000;511.90;511.10;BRADYCARDIA;BRADY
9406000;512.73;511.92;BRADYCARDIA;BRADY
9408000;512.69;511.89;BRADYCARDIA;BRADY
9410000;513.76;512.96;BRADYCARDIA;BRADY
9412000;512.77;511.98;BRADYCARDIA;BRADY
9414000;513.31;512.51;BRADYCARDIA;BRADY
9416000;511.74;510.95;BRADYCARDIA;BRADY
9418000;512.09;511.30;BRADYCARDIA;BRADY
9420000;511.44;510.65;BRADYCARDIA;BRADY
9422000;512.79;512.00;BRADYCARDIA;BRADY
9424000;512.48;511.70;BRADYCARDIA;BRADY
9426000;511.98;511.19;BRADYCARDIA;BRADY
9428000;513.93;513.15;BRADYCARDIA;BRADY
9430000;512.83;512.05;BRADYCARDIA;BRADY
9432000;512.51;511.73;BRADYCARDIA;BRADY
9434000;513.14;512.36;BRADYCARDIA;BRADY
9436000;513.02;512.25;BRADYCARDIA;BRADY
9438000;512.68;511.91;BRADYCARDIA;BRADY
9440000;513.97;513.20;BRADYCARDIA;BRADY
9442000;513.62;512.85;BRADYCARDIA;BRADY
9444000;512.88;512.12;BRADYCARDIA;BRADY
9446000;512.33;511.56;BRADYCARDIA;BRADY
9448000;513.41;512.65;BRADYCARDIA;BRADY
9450000;511.51;510.75;BRADYCARDIA;BRADY
9452000;512.70;511.94;BRADYCARDIA;BRADY
9454000;511.38;510.63;BRADYCARDIA;BRADY
9456000;512.44;511.68;BRADYCARDIA;BRADY
9458000;511.88;511.13;BRADYCARDIA;BRADY
9460000;511.92;511.17;BRADYCARDIA;BRADY
9462000;512.88;512.13;BRADYCARDIA;BRADY
9464000;512.81;512.06;BRADYCARDIA;BRADY
9466000;512.24;511.50;BRADYCARDIA;BRADY
9468000;512.67;511.93;BRADYCARDIA;BRADY
9470000;512.47;511.73;BRADYCARDIA;BRADY
9472000;511.86;511.12;BRADYCARDIA;BRADY
9474000;512.44;511.70;BRADYCARDIA;BRADY
9476000;512.70;511.97;BRADYCARDIA;BRADY
9478000;512.26;511.53;BRADYCARDIA;BRADY
9480000;512.51;511.78;BRADYCARDIA;BRADY
9482000;512.94;512.22;BRADYCARDIA;BRADY
9484000;513.90;513.17;BRADYCARDIA;BRADY
9486000;514.51;513.79;BRADYCARDIA;BRADY
9488000;511.32;510.60;BRADYCARDIA;BRADY
9490000;513.32;512.60;BRADYCARDIA;BRADY
9492000;512.36;511.64;BRADYCARDIA;BRADY
9494000;511.27;510.56;BRADYCARDIA;BRADY
9496000;513.43;512.72;BRADYCARDIA;BRADY
9498000;513.96;513.25;BRADYCARDIA;BRADY
9500000;512.44;511.73;BRADYCARDIA;BRADY
9502000;512.68;511.98;BRADYCARDIA;BRADY
9504000;513.07;512.36;BRADYCARDIA;BRADY
9506000;512.42;511.72;BRADYCARDIA;BRADY
9508000;512.61;511.92;BRADYCARDIA;BRADY
9510000;514.14;513.44;BRADYCARDIA;BRADY
9512000;512.58;511.88;BRADYCARDIA;BRADY
9514000;511.45;510.75;BRADYCARDIA;BRADY
9516000;513.03;512.34;BRADYCARDIA;BRADY
9518000;513.29;512.61;BRADYCARDIA;BRADY
9520000;512.75;512.07;BRADYCARDIA;BRADY
9522000;512.79;512.10;BRADYCARDIA;BRADY
9524000;514.77;514.10;BRADYCARDIA;BRADY
9526000;512.75;512.07;BRADYCARDIA;BRADY
9528000;512.27;511.59;BRADYCARDIA;BRADY
9530000;511.93;511.26;BRADYCARDIA;BRADY
9532000;512.08;511.41;BRADYCARDIA;BRADY
9534000;513.25;512.58;BRADYCARDIA;BRADY
9536000;512.28;511.62;BRADYCARDIA;BRADY
9538000;512.53;511.86;BRADYCARDIA;BRADY
9540000;513.84;513.17;BRADYCARDIA;BRADY
9542000;512.98;512.32;BRADYCARDIA;BRADY
9544000;512.39;511.74;BRADYCARDIA;BRADY
9546000;511.43;510.78;BRADYCARDIA;BRADY
9548000;512.06;511.40;BRADYCARDIA;BRADY
9550000;513.88;513.23;BRADYCARDIA;BRADY
9552000;512.87;512.22;BRADYCARDIA;BRADY
9554000;513.59;512.94;BRADYCARDIA;BRADY
9556000;512.90;512.25;BRADYCARDIA;BRADY
9558000;513.70;513.06;BRADYCARDIA;BRADY
9560000;513.01;512.37;BRADYCARDIA;BRADY
9562000;513.47;512.84;BRADYCARDIA;BRADY
9564000;512.29;511.66;BRADYCARDIA;BRADY
9566000;512.38;511.75;BRADYCARDIA;BRADY
9568000;512.14;511.51;BRADYCARDIA;BRADY
9570000;511.60;510.98;BRADYCARDIA;BRADY
9572000;513.28;512.66;BRADYCARDIA;BRADY
9574000;513.24;512.62;BRADYCARDIA;BRADY
9576000;513.14;512.53;BRADYCARDIA;BRADY
9578000;512.37;511.75;BRADYCARDIA;BRADY
9580000;511.52;510.91;BRADYCARDIA;BRADY
9582000;511.30;510.69;BRADYCARDIA;BRADY
9584000;513.03;512.42;BRADYCARDIA;BRADY
9586000;512.28;511.67;BRADYCARDIA;BRADY
9588000;512.22;511.62;BRADYCARDIA;BRADY
9590000;512.72;512.12;BRADYCARDIA;BRADY
9592000;512.12;511.53;BRADYCARDIA;BRADY
9594000;512.36;511.77;BRADYCARDIA;BRADY
9596000;512.63;512.04;BRADYCARDIA;BRADY
9598000;513.36;512.77;BRADYCARDIA;BRADY
9600000;513.22;512.63;BRADYCARDIA;BRADY
9602000;512.22;511.63;BRADYCARDIA;BRADY
9604000;511.82;511.24;BRADYCARDIA;BRADY
9606000;513.22;512.64;BRADYCARDIA;BRADY
9608000;511.66;511.08;BRADYCARDIA;BRADY
9610000;512.06;511.49;BRADYCARDIA;BRADY
9612000;511.93;511.35;BRADYCARDIA;BRADY
9614000;512.79;512.22;BRADYCARDIA;BRADY
9616000;512.71;512.14;BRADYCARDIA;BRADY
9618000;512.94;512.37;BRADYCARDIA;BRADY
9620000;512.30;511.73;BRADYCARDIA;BRADY
9622000;514.36;513.80;BRADYCARDIA;BRADY
9624000;513.28;512.72;BRADYCARDIA;BRADY
9626000;513.42;512.86;BRADYCARDIA;BRADY
9628000;512.93;512.38;BRADYCARDIA;BRADY
9630000;512.29;511.74;BRADYCARDIA;BRADY
9632000;511.15;510.60;BRADYCARDIA;BRADY
9634000;512.62;512.07;BRADYCARDIA;BRADY
9636000;512.05;511.51;BRADYCARDIA;BRADY
9638000;511.99;511.45;BRADYCARDIA;BRADY
9640000;512.48;511.95;BRADYCARDIA;BRADY
9642000;512.11;511.57;BRADYCARDIA;BRADY
9644000;512.44;511.91;BRADYCARDIA;BRADY
9646000;511.27;510.74;BRADYCARDIA;BRADY
9648000;512.65;512.12;BRADYCARDIA;BRADY
9650000;512.78;512.26;BRADYCARDIA;BRADY
9652000;510.54;510.02;BRADYCARDIA;BRADY
9654000;513.29;512.77;BRADYCARDIA;BRADY
9656000;513.50;512.98;BRADYCARDIA;BRADY
9658000;511.91;511.40;BRADYCARDIA;BRADY
9660000;512.41;511.90;BRADYCARDIA;BRADY
9662000;512.28;511.77;BRADYCARDIA;BRADY
9664000;511.97;511.46;BRADYCARDIA;BRADY
9666000;511.55;511.05;BRADYCARDIA;BRADY
9668000;512.42;511.92;BRADYCARDIA;BRADY
9670000;512.13;511.64;BRADYCARDIA;BRADY
9672000;512.01;511.51;BRADYCARDIA;BRADY
9674000;513.14;512.65;BRADYCARDIA;BRADY
9676000;512.06;511.58;BRADYCARDIA;BRADY
9678000;512.79;512.31;BRADYCARDIA;BRADY
9680000;512.09;511.61;BRADYCARDIA;BRADY
9682000;511.96;511.48;BRADYCARDIA;BRADY
9684000;512.14;511.66;BRADYCARDIA;BRADY
9686000;512.20;511.72;BRADYCARDIA;BRADY
9688000;512.59;512.12;BRADYCARDIA;BRADY
9690000;511.27;510.81;BRADYCARDIA;BRADY
9692000;511.45;510.99;BRADYCARDIA;BRADY
9694000;512.95;512.49;BRADYCARDIA;BRADY
9696000;511.80;511.34;BRADYCARDIA;BRADY
9698000;512.08;511.63;BRADYCARDIA;BRADY
9700000;513.75;513.30;BRADYCARDIA;BRADY
9702000;511.89;511.44;BRADYCARDIA;BRADY
9704000;513.55;513.10;BRADYCARDIA;BRADY
9706000;512.61;512.16;BRADYCARDIA;BRADY
9708000;513.39;512.95;BRADYCARDIA;BRADY
9710000;513.20;512.76;BRADYCARDIA;BRADY
9712000;512.30;511.86;BRADYCARDIA;BRADY
9714000;513.36;512.93;BRADYCARDIA;BRADY
9716000;513.05;512.62;BRADYCARDIA;BRADY
9718000;513.19;512.76;BRADYCARDIA;BRADY
9720000;511.42;510.99;BRADYCARDIA;BRADY
9722000;512.31;511.89;BRADYCARDIA;BRADY
9724000;512.91;512.49;BRADYCARDIA;BRADY
9726000;511.92;511.50;BRADYCARDIA;BRADY
9728000;512.56;512.14;BRADYCARDIA;BRADY
9730000;511.48;511.07;BRADYCARDIA;BRADY
9732000;512.77;512.36;BRADYCARDIA;BRADY
9734000;512.44;512.04;BRADYCARDIA;BRADY
9736000;512.53;512.13;BRADYCARDIA;BRADY
9738000;512.29;511.89;BRADYCARDIA;BRADY
9740000;510.84;510.45;BRADYCARDIA;BRADY
9742000;512.49;512.09;BRADYCARDIA;BRADY
9744000;512.72;512.33;BRADYCARDIA;BRADY
9746000;511.19;510.80;BRADYCARDIA;BRADY
9748000;511.48;511.10;BRADYCARDIA;BRADY
9750000;511.83;511.44;BRADYCARDIA;BRADY
9752000;510.91;510.53;BRADYCARDIA;BRADY
9754000;511.09;510.72;BRADYCARDIA;BRADY
9756000;513.28;512.90;BRADYCARDIA;BRADY
9758000;512.43;512.06;BRADYCARDIA;BRADY
9760000;512.59;512.22;BRADYCARDIA;BRADY
9762000;511.52;511.15;BRADYCARDIA;BRADY
9764000;513.01;512.65;BRADYCARDIA;BRADY
9766000;511.17;510.81;BRADYCARDIA;BRADY
9768000;511.83;511.48;BRADYCARDIA;BRADY
9770000;512.98;512.63;BRADYCARDIA;BRADY
9772000;512.49;512.14;BRADYCARDIA;BRADY
9774000;512.22;511.87;BRADYCARDIA;BRADY
9776000;512.70;512.36;BRADYCARDIA;BRADY
9778000;512.54;512.20;BRADYCARDIA;BRADY
9780000;511.44;511.10;BRADYCARDIA;BRADY
9782000;512.11;511.78;BRADYCARDIA;BRADY
9784000;512.39;512.06;BRADYCARDIA;BRADY
9786000;511.74;511.41;BRADYCARDIA;BRADY
9788000;512.95;512.62;BRADYCARDIA;BRADY
9790000;512.83;512.50;BRADYCARDIA;BRADY
9792000;512.22;511.89;BRADYCARDIA;BRADY
9794000;512.80;512.49;BRADYCARDIA;BRADY
9796000;512.78;512.46;BRADYCARDIA;BRADY
9798000;513.84;513.53;BRADYCARDIA;BRADY
9800000;511.19;510.88;BRADYCARDIA;BRADY
9802000;511.52;511.21;BRADYCARDIA;BRADY
9804000;512.13;511.83;BRADYCARDIA;BRADY
9806000;512.25;511.95;BRADYCARDIA;BRADY
9808000;512.41;512.11;BRADYCARDIA;BRADY
9810000;512.71;512.42;BRADYCARDIA;BRADY
9812000;512.75;512.46;BRADYCARDIA;BRADY
9814000;512.71;512.42;BRADYCARDIA;BRADY
9816000;512.34;512.06;BRADYCARDIA;BRADY
9818000;512.34;512.06;BRADYCARDIA;BRADY
9820000;511.98;511.71;BRADYCARDIA;BRADY
9822000;512.65;512.38;BRADYCARDIA;BRADY
9824000;510.53;510.25;BRADYCARDIA;BRADY
9826000;512.68;512.41;BRADYCARDIA;BRADY
9828000;513.08;512.81;BRADYCARDIA;BRADY
9830000;511.72;511.46;BRADYCARDIA;BRADY
9832000;512.30;512.04;BRADYCARDIA;BRADY
9834000;512.24;511.98;BRADYCARDIA;BRADY
9836000;512.38;512.13;BRADYCARDIA;BRADY
9838000;513.89;513.64;BRADYCARDIA;BRADY
9840000;510.76;510.51;BRADYCARDIA;BRADY
9842000;512.27;512.02;BRADYCARDIA;BRADY
9844000;511.74;511.49;BRADYCARDIA;BRADY
9846000;513.29;513.05;BRADYCARDIA;BRADY
9848000;511.78;511.55;BRADYCARDIA;BRADY
9850000;511.80;511.57;BRADYCARDIA;BRADY
9852000;512.11;511.88;BRADYCARDIA;BRADY
9854000;511.60;511.37;BRADYCARDIA;BRADY
9856000;511.81;511.58;BRADYCARDIA;BRADY
9858000;512.36;512.14;BRADYCARDIA;BRADY
9860000;513.02;512.80;BRADYCARDIA;BRADY
9862000;511.01;510.80;BRADYCARDIA;BRADY
9864000;511.34;511.13;BRADYCARDIA;BRADY
9866000;512.41;512.20;BRADYCARDIA;BRADY
9868000;512.08;511.87;BRADYCARDIA;BRADY
9870000;511.44;511.23;BRADYCARDIA;BRADY
9872000;512.17;511.97;BRADYCARDIA;BRADY
9874000;512.43;512.23;BRADYCARDIA;BRADY
9876000;513.48;513.28;BRADYCARDIA;BRADY
9878000;512.74;512.55;BRADYCARDIA;BRADY
9880000;511.46;511.27;BRADYCARDIA;BRADY
9882000;512.32;512.14;BRADYCARDIA;BRADY
9884000;512.50;512.32;BRADYCARDIA;BRADY
9886000;512.46;512.29;BRADYCARDIA;BRADY
9888000;513.88;513.70;BRADYCARDIA;BRADY
9890000;511.80;511.63;BRADYCARDIA;BRADY
9892000;511.41;511.25;BRADYCARDIA;BRADY
9894000;511.81;511.64;BRADYCARDIA;BRADY
9896000;512.06;511.90;BRADYCARDIA;BRADY
9898000;512.34;512.18;BRADYCARDIA;BRADY
9900000;513.54;513.39;BRADYCARDIA;BRADY
9902000;511.84;511.69;BRADYCARDIA;BRADY
9904000;511.72;511.57;BRADYCARDIA;BRADY
9906000;513.26;513.12;BRADYCARDIA;BRADY
9908000;512.86;512.72;BRADYCARDIA;BRADY
9910000;511.87;511.73;BRADYCARDIA;BRADY
9912000;511.66;511.53;BRADYCARDIA;BRADY
9914000;511.72;511.59;BRADYCARDIA;BRADY
9916000;512.91;512.78;BRADYCARDIA;BRADY
9918000;511.58;511.45;BRADYCARDIA;BRADY
9920000;511.10;510.97;BRADYCARDIA;BRADY
9922000;513.19;513.07;BRADYCARDIA;BRADY
9924000;511.52;511.40;BRADYCARDIA;BRADY
9926000;510.82;510.70;BRADYCARDIA;BRADY
9928000;512.13;512.02;BRADYCARDIA;BRADY
9930000;511.17;511.06;BRADYCARDIA;BRADY
9932000;513.05;512.94;BRADYCARDIA;BRADY
9934000;512.49;512.38;BRADYCARDIA;BRADY
9936000;512.08;511.98;BRADYCARDIA;BRADY
9938000;512.66;512.56;BRADYCARDIA;BRADY
9940000;510.73;510.63;BRADYCARDIA;BRADY
9942000;511.34;511.25;BRADYCARDIA;BRADY
9944000;512.68;512.60;BRADYCARDIA;BRADY
9946000;511.63;511.55;BRADYCARDIA;BRADY
9948000;512.07;511.99;BRADYCARDIA;BRADY
9950000;512.55;512.47;BRADYCARDIA;BRADY
9952000;511.37;511.30;BRADYCARDIA;BRADY
9954000;511.38;511.31;BRADYCARDIA;BRADY
9956000;512.44;512.37;BRADYCARDIA;BRADY
9958000;511.55;511.48;BRADYCARDIA;BRADY
9960000;510.76;510.70;BRADYCARDIA;BRADY
9962000;512.86;512.80;BRADYCARDIA;BRADY
9964000;512.00;511.94;BRADYCARDIA;BRADY
9966000;511.92;511.87;BRADYCARDIA;BRADY
9968000;513.05;513.00;BRADYCARDIA;BRADY
9970000;512.13;512.09;BRADYCARDIA;BRADY
9972000;512.86;512.82;BRADYCARDIA;BRADY
9974000;511.02;510.98;BRADYCARDIA;BRADY
9976000;513.77;513.73;BRADYCARDIA;BRADY
9978000;511.55;511.51;BRADYCARDIA;BRADY
9980000;511.83;511.80;BRADYCARDIA;BRADY
9982000;512.18;512.15;BRADYCARDIA;BRADY
9984000;511.41;511.39;BRADYCARDIA;BRADY
9986000;512.26;512.23;BRADYCARDIA;BRADY
9988000;511.90;511.88;BRADYCARDIA;BRADY
9990000;512.13;512.12;BRADYCARDIA;BRADY
9992000;512.44;512.43;BRADYCARDIA;BRADY
9994000;511.77;511.76;BRADYCARDIA;BRADY
9996000;511.22;511.21;BRADYCARDIA;BRADY
9998000;512.88;512.88;BRADYCARDIA;BRADY
