timestamp_us;raw_adc;filtered_val;rhythm;class_code
0;512.89;512.89;PVC;PVC
2000;513.86;513.85;PVC;PVC
4000;509.16;509.15;PVC;PVC
6000;511.92;511.90;PVC;PVC
8000;510.94;510.92;PVC;PVC
10000;512.75;512.73;PVC;PVC
12000;512.00;511.97;PVC;PVC
14000;511.12;511.09;PVC;PVC
16000;511.64;511.60;PVC;PVC
18000;511.17;511.12;PVC;PVC
20000;513.00;512.95;PVC;PVC
22000;512.94;512.88;PVC;PVC
24000;510.79;510.73;PVC;PVC
26000;512.83;512.77;PVC;PVC
28000;513.34;513.28;PVC;PVC
30000;512.27;512.19;PVC;PVC
32000;512.36;512.29;PVC;PVC
34000;512.55;512.47;PVC;PVC
36000;511.39;511.31;PVC;PVC
38000;513.82;513.73;PVC;PVC
40000;513.40;513.30;PVC;PVC
42000;511.51;511.41;PVC;PVC
44000;510.50;510.40;PVC;PVC
46000;515.64;515.53;PVC;PVC
48000;511.14;511.02;PVC;PVC
50000;513.00;512.88;PVC;PVC
52000;513.61;513.48;PVC;PVC
54000;511.65;511.52;PVC;PVC
56000;509.52;509.39;PVC;PVC
58000;512.71;512.58;PVC;PVC
60000;513.23;513.09;PVC;PVC
62000;511.94;511.79;PVC;PVC
64000;510.71;510.56;PVC;PVC
66000;512.93;512.78;PVC;PVC
68000;512.48;512.32;PVC;PVC
70000;513.54;513.37;PVC;PVC
72000;512.43;512.26;PVC;PVC
74000;510.41;510.24;PVC;PVC
76000;511.19;511.02;PVC;PVC
78000;512.93;512.75;PVC;PVC
80000;512.72;512.53;PVC;PVC
82000;513.61;513.42;PVC;PVC
84000;514.95;514.76;PVC;PVC
86000;513.07;512.87;PVC;PVC
88000;511.26;511.06;PVC;PVC
90000;511.73;511.52;PVC;PVC
92000;513.07;512.85;PVC;PVC
94000;509.94;509.72;PVC;PVC
96000;514.78;514.55;PVC;PVC
98000;514.26;514.03;PVC;PVC
100000;512.82;512.59;PVC;PVC
102000;511.31;511.07;PVC;PVC
104000;513.18;512.94;PVC;PVC
106000;513.30;513.05;PVC;PVC
108000;513.17;512.92;PVC;PVC
110000;514.18;513.92;PVC;PVC
112000;511.54;511.28;PVC;PVC
114000;514.05;513.78;PVC;PVC
116000;513.14;512.87;PVC;PVC
118000;511.21;510.93;PVC;PVC
120000;512.87;512.59;PVC;PVC
122000;513.49;513.20;PVC;PVC
124000;513.64;513.35;PVC;PVC
126000;509.55;509.25;PVC;PVC
128000;512.40;512.10;PVC;PVC
130000;513.15;512.85;PVC;PVC
132000;513.48;513.18;PVC;PVC
134000;513.72;513.41;PVC;PVC
136000;512.47;512.15;PVC;PVC
138000;509.65;509.32;PVC;PVC
140000;513.05;512.73;PVC;PVC
142000;513.29;512.96;PVC;PVC
144000;512.63;512.30;PVC;PVC
146000;511.94;511.60;PVC;PVC
148000;510.39;510.05;PVC;PVC
150000;511.73;511.38;PVC;PVC
152000;512.54;512.19;PVC;PVC
154000;513.19;512.83;PVC;PVC
156000;511.28;510.92;PVC;PVC
158000;514.66;514.29;PVC;PVC
160000;510.71;510.34;PVC;PVC
162000;514.06;513.68;PVC;PVC
164000;513.68;513.30;PVC;PVC
166000;514.30;513.91;PVC;PVC
168000;511.58;511.18;PVC;PVC
170000;512.22;511.83;PVC;PVC
172000;510.90;510.50;PVC;PVC
174000;514.39;513.98;PVC;PVC
176000;513.64;513.23;PVC;PVC
178000;511.52;511.10;PVC;PVC
180000;510.20;509.78;PVC;PVC
182000;513.90;513.48;PVC;PVC
184000;511.13;510.71;PVC;PVC
186000;513.38;512.94;PVC;PVC
188000;514.38;513.94;PVC;PVC
190000;513.52;513.08;PVC;PVC
192000;513.94;513.49;PVC;PVC
194000;513.66;513.21;PVC;PVC
196000;513.39;512.94;PVC;PVC
198000;513.20;512.74;PVC;PVC
200000;511.49;511.02;PVC;PVC
202000;510.31;509.84;PVC;PVC
204000;512.81;512.34;PVC;PVC
206000;514.07;513.60;PVC;PVC
208000;515.55;515.07;PVC;PVC
210000;512.77;512.28;PVC;PVC
212000;514.06;513.57;PVC;PVC
214000;513.14;512.64;PVC;PVC
216000;515.22;514.72;PVC;PVC
218000;514.68;514.17;PVC;PVC
220000;512.83;512.32;PVC;PVC
222000;513.47;512.96;PVC;PVC
224000;513.59;513.07;PVC;PVC
226000;513.78;513.26;PVC;PVC
228000;511.34;510.81;PVC;PVC
230000;511.87;511.34;PVC;PVC
232000;513.63;513.10;PVC;PVC
234000;509.31;508.77;PVC;PVC
236000;512.68;512.14;PVC;PVC
238000;511.70;511.16;PVC;PVC
240000;512.86;512.31;PVC;PVC
242000;512.07;511.52;PVC;PVC
244000;512.98;512.42;PVC;PVC
246000;512.93;512.37;PVC;PVC
248000;512.58;512.01;PVC;PVC
250000;513.83;513.26;PVC;PVC
252000;510.67;510.09;PVC;PVC
254000;511.66;511.08;PVC;PVC
256000;513.10;512.51;PVC;PVC
258000;512.48;511.89;PVC;PVC
260000;513.45;512.86;PVC;PVC
262000;512.48;511.88;PVC;PVC
264000;515.21;514.61;PVC;PVC
266000;511.70;511.09;PVC;PVC
268000;511.71;511.10;PVC;PVC
270000;514.15;513.53;PVC;PVC
272000;512.08;511.45;PVC;PVC
274000;512.39;511.77;PVC;PVC
276000;512.94;512.31;PVC;PVC
278000;512.40;511.77;PVC;PVC
280000;513.11;512.47;PVC;PVC
282000;514.34;513.70;PVC;PVC
284000;513.22;512.58;PVC;PVC
286000;512.51;511.86;PVC;PVC
288000;512.48;511.82;PVC;PVC
290000;512.80;512.14;PVC;PVC
292000;512.43;511.76;PVC;PVC
294000;514.12;513.45;PVC;PVC
296000;512.92;512.25;PVC;PVC
298000;513.85;513.17;PVC;PVC
300000;515.00;514.32;PVC;PVC
302000;514.20;513.51;PVC;PVC
304000;513.55;512.86;PVC;PVC
306000;514.02;513.33;PVC;PVC
308000;512.72;512.03;PVC;PVC
310000;512.29;511.59;PVC;PVC
312000;513.03;512.32;PVC;PVC
314000;514.39;513.68;PVC;PVC
316000;512.82;512.10;PVC;PVC
318000;513.50;512.78;PVC;PVC
320000;511.56;510.84;PVC;PVC
322000;511.61;510.88;PVC;PVC
324000;513.10;512.37;PVC;PVC
326000;513.77;513.04;PVC;PVC
328000;511.49;510.75;PVC;PVC
330000;513.35;512.61;PVC;PVC
332000;512.86;512.11;PVC;PVC
334000;511.73;510.98;PVC;PVC
336000;512.02;511.26;PVC;PVC
338000;513.94;513.18;PVC;PVC
340000;512.45;511.69;PVC;PVC
342000;514.92;514.15;PVC;PVC
344000;513.97;513.20;PVC;PVC
346000;513.59;512.81;PVC;PVC
348000;514.19;513.41;PVC;PVC
350000;513.98;513.20;PVC;PVC
352000;514.84;514.05;PVC;PVC
354000;515.26;514.46;PVC;PVC
356000;513.89;513.09;PVC;PVC
358000;512.02;511.22;PVC;PVC
360000;511.78;510.97;PVC;PVC
362000;512.98;512.17;PVC;PVC
364000;513.56;512.75;PVC;PVC
366000;513.36;512.54;PVC;PVC
368000;512.03;511.21;PVC;PVC
370000;512.97;512.15;PVC;PVC
372000;512.88;512.06;PVC;PVC
374000;509.67;508.84;PVC;PVC
376000;512.57;511.74;PVC;PVC
378000;511.21;510.37;PVC;PVC
380000;511.98;511.14;PVC;PVC
382000;511.04;510.19;PVC;PVC
384000;513.52;512.67;PVC;PVC
386000;512.17;511.32;PVC;PVC
388000;513.24;512.39;PVC;PVC
390000;514.71;513.85;PVC;PVC
392000;512.56;511.69;PVC;PVC
394000;511.32;510.45;PVC;PVC
396000;511.57;510.69;PVC;PVC
398000;513.76;512.89;PVC;PVC
400000;515.02;514.13;PVC;PVC
402000;511.69;510.80;PVC;PVC
404000;512.44;511.56;PVC;PVC
406000;510.70;509.81;PVC;PVC
408000;515.06;514.16;PVC;PVC
410000;512.95;512.05;PVC;PVC
412000;512.35;511.45;PVC;PVC
414000;512.64;511.74;PVC;PVC
416000;511.99;511.08;PVC;PVC
418000;512.90;511.99;PVC;PVC
420000;512.97;512.05;PVC;PVC
422000;512.14;511.21;PVC;PVC
424000;514.27;513.35;PVC;PVC
426000;512.20;511.27;PVC;PVC
428000;512.74;511.81;PVC;PVC
430000;513.18;512.24;PVC;PVC
432000;513.35;512.41;PVC;PVC
434000;512.32;511.37;PVC;PVC
436000;512.57;511.62;PVC;PVC
438000;512.04;511.09;PVC;PVC
440000;512.60;511.65;PVC;PVC
442000;512.63;511.67;PVC;PVC
444000;512.55;511.58;PVC;PVC
446000;512.44;511.47;PVC;PVC
448000;513.60;512.63;PVC;PVC
450000;512.49;511.51;PVC;PVC
452000;511.76;510.78;PVC;PVC
454000;515.16;514.18;PVC;PVC
456000;509.35;508.36;PVC;PVC
458000;512.56;511.58;PVC;PVC
460000;510.54;509.55;PVC;PVC
462000;512.62;511.63;PVC;PVC
464000;512.01;511.01;PVC;PVC
466000;513.79;512.79;PVC;PVC
468000;513.78;512.77;PVC;PVC
470000;513.74;512.73;PVC;PVC
472000;512.49;511.48;PVC;PVC
474000;512.07;511.05;PVC;PVC
476000;510.86;509.84;PVC;PVC
478000;514.55;513.52;PVC;PVC
480000;512.91;511.88;PVC;PVC
482000;512.57;511.54;PVC;PVC
484000;514.40;513.36;PVC;PVC
486000;513.78;512.74;PVC;PVC
488000;513.79;512.75;PVC;PVC
490000;513.22;512.18;PVC;PVC
492000;512.40;511.36;PVC;PVC
494000;514.83;513.78;PVC;PVC
496000;512.75;511.69;PVC;PVC
498000;512.83;511.77;PVC;PVC
500000;514.41;513.35;PVC;PVC
502000;511.96;510.89;PVC;PVC
504000;512.53;511.46;PVC;PVC
506000;511.59;510.52;PVC;PVC
508000;515.22;514.15;PVC;PVC
510000;513.93;512.85;PVC;PVC
512000;513.55;512.47;PVC;PVC
514000;510.98;509.90;PVC;PVC
516000;515.01;513.92;PVC;PVC
518000;512.37;511.28;PVC;PVC
520000;513.51;512.41;PVC;PVC
522000;512.52;511.43;PVC;PVC
524000;512.06;510.96;PVC;PVC
526000;512.28;511.17;PVC;PVC
528000;512.85;511.74;PVC;PVC
530000;514.78;513.67;PVC;PVC
532000;512.31;511.19;PVC;PVC
534000;513.14;512.03;PVC;PVC
536000;509.35;508.23;PVC;PVC
538000;511.00;509.87;PVC;PVC
540000;512.52;511.39;PVC;PVC
542000;513.49;512.36;PVC;PVC
544000;514.00;512.87;PVC;PVC
546000;514.53;513.39;PVC;PVC
548000;514.21;513.07;PVC;PVC
550000;513.79;512.65;PVC;PVC
552000;513.19;512.04;PVC;PVC
554000;512.76;511.62;PVC;PVC
556000;513.77;512.62;PVC;PVC
558000;512.47;511.32;PVC;PVC
560000;511.62;510.46;PVC;PVC
562000;512.96;511.80;PVC;PVC
564000;513.85;512.69;PVC;PVC
566000;513.76;512.60;PVC;PVC
568000;513.52;512.35;PVC;PVC
570000;513.57;512.40;PVC;PVC
572000;514.16;512.99;PVC;PVC
574000;511.90;510.72;PVC;PVC
576000;513.68;512.50;PVC;PVC
578000;511.00;509.81;PVC;PVC
580000;512.93;511.75;PVC;PVC
582000;512.90;511.71;PVC;PVC
584000;514.55;513.35;PVC;PVC
586000;513.35;512.16;PVC;PVC
588000;513.85;512.66;PVC;PVC
590000;513.33;512.13;PVC;PVC
592000;511.72;510.52;PVC;PVC
594000;513.17;511.96;PVC;PVC
596000;512.10;510.89;PVC;PVC
598000;514.00;512.79;PVC;PVC
600000;511.75;510.54;PVC;PVC
602000;513.81;512.59;PVC;PVC
604000;512.44;511.22;PVC;PVC
606000;515.67;514.45;PVC;PVC
608000;514.77;513.55;PVC;PVC
610000;515.20;513.97;PVC;PVC
612000;511.68;510.45;PVC;PVC
614000;511.51;510.27;PVC;PVC
616000;513.52;512.28;PVC;PVC
618000;512.98;511.74;PVC;PVC
620000;512.23;510.99;PVC;PVC
622000;514.24;513.00;PVC;PVC
624000;512.74;511.49;PVC;PVC
626000;511.65;510.41;PVC;PVC
628000;513.47;512.21;PVC;PVC
630000;514.52;513.27;PVC;PVC
632000;513.97;512.71;PVC;PVC
634000;514.23;512.97;PVC;PVC
636000;512.98;511.72;PVC;PVC
638000;513.52;512.25;PVC;PVC
640000;513.58;512.32;PVC;PVC
642000;512.65;511.39;PVC;PVC
644000;513.44;512.17;PVC;PVC
646000;514.01;512.74;PVC;PVC
648000;513.69;512.41;PVC;PVC
650000;510.97;509.69;PVC;PVC
652000;514.85;513.56;PVC;PVC
654000;514.34;513.06;PVC;PVC
656000;514.70;513.41;PVC;PVC
658000;513.87;512.58;PVC;PVC
660000;514.41;513.12;PVC;PVC
662000;514.55;513.26;PVC;PVC
664000;512.81;511.52;PVC;PVC
666000;513.52;512.22;PVC;PVC
668000;514.50;513.20;PVC;PVC
670000;514.44;513.14;PVC;PVC
672000;513.28;511.97;PVC;PVC
674000;510.06;508.75;PVC;PVC
676000;512.41;511.10;PVC;PVC
678000;514.07;512.76;PVC;PVC
680000;510.97;509.65;PVC;PVC
682000;512.03;510.72;PVC;PVC
684000;513.41;512.09;PVC;PVC
686000;510.97;509.65;PVC;PVC
688000;513.13;511.81;PVC;PVC
690000;513.73;512.41;PVC;PVC
692000;512.97;511.64;PVC;PVC
694000;513.01;511.68;PVC;PVC
696000;513.93;512.60;PVC;PVC
698000;513.24;511.90;PVC;PVC
700000;515.71;514.37;PVC;PVC
702000;513.73;512.39;PVC;PVC
704000;511.50;510.16;PVC;PVC
706000;512.38;511.04;PVC;PVC
708000;514.89;513.54;PVC;PVC
710000;513.75;512.40;PVC;PVC
712000;512.02;510.67;PVC;PVC
714000;514.95;513.59;PVC;PVC
716000;513.20;511.85;PVC;PVC
718000;513.59;512.23;PVC;PVC
720000;513.51;512.15;PVC;PVC
722000;513.27;511.91;PVC;PVC
724000;515.15;513.79;PVC;PVC
726000;513.33;511.96;PVC;PVC
728000;513.40;512.03;PVC;PVC
730000;513.21;511.84;PVC;PVC
732000;513.45;512.08;PVC;PVC
734000;512.50;511.13;PVC;PVC
736000;514.65;513.28;PVC;PVC
738000;514.34;512.96;PVC;PVC
740000;514.69;513.31;PVC;PVC
742000;513.65;512.27;PVC;PVC
744000;511.97;510.59;PVC;PVC
746000;511.75;510.37;PVC;PVC
748000;511.09;509.70;PVC;PVC
750000;513.37;511.98;PVC;PVC
752000;514.68;513.30;PVC;PVC
754000;512.45;511.06;PVC;PVC
756000;512.96;511.57;PVC;PVC
758000;511.80;510.41;PVC;PVC
760000;513.27;511.87;PVC;PVC
762000;515.31;513.91;PVC;PVC
764000;515.12;513.72;PVC;PVC
766000;511.67;510.27;PVC;PVC
768000;512.71;511.31;PVC;PVC
770000;511.50;510.10;PVC;PVC
772000;514.52;513.11;PVC;PVC
774000;513.61;512.20;PVC;PVC
776000;513.82;512.41;PVC;PVC
778000;511.52;510.11;PVC;PVC
780000;512.15;510.74;PVC;PVC
782000;514.26;512.84;PVC;PVC
784000;512.62;511.21;PVC;PVC
786000;512.40;510.98;PVC;PVC
788000;516.16;514.74;PVC;PVC
790000;513.26;511.84;PVC;PVC
792000;512.66;511.24;PVC;PVC
794000;512.54;511.12;PVC;PVC
796000;515.01;513.59;PVC;PVC
798000;514.22;512.80;PVC;PVC
800000;513.72;512.29;PVC;PVC
802000;513.03;511.60;PVC;PVC
804000;514.85;513.42;PVC;PVC
806000;512.76;511.33;PVC;PVC
808000;513.39;511.96;PVC;PVC
810000;514.66;513.23;PVC;PVC
812000;514.29;512.85;PVC;PVC
814000;513.07;511.63;PVC;PVC
816000;516.20;514.76;PVC;PVC
818000;514.86;513.42;PVC;PVC
820000;513.76;512.31;PVC;PVC
822000;513.85;512.41;PVC;PVC
824000;513.32;511.88;PVC;PVC
826000;512.82;511.37;PVC;PVC
828000;513.42;511.97;PVC;PVC
830000;513.60;512.16;PVC;PVC
832000;513.12;511.68;PVC;PVC
834000;512.75;511.30;PVC;PVC
836000;514.10;512.65;PVC;PVC
838000;512.80;511.35;PVC;PVC
840000;514.01;512.55;PVC;PVC
842000;514.66;513.21;PVC;PVC
844000;512.91;511.46;PVC;PVC
846000;512.60;511.14;PVC;PVC
848000;511.11;509.65;PVC;PVC
850000;513.28;511.82;PVC;PVC
852000;515.74;514.28;PVC;PVC
854000;514.23;512.77;PVC;PVC
856000;513.22;511.75;PVC;PVC
858000;512.87;511.41;PVC;PVC
860000;516.82;515.36;PVC;PVC
862000;513.55;512.08;PVC;PVC
864000;511.85;510.39;PVC;PVC
866000;513.53;512.07;PVC;PVC
868000;511.92;510.46;PVC;PVC
870000;512.17;510.71;PVC;PVC
872000;515.37;513.90;PVC;PVC
874000;514.40;512.93;PVC;PVC
876000;512.78;511.31;PVC;PVC
878000;515.01;513.54;PVC;PVC
880000;513.44;511.97;PVC;PVC
882000;513.75;512.28;PVC;PVC
884000;514.59;513.11;PVC;PVC
886000;514.11;512.63;PVC;PVC
888000;512.42;510.94;PVC;PVC
890000;513.30;511.83;PVC;PVC
892000;513.18;511.70;PVC;PVC
894000;513.53;512.05;PVC;PVC
896000;515.18;513.70;PVC;PVC
898000;514.28;512.80;PVC;PVC
900000;512.13;510.65;PVC;PVC
902000;511.52;510.04;PVC;PVC
904000;513.63;512.15;PVC;PVC
906000;512.09;510.61;PVC;PVC
908000;514.00;512.52;PVC;PVC
910000;512.90;511.41;PVC;PVC
912000;512.47;510.98;PVC;PVC
914000;514.77;513.28;PVC;PVC
916000;513.76;512.28;PVC;PVC
918000;510.99;509.50;PVC;PVC
920000;510.96;509.47;PVC;PVC
922000;514.26;512.77;PVC;PVC
924000;513.88;512.39;PVC;PVC
926000;512.63;511.14;PVC;PVC
928000;512.63;511.14;PVC;PVC
930000;513.93;512.44;PVC;PVC
932000;515.31;513.81;PVC;PVC
934000;516.06;514.57;PVC;PVC
936000;514.19;512.70;PVC;PVC
938000;514.80;513.31;PVC;PVC
940000;513.88;512.39;PVC;PVC
942000;513.39;511.90;PVC;PVC
944000;514.39;512.90;PVC;PVC
946000;513.66;512.16;PVC;PVC
948000;512.34;510.84;PVC;PVC
950000;513.89;512.39;PVC;PVC
952000;514.92;513.43;PVC;PVC
954000;513.06;511.56;PVC;PVC
956000;514.00;512.50;PVC;PVC
958000;514.41;512.92;PVC;PVC
960000;510.80;509.31;PVC;PVC
962000;514.15;512.66;PVC;PVC
964000;514.06;512.56;PVC;PVC
966000;514.45;512.95;PVC;PVC
968000;514.37;512.87;PVC;PVC
970000;513.36;511.86;PVC;PVC
972000;515.61;514.11;PVC;PVC
974000;512.15;510.65;PVC;PVC
976000;512.20;510.70;PVC;PVC
978000;512.26;510.76;PVC;PVC
980000;512.80;511.30;PVC;PVC
982000;515.31;513.81;PVC;PVC
984000;514.58;513.08;PVC;PVC
986000;513.82;512.32;PVC;PVC
988000;512.35;510.85;PVC;PVC
990000;513.74;512.24;PVC;PVC
992000;515.55;514.05;PVC;PVC
994000;513.15;511.65;PVC;PVC
996000;515.05;513.55;PVC;PVC
998000;515.73;514.23;PVC;PVC
1000000;512.75;511.25;PVC;PVC
1002000;514.96;513.46;PVC;PVC
1004000;512.48;510.99;PVC;PVC
1006000;513.17;511.67;PVC;PVC
1008000;511.63;510.13;PVC;PVC
1010000;512.35;510.85;PVC;PVC
1012000;514.80;513.30;PVC;PVC
1014000;513.95;512.45;PVC;PVC
1016000;513.51;512.01;PVC;PVC
1018000;512.62;511.12;PVC;PVC
1020000;514.01;512.51;PVC;PVC
1022000;514.48;512.98;PVC;PVC
1024000;511.77;510.27;PVC;PVC
1026000;511.60;510.10;PVC;PVC
1028000;511.61;510.12;PVC;PVC
1030000;512.64;511.14;PVC;PVC
1032000;512.78;511.29;PVC;PVC
1034000;513.90;512.40;PVC;PVC
1036000;514.19;512.69;PVC;PVC
1038000;513.37;511.87;PVC;PVC
1040000;511.98;510.48;PVC;PVC
1042000;513.96;512.46;PVC;PVC
1044000;511.45;509.95;PVC;PVC
1046000;513.10;511.60;PVC;PVC
1048000;513.89;512.39;PVC;PVC
1050000;513.48;511.99;PVC;PVC
1052000;511.29;509.80;PVC;PVC
1054000;512.01;510.52;PVC;PVC
1056000;511.38;509.89;PVC;PVC
1058000;514.03;512.54;PVC;PVC
1060000;516.04;514.54;PVC;PVC
1062000;513.88;512.39;PVC;PVC
1064000;512.93;511.43;PVC;PVC
1066000;514.00;512.51;PVC;PVC
1068000;512.68;511.19;PVC;PVC
1070000;513.69;512.20;PVC;PVC
1072000;512.56;511.07;PVC;PVC
1074000;514.50;513.01;PVC;PVC
1076000;516.26;514.77;PVC;PVC
1078000;516.03;514.54;PVC;PVC
1080000;514.22;512.73;PVC;PVC
1082000;513.01;511.52;PVC;PVC
1084000;514.12;512.63;PVC;PVC
1086000;516.13;514.64;PVC;PVC
1088000;516.14;514.65;PVC;PVC
1090000;513.36;511.88;PVC;PVC
1092000;513.18;511.70;PVC;PVC
1094000;512.54;511.05;PVC;PVC
1096000;513.95;512.47;PVC;PVC
1098000;513.61;512.12;PVC;PVC
1100000;511.55;510.07;PVC;PVC
1102000;512.43;510.95;PVC;PVC
1104000;513.63;512.15;PVC;PVC
1106000;512.71;511.23;PVC;PVC
1108000;513.01;511.53;PVC;PVC
1110000;513.52;512.04;PVC;PVC
1112000;513.44;511.97;PVC;PVC
1114000;512.53;511.05;PVC;PVC
1116000;513.28;511.80;PVC;PVC
1118000;514.58;513.11;PVC;PVC
1120000;513.94;512.47;PVC;PVC
1122000;515.05;513.58;PVC;PVC
1124000;511.34;509.87;PVC;PVC
1126000;510.83;509.36;PVC;PVC
1128000;513.21;511.74;PVC;PVC
1130000;513.50;512.03;PVC;PVC
1132000;512.84;511.37;PVC;PVC
1134000;512.13;510.66;PVC;PVC
1136000;515.13;513.67;PVC;PVC
1138000;512.14;510.68;PVC;PVC
1140000;513.07;511.60;PVC;PVC
1142000;513.22;511.76;PVC;PVC
1144000;513.86;512.40;PVC;PVC
1146000;514.28;512.82;PVC;PVC
1148000;512.96;511.50;PVC;PVC
1150000;516.44;514.98;PVC;PVC
1152000;513.85;512.39;PVC;PVC
1154000;511.37;509.92;PVC;PVC
1156000;515.79;514.34;PVC;PVC
1158000;513.61;512.16;PVC;PVC
1160000;513.14;511.69;PVC;PVC
1162000;513.89;512.44;PVC;PVC
1164000;514.32;512.87;PVC;PVC
1166000;512.32;510.87;PVC;PVC
1168000;516.81;515.36;PVC;PVC
1170000;514.95;513.50;PVC;PVC
1172000;514.14;512.69;PVC;PVC
1174000;512.00;510.56;PVC;PVC
1176000;514.02;512.58;PVC;PVC
1178000;511.64;510.20;PVC;PVC
1180000;514.85;513.41;PVC;PVC
1182000;512.87;511.43;PVC;PVC
1184000;513.69;512.25;PVC;PVC
1186000;511.84;510.40;PVC;PVC
1188000;515.03;513.60;PVC;PVC
1190000;511.08;509.64;PVC;PVC
1192000;512.48;511.05;PVC;PVC
1194000;515.29;513.86;PVC;PVC
1196000;513.58;512.15;PVC;PVC
1198000;514.90;513.47;PVC;PVC
1200000;513.36;511.94;PVC;PVC
1202000;516.11;514.68;PVC;PVC
1204000;512.44;511.02;PVC;PVC
1206000;511.72;510.29;PVC;PVC
1208000;514.89;513.47;PVC;PVC
1210000;513.38;511.96;PVC;PVC
1212000;511.89;510.47;PVC;PVC
1214000;511.73;510.31;PVC;PVC
1216000;513.68;512.26;PVC;PVC
1218000;512.94;511.53;PVC;PVC
1220000;514.95;513.54;PVC;PVC
1222000;513.50;512.09;PVC;PVC
1224000;512.99;511.58;PVC;PVC
1226000;511.59;510.18;PVC;PVC
1228000;513.60;512.20;PVC;PVC
1230000;514.60;513.20;PVC;PVC
1232000;513.30;511.90;PVC;PVC
1234000;513.19;511.79;PVC;PVC
1236000;513.84;512.45;PVC;PVC
1238000;512.43;511.03;PVC;PVC
1240000;512.30;510.90;PVC;PVC
1242000;513.53;512.14;PVC;PVC
1244000;512.18;510.79;PVC;PVC
1246000;516.03;514.64;PVC;PVC
1248000;515.92;514.53;PVC;PVC
1250000;513.54;512.16;PVC;PVC
1252000;513.23;511.84;PVC;PVC
1254000;514.21;512.83;PVC;PVC
1256000;514.95;513.57;PVC;PVC
1258000;512.31;510.93;PVC;PVC
1260000;512.88;511.50;PVC;PVC
1262000;513.61;512.23;PVC;PVC
1264000;511.46;510.09;PVC;PVC
1266000;513.73;512.36;PVC;PVC
1268000;514.03;512.66;PVC;PVC
1270000;511.61;510.25;PVC;PVC
1272000;512.97;511.61;PVC;PVC
1274000;513.74;512.37;PVC;PVC
1276000;512.93;511.57;PVC;PVC
1278000;512.40;511.05;PVC;PVC
1280000;514.03;512.68;PVC;PVC
1282000;513.42;512.06;PVC;PVC
1284000;513.20;511.85;PVC;PVC
1286000;513.12;511.77;PVC;PVC
1288000;513.56;512.21;PVC;PVC
1290000;511.49;510.15;PVC;PVC
1292000;513.42;512.07;PVC;PVC
1294000;516.44;515.10;PVC;PVC
1296000;511.53;510.19;PVC;PVC
1298000;512.03;510.69;PVC;PVC
1300000;515.55;514.21;PVC;PVC
1302000;511.15;509.82;PVC;PVC
1304000;512.53;511.20;PVC;PVC
1306000;512.12;510.79;PVC;PVC
1308000;514.34;513.01;PVC;PVC
1310000;512.61;511.28;PVC;PVC
1312000;512.62;511.30;PVC;PVC
1314000;515.52;514.20;PVC;PVC
1316000;514.11;512.79;PVC;PVC
1318000;512.54;511.22;PVC;PVC
1320000;511.15;509.83;PVC;PVC
1322000;513.30;511.99;PVC;PVC
1324000;513.27;511.96;PVC;PVC
1326000;514.11;512.80;PVC;PVC
1328000;512.60;511.29;PVC;PVC
1330000;514.41;513.11;PVC;PVC
1332000;512.12;510.82;PVC;PVC
1334000;514.43;513.13;PVC;PVC
1336000;512.92;511.62;PVC;PVC
1338000;513.38;512.08;PVC;PVC
1340000;510.96;509.67;PVC;PVC
1342000;512.92;511.63;PVC;PVC
1344000;512.15;510.86;PVC;PVC
1346000;514.28;513.00;PVC;PVC
1348000;513.99;512.71;PVC;PVC
1350000;513.69;512.41;PVC;PVC
1352000;511.98;510.70;PVC;PVC
1354000;512.89;511.61;PVC;PVC
1356000;513.96;512.69;PVC;PVC
1358000;512.16;510.89;PVC;PVC
1360000;514.62;513.35;PVC;PVC
1362000;513.20;511.93;PVC;PVC
1364000;511.52;510.25;PVC;PVC
1366000;512.09;510.83;PVC;PVC
1368000;512.51;511.25;PVC;PVC
1370000;514.20;512.95;PVC;PVC
1372000;511.47;510.22;PVC;PVC
1374000;514.48;513.23;PVC;PVC
1376000;514.42;513.17;PVC;PVC
1378000;512.12;510.88;PVC;PVC
1380000;514.56;513.32;PVC;PVC
1382000;513.49;512.26;PVC;PVC
1384000;512.07;510.83;PVC;PVC
1386000;514.63;513.40;PVC;PVC
1388000;512.04;510.81;PVC;PVC
1390000;514.20;512.97;PVC;PVC
1392000;513.18;511.95;PVC;PVC
1394000;511.83;510.61;PVC;PVC
1396000;511.72;510.50;PVC;PVC
1398000;511.46;510.25;PVC;PVC
1400000;511.54;510.32;PVC;PVC
1402000;511.65;510.44;PVC;PVC
1404000;514.84;513.64;PVC;PVC
1406000;512.94;511.74;PVC;PVC
1408000;511.64;510.44;PVC;PVC
1410000;514.77;513.57;PVC;PVC
1412000;514.52;513.32;PVC;PVC
1414000;512.61;511.42;PVC;PVC
1416000;512.94;511.75;PVC;PVC
1418000;512.99;511.80;PVC;PVC
1420000;514.18;513.00;PVC;PVC
1422000;510.79;509.61;PVC;PVC
1424000;514.53;513.35;PVC;PVC
1426000;511.61;510.44;PVC;PVC
1428000;513.33;512.16;PVC;PVC
1430000;511.46;510.29;PVC;PVC
1432000;513.06;511.89;PVC;PVC
1434000;513.93;512.76;PVC;PVC
1436000;513.42;512.25;PVC;PVC
1438000;513.26;512.11;PVC;PVC
1440000;515.41;514.26;PVC;PVC
1442000;513.39;512.24;PVC;PVC
1444000;513.86;512.71;PVC;PVC
1446000;514.25;513.10;PVC;PVC
1448000;515.41;514.27;PVC;PVC
1450000;515.50;514.36;PVC;PVC
1452000;510.81;509.67;PVC;PVC
1454000;511.86;510.72;PVC;PVC
1456000;514.27;513.14;PVC;PVC
1458000;514.78;513.65;PVC;PVC
1460000;514.24;513.12;PVC;PVC
1462000;512.14;511.01;PVC;PVC
1464000;513.91;512.79;PVC;PVC
1466000;513.71;512.59;PVC;PVC
1468000;511.54;510.43;PVC;PVC
1470000;512.04;510.93;PVC;PVC
1472000;511.00;509.89;PVC;PVC
1474000;513.10;511.99;PVC;PVC
1476000;512.09;510.99;PVC;PVC
1478000;512.70;511.60;PVC;PVC
1480000;514.44;513.34;PVC;PVC
1482000;512.61;511.52;PVC;PVC
1484000;512.43;511.34;PVC;PVC
1486000;513.65;512.56;PVC;PVC
1488000;514.22;513.14;PVC;PVC
1490000;512.93;511.86;PVC;PVC
1492000;512.59;511.51;PVC;PVC
1494000;514.36;513.29;PVC;PVC
1496000;513.08;512.01;PVC;PVC
1498000;513.27;512.21;PVC;PVC
1500000;512.98;511.92;PVC;PVC
1502000;514.74;513.68;PVC;PVC
1504000;514.49;513.44;PVC;PVC
1506000;512.01;510.96;PVC;PVC
1508000;513.18;512.13;PVC;PVC
1510000;512.03;510.99;PVC;PVC
1512000;511.04;510.00;PVC;PVC
1514000;512.56;511.52;PVC;PVC
1516000;514.08;513.05;PVC;PVC
1518000;513.99;512.96;PVC;PVC
1520000;513.77;512.74;PVC;PVC
1522000;513.38;512.36;PVC;PVC
1524000;512.92;511.90;PVC;PVC
1526000;514.44;513.43;PVC;PVC
1528000;513.58;512.56;PVC;PVC
1530000;512.15;511.14;PVC;PVC
1532000;513.11;512.10;PVC;PVC
1534000;511.85;510.85;PVC;PVC
1536000;512.70;511.70;PVC;PVC
1538000;515.76;514.77;PVC;PVC
1540000;513.25;512.25;PVC;PVC
1542000;513.01;512.02;PVC;PVC
1544000;512.85;511.86;PVC;PVC
1546000;511.81;510.83;PVC;PVC
1548000;512.45;511.47;PVC;PVC
1550000;511.88;510.90;PVC;PVC
1552000;512.79;511.82;PVC;PVC
1554000;512.63;511.66;PVC;PVC
1556000;511.54;510.58;PVC;PVC
1558000;512.23;511.28;PVC;PVC
1560000;514.22;513.26;PVC;PVC
1562000;513.70;512.75;PVC;PVC
1564000;514.77;513.82;PVC;PVC
1566000;511.96;511.01;PVC;PVC
1568000;514.01;513.07;PVC;PVC
1570000;511.86;510.92;PVC;PVC
1572000;513.52;512.59;PVC;PVC
1574000;513.70;512.77;PVC;PVC
1576000;514.86;513.94;PVC;PVC
1578000;513.19;512.27;PVC;PVC
1580000;514.95;514.03;PVC;PVC
1582000;512.04;511.12;PVC;PVC
1584000;513.96;513.04;PVC;PVC
1586000;510.83;509.92;PVC;PVC
1588000;514.18;513.28;PVC;PVC
1590000;511.02;510.12;PVC;PVC
1592000;513.44;512.54;PVC;PVC
1594000;512.36;511.46;PVC;PVC
1596000;510.36;509.47;PVC;PVC
1598000;512.17;511.29;PVC;PVC
1600000;513.87;512.99;PVC;PVC
1602000;512.52;511.64;PVC;PVC
1604000;515.22;514.35;PVC;PVC
1606000;513.43;512.56;PVC;PVC
1608000;512.70;511.84;PVC;PVC
1610000;511.47;510.61;PVC;PVC
1612000;511.77;510.91;PVC;PVC
1614000;512.11;511.25;PVC;PVC
1616000;513.10;512.25;PVC;PVC
1618000;513.03;512.19;PVC;PVC
1620000;514.55;513.71;PVC;PVC
1622000;514.24;513.40;PVC;PVC
1624000;513.34;512.51;PVC;PVC
1626000;513.09;512.26;PVC;PVC
1628000;512.36;511.53;PVC;PVC
1630000;513.80;512.98;PVC;PVC
1632000;514.92;514.10;PVC;PVC
1634000;511.70;510.89;PVC;PVC
1636000;513.08;512.27;PVC;PVC
1638000;514.28;513.47;PVC;PVC
1640000;514.17;513.36;PVC;PVC
1642000;512.84;512.04;PVC;PVC
1644000;509.54;508.74;PVC;PVC
1646000;512.66;511.86;PVC;PVC
1648000;512.24;511.46;PVC;PVC
1650000;514.59;513.80;PVC;PVC
1652000;512.35;511.57;PVC;PVC
1654000;512.72;511.94;PVC;PVC
1656000;510.52;509.75;PVC;PVC
1658000;513.77;513.00;PVC;PVC
1660000;514.23;513.46;PVC;PVC
1662000;513.10;512.34;PVC;PVC
1664000;513.12;512.36;PVC;PVC
1666000;512.30;511.55;PVC;PVC
1668000;512.42;511.67;PVC;PVC
1670000;513.98;513.24;PVC;PVC
1672000;513.55;512.81;PVC;PVC
1674000;512.31;511.58;PVC;PVC
1676000;511.95;511.22;PVC;PVC
1678000;511.49;510.77;PVC;PVC
1680000;511.99;511.27;PVC;PVC
1682000;509.46;508.75;PVC;PVC
1684000;511.94;511.23;PVC;PVC
1686000;513.34;512.63;PVC;PVC
1688000;509.14;508.44;PVC;PVC
1690000;512.19;511.49;PVC;PVC
1692000;514.76;514.06;PVC;PVC
1694000;510.73;510.04;PVC;PVC
1696000;513.32;512.63;PVC;PVC
1698000;513.74;513.06;PVC;PVC
1700000;513.14;512.46;PVC;PVC
1702000;512.61;511.93;PVC;PVC
1704000;511.20;510.53;PVC;PVC
1706000;511.63;510.96;PVC;PVC
1708000;512.57;511.91;PVC;PVC
1710000;513.44;512.78;PVC;PVC
1712000;512.72;512.07;PVC;PVC
1714000;513.03;512.38;PVC;PVC
1716000;512.86;512.21;PVC;PVC
1718000;513.90;513.26;PVC;PVC
1720000;513.19;512.55;PVC;PVC
1722000;512.90;512.27;PVC;PVC
1724000;511.77;511.14;PVC;PVC
1726000;513.36;512.74;PVC;PVC
1728000;511.41;510.78;PVC;PVC
1730000;512.01;511.39;PVC;PVC
1732000;512.77;512.16;PVC;PVC
1734000;512.34;511.73;PVC;PVC
1736000;512.16;511.56;PVC;PVC
1738000;511.21;510.61;PVC;PVC
1740000;511.35;510.75;PVC;PVC
1742000;511.43;510.84;PVC;PVC
1744000;511.66;511.07;PVC;PVC
1746000;512.05;511.47;PVC;PVC
1748000;512.87;512.29;PVC;PVC
1750000;513.97;513.40;PVC;PVC
1752000;510.18;509.61;PVC;PVC
1754000;510.80;510.24;PVC;PVC
1756000;511.97;511.41;PVC;PVC
1758000;513.35;512.79;PVC;PVC
1760000;514.81;514.25;PVC;PVC
1762000;513.98;513.44;PVC;PVC
1764000;512.61;512.07;PVC;PVC
1766000;513.60;513.06;PVC;PVC
1768000;511.64;511.11;PVC;PVC
1770000;513.17;512.64;PVC;PVC
1772000;510.16;509.64;PVC;PVC
1774000;512.19;511.66;PVC;PVC
1776000;513.55;513.04;PVC;PVC
1778000;513.51;513.00;PVC;PVC
1780000;510.12;509.62;PVC;PVC
1782000;512.46;511.96;PVC;PVC
1784000;511.98;511.48;PVC;PVC
1786000;511.99;511.49;PVC;PVC
1788000;513.35;512.86;PVC;PVC
1790000;510.99;510.50;PVC;PVC
1792000;510.92;510.44;PVC;PVC
1794000;513.38;512.91;PVC;PVC
1796000;511.92;511.45;PVC;PVC
1798000;511.61;511.14;PVC;PVC
1800000;513.30;512.84;PVC;PVC
1802000;513.91;513.45;PVC;PVC
1804000;510.33;509.88;PVC;PVC
1806000;511.72;511.27;PVC;PVC
1808000;512.24;511.79;PVC;PVC
1810000;512.57;512.13;PVC;PVC
1812000;514.25;513.81;PVC;PVC
1814000;510.53;510.10;PVC;PVC
1816000;510.23;509.80;PVC;PVC
1818000;511.59;511.17;PVC;PVC
1820000;511.77;511.35;PVC;PVC
1822000;511.85;511.44;PVC;PVC
1824000;513.76;513.35;PVC;PVC
1826000;512.00;511.59;PVC;PVC
1828000;511.62;511.22;PVC;PVC
1830000;514.77;514.37;PVC;PVC
1832000;512.08;511.69;PVC;PVC
1834000;511.63;511.24;PVC;PVC
1836000;512.47;512.09;PVC;PVC
1838000;511.97;511.59;PVC;PVC
1840000;514.08;513.71;PVC;PVC
1842000;510.76;510.39;PVC;PVC
1844000;511.85;511.48;PVC;PVC
1846000;513.97;513.61;PVC;PVC
1848000;513.25;512.89;PVC;PVC
1850000;512.52;512.17;PVC;PVC
1852000;513.50;513.16;PVC;PVC
1854000;511.76;511.42;PVC;PVC
1856000;512.57;512.23;PVC;PVC
1858000;512.63;512.30;PVC;PVC
1860000;512.67;512.34;PVC;PVC
1862000;511.03;510.71;PVC;PVC
1864000;513.00;512.68;PVC;PVC
1866000;513.76;513.44;PVC;PVC
1868000;513.02;512.71;PVC;PVC
1870000;513.74;513.44;PVC;PVC
1872000;510.88;510.58;PVC;PVC
1874000;512.70;512.41;PVC;PVC
1876000;513.10;512.81;PVC;PVC
1878000;511.84;511.56;PVC;PVC
1880000;512.24;511.96;PVC;PVC
1882000;512.21;511.93;PVC;PVC
1884000;514.11;513.84;PVC;PVC
1886000;511.94;511.67;PVC;PVC
1888000;512.60;512.34;PVC;PVC
1890000;510.44;510.18;PVC;PVC
1892000;512.21;511.95;PVC;PVC
1894000;509.73;509.48;PVC;PVC
1896000;513.18;512.94;PVC;PVC
1898000;511.78;511.54;PVC;PVC
1900000;511.75;511.51;PVC;PVC
1902000;513.24;513.01;PVC;PVC
1904000;512.64;512.42;PVC;PVC
1906000;511.51;511.29;PVC;PVC
1908000;515.23;515.01;PVC;PVC
1910000;512.24;512.03;PVC;PVC
1912000;512.21;512.00;PVC;PVC
1914000;511.53;511.33;PVC;PVC
1916000;509.98;509.78;PVC;PVC
1918000;512.92;512.73;PVC;PVC
1920000;512.24;512.05;PVC;PVC
1922000;513.11;512.93;PVC;PVC
1924000;511.24;511.06;PVC;PVC
1926000;513.02;512.85;PVC;PVC
1928000;511.35;511.18;PVC;PVC
1930000;512.10;511.94;PVC;PVC
1932000;511.43;511.27;PVC;PVC
1934000;511.52;511.36;PVC;PVC
1936000;511.45;511.30;PVC;PVC
1938000;513.99;513.84;PVC;PVC
1940000;512.81;512.67;PVC;PVC
1942000;512.91;512.77;PVC;PVC
1944000;512.64;512.51;PVC;PVC
1946000;512.43;512.30;PVC;PVC
1948000;510.60;510.48;PVC;PVC
1950000;510.65;510.53;PVC;PVC
1952000;512.10;511.99;PVC;PVC
1954000;511.39;511.28;PVC;PVC
1956000;511.65;511.55;PVC;PVC
1958000;512.10;512.00;PVC;PVC
1960000;511.94;511.84;PVC;PVC
1962000;514.08;513.99;PVC;PVC
1964000;510.96;510.87;PVC;PVC
1966000;512.56;512.48;PVC;PVC
1968000;513.95;513.87;PVC;PVC
1970000;513.18;513.11;PVC;PVC
1972000;511.79;511.72;PVC;PVC
1974000;512.21;512.15;PVC;PVC
1976000;514.28;514.22;PVC;PVC
1978000;512.07;512.02;PVC;PVC
1980000;509.84;509.79;PVC;PVC
1982000;510.57;510.53;PVC;PVC
1984000;511.00;510.96;PVC;PVC
1986000;510.34;510.30;PVC;PVC
1988000;512.89;512.86;PVC;PVC
1990000;512.39;512.36;PVC;PVC
1992000;513.20;513.18;PVC;PVC
1994000;512.01;512.00;PVC;PVC
1996000;512.14;512.13;PVC;PVC
1998000;511.14;511.13;PVC;PVC
2000000;515.71;515.71;PVC;PVC
2002000;513.60;513.60;PVC;PVC
2004000;511.43;511.44;PVC;PVC
2006000;513.68;513.70;PVC;PVC
2008000;511.13;511.15;PVC;PVC
2010000;511.55;511.57;PVC;PVC
2012000;512.21;512.24;PVC;PVC
2014000;512.56;512.60;PVC;PVC
2016000;511.41;511.45;PVC;PVC
2018000;510.21;510.25;PVC;PVC
2020000;510.19;510.23;PVC;PVC
2022000;510.03;510.08;PVC;PVC
2024000;511.88;511.94;PVC;PVC
2026000;512.09;512.15;PVC;PVC
2028000;512.74;512.81;PVC;PVC
2030000;512.77;512.84;PVC;PVC
2032000;511.64;511.71;PVC;PVC
2034000;511.69;511.77;PVC;PVC
2036000;511.94;512.03;PVC;PVC
2038000;510.88;510.97;PVC;PVC
2040000;513.08;513.18;PVC;PVC
2042000;510.60;510.70;PVC;PVC
2044000;510.67;510.77;PVC;PVC
2046000;512.52;512.63;PVC;PVC
2048000;509.90;510.01;PVC;PVC
2050000;510.55;510.66;PVC;PVC
2052000;511.34;511.47;PVC;PVC
2054000;512.63;512.76;PVC;PVC
2056000;512.46;512.59;PVC;PVC
2058000;509.99;510.13;PVC;PVC
2060000;512.45;512.59;PVC;PVC
2062000;513.13;513.27;PVC;PVC
2064000;512.48;512.63;PVC;PVC
2066000;510.70;510.85;PVC;PVC
2068000;511.65;511.81;PVC;PVC
2070000;511.99;512.16;PVC;PVC
2072000;510.05;510.22;PVC;PVC
2074000;513.68;513.86;PVC;PVC
2076000;512.14;512.32;PVC;PVC
2078000;512.45;512.63;PVC;PVC
2080000;511.02;511.21;PVC;PVC
2082000;512.23;512.42;PVC;PVC
2084000;510.95;511.15;PVC;PVC
2086000;510.27;510.47;PVC;PVC
2088000;512.67;512.87;PVC;PVC
2090000;511.73;511.94;PVC;PVC
2092000;511.69;511.90;PVC;PVC
2094000;511.34;511.56;PVC;PVC
2096000;509.43;509.65;PVC;PVC
2098000;511.90;512.13;PVC;PVC
2100000;512.10;512.33;PVC;PVC
2102000;512.02;512.26;PVC;PVC
2104000;510.80;511.05;PVC;PVC
2106000;512.28;512.53;PVC;PVC
2108000;513.50;513.75;PVC;PVC
2110000;510.73;510.99;PVC;PVC
2112000;510.70;510.96;PVC;PVC
2114000;511.82;512.09;PVC;PVC
2116000;509.63;509.90;PVC;PVC
2118000;512.10;512.38;PVC;PVC
2120000;511.90;512.18;PVC;PVC
2122000;514.67;514.96;PVC;PVC
2124000;510.38;510.67;PVC;PVC
2126000;509.62;509.91;PVC;PVC
2128000;513.11;513.41;PVC;PVC
2130000;511.16;511.46;PVC;PVC
2132000;511.23;511.54;PVC;PVC
2134000;511.67;511.98;PVC;PVC
2136000;513.57;513.89;PVC;PVC
2138000;511.35;511.68;PVC;PVC
2140000;512.59;512.92;PVC;PVC
2142000;510.49;510.82;PVC;PVC
2144000;514.18;514.52;PVC;PVC
2146000;510.35;510.69;PVC;PVC
2148000;511.27;511.61;PVC;PVC
2150000;512.38;512.73;PVC;PVC
2152000;513.31;513.67;PVC;PVC
2154000;510.76;511.12;PVC;PVC
2156000;509.08;509.44;PVC;PVC
2158000;511.18;511.55;PVC;PVC
2160000;511.07;511.45;PVC;PVC
2162000;510.66;511.03;PVC;PVC
2164000;511.19;511.57;PVC;PVC
2166000;510.94;511.33;PVC;PVC
2168000;512.15;512.54;PVC;PVC
2170000;511.06;511.45;PVC;PVC
2172000;513.01;513.41;PVC;PVC
2174000;511.52;511.93;PVC;PVC
2176000;510.73;511.13;PVC;PVC
2178000;512.76;513.18;PVC;PVC
2180000;511.15;511.56;PVC;PVC
2182000;511.19;511.61;PVC;PVC
2184000;511.26;511.69;PVC;PVC
2186000;514.50;514.93;PVC;PVC
2188000;510.18;510.62;PVC;PVC
2190000;512.67;513.11;PVC;PVC
2192000;512.16;512.61;PVC;PVC
2194000;509.57;510.02;PVC;PVC
2196000;512.56;513.02;PVC;PVC
2198000;511.65;512.11;PVC;PVC
2200000;509.44;509.91;PVC;PVC
2202000;513.57;514.04;PVC;PVC
2204000;512.90;513.38;PVC;PVC
2206000;513.11;513.59;PVC;PVC
2208000;509.07;509.55;PVC;PVC
2210000;512.36;512.84;PVC;PVC
2212000;512.36;512.85;PVC;PVC
2214000;511.13;511.63;PVC;PVC
2216000;510.50;511.00;PVC;PVC
2218000;511.35;511.85;PVC;PVC
2220000;511.76;512.26;PVC;PVC
2222000;513.60;514.11;PVC;PVC
2224000;510.80;511.32;PVC;PVC
2226000;506.98;507.50;PVC;PVC
2228000;511.38;511.90;PVC;PVC
2230000;512.14;512.67;PVC;PVC
2232000;511.77;512.30;PVC;PVC
2234000;511.49;512.03;PVC;PVC
2236000;512.16;512.71;PVC;PVC
2238000;511.80;512.34;PVC;PVC
2240000;511.25;511.80;PVC;PVC
2242000;513.14;513.70;PVC;PVC
2244000;512.78;513.34;PVC;PVC
2246000;509.64;510.20;PVC;PVC
2248000;510.48;511.05;PVC;PVC
2250000;514.43;515.01;PVC;PVC
2252000;510.74;511.32;PVC;PVC
2254000;512.09;512.68;PVC;PVC
2256000;510.74;511.33;PVC;PVC
2258000;509.03;509.62;PVC;PVC
2260000;511.41;512.01;PVC;PVC
2262000;510.88;511.48;PVC;PVC
2264000;510.02;510.63;PVC;PVC
2266000;511.92;512.53;PVC;PVC
2268000;511.96;512.57;PVC;PVC
2270000;512.87;513.48;PVC;PVC
2272000;510.97;511.59;PVC;PVC
2274000;512.07;512.70;PVC;PVC
2276000;510.12;510.75;PVC;PVC
2278000;512.45;513.08;PVC;PVC
2280000;513.49;514.13;PVC;PVC
2282000;510.99;511.63;PVC;PVC
2284000;510.61;511.25;PVC;PVC
2286000;510.96;511.61;PVC;PVC
2288000;510.49;511.14;PVC;PVC
2290000;511.54;512.20;PVC;PVC
2292000;511.64;512.30;PVC;PVC
2294000;509.38;510.05;PVC;PVC
2296000;511.92;512.60;PVC;PVC
2298000;514.02;514.69;PVC;PVC
2300000;513.73;514.41;PVC;PVC
2302000;511.22;511.90;PVC;PVC
2304000;512.46;513.15;PVC;PVC
2306000;510.81;511.50;PVC;PVC
2308000;510.38;511.08;PVC;PVC
2310000;511.51;512.21;PVC;PVC
2312000;512.74;513.45;PVC;PVC
2314000;510.60;511.31;PVC;PVC
2316000;513.93;514.64;PVC;PVC
2318000;511.93;512.64;PVC;PVC
2320000;513.39;514.12;PVC;PVC
2322000;511.74;512.46;PVC;PVC
2324000;510.67;511.40;PVC;PVC
2326000;510.20;510.94;PVC;PVC
2328000;510.15;510.89;PVC;PVC
2330000;513.59;514.33;PVC;PVC
2332000;511.27;512.01;PVC;PVC
2334000;513.40;514.16;PVC;PVC
2336000;508.84;509.59;PVC;PVC
2338000;513.11;513.87;PVC;PVC
2340000;509.48;510.25;PVC;PVC
2342000;511.34;512.11;PVC;PVC
2344000;510.85;511.63;PVC;PVC
2346000;511.96;512.74;PVC;PVC
2348000;508.95;509.73;PVC;PVC
2350000;510.27;511.05;PVC;PVC
2352000;512.80;513.59;PVC;PVC
2354000;508.81;509.60;PVC;PVC
2356000;513.91;514.71;PVC;PVC
2358000;509.95;510.75;PVC;PVC
2360000;509.85;510.66;PVC;PVC
2362000;511.29;512.10;PVC;PVC
2364000;510.54;511.35;PVC;PVC
2366000;510.79;511.61;PVC;PVC
2368000;511.55;512.37;PVC;PVC
2370000;512.50;513.33;PVC;PVC
2372000;512.48;513.31;PVC;PVC
2374000;510.98;511.81;PVC;PVC
2376000;512.10;512.94;PVC;PVC
2378000;510.17;511.01;PVC;PVC
2380000;510.13;510.98;PVC;PVC
2382000;509.92;510.77;PVC;PVC
2384000;512.21;513.06;PVC;PVC
2386000;510.14;510.99;PVC;PVC
2388000;512.98;513.84;PVC;PVC
2390000;512.58;513.44;PVC;PVC
2392000;509.76;510.63;PVC;PVC
2394000;512.19;513.06;PVC;PVC
2396000;507.83;508.70;PVC;PVC
2398000;509.88;510.76;PVC;PVC
2400000;510.82;511.70;PVC;PVC
2402000;511.90;512.78;PVC;PVC
2404000;511.59;512.48;PVC;PVC
2406000;512.70;513.59;PVC;PVC
2408000;512.00;512.90;PVC;PVC
2410000;510.91;511.81;PVC;PVC
2412000;511.59;512.49;PVC;PVC
2414000;509.36;510.27;PVC;PVC
2416000;511.28;512.19;PVC;PVC
2418000;511.62;512.54;PVC;PVC
2420000;510.54;511.46;PVC;PVC
2422000;509.58;510.50;PVC;PVC
2424000;510.93;511.86;PVC;PVC
2426000;511.75;512.68;PVC;PVC
2428000;507.43;508.37;PVC;PVC
2430000;509.82;510.76;PVC;PVC
2432000;511.95;512.89;PVC;PVC
2434000;510.42;511.36;PVC;PVC
2436000;509.82;510.77;PVC;PVC
2438000;510.39;511.34;PVC;PVC
2440000;512.19;513.14;PVC;PVC
2442000;511.05;512.01;PVC;PVC
2444000;510.17;511.13;PVC;PVC
2446000;511.56;512.53;PVC;PVC
2448000;510.56;511.53;PVC;PVC
2450000;511.52;512.49;PVC;PVC
2452000;511.59;512.57;PVC;PVC
2454000;511.85;512.83;PVC;PVC
2456000;512.54;513.53;PVC;PVC
2458000;509.31;510.30;PVC;PVC
2460000;508.62;509.61;PVC;PVC
2462000;511.94;512.94;PVC;PVC
2464000;512.12;513.12;PVC;PVC
2466000;511.45;512.45;PVC;PVC
2468000;510.53;511.54;PVC;PVC
2470000;509.29;510.30;PVC;PVC
2472000;511.30;512.32;PVC;PVC
2474000;510.69;511.70;PVC;PVC
2476000;509.48;510.50;PVC;PVC
2478000;511.41;512.43;PVC;PVC
2480000;516.43;517.45;PVC;PVC
2482000;509.49;510.52;PVC;PVC
2484000;510.79;511.83;PVC;PVC
2486000;510.29;511.33;PVC;PVC
2488000;510.83;511.87;PVC;PVC
2490000;509.14;510.18;PVC;PVC
2492000;512.01;513.06;PVC;PVC
2494000;511.05;512.10;PVC;PVC
2496000;512.54;513.59;PVC;PVC
2498000;511.52;512.58;PVC;PVC
2500000;512.51;513.57;PVC;PVC
2502000;511.22;512.28;PVC;PVC
2504000;511.23;512.30;PVC;PVC
2506000;510.14;511.21;PVC;PVC
2508000;511.88;512.96;PVC;PVC
2510000;510.18;511.26;PVC;PVC
2512000;509.63;510.71;PVC;PVC
2514000;510.70;511.79;PVC;PVC
2516000;512.86;513.95;PVC;PVC
2518000;510.49;511.58;PVC;PVC
2520000;510.53;511.62;PVC;PVC
2522000;511.67;512.77;PVC;PVC
2524000;510.63;511.73;PVC;PVC
2526000;509.32;510.43;PVC;PVC
2528000;511.93;513.04;PVC;PVC
2530000;510.71;511.82;PVC;PVC
2532000;510.10;511.21;PVC;PVC
2534000;512.91;514.03;PVC;PVC
2536000;510.21;511.33;PVC;PVC
2538000;511.59;512.71;PVC;PVC
2540000;510.34;511.47;PVC;PVC
2542000;510.79;511.91;PVC;PVC
2544000;512.09;513.22;PVC;PVC
2546000;511.29;512.43;PVC;PVC
2548000;509.13;510.27;PVC;PVC
2550000;510.31;511.45;PVC;PVC
2552000;511.66;512.80;PVC;PVC
2554000;509.79;510.93;PVC;PVC
2556000;510.46;511.61;PVC;PVC
2558000;510.86;512.02;PVC;PVC
2560000;511.16;512.31;PVC;PVC
2562000;509.60;510.76;PVC;PVC
2564000;510.09;511.25;PVC;PVC
2566000;509.49;510.65;PVC;PVC
2568000;511.30;512.47;PVC;PVC
2570000;511.68;512.85;PVC;PVC
2572000;511.64;512.81;PVC;PVC
2574000;509.06;510.24;PVC;PVC
2576000;508.86;510.04;PVC;PVC
2578000;512.63;513.81;PVC;PVC
2580000;511.13;512.32;PVC;PVC
2582000;510.27;511.46;PVC;PVC
2584000;512.52;513.71;PVC;PVC
2586000;511.98;513.18;PVC;PVC
2588000;508.82;510.01;PVC;PVC
2590000;510.20;511.40;PVC;PVC
2592000;510.11;511.31;PVC;PVC
2594000;508.96;510.17;PVC;PVC
2596000;509.59;510.79;PVC;PVC
2598000;510.34;511.55;PVC;PVC
2600000;509.87;511.08;PVC;PVC
2602000;510.88;512.10;PVC;PVC
2604000;511.31;512.53;PVC;PVC
2606000;511.56;512.78;PVC;PVC
2608000;510.49;511.71;PVC;PVC
2610000;510.23;511.46;PVC;PVC
2612000;511.31;512.54;PVC;PVC
2614000;512.71;513.94;PVC;PVC
2616000;508.31;509.55;PVC;PVC
2618000;510.69;511.93;PVC;PVC
2620000;511.58;512.82;PVC;PVC
2622000;510.74;511.98;PVC;PVC
2624000;512.03;513.28;PVC;PVC
2626000;511.59;512.84;PVC;PVC
2628000;511.12;512.37;PVC;PVC
2630000;511.42;512.67;PVC;PVC
2632000;512.79;514.05;PVC;PVC
2634000;511.10;512.35;PVC;PVC
2636000;510.18;511.44;PVC;PVC
2638000;509.31;510.58;PVC;PVC
2640000;508.78;510.05;PVC;PVC
2642000;508.46;509.73;PVC;PVC
2644000;511.89;513.16;PVC;PVC
2646000;512.64;513.91;PVC;PVC
2648000;511.69;512.96;PVC;PVC
2650000;512.09;513.37;PVC;PVC
2652000;510.24;511.52;PVC;PVC
2654000;511.82;513.10;PVC;PVC
2656000;511.26;512.55;PVC;PVC
2658000;509.64;510.93;PVC;PVC
2660000;510.96;512.25;PVC;PVC
2662000;512.67;513.96;PVC;PVC
2664000;511.47;512.77;PVC;PVC
2666000;510.48;511.78;PVC;PVC
2668000;510.09;511.39;PVC;PVC
2670000;511.77;513.07;PVC;PVC
2672000;509.88;511.18;PVC;PVC
2674000;510.13;511.44;PVC;PVC
2676000;511.06;512.37;PVC;PVC
2678000;510.41;511.73;PVC;PVC
2680000;510.29;511.61;PVC;PVC
2682000;510.59;511.90;PVC;PVC
2684000;510.32;511.64;PVC;PVC
2686000;508.24;509.56;PVC;PVC
2688000;511.35;512.67;PVC;PVC
2690000;510.84;512.16;PVC;PVC
2692000;510.10;511.42;PVC;PVC
2694000;508.72;510.05;PVC;PVC
2696000;507.46;508.80;PVC;PVC
2698000;508.24;509.58;PVC;PVC
2700000;509.36;510.70;PVC;PVC
2702000;509.78;511.11;PVC;PVC
2704000;510.11;511.45;PVC;PVC
2706000;511.56;512.90;PVC;PVC
2708000;509.68;511.03;PVC;PVC
2710000;510.62;511.97;PVC;PVC
2712000;511.11;512.46;PVC;PVC
2714000;512.87;514.22;PVC;PVC
2716000;513.80;515.15;PVC;PVC
2718000;511.66;513.02;PVC;PVC
2720000;510.76;512.12;PVC;PVC
2722000;510.46;511.82;PVC;PVC
2724000;510.14;511.50;PVC;PVC
2726000;511.73;513.10;PVC;PVC
2728000;510.80;512.16;PVC;PVC
2730000;507.87;509.23;PVC;PVC
2732000;511.24;512.60;PVC;PVC
2734000;508.00;509.37;PVC;PVC
2736000;511.27;512.64;PVC;PVC
2738000;510.76;512.13;PVC;PVC
2740000;508.06;509.44;PVC;PVC
2742000;511.71;513.09;PVC;PVC
2744000;511.54;512.92;PVC;PVC
2746000;509.93;511.32;PVC;PVC
2748000;510.21;511.59;PVC;PVC
2750000;511.93;513.32;PVC;PVC
2752000;510.57;511.96;PVC;PVC
2754000;510.25;511.64;PVC;PVC
2756000;510.70;512.09;PVC;PVC
2758000;511.28;512.67;PVC;PVC
2760000;509.56;510.96;PVC;PVC
2762000;510.68;512.07;PVC;PVC
2764000;509.98;511.38;PVC;PVC
2766000;511.04;512.44;PVC;PVC
2768000;509.70;511.10;PVC;PVC
2770000;510.16;511.56;PVC;PVC
2772000;508.98;510.39;PVC;PVC
2774000;509.49;510.89;PVC;PVC
2776000;512.47;513.88;PVC;PVC
2778000;509.07;510.48;PVC;PVC
2780000;510.25;511.66;PVC;PVC
2782000;509.65;511.07;PVC;PVC
2784000;511.55;512.97;PVC;PVC
2786000;509.84;511.26;PVC;PVC
2788000;510.56;511.98;PVC;PVC
2790000;510.04;511.46;PVC;PVC
2792000;510.19;511.61;PVC;PVC
2794000;510.64;512.06;PVC;PVC
2796000;509.80;511.23;PVC;PVC
2798000;510.38;511.81;PVC;PVC
2800000;510.52;511.95;PVC;PVC
2802000;511.39;512.82;PVC;PVC
2804000;510.92;512.34;PVC;PVC
2806000;512.72;514.15;PVC;PVC
2808000;509.61;511.04;PVC;PVC
2810000;510.53;511.96;PVC;PVC
2812000;509.10;510.53;PVC;PVC
2814000;511.35;512.79;PVC;PVC
2816000;508.13;509.57;PVC;PVC
2818000;512.01;513.45;PVC;PVC
2820000;512.19;513.63;PVC;PVC
2822000;512.98;514.42;PVC;PVC
2824000;511.82;513.27;PVC;PVC
2826000;510.88;512.32;PVC;PVC
2828000;513.84;515.29;PVC;PVC
2830000;512.44;513.88;PVC;PVC
2832000;512.06;513.51;PVC;PVC
2834000;510.47;511.92;PVC;PVC
2836000;513.02;514.47;PVC;PVC
2838000;510.73;512.19;PVC;PVC
2840000;509.50;510.95;PVC;PVC
2842000;510.17;511.63;PVC;PVC
2844000;511.94;513.40;PVC;PVC
2846000;508.47;509.93;PVC;PVC
2848000;509.92;511.38;PVC;PVC
2850000;513.39;514.84;PVC;PVC
2852000;509.48;510.94;PVC;PVC
2854000;511.45;512.92;PVC;PVC
2856000;511.66;513.12;PVC;PVC
2858000;510.56;512.02;PVC;PVC
2860000;511.48;512.95;PVC;PVC
2862000;509.82;511.29;PVC;PVC
2864000;511.28;512.75;PVC;PVC
2866000;511.05;512.51;PVC;PVC
2868000;509.55;511.02;PVC;PVC
2870000;510.03;511.50;PVC;PVC
2872000;509.16;510.63;PVC;PVC
2874000;510.55;512.02;PVC;PVC
2876000;509.76;511.23;PVC;PVC
2878000;510.93;512.41;PVC;PVC
2880000;511.83;513.30;PVC;PVC
2882000;508.95;510.43;PVC;PVC
2884000;510.05;511.53;PVC;PVC
2886000;509.42;510.89;PVC;PVC
2888000;511.41;512.89;PVC;PVC
2890000;507.84;509.32;PVC;PVC
2892000;512.03;513.51;PVC;PVC
2894000;511.81;513.29;PVC;PVC
2896000;510.82;512.30;PVC;PVC
2898000;511.42;512.91;PVC;PVC
2900000;511.61;513.09;PVC;PVC
2902000;510.10;511.59;PVC;PVC
2904000;509.69;511.17;PVC;PVC
2906000;511.49;512.97;PVC;PVC
2908000;510.51;511.99;PVC;PVC
2910000;510.76;512.24;PVC;PVC
2912000;510.15;511.63;PVC;PVC
2914000;512.91;514.40;PVC;PVC
2916000;509.09;510.58;PVC;PVC
2918000;509.98;511.47;PVC;PVC
2920000;509.42;510.91;PVC;PVC
2922000;509.94;511.43;PVC;PVC
2924000;507.91;509.39;PVC;PVC
2926000;513.16;514.65;PVC;PVC
2928000;511.06;512.55;PVC;PVC
2930000;510.45;511.94;PVC;PVC
2932000;511.39;512.88;PVC;PVC
2934000;508.72;510.21;PVC;PVC
2936000;512.94;514.43;PVC;PVC
2938000;511.91;513.41;PVC;PVC
2940000;510.57;512.06;PVC;PVC
2942000;511.17;512.67;PVC;PVC
2944000;512.20;513.70;PVC;PVC
2946000;512.38;513.88;PVC;PVC
2948000;510.66;512.15;PVC;PVC
2950000;510.85;512.35;PVC;PVC
2952000;508.01;509.51;PVC;PVC
2954000;508.53;510.02;PVC;PVC
2956000;510.88;512.37;PVC;PVC
2958000;510.68;512.18;PVC;PVC
2960000;509.79;511.28;PVC;PVC
2962000;509.59;511.09;PVC;PVC
2964000;510.11;511.61;PVC;PVC
2966000;509.60;511.10;PVC;PVC
2968000;509.21;510.71;PVC;PVC
2970000;510.20;511.70;PVC;PVC
2972000;511.25;512.75;PVC;PVC
2974000;511.63;513.13;PVC;PVC
2976000;510.54;512.04;PVC;PVC
2978000;508.54;510.04;PVC;PVC
2980000;511.18;512.68;PVC;PVC
2982000;510.19;511.69;PVC;PVC
2984000;511.70;513.19;PVC;PVC
2986000;513.43;514.93;PVC;PVC
2988000;512.08;513.58;PVC;PVC
2990000;512.76;514.26;PVC;PVC
2992000;510.79;512.29;PVC;PVC
2994000;509.82;511.32;PVC;PVC
2996000;511.17;512.67;PVC;PVC
2998000;509.80;511.30;PVC;PVC
3000000;511.56;513.06;PVC;PVC
3002000;511.44;512.94;PVC;PVC
3004000;509.66;511.16;PVC;PVC
3006000;512.88;514.38;PVC;PVC
3008000;510.26;511.76;PVC;PVC
3010000;509.81;511.31;PVC;PVC
3012000;512.62;514.12;PVC;PVC
3014000;510.71;512.21;PVC;PVC
3016000;511.51;513.01;PVC;PVC
3018000;509.53;511.03;PVC;PVC
3020000;509.31;510.81;PVC;PVC
3022000;509.21;510.71;PVC;PVC
3024000;510.44;511.94;PVC;PVC
3026000;510.35;511.84;PVC;PVC
3028000;510.60;512.10;PVC;PVC
3030000;509.94;511.44;PVC;PVC
3032000;512.37;513.87;PVC;PVC
3034000;511.12;512.62;PVC;PVC
3036000;509.96;511.46;PVC;PVC
3038000;510.49;511.98;PVC;PVC
3040000;512.05;513.55;PVC;PVC
3042000;509.98;511.48;PVC;PVC
3044000;511.71;513.21;PVC;PVC
3046000;509.80;511.29;PVC;PVC
3048000;510.41;511.91;PVC;PVC
3050000;511.54;513.03;PVC;PVC
3052000;511.01;512.51;PVC;PVC
3054000;509.49;510.99;PVC;PVC
3056000;508.64;510.13;PVC;PVC
3058000;511.04;512.53;PVC;PVC
3060000;508.29;509.78;PVC;PVC
3062000;511.54;513.03;PVC;PVC
3064000;511.37;512.86;PVC;PVC
3066000;510.08;511.57;PVC;PVC
3068000;507.72;509.22;PVC;PVC
3070000;510.14;511.63;PVC;PVC
3072000;511.43;512.92;PVC;PVC
3074000;510.64;512.13;PVC;PVC
3076000;512.59;514.08;PVC;PVC
3078000;512.42;513.91;PVC;PVC
3080000;511.53;513.02;PVC;PVC
3082000;509.26;510.74;PVC;PVC
3084000;510.00;511.49;PVC;PVC
3086000;511.21;512.70;PVC;PVC
3088000;511.48;512.97;PVC;PVC
3090000;510.68;512.16;PVC;PVC
3092000;510.59;512.07;PVC;PVC
3094000;509.34;510.82;PVC;PVC
3096000;508.81;510.29;PVC;PVC
3098000;510.08;511.56;PVC;PVC
3100000;512.40;513.88;PVC;PVC
3102000;509.25;510.73;PVC;PVC
3104000;511.54;513.02;PVC;PVC
3106000;510.10;511.58;PVC;PVC
3108000;510.78;512.26;PVC;PVC
3110000;510.28;511.76;PVC;PVC
3112000;511.84;513.31;PVC;PVC
3114000;510.24;511.71;PVC;PVC
3116000;507.98;509.46;PVC;PVC
3118000;510.71;512.19;PVC;PVC
3120000;510.00;511.47;PVC;PVC
3122000;508.58;510.05;PVC;PVC
3124000;507.86;509.33;PVC;PVC
3126000;510.32;511.79;PVC;PVC
3128000;510.64;512.10;PVC;PVC
3130000;511.17;512.64;PVC;PVC
3132000;509.24;510.71;PVC;PVC
3134000;509.66;511.13;PVC;PVC
3136000;511.55;513.02;PVC;PVC
3138000;510.63;512.10;PVC;PVC
3140000;510.27;511.74;PVC;PVC
3142000;509.42;510.88;PVC;PVC
3144000;510.10;511.57;PVC;PVC
3146000;511.44;512.90;PVC;PVC
3148000;509.66;511.12;PVC;PVC
3150000;511.25;512.71;PVC;PVC
3152000;510.91;512.37;PVC;PVC
3154000;509.74;511.20;PVC;PVC
3156000;511.43;512.89;PVC;PVC
3158000;510.15;511.60;PVC;PVC
3160000;510.33;511.78;PVC;PVC
3162000;512.74;514.19;PVC;PVC
3164000;510.66;512.11;PVC;PVC
3166000;510.06;511.51;PVC;PVC
3168000;506.99;508.44;PVC;PVC
3170000;510.54;511.99;PVC;PVC
3172000;512.71;514.15;PVC;PVC
3174000;509.68;511.13;PVC;PVC
3176000;510.35;511.79;PVC;PVC
3178000;512.18;513.62;PVC;PVC
3180000;511.29;512.73;PVC;PVC
3182000;508.65;510.09;PVC;PVC
3184000;511.55;512.98;PVC;PVC
3186000;508.70;510.13;PVC;PVC
3188000;509.00;510.43;PVC;PVC
3190000;509.62;511.05;PVC;PVC
3192000;513.12;514.55;PVC;PVC
3194000;511.22;512.65;PVC;PVC
3196000;510.01;511.44;PVC;PVC
3198000;509.52;510.95;PVC;PVC
3200000;512.94;514.37;PVC;PVC
3202000;509.73;511.15;PVC;PVC
3204000;512.98;514.41;PVC;PVC
3206000;512.04;513.46;PVC;PVC
3208000;509.55;510.97;PVC;PVC
3210000;512.10;513.52;PVC;PVC
3212000;509.26;510.68;PVC;PVC
3214000;509.73;511.15;PVC;PVC
3216000;510.82;512.23;PVC;PVC
3218000;509.19;510.61;PVC;PVC
3220000;511.75;513.16;PVC;PVC
3222000;509.17;510.58;PVC;PVC
3224000;508.76;510.17;PVC;PVC
3226000;510.51;511.92;PVC;PVC
3228000;510.40;511.80;PVC;PVC
3230000;509.87;511.27;PVC;PVC
3232000;511.24;512.64;PVC;PVC
3234000;511.06;512.46;PVC;PVC
3236000;512.05;513.45;PVC;PVC
3238000;509.34;510.74;PVC;PVC
3240000;512.15;513.54;PVC;PVC
3242000;509.83;511.22;PVC;PVC
3244000;511.13;512.52;PVC;PVC
3246000;509.75;511.14;PVC;PVC
3248000;512.40;513.79;PVC;PVC
3250000;508.50;509.89;PVC;PVC
3252000;510.04;511.42;PVC;PVC
3254000;509.64;511.02;PVC;PVC
3256000;510.97;512.35;PVC;PVC
3258000;512.29;513.67;PVC;PVC
3260000;510.45;511.82;PVC;PVC
3262000;510.66;512.04;PVC;PVC
3264000;510.71;512.08;PVC;PVC
3266000;510.29;511.66;PVC;PVC
3268000;509.52;510.89;PVC;PVC
3270000;512.30;513.66;PVC;PVC
3272000;512.03;513.39;PVC;PVC
3274000;509.72;511.09;PVC;PVC
3276000;511.24;512.60;PVC;PVC
3278000;512.00;513.36;PVC;PVC
3280000;510.65;512.00;PVC;PVC
3282000;510.00;511.35;PVC;PVC
3284000;511.70;513.06;PVC;PVC
3286000;508.32;509.67;PVC;PVC
3288000;512.40;513.75;PVC;PVC
3290000;511.05;512.40;PVC;PVC
3292000;510.87;512.22;PVC;PVC
3294000;511.25;512.59;PVC;PVC
3296000;511.68;513.02;PVC;PVC
3298000;509.66;511.00;PVC;PVC
3300000;510.83;512.17;PVC;PVC
3302000;512.47;513.80;PVC;PVC
3304000;510.50;511.83;PVC;PVC
3306000;509.80;511.13;PVC;PVC
3308000;511.69;513.02;PVC;PVC
3310000;510.70;512.02;PVC;PVC
3312000;509.93;511.26;PVC;PVC
3314000;510.73;512.05;PVC;PVC
3316000;509.93;511.25;PVC;PVC
3318000;510.54;511.85;PVC;PVC
3320000;507.49;508.80;PVC;PVC
3322000;510.59;511.90;PVC;PVC
3324000;511.16;512.47;PVC;PVC
3326000;510.27;511.58;PVC;PVC
3328000;511.03;512.34;PVC;PVC
3330000;509.53;510.83;PVC;PVC
3332000;510.74;512.04;PVC;PVC
3334000;511.41;512.71;PVC;PVC
3336000;510.79;512.08;PVC;PVC
3338000;509.40;510.69;PVC;PVC
3340000;512.00;513.29;PVC;PVC
3342000;510.29;511.58;PVC;PVC
3344000;507.77;509.06;PVC;PVC
3346000;511.61;512.90;PVC;PVC
3348000;511.09;512.37;PVC;PVC
3350000;508.95;510.23;PVC;PVC
3352000;510.82;512.10;PVC;PVC
3354000;510.45;511.73;PVC;PVC
3356000;508.90;510.17;PVC;PVC
3358000;509.31;510.58;PVC;PVC
3360000;510.08;511.35;PVC;PVC
3362000;511.74;513.00;PVC;PVC
3364000;511.08;512.34;PVC;PVC
3366000;512.38;513.64;PVC;PVC
3368000;507.88;509.13;PVC;PVC
3370000;510.70;511.95;PVC;PVC
3372000;512.67;513.92;PVC;PVC
3374000;511.35;512.60;PVC;PVC
3376000;512.07;513.32;PVC;PVC
3378000;511.20;512.44;PVC;PVC
3380000;511.58;512.82;PVC;PVC
3382000;510.26;511.50;PVC;PVC
3384000;508.39;509.63;PVC;PVC
3386000;510.83;512.06;PVC;PVC
3388000;511.80;513.03;PVC;PVC
3390000;510.15;511.38;PVC;PVC
3392000;512.37;513.59;PVC;PVC
3394000;510.01;511.23;PVC;PVC
3396000;510.94;512.16;PVC;PVC
3398000;511.71;512.93;PVC;PVC
3400000;510.52;511.73;PVC;PVC
3402000;510.85;512.06;PVC;PVC
3404000;509.17;510.38;PVC;PVC
3406000;510.78;511.99;PVC;PVC
3408000;510.62;511.82;PVC;PVC
3410000;512.12;513.32;PVC;PVC
3412000;512.47;513.66;PVC;PVC
3414000;509.26;510.45;PVC;PVC
3416000;511.73;512.92;PVC;PVC
3418000;510.40;511.59;PVC;PVC
3420000;510.93;512.11;PVC;PVC
3422000;512.51;513.69;PVC;PVC
3424000;511.46;512.64;PVC;PVC
3426000;508.84;510.01;PVC;PVC
3428000;511.26;512.44;PVC;PVC
3430000;511.80;512.98;PVC;PVC
3432000;510.54;511.71;PVC;PVC
3434000;512.90;514.07;PVC;PVC
3436000;510.42;511.59;PVC;PVC
3438000;511.69;512.85;PVC;PVC
3440000;509.82;510.97;PVC;PVC
3442000;510.92;512.07;PVC;PVC
3444000;510.93;512.08;PVC;PVC
3446000;511.11;512.26;PVC;PVC
3448000;511.69;512.83;PVC;PVC
3450000;509.72;510.86;PVC;PVC
3452000;511.45;512.59;PVC;PVC
3454000;509.99;511.12;PVC;PVC
3456000;512.27;513.40;PVC;PVC
3458000;510.41;511.54;PVC;PVC
3460000;510.83;511.96;PVC;PVC
3462000;510.81;511.94;PVC;PVC
3464000;511.26;512.38;PVC;PVC
3466000;511.93;513.04;PVC;PVC
3468000;510.72;511.84;PVC;PVC
3470000;511.40;512.51;PVC;PVC
3472000;509.67;510.77;PVC;PVC
3474000;511.11;512.22;PVC;PVC
3476000;512.46;513.56;PVC;PVC
3478000;511.01;512.11;PVC;PVC
3480000;510.51;511.61;PVC;PVC
3482000;511.97;513.06;PVC;PVC
3484000;512.00;513.09;PVC;PVC
3486000;511.57;512.66;PVC;PVC
3488000;510.77;511.85;PVC;PVC
3490000;511.54;512.62;PVC;PVC
3492000;510.23;511.30;PVC;PVC
3494000;510.44;511.51;PVC;PVC
3496000;510.63;511.70;PVC;PVC
3498000;511.36;512.42;PVC;PVC
3500000;511.08;512.14;PVC;PVC
3502000;510.35;511.41;PVC;PVC
3504000;510.32;511.37;PVC;PVC
3506000;512.00;513.05;PVC;PVC
3508000;510.63;511.67;PVC;PVC
3510000;508.98;510.03;PVC;PVC
3512000;509.32;510.36;PVC;PVC
3514000;513.30;514.33;PVC;PVC
3516000;511.14;512.17;PVC;PVC
3518000;513.00;514.03;PVC;PVC
3520000;509.42;510.45;PVC;PVC
3522000;510.24;511.26;PVC;PVC
3524000;512.26;513.28;PVC;PVC
3526000;510.55;511.56;PVC;PVC
3528000;511.22;512.23;PVC;PVC
3530000;511.13;512.14;PVC;PVC
3532000;510.39;511.40;PVC;PVC
3534000;513.20;514.20;PVC;PVC
3536000;510.42;511.42;PVC;PVC
3538000;511.67;512.67;PVC;PVC
3540000;512.35;513.35;PVC;PVC
3542000;510.60;511.59;PVC;PVC
3544000;511.88;512.86;PVC;PVC
3546000;510.60;511.58;PVC;PVC
3548000;511.10;512.08;PVC;PVC
3550000;510.67;511.65;PVC;PVC
3552000;511.49;512.46;PVC;PVC
3554000;510.79;511.76;PVC;PVC
3556000;509.75;510.71;PVC;PVC
3558000;511.79;512.75;PVC;PVC
3560000;510.05;511.01;PVC;PVC
3562000;509.31;510.26;PVC;PVC
3564000;512.35;513.30;PVC;PVC
3566000;508.71;509.65;PVC;PVC
3568000;509.60;510.54;PVC;PVC
3570000;510.05;510.99;PVC;PVC
3572000;510.55;511.49;PVC;PVC
3574000;511.64;512.57;PVC;PVC
3576000;509.19;510.12;PVC;PVC
3578000;514.67;515.59;PVC;PVC
3580000;511.55;512.46;PVC;PVC
3582000;510.35;511.27;PVC;PVC
3584000;509.63;510.54;PVC;PVC
3586000;510.71;511.62;PVC;PVC
3588000;511.00;511.91;PVC;PVC
3590000;511.98;512.88;PVC;PVC
3592000;510.29;511.19;PVC;PVC
3594000;509.31;510.20;PVC;PVC
3596000;509.81;510.70;PVC;PVC
3598000;511.57;512.46;PVC;PVC
3600000;510.75;511.63;PVC;PVC
3602000;511.66;512.54;PVC;PVC
3604000;511.44;512.31;PVC;PVC
3606000;511.74;512.61;PVC;PVC
3608000;514.09;514.96;PVC;PVC
3610000;514.15;515.01;PVC;PVC
3612000;510.23;511.09;PVC;PVC
3614000;508.08;508.94;PVC;PVC
3616000;511.01;511.86;PVC;PVC
3618000;510.66;511.51;PVC;PVC
3620000;511.50;512.34;PVC;PVC
3622000;511.92;512.76;PVC;PVC
3624000;510.80;511.63;PVC;PVC
3626000;511.87;512.70;PVC;PVC
3628000;510.58;511.41;PVC;PVC
3630000;509.60;510.42;PVC;PVC
3632000;510.17;510.99;PVC;PVC
3634000;510.94;511.76;PVC;PVC
3636000;511.02;511.83;PVC;PVC
3638000;509.92;510.72;PVC;PVC
3640000;512.19;512.99;PVC;PVC
3642000;508.56;509.36;PVC;PVC
3644000;514.58;515.38;PVC;PVC
3646000;510.02;510.81;PVC;PVC
3648000;511.99;512.78;PVC;PVC
3650000;512.87;513.65;PVC;PVC
3652000;512.07;512.85;PVC;PVC
3654000;512.93;513.70;PVC;PVC
3656000;509.97;510.74;PVC;PVC
3658000;512.03;512.79;PVC;PVC
3660000;511.48;512.24;PVC;PVC
3662000;513.71;514.47;PVC;PVC
3664000;510.29;511.04;PVC;PVC
3666000;512.18;512.93;PVC;PVC
3668000;511.80;512.55;PVC;PVC
3670000;512.02;512.76;PVC;PVC
3672000;512.38;513.12;PVC;PVC
3674000;509.48;510.22;PVC;PVC
3676000;510.03;510.77;PVC;PVC
3678000;510.64;511.37;PVC;PVC
3680000;512.14;512.86;PVC;PVC
3682000;510.10;510.82;PVC;PVC
3684000;510.49;511.21;PVC;PVC
3686000;511.23;511.94;PVC;PVC
3688000;512.64;513.35;PVC;PVC
3690000;512.06;512.76;PVC;PVC
3692000;509.01;509.71;PVC;PVC
3694000;511.72;512.41;PVC;PVC
3696000;512.30;512.99;PVC;PVC
3698000;512.23;512.92;PVC;PVC
3700000;512.35;513.03;PVC;PVC
3702000;511.44;512.12;PVC;PVC
3704000;511.93;512.60;PVC;PVC
3706000;509.75;510.42;PVC;PVC
3708000;511.18;511.84;PVC;PVC
3710000;511.02;511.68;PVC;PVC
3712000;510.36;511.02;PVC;PVC
3714000;511.64;512.29;PVC;PVC
3716000;512.05;512.70;PVC;PVC
3718000;511.71;512.35;PVC;PVC
3720000;510.45;511.09;PVC;PVC
3722000;511.11;511.75;PVC;PVC
3724000;510.11;510.74;PVC;PVC
3726000;512.90;513.52;PVC;PVC
3728000;512.57;513.19;PVC;PVC
3730000;514.00;514.62;PVC;PVC
3732000;512.93;513.54;PVC;PVC
3734000;509.86;510.47;PVC;PVC
3736000;511.88;512.49;PVC;PVC
3738000;512.33;512.93;PVC;PVC
3740000;511.23;511.83;PVC;PVC
3742000;512.82;513.41;PVC;PVC
3744000;511.69;512.28;PVC;PVC
3746000;511.65;512.23;PVC;PVC
3748000;511.05;511.63;PVC;PVC
3750000;510.63;511.21;PVC;PVC
3752000;512.40;512.97;PVC;PVC
3754000;511.38;511.95;PVC;PVC
3756000;511.08;511.64;PVC;PVC
3758000;511.03;511.59;PVC;PVC
3760000;511.95;512.50;PVC;PVC
3762000;510.03;510.58;PVC;PVC
3764000;512.93;513.48;PVC;PVC
3766000;510.11;510.65;PVC;PVC
3768000;511.05;511.58;PVC;PVC
3770000;510.30;510.83;PVC;PVC
3772000;508.96;509.48;PVC;PVC
3774000;510.15;510.68;PVC;PVC
3776000;511.29;511.81;PVC;PVC
3778000;511.81;512.33;PVC;PVC
3780000;510.76;511.27;PVC;PVC
3782000;510.68;511.18;PVC;PVC
3784000;512.64;513.14;PVC;PVC
3786000;511.23;511.72;PVC;PVC
3788000;509.84;510.33;PVC;PVC
3790000;508.86;509.35;PVC;PVC
3792000;509.27;509.76;PVC;PVC
3794000;512.08;512.55;PVC;PVC
3796000;512.61;513.08;PVC;PVC
3798000;510.30;510.77;PVC;PVC
3800000;513.28;513.74;PVC;PVC
3802000;513.43;513.89;PVC;PVC
3804000;510.65;511.11;PVC;PVC
3806000;510.72;511.17;PVC;PVC
3808000;511.18;511.63;PVC;PVC
3810000;512.35;512.79;PVC;PVC
3812000;511.21;511.65;PVC;PVC
3814000;512.53;512.96;PVC;PVC
3816000;512.23;512.65;PVC;PVC
3818000;510.29;510.72;PVC;PVC
3820000;511.04;511.46;PVC;PVC
3822000;510.14;510.55;PVC;PVC
3824000;511.46;511.87;PVC;PVC
3826000;511.43;511.84;PVC;PVC
3828000;512.41;512.81;PVC;PVC
3830000;511.77;512.17;PVC;PVC
3832000;509.45;509.84;PVC;PVC
3834000;512.62;513.01;PVC;PVC
3836000;512.89;513.27;PVC;PVC
3838000;510.72;511.10;PVC;PVC
3840000;511.36;511.73;PVC;PVC
3842000;510.68;511.05;PVC;PVC
3844000;512.95;513.31;PVC;PVC
3846000;511.87;512.23;PVC;PVC
3848000;511.31;511.67;PVC;PVC
3850000;511.41;511.76;PVC;PVC
3852000;512.63;512.98;PVC;PVC
3854000;512.62;512.96;PVC;PVC
3856000;510.64;510.98;PVC;PVC
3858000;510.07;510.40;PVC;PVC
3860000;513.97;514.29;PVC;PVC
3862000;512.49;512.81;PVC;PVC
3864000;510.79;511.11;PVC;PVC
3866000;512.46;512.78;PVC;PVC
3868000;511.62;511.93;PVC;PVC
3870000;512.02;512.32;PVC;PVC
3872000;513.07;513.37;PVC;PVC
3874000;511.11;511.41;PVC;PVC
3876000;511.84;512.13;PVC;PVC
3878000;514.41;514.69;PVC;PVC
3880000;510.93;511.22;PVC;PVC
3882000;511.07;511.35;PVC;PVC
3884000;511.21;511.48;PVC;PVC
3886000;513.62;513.89;PVC;PVC
3888000;510.48;510.75;PVC;PVC
3890000;513.32;513.58;PVC;PVC
3892000;510.57;510.82;PVC;PVC
3894000;512.54;512.79;PVC;PVC
3896000;511.99;512.24;PVC;PVC
3898000;509.31;509.55;PVC;PVC
3900000;511.47;511.71;PVC;PVC
3902000;510.90;511.13;PVC;PVC
3904000;509.65;509.87;PVC;PVC
3906000;512.43;512.65;PVC;PVC
3908000;512.46;512.67;PVC;PVC
3910000;513.19;513.40;PVC;PVC
3912000;510.39;510.60;PVC;PVC
3914000;513.03;513.23;PVC;PVC
3916000;510.67;510.87;PVC;PVC
3918000;511.97;512.16;PVC;PVC
3920000;511.79;511.98;PVC;PVC
3922000;510.44;510.62;PVC;PVC
3924000;513.26;513.44;PVC;PVC
3926000;511.25;511.42;PVC;PVC
3928000;511.75;511.92;PVC;PVC
3930000;512.57;512.73;PVC;PVC
3932000;513.66;513.82;PVC;PVC
3934000;509.46;509.61;PVC;PVC
3936000;511.91;512.06;PVC;PVC
3938000;510.06;510.21;PVC;PVC
3940000;510.77;510.92;PVC;PVC
3942000;512.05;512.19;PVC;PVC
3944000;513.44;513.57;PVC;PVC
3946000;514.30;514.43;PVC;PVC
3948000;512.09;512.21;PVC;PVC
3950000;510.00;510.11;PVC;PVC
3952000;511.40;511.52;PVC;PVC
3954000;511.28;511.39;PVC;PVC
3956000;511.25;511.36;PVC;PVC
3958000;512.92;513.02;PVC;PVC
3960000;510.77;510.86;PVC;PVC
3962000;510.43;510.52;PVC;PVC
3964000;512.52;512.61;PVC;PVC
3966000;513.14;513.22;PVC;PVC
3968000;513.33;513.40;PVC;PVC
3970000;511.26;511.33;PVC;PVC
3972000;512.36;512.42;PVC;PVC
3974000;509.42;509.48;PVC;PVC
3976000;511.37;511.43;PVC;PVC
3978000;511.31;511.37;PVC;PVC
3980000;510.23;510.28;PVC;PVC
3982000;511.71;511.76;PVC;PVC
3984000;511.19;511.23;PVC;PVC
3986000;513.41;513.45;PVC;PVC
3988000;512.05;512.08;PVC;PVC
3990000;511.48;511.51;PVC;PVC
3992000;509.51;509.53;PVC;PVC
3994000;514.22;514.24;PVC;PVC
3996000;510.02;510.03;PVC;PVC
3998000;513.95;513.95;PVC;PVC
4000000;511.48;511.48;PVC;PVC
4002000;509.80;509.79;PVC;PVC
4004000;512.97;512.96;PVC;PVC
4006000;511.47;511.46;PVC;PVC
4008000;512.80;512.78;PVC;PVC
4010000;512.05;512.02;PVC;PVC
4012000;511.34;511.31;PVC;PVC
4014000;512.44;512.40;PVC;PVC
4016000;513.19;513.15;PVC;PVC
4018000;512.21;512.17;PVC;PVC
4020000;511.73;511.69;PVC;PVC
4022000;511.68;511.63;PVC;PVC
4024000;511.77;511.71;PVC;PVC
4026000;512.34;512.28;PVC;PVC
4028000;510.13;510.07;PVC;PVC
4030000;512.32;512.24;PVC;PVC
4032000;511.48;511.41;PVC;PVC
4034000;512.89;512.81;PVC;PVC
4036000;512.42;512.34;PVC;PVC
4038000;511.04;510.95;PVC;PVC
4040000;512.13;512.03;PVC;PVC
4042000;513.54;513.44;PVC;PVC
4044000;513.27;513.17;PVC;PVC
4046000;512.78;512.67;PVC;PVC
4048000;511.51;511.39;PVC;PVC
4050000;512.19;512.07;PVC;PVC
4052000;511.78;511.66;PVC;PVC
4054000;511.67;511.54;PVC;PVC
4056000;511.77;511.64;PVC;PVC
4058000;509.94;509.80;PVC;PVC
4060000;512.20;512.06;PVC;PVC
4062000;512.09;511.95;PVC;PVC
4064000;510.15;510.00;PVC;PVC
4066000;512.82;512.67;PVC;PVC
4068000;512.93;512.77;PVC;PVC
4070000;511.72;511.56;PVC;PVC
4072000;513.46;513.29;PVC;PVC
4074000;513.96;513.79;PVC;PVC
4076000;512.70;512.53;PVC;PVC
4078000;509.67;509.49;PVC;PVC
4080000;513.36;513.17;PVC;PVC
4082000;509.97;509.78;PVC;PVC
4084000;512.35;512.15;PVC;PVC
4086000;512.62;512.42;PVC;PVC
4088000;511.45;511.24;PVC;PVC
4090000;513.32;513.11;PVC;PVC
4092000;514.11;513.89;PVC;PVC
4094000;514.28;514.06;PVC;PVC
4096000;512.93;512.71;PVC;PVC
4098000;513.99;513.76;PVC;PVC
4100000;512.33;512.09;PVC;PVC
4102000;515.50;515.26;PVC;PVC
4104000;512.48;512.23;PVC;PVC
4106000;513.32;513.07;PVC;PVC
4108000;513.29;513.04;PVC;PVC
4110000;513.24;512.98;PVC;PVC
4112000;512.28;512.02;PVC;PVC
4114000;513.85;513.58;PVC;PVC
4116000;513.14;512.87;PVC;PVC
4118000;510.53;510.26;PVC;PVC
4120000;512.46;512.18;PVC;PVC
4122000;512.92;512.63;PVC;PVC
4124000;511.08;510.79;PVC;PVC
4126000;513.60;513.30;PVC;PVC
4128000;511.20;510.90;PVC;PVC
4130000;511.82;511.51;PVC;PVC
4132000;515.44;515.14;PVC;PVC
4134000;511.46;511.15;PVC;PVC
4136000;511.26;510.95;PVC;PVC
4138000;511.48;511.15;PVC;PVC
4140000;513.01;512.68;PVC;PVC
4142000;512.14;511.81;PVC;PVC
4144000;513.06;512.72;PVC;PVC
4146000;511.96;511.62;PVC;PVC
4148000;512.24;511.89;PVC;PVC
4150000;512.10;511.75;PVC;PVC
4152000;513.94;513.59;PVC;PVC
4154000;513.29;512.93;PVC;PVC
4156000;514.65;514.28;PVC;PVC
4158000;511.36;510.99;PVC;PVC
4160000;512.53;512.16;PVC;PVC
4162000;511.46;511.08;PVC;PVC
4164000;512.82;512.43;PVC;PVC
4166000;510.67;510.28;PVC;PVC
4168000;513.73;513.34;PVC;PVC
4170000;513.00;512.61;PVC;PVC
4172000;512.88;512.47;PVC;PVC
4174000;511.76;511.36;PVC;PVC
4176000;514.46;514.05;PVC;PVC
4178000;510.35;509.94;PVC;PVC
4180000;513.65;513.23;PVC;PVC
4182000;514.72;514.30;PVC;PVC
4184000;512.71;512.28;PVC;PVC
4186000;511.26;510.83;PVC;PVC
4188000;512.92;512.48;PVC;PVC
4190000;512.81;512.37;PVC;PVC
4192000;511.74;511.30;PVC;PVC
4194000;513.93;513.48;PVC;PVC
4196000;509.77;509.32;PVC;PVC
4198000;513.05;512.60;PVC;PVC
4200000;511.78;511.32;PVC;PVC
4202000;511.48;511.01;PVC;PVC
4204000;513.77;513.29;PVC;PVC
4206000;512.31;511.83;PVC;PVC
4208000;511.00;510.52;PVC;PVC
4210000;511.70;511.21;PVC;PVC
4212000;512.58;512.09;PVC;PVC
4214000;512.12;511.63;PVC;PVC
4216000;509.10;508.60;PVC;PVC
4218000;514.47;513.96;PVC;PVC
4220000;511.65;511.14;PVC;PVC
4222000;511.89;511.37;PVC;PVC
4224000;511.25;510.73;PVC;PVC
4226000;513.08;512.56;PVC;PVC
4228000;512.29;511.77;PVC;PVC
4230000;512.16;511.63;PVC;PVC
4232000;510.99;510.46;PVC;PVC
4234000;513.00;512.46;PVC;PVC
4236000;511.78;511.24;PVC;PVC
4238000;512.08;511.53;PVC;PVC
4240000;513.21;512.66;PVC;PVC
4242000;512.40;511.84;PVC;PVC
4244000;514.99;514.43;PVC;PVC
4246000;512.83;512.27;PVC;PVC
4248000;512.73;512.16;PVC;PVC
4250000;513.04;512.47;PVC;PVC
4252000;512.38;511.80;PVC;PVC
4254000;512.28;511.70;PVC;PVC
4256000;511.31;510.72;PVC;PVC
4258000;511.39;510.80;PVC;PVC
4260000;512.87;512.28;PVC;PVC
4262000;510.68;510.08;PVC;PVC
4264000;513.06;512.45;PVC;PVC
4266000;514.03;513.42;PVC;PVC
4268000;513.14;512.53;PVC;PVC
4270000;513.01;512.39;PVC;PVC
4272000;512.88;512.26;PVC;PVC
4274000;512.75;512.13;PVC;PVC
4276000;511.60;510.97;PVC;PVC
4278000;512.24;511.60;PVC;PVC
4280000;512.98;512.34;PVC;PVC
4282000;513.64;513.00;PVC;PVC
4284000;513.09;512.44;PVC;PVC
4286000;513.31;512.66;PVC;PVC
4288000;512.01;511.36;PVC;PVC
4290000;514.07;513.41;PVC;PVC
4292000;514.65;513.98;PVC;PVC
4294000;513.83;513.17;PVC;PVC
4296000;511.11;510.43;PVC;PVC
4298000;512.03;511.35;PVC;PVC
4300000;512.13;511.45;PVC;PVC
4302000;513.82;513.14;PVC;PVC
4304000;510.05;509.37;PVC;PVC
4306000;515.06;514.36;PVC;PVC
4308000;513.16;512.46;PVC;PVC
4310000;512.06;511.35;PVC;PVC
4312000;513.18;512.47;PVC;PVC
4314000;513.11;512.40;PVC;PVC
4316000;513.07;512.36;PVC;PVC
4318000;514.11;513.40;PVC;PVC
4320000;512.58;511.86;PVC;PVC
4322000;511.96;511.23;PVC;PVC
4324000;511.22;510.49;PVC;PVC
4326000;511.52;510.79;PVC;PVC
4328000;513.40;512.66;PVC;PVC
4330000;512.21;511.46;PVC;PVC
4332000;513.35;512.60;PVC;PVC
4334000;512.86;512.11;PVC;PVC
4336000;512.78;512.03;PVC;PVC
4338000;511.81;511.05;PVC;PVC
4340000;513.85;513.08;PVC;PVC
4342000;510.84;510.08;PVC;PVC
4344000;514.03;513.26;PVC;PVC
4346000;513.68;512.91;PVC;PVC
4348000;512.90;512.12;PVC;PVC
4350000;510.31;509.52;PVC;PVC
4352000;512.78;511.99;PVC;PVC
4354000;513.94;513.15;PVC;PVC
4356000;510.41;509.62;PVC;PVC
4358000;514.06;513.26;PVC;PVC
4360000;513.56;512.76;PVC;PVC
4362000;513.94;513.13;PVC;PVC
4364000;513.43;512.62;PVC;PVC
4366000;515.13;514.32;PVC;PVC
4368000;514.46;513.64;PVC;PVC
4370000;512.50;511.68;PVC;PVC
4372000;511.09;510.26;PVC;PVC
4374000;508.82;507.99;PVC;PVC
4376000;512.40;511.56;PVC;PVC
4378000;513.51;512.68;PVC;PVC
4380000;511.69;510.84;PVC;PVC
4382000;513.32;512.47;PVC;PVC
4384000;511.11;510.26;PVC;PVC
4386000;512.22;511.37;PVC;PVC
4388000;512.50;511.64;PVC;PVC
4390000;509.81;508.94;PVC;PVC
4392000;512.78;511.92;PVC;PVC
4394000;514.86;513.99;PVC;PVC
4396000;512.66;511.78;PVC;PVC
4398000;512.93;512.06;PVC;PVC
4400000;513.05;512.17;PVC;PVC
4402000;512.94;512.06;PVC;PVC
4404000;513.41;512.52;PVC;PVC
4406000;511.97;511.08;PVC;PVC
4408000;512.34;511.44;PVC;PVC
4410000;512.35;511.45;PVC;PVC
4412000;513.40;512.50;PVC;PVC
4414000;512.69;511.79;PVC;PVC
4416000;512.18;511.27;PVC;PVC
4418000;511.91;510.99;PVC;PVC
4420000;515.10;514.18;PVC;PVC
4422000;513.60;512.68;PVC;PVC
4424000;513.26;512.33;PVC;PVC
4426000;512.50;511.57;PVC;PVC
4428000;511.79;510.86;PVC;PVC
4430000;514.12;513.18;PVC;PVC
4432000;514.10;513.16;PVC;PVC
4434000;512.72;511.78;PVC;PVC
4436000;513.15;512.20;PVC;PVC
4438000;511.52;510.57;PVC;PVC
4440000;514.97;514.01;PVC;PVC
4442000;515.00;514.04;PVC;PVC
4444000;513.07;512.11;PVC;PVC
4446000;514.43;513.46;PVC;PVC
4448000;511.55;510.58;PVC;PVC
4450000;514.38;513.41;PVC;PVC
4452000;512.67;511.69;PVC;PVC
4454000;513.86;512.88;PVC;PVC
4456000;513.11;512.13;PVC;PVC
4458000;513.11;512.12;PVC;PVC
4460000;513.02;512.02;PVC;PVC
4462000;510.93;509.94;PVC;PVC
4464000;511.88;510.88;PVC;PVC
4466000;514.14;513.13;PVC;PVC
4468000;515.70;514.69;PVC;PVC
4470000;512.34;511.33;PVC;PVC
4472000;514.59;513.58;PVC;PVC
4474000;513.94;512.92;PVC;PVC
4476000;512.15;511.13;PVC;PVC
4478000;513.95;512.92;PVC;PVC
4480000;512.17;511.15;PVC;PVC
4482000;512.92;511.89;PVC;PVC
4484000;511.34;510.31;PVC;PVC
4486000;513.11;512.08;PVC;PVC
4488000;513.19;512.15;PVC;PVC
4490000;514.58;513.54;PVC;PVC
4492000;512.35;511.31;PVC;PVC
4494000;514.61;513.56;PVC;PVC
4496000;510.52;509.46;PVC;PVC
4498000;513.27;512.21;PVC;PVC
4500000;511.90;510.84;PVC;PVC
4502000;513.40;512.34;PVC;PVC
4504000;513.89;512.82;PVC;PVC
4506000;511.86;510.79;PVC;PVC
4508000;513.70;512.62;PVC;PVC
4510000;513.65;512.57;PVC;PVC
4512000;511.51;510.43;PVC;PVC
4514000;513.29;512.21;PVC;PVC
4516000;513.63;512.55;PVC;PVC
4518000;510.96;509.87;PVC;PVC
4520000;512.53;511.43;PVC;PVC
4522000;513.44;512.35;PVC;PVC
4524000;515.17;514.07;PVC;PVC
4526000;512.10;510.99;PVC;PVC
4528000;512.41;511.31;PVC;PVC
4530000;511.93;510.82;PVC;PVC
4532000;514.78;513.67;PVC;PVC
4534000;514.21;513.09;PVC;PVC
4536000;514.66;513.54;PVC;PVC
4538000;511.35;510.23;PVC;PVC
4540000;512.44;511.32;PVC;PVC
4542000;510.73;509.60;PVC;PVC
4544000;514.88;513.75;PVC;PVC
4546000;514.30;513.17;PVC;PVC
4548000;512.04;510.90;PVC;PVC
4550000;512.86;511.72;PVC;PVC
4552000;513.35;512.20;PVC;PVC
4554000;512.00;510.86;PVC;PVC
4556000;512.21;511.06;PVC;PVC
4558000;512.36;511.21;PVC;PVC
4560000;513.54;512.39;PVC;PVC
4562000;512.44;511.28;PVC;PVC
4564000;513.27;512.11;PVC;PVC
4566000;511.88;510.72;PVC;PVC
4568000;512.73;511.57;PVC;PVC
4570000;512.24;511.07;PVC;PVC
4572000;512.99;511.82;PVC;PVC
4574000;514.69;513.52;PVC;PVC
4576000;515.29;514.11;PVC;PVC
4578000;513.63;512.44;PVC;PVC
4580000;512.68;511.49;PVC;PVC
4582000;514.40;513.21;PVC;PVC
4584000;514.68;513.48;PVC;PVC
4586000;513.74;512.55;PVC;PVC
4588000;514.19;512.99;PVC;PVC
4590000;513.68;512.48;PVC;PVC
4592000;512.12;510.92;PVC;PVC
4594000;513.32;512.12;PVC;PVC
4596000;513.08;511.87;PVC;PVC
4598000;512.29;511.08;PVC;PVC
4600000;514.75;513.54;PVC;PVC
4602000;514.08;512.87;PVC;PVC
4604000;514.01;512.79;PVC;PVC
4606000;513.49;512.27;PVC;PVC
4608000;512.65;511.42;PVC;PVC
4610000;511.77;510.54;PVC;PVC
4612000;513.78;512.55;PVC;PVC
4614000;514.11;512.87;PVC;PVC
4616000;512.63;511.40;PVC;PVC
4618000;513.19;511.95;PVC;PVC
4620000;512.86;511.62;PVC;PVC
4622000;512.74;511.49;PVC;PVC
4624000;512.94;511.69;PVC;PVC
4626000;512.45;511.20;PVC;PVC
4628000;513.12;511.87;PVC;PVC
4630000;514.25;512.99;PVC;PVC
4632000;513.68;512.43;PVC;PVC
4634000;513.15;511.89;PVC;PVC
4636000;515.21;513.95;PVC;PVC
4638000;513.11;511.85;PVC;PVC
4640000;513.42;512.15;PVC;PVC
4642000;513.95;512.68;PVC;PVC
4644000;513.65;512.38;PVC;PVC
4646000;512.22;510.95;PVC;PVC
4648000;513.13;511.86;PVC;PVC
4650000;514.38;513.10;PVC;PVC
4652000;512.98;511.70;PVC;PVC
4654000;513.40;512.11;PVC;PVC
4656000;512.37;511.08;PVC;PVC
4658000;511.76;510.47;PVC;PVC
4660000;513.21;511.92;PVC;PVC
4662000;513.50;512.20;PVC;PVC
4664000;512.30;511.00;PVC;PVC
4666000;514.16;512.86;PVC;PVC
4668000;513.93;512.63;PVC;PVC
4670000;513.98;512.68;PVC;PVC
4672000;512.76;511.45;PVC;PVC
4674000;510.97;509.66;PVC;PVC
4676000;511.70;510.39;PVC;PVC
4678000;512.87;511.56;PVC;PVC
4680000;513.56;512.25;PVC;PVC
4682000;515.44;514.12;PVC;PVC
4684000;515.03;513.72;PVC;PVC
4686000;513.50;512.18;PVC;PVC
4688000;512.54;511.21;PVC;PVC
4690000;512.38;511.05;PVC;PVC
4692000;512.70;511.37;PVC;PVC
4694000;515.24;513.91;PVC;PVC
4696000;511.64;510.30;PVC;PVC
4698000;514.02;512.68;PVC;PVC
4700000;513.68;512.34;PVC;PVC
4702000;513.75;512.41;PVC;PVC
4704000;513.78;512.44;PVC;PVC
4706000;513.15;511.81;PVC;PVC
4708000;514.07;512.73;PVC;PVC
4710000;513.33;511.99;PVC;PVC
4712000;513.85;512.51;PVC;PVC
4714000;514.30;512.95;PVC;PVC
4716000;513.48;512.12;PVC;PVC
4718000;515.04;513.68;PVC;PVC
4720000;513.47;512.11;PVC;PVC
4722000;513.43;512.08;PVC;PVC
4724000;513.06;511.69;PVC;PVC
4726000;511.92;510.56;PVC;PVC
4728000;514.52;513.16;PVC;PVC
4730000;514.89;513.52;PVC;PVC
4732000;513.36;511.99;PVC;PVC
4734000;512.48;511.11;PVC;PVC
4736000;514.26;512.88;PVC;PVC
4738000;512.42;511.04;PVC;PVC
4740000;512.68;511.31;PVC;PVC
4742000;513.48;512.10;PVC;PVC
4744000;512.94;511.56;PVC;PVC
4746000;512.68;511.30;PVC;PVC
4748000;512.29;510.91;PVC;PVC
4750000;512.62;511.23;PVC;PVC
4752000;514.20;512.81;PVC;PVC
4754000;513.04;511.65;PVC;PVC
4756000;511.62;510.23;PVC;PVC
4758000;513.32;511.93;PVC;PVC
4760000;514.84;513.44;PVC;PVC
4762000;514.68;513.28;PVC;PVC
4764000;514.32;512.92;PVC;PVC
4766000;513.57;512.17;PVC;PVC
4768000;516.24;514.83;PVC;PVC
4770000;513.53;512.12;PVC;PVC
4772000;514.13;512.73;PVC;PVC
4774000;514.72;513.31;PVC;PVC
4776000;513.14;511.74;PVC;PVC
4778000;510.86;509.45;PVC;PVC
4780000;514.00;512.59;PVC;PVC
4782000;513.62;512.21;PVC;PVC
4784000;513.08;511.66;PVC;PVC
4786000;515.25;513.83;PVC;PVC
4788000;516.10;514.68;PVC;PVC
4790000;514.64;513.22;PVC;PVC
4792000;513.21;511.79;PVC;PVC
4794000;513.76;512.34;PVC;PVC
4796000;513.74;512.31;PVC;PVC
4798000;513.46;512.04;PVC;PVC
4800000;512.94;511.51;PVC;PVC
4802000;515.59;514.16;PVC;PVC
4804000;513.25;511.82;PVC;PVC
4806000;513.94;512.51;PVC;PVC
4808000;514.64;513.20;PVC;PVC
4810000;511.16;509.72;PVC;PVC
4812000;511.57;510.13;PVC;PVC
4814000;514.11;512.67;PVC;PVC
4816000;513.69;512.25;PVC;PVC
4818000;513.53;512.10;PVC;PVC
4820000;513.86;512.42;PVC;PVC
4822000;514.22;512.78;PVC;PVC
4824000;512.45;511.01;PVC;PVC
4826000;513.98;512.54;PVC;PVC
4828000;511.48;510.04;PVC;PVC
4830000;513.74;512.29;PVC;PVC
4832000;512.62;511.17;PVC;PVC
4834000;513.28;511.83;PVC;PVC
4836000;512.18;510.73;PVC;PVC
4838000;513.15;511.70;PVC;PVC
4840000;513.62;512.17;PVC;PVC
4842000;511.79;510.33;PVC;PVC
4844000;511.73;510.28;PVC;PVC
4846000;513.19;511.74;PVC;PVC
4848000;512.06;510.61;PVC;PVC
4850000;512.81;511.35;PVC;PVC
4852000;513.71;512.25;PVC;PVC
4854000;514.62;513.16;PVC;PVC
4856000;513.24;511.78;PVC;PVC
4858000;513.15;511.69;PVC;PVC
4860000;512.73;511.26;PVC;PVC
4862000;513.43;511.97;PVC;PVC
4864000;512.57;511.11;PVC;PVC
4866000;514.65;513.19;PVC;PVC
4868000;513.03;511.56;PVC;PVC
4870000;512.73;511.27;PVC;PVC
4872000;513.68;512.21;PVC;PVC
4874000;514.67;513.20;PVC;PVC
4876000;513.39;511.92;PVC;PVC
4878000;514.50;513.03;PVC;PVC
4880000;512.36;510.89;PVC;PVC
4882000;513.21;511.73;PVC;PVC
4884000;515.96;514.48;PVC;PVC
4886000;513.57;512.10;PVC;PVC
4888000;511.95;510.48;PVC;PVC
4890000;513.88;512.40;PVC;PVC
4892000;513.41;511.93;PVC;PVC
4894000;513.28;511.80;PVC;PVC
4896000;515.49;514.01;PVC;PVC
4898000;512.83;511.35;PVC;PVC
4900000;515.10;513.62;PVC;PVC
4902000;512.39;510.91;PVC;PVC
4904000;513.49;512.01;PVC;PVC
4906000;512.27;510.78;PVC;PVC
4908000;513.80;512.31;PVC;PVC
4910000;514.43;512.94;PVC;PVC
4912000;513.42;511.93;PVC;PVC
4914000;512.29;510.80;PVC;PVC
4916000;514.80;513.31;PVC;PVC
4918000;513.08;511.59;PVC;PVC
4920000;513.17;511.68;PVC;PVC
4922000;511.43;509.94;PVC;PVC
4924000;514.54;513.05;PVC;PVC
4926000;514.51;513.02;PVC;PVC
4928000;514.08;512.59;PVC;PVC
4930000;512.55;511.06;PVC;PVC
4932000;515.23;513.73;PVC;PVC
4934000;511.88;510.39;PVC;PVC
4936000;513.67;512.18;PVC;PVC
4938000;513.95;512.46;PVC;PVC
4940000;514.72;513.22;PVC;PVC
4942000;512.86;511.36;PVC;PVC
4944000;513.67;512.18;PVC;PVC
4946000;513.05;511.56;PVC;PVC
4948000;512.79;511.29;PVC;PVC
4950000;514.06;512.56;PVC;PVC
4952000;513.88;512.38;PVC;PVC
4954000;512.88;511.38;PVC;PVC
4956000;510.42;508.92;PVC;PVC
4958000;512.44;510.94;PVC;PVC
4960000;514.07;512.57;PVC;PVC
4962000;513.66;512.17;PVC;PVC
4964000;514.10;512.61;PVC;PVC
4966000;515.37;513.87;PVC;PVC
4968000;513.11;511.61;PVC;PVC
4970000;514.20;512.70;PVC;PVC
4972000;510.85;509.35;PVC;PVC
4974000;514.60;513.10;PVC;PVC
4976000;513.84;512.34;PVC;PVC
4978000;513.66;512.16;PVC;PVC
4980000;514.10;512.60;PVC;PVC
4982000;513.35;511.85;PVC;PVC
4984000;511.10;509.60;PVC;PVC
4986000;513.68;512.18;PVC;PVC
4988000;514.31;512.81;PVC;PVC
4990000;513.50;512.00;PVC;PVC
4992000;514.99;513.49;PVC;PVC
4994000;512.61;511.11;PVC;PVC
4996000;514.09;512.59;PVC;PVC
4998000;514.52;513.02;PVC;PVC
5000000;513.12;511.62;PVC;PVC
5002000;512.82;511.32;PVC;PVC
5004000;515.50;514.00;PVC;PVC
5006000;514.73;513.23;PVC;PVC
5008000;513.06;511.56;PVC;PVC
5010000;514.16;512.66;PVC;PVC
5012000;515.14;513.64;PVC;PVC
5014000;512.63;511.13;PVC;PVC
5016000;513.90;512.40;PVC;PVC
5018000;514.39;512.89;PVC;PVC
5020000;513.61;512.11;PVC;PVC
5022000;513.38;511.88;PVC;PVC
5024000;514.93;513.43;PVC;PVC
5026000;512.34;510.84;PVC;PVC
5028000;511.57;510.08;PVC;PVC
5030000;514.43;512.93;PVC;PVC
5032000;513.67;512.18;PVC;PVC
5034000;513.14;511.65;PVC;PVC
5036000;510.11;508.62;PVC;PVC
5038000;513.23;511.73;PVC;PVC
5040000;513.77;512.28;PVC;PVC
5042000;511.44;509.94;PVC;PVC
5044000;512.37;510.87;PVC;PVC
5046000;513.05;511.55;PVC;PVC
5048000;513.89;512.40;PVC;PVC
5050000;511.01;509.52;PVC;PVC
5052000;513.63;512.14;PVC;PVC
5054000;513.93;512.43;PVC;PVC
5056000;512.34;510.84;PVC;PVC
5058000;512.87;511.37;PVC;PVC
5060000;513.25;511.75;PVC;PVC
5062000;513.58;512.09;PVC;PVC
5064000;512.95;511.46;PVC;PVC
5066000;511.59;510.10;PVC;PVC
5068000;513.25;511.76;PVC;PVC
5070000;515.76;514.27;PVC;PVC
5072000;511.60;510.11;PVC;PVC
5074000;514.01;512.52;PVC;PVC
5076000;513.85;512.37;PVC;PVC
5078000;513.77;512.28;PVC;PVC
5080000;513.49;512.00;PVC;PVC
5082000;513.32;511.83;PVC;PVC
5084000;513.04;511.55;PVC;PVC
5086000;510.71;509.23;PVC;PVC
5088000;514.63;513.15;PVC;PVC
5090000;514.65;513.16;PVC;PVC
5092000;512.26;510.78;PVC;PVC
5094000;513.46;511.97;PVC;PVC
5096000;513.29;511.81;PVC;PVC
5098000;514.26;512.77;PVC;PVC
5100000;514.05;512.57;PVC;PVC
5102000;513.27;511.79;PVC;PVC
5104000;515.45;513.97;PVC;PVC
5106000;515.37;513.89;PVC;PVC
5108000;514.21;512.74;PVC;PVC
5110000;513.01;511.54;PVC;PVC
5112000;513.72;512.24;PVC;PVC
5114000;513.81;512.34;PVC;PVC
5116000;513.86;512.38;PVC;PVC
5118000;512.39;510.91;PVC;PVC
5120000;515.70;514.23;PVC;PVC
5122000;514.24;512.76;PVC;PVC
5124000;513.74;512.27;PVC;PVC
5126000;512.37;510.90;PVC;PVC
5128000;513.36;511.89;PVC;PVC
5130000;510.67;509.20;PVC;PVC
5132000;514.51;513.04;PVC;PVC
5134000;514.36;512.89;PVC;PVC
5136000;512.79;511.32;PVC;PVC
5138000;513.17;511.71;PVC;PVC
5140000;515.59;514.13;PVC;PVC
5142000;512.39;510.92;PVC;PVC
5144000;514.31;512.84;PVC;PVC
5146000;513.27;511.81;PVC;PVC
5148000;513.74;512.28;PVC;PVC
5150000;512.84;511.38;PVC;PVC
5152000;512.89;511.43;PVC;PVC
5154000;510.92;509.46;PVC;PVC
5156000;513.98;512.53;PVC;PVC
5158000;513.77;512.32;PVC;PVC
5160000;509.72;508.27;PVC;PVC
5162000;513.35;511.90;PVC;PVC
5164000;514.60;513.15;PVC;PVC
5166000;513.06;511.61;PVC;PVC
5168000;514.76;513.31;PVC;PVC
5170000;513.21;511.76;PVC;PVC
5172000;514.80;513.35;PVC;PVC
5174000;515.59;514.15;PVC;PVC
5176000;511.19;509.75;PVC;PVC
5178000;512.83;511.38;PVC;PVC
5180000;514.62;513.18;PVC;PVC
5182000;511.98;510.54;PVC;PVC
5184000;515.11;513.68;PVC;PVC
5186000;515.41;513.97;PVC;PVC
5188000;512.80;511.37;PVC;PVC
5190000;513.13;511.69;PVC;PVC
5192000;512.33;510.90;PVC;PVC
5194000;513.97;512.54;PVC;PVC
5196000;513.09;511.66;PVC;PVC
5198000;512.29;510.86;PVC;PVC
5200000;512.52;511.09;PVC;PVC
5202000;511.75;510.32;PVC;PVC
5204000;511.89;510.47;PVC;PVC
5206000;514.12;512.70;PVC;PVC
5208000;513.90;512.48;PVC;PVC
5210000;512.75;511.33;PVC;PVC
5212000;514.06;512.64;PVC;PVC
5214000;513.99;512.57;PVC;PVC
5216000;513.95;512.53;PVC;PVC
5218000;514.36;512.95;PVC;PVC
5220000;515.33;513.92;PVC;PVC
5222000;511.93;510.52;PVC;PVC
5224000;513.92;512.52;PVC;PVC
5226000;512.59;511.19;PVC;PVC
5228000;513.34;511.94;PVC;PVC
5230000;515.25;513.85;PVC;PVC
5232000;512.09;510.69;PVC;PVC
5234000;513.40;512.00;PVC;PVC
5236000;514.44;513.04;PVC;PVC
5238000;513.91;512.52;PVC;PVC
5240000;511.60;510.20;PVC;PVC
5242000;513.24;511.84;PVC;PVC
5244000;512.70;511.31;PVC;PVC
5246000;512.02;510.63;PVC;PVC
5248000;513.23;511.85;PVC;PVC
5250000;513.65;512.26;PVC;PVC
5252000;512.96;511.58;PVC;PVC
5254000;513.04;511.65;PVC;PVC
5256000;514.79;513.41;PVC;PVC
5258000;513.71;512.34;PVC;PVC
5260000;512.66;511.29;PVC;PVC
5262000;513.66;512.28;PVC;PVC
5264000;514.93;513.55;PVC;PVC
5266000;514.32;512.95;PVC;PVC
5268000;512.87;511.50;PVC;PVC
5270000;514.30;512.93;PVC;PVC
5272000;513.47;512.11;PVC;PVC
5274000;513.01;511.64;PVC;PVC
5276000;511.97;510.61;PVC;PVC
5278000;513.60;512.24;PVC;PVC
5280000;512.88;511.52;PVC;PVC
5282000;513.90;512.54;PVC;PVC
5284000;513.50;512.15;PVC;PVC
5286000;513.08;511.73;PVC;PVC
5288000;514.44;513.09;PVC;PVC
5290000;514.16;512.82;PVC;PVC
5292000;513.33;511.98;PVC;PVC
5294000;513.49;512.14;PVC;PVC
5296000;512.32;510.98;PVC;PVC
5298000;513.23;511.89;PVC;PVC
5300000;514.88;513.55;PVC;PVC
5302000;514.13;512.79;PVC;PVC
5304000;515.52;514.19;PVC;PVC
5306000;513.89;512.56;PVC;PVC
5308000;514.83;513.51;PVC;PVC
5310000;514.02;512.69;PVC;PVC
5312000;515.07;513.75;PVC;PVC
5314000;514.22;512.89;PVC;PVC
5316000;511.64;510.32;PVC;PVC
5318000;511.16;509.85;PVC;PVC
5320000;512.89;511.58;PVC;PVC
5322000;512.72;511.41;PVC;PVC
5324000;512.84;511.53;PVC;PVC
5326000;512.88;511.58;PVC;PVC
5328000;512.57;511.27;PVC;PVC
5330000;513.61;512.31;PVC;PVC
5332000;513.02;511.71;PVC;PVC
5334000;513.01;511.71;PVC;PVC
5336000;514.29;512.99;PVC;PVC
5338000;514.00;512.71;PVC;PVC
5340000;513.70;512.41;PVC;PVC
5342000;515.65;514.36;PVC;PVC
5344000;512.61;511.33;PVC;PVC
5346000;512.32;511.03;PVC;PVC
5348000;512.03;510.75;PVC;PVC
5350000;511.81;510.53;PVC;PVC
5352000;510.55;509.28;PVC;PVC
5354000;513.50;512.23;PVC;PVC
5356000;512.66;511.39;PVC;PVC
5358000;514.18;512.91;PVC;PVC
5360000;513.43;512.16;PVC;PVC
5362000;513.52;512.25;PVC;PVC
5364000;513.83;512.57;PVC;PVC
5366000;511.54;510.28;PVC;PVC
5368000;512.38;511.13;PVC;PVC
5370000;514.01;512.75;PVC;PVC
5372000;513.87;512.61;PVC;PVC
5374000;513.75;512.50;PVC;PVC
5376000;512.99;511.75;PVC;PVC
5378000;512.13;510.88;PVC;PVC
5380000;514.46;513.22;PVC;PVC
5382000;514.06;512.83;PVC;PVC
5384000;515.18;513.94;PVC;PVC
5386000;513.81;512.58;PVC;PVC
5388000;514.63;513.40;PVC;PVC
5390000;514.03;512.80;PVC;PVC
5392000;513.13;511.91;PVC;PVC
5394000;515.54;514.32;PVC;PVC
5396000;513.44;512.22;PVC;PVC
5398000;514.05;512.83;PVC;PVC
5400000;512.79;511.57;PVC;PVC
5402000;513.21;512.00;PVC;PVC
5404000;512.78;511.57;PVC;PVC
5406000;512.75;511.54;PVC;PVC
5408000;514.62;513.42;PVC;PVC
5410000;512.87;511.68;PVC;PVC
5412000;512.47;511.28;PVC;PVC
5414000;516.17;514.98;PVC;PVC
5416000;513.79;512.60;PVC;PVC
5418000;513.34;512.15;PVC;PVC
5420000;512.43;511.25;PVC;PVC
5422000;514.28;513.10;PVC;PVC
5424000;513.07;511.89;PVC;PVC
5426000;513.51;512.33;PVC;PVC
5428000;512.70;511.52;PVC;PVC
5430000;512.47;511.30;PVC;PVC
5432000;511.39;510.22;PVC;PVC
5434000;515.41;514.24;PVC;PVC
5436000;513.17;512.01;PVC;PVC
5438000;512.45;511.29;PVC;PVC
5440000;513.44;512.29;PVC;PVC
5442000;514.83;513.68;PVC;PVC
5444000;512.42;511.27;PVC;PVC
5446000;514.67;513.52;PVC;PVC
5448000;513.72;512.58;PVC;PVC
5450000;511.54;510.40;PVC;PVC
5452000;514.00;512.86;PVC;PVC
5454000;511.97;510.83;PVC;PVC
5456000;513.26;512.13;PVC;PVC
5458000;516.44;515.32;PVC;PVC
5460000;515.65;514.52;PVC;PVC
5462000;512.95;511.83;PVC;PVC
5464000;512.73;511.61;PVC;PVC
5466000;513.87;512.76;PVC;PVC
5468000;514.86;513.74;PVC;PVC
5470000;512.00;510.89;PVC;PVC
5472000;513.70;512.60;PVC;PVC
5474000;512.99;511.89;PVC;PVC
5476000;512.96;511.86;PVC;PVC
5478000;515.18;514.08;PVC;PVC
5480000;514.56;513.47;PVC;PVC
5482000;513.79;512.70;PVC;PVC
5484000;509.29;508.20;PVC;PVC
5486000;512.23;511.14;PVC;PVC
5488000;512.29;511.21;PVC;PVC
5490000;511.65;510.57;PVC;PVC
5492000;512.72;511.65;PVC;PVC
5494000;512.82;511.75;PVC;PVC
5496000;512.07;511.00;PVC;PVC
5498000;513.45;512.39;PVC;PVC
5500000;514.38;513.32;PVC;PVC
5502000;514.33;513.27;PVC;PVC
5504000;513.23;512.17;PVC;PVC
5506000;512.61;511.56;PVC;PVC
5508000;515.82;514.77;PVC;PVC
5510000;512.42;511.38;PVC;PVC
5512000;511.96;510.92;PVC;PVC
5514000;512.70;511.66;PVC;PVC
5516000;512.74;511.71;PVC;PVC
5518000;512.74;511.71;PVC;PVC
5520000;512.96;511.93;PVC;PVC
5522000;511.64;510.62;PVC;PVC
5524000;513.72;512.70;PVC;PVC
5526000;514.59;513.57;PVC;PVC
5528000;513.92;512.91;PVC;PVC
5530000;512.34;511.33;PVC;PVC
5532000;514.47;513.46;PVC;PVC
5534000;513.76;512.76;PVC;PVC
5536000;514.63;513.63;PVC;PVC
5538000;511.85;510.86;PVC;PVC
5540000;512.28;511.29;PVC;PVC
5542000;513.01;512.02;PVC;PVC
5544000;514.23;513.25;PVC;PVC
5546000;510.79;509.81;PVC;PVC
5548000;510.49;509.51;PVC;PVC
5550000;513.07;512.09;PVC;PVC
5552000;514.88;513.90;PVC;PVC
5554000;513.99;513.02;PVC;PVC
5556000;514.74;513.77;PVC;PVC
5558000;514.37;513.41;PVC;PVC
5560000;511.10;510.15;PVC;PVC
5562000;511.96;511.00;PVC;PVC
5564000;512.99;512.05;PVC;PVC
5566000;511.56;510.62;PVC;PVC
5568000;511.57;510.62;PVC;PVC
5570000;514.51;513.57;PVC;PVC
5572000;511.68;510.75;PVC;PVC
5574000;512.96;512.03;PVC;PVC
5576000;513.01;512.08;PVC;PVC
5578000;511.08;510.16;PVC;PVC
5580000;512.89;511.97;PVC;PVC
5582000;515.33;514.42;PVC;PVC
5584000;513.38;512.47;PVC;PVC
5586000;512.94;512.04;PVC;PVC
5588000;513.45;512.54;PVC;PVC
5590000;515.24;514.34;PVC;PVC
5592000;512.59;511.70;PVC;PVC
5594000;511.61;510.72;PVC;PVC
5596000;512.52;511.63;PVC;PVC
5598000;514.16;513.27;PVC;PVC
5600000;514.20;513.32;PVC;PVC
5602000;510.80;509.92;PVC;PVC
5604000;512.81;511.94;PVC;PVC
5606000;513.17;512.30;PVC;PVC
5608000;513.79;512.93;PVC;PVC
5610000;514.15;513.29;PVC;PVC
5612000;509.94;509.08;PVC;PVC
5614000;514.94;514.09;PVC;PVC
5616000;511.89;511.03;PVC;PVC
5618000;514.57;513.73;PVC;PVC
5620000;512.40;511.56;PVC;PVC
5622000;514.08;513.24;PVC;PVC
5624000;512.64;511.80;PVC;PVC
5626000;513.98;513.15;PVC;PVC
5628000;512.56;511.74;PVC;PVC
5630000;513.57;512.74;PVC;PVC
5632000;513.00;512.18;PVC;PVC
5634000;514.13;513.31;PVC;PVC
5636000;514.22;513.41;PVC;PVC
5638000;511.00;510.19;PVC;PVC
5640000;514.85;514.05;PVC;PVC
5642000;513.63;512.83;PVC;PVC
5644000;510.27;509.47;PVC;PVC
5646000;513.98;513.19;PVC;PVC
5648000;511.50;510.71;PVC;PVC
5650000;513.50;512.72;PVC;PVC
5652000;514.02;513.24;PVC;PVC
5654000;512.10;511.33;PVC;PVC
5656000;513.53;512.76;PVC;PVC
5658000;513.82;513.05;PVC;PVC
5660000;513.70;512.94;PVC;PVC
5662000;511.88;511.13;PVC;PVC
5664000;511.95;511.19;PVC;PVC
5666000;513.05;512.30;PVC;PVC
5668000;515.02;514.28;PVC;PVC
5670000;512.37;511.63;PVC;PVC
5672000;510.76;510.02;PVC;PVC
5674000;511.58;510.84;PVC;PVC
5676000;513.65;512.92;PVC;PVC
5678000;512.41;511.69;PVC;PVC
5680000;511.68;510.96;PVC;PVC
5682000;512.82;512.10;PVC;PVC
5684000;512.48;511.77;PVC;PVC
5686000;512.89;512.18;PVC;PVC
5688000;513.38;512.67;PVC;PVC
5690000;511.60;510.90;PVC;PVC
5692000;514.86;514.16;PVC;PVC
5694000;511.77;511.08;PVC;PVC
5696000;511.37;510.68;PVC;PVC
5698000;511.82;511.14;PVC;PVC
5700000;511.49;510.81;PVC;PVC
5702000;511.51;510.83;PVC;PVC
5704000;512.81;512.14;PVC;PVC
5706000;513.75;513.08;PVC;PVC
5708000;511.70;511.04;PVC;PVC
5710000;512.58;511.92;PVC;PVC
5712000;511.74;511.08;PVC;PVC
5714000;513.28;512.63;PVC;PVC
5716000;511.73;511.08;PVC;PVC
5718000;511.95;511.30;PVC;PVC
5720000;510.42;509.78;PVC;PVC
5722000;512.10;511.46;PVC;PVC
5724000;508.77;508.13;PVC;PVC
5726000;511.59;510.97;PVC;PVC
5728000;511.42;510.80;PVC;PVC
5730000;512.57;511.95;PVC;PVC
5732000;513.05;512.44;PVC;PVC
5734000;513.97;513.36;PVC;PVC
5736000;512.01;511.41;PVC;PVC
5738000;512.67;512.07;PVC;PVC
5740000;513.24;512.65;PVC;PVC
5742000;512.05;511.46;PVC;PVC
5744000;512.29;511.70;PVC;PVC
5746000;512.91;512.32;PVC;PVC
5748000;512.14;511.56;PVC;PVC
5750000;513.82;513.25;PVC;PVC
5752000;510.74;510.17;PVC;PVC
5754000;511.97;511.41;PVC;PVC
5756000;513.54;512.98;PVC;PVC
5758000;512.09;511.54;PVC;PVC
5760000;509.72;509.17;PVC;PVC
5762000;510.74;510.19;PVC;PVC
5764000;511.89;511.35;PVC;PVC
5766000;511.75;511.21;PVC;PVC
5768000;512.04;511.50;PVC;PVC
5770000;511.14;510.61;PVC;PVC
5772000;514.11;513.58;PVC;PVC
5774000;513.73;513.21;PVC;PVC
5776000;511.40;510.88;PVC;PVC
5778000;513.10;512.59;PVC;PVC
5780000;512.84;512.33;PVC;PVC
5782000;513.50;512.99;PVC;PVC
5784000;513.53;513.04;PVC;PVC
5786000;511.68;511.18;PVC;PVC
5788000;513.21;512.72;PVC;PVC
5790000;512.72;512.23;PVC;PVC
5792000;512.85;512.37;PVC;PVC
5794000;512.34;511.87;PVC;PVC
5796000;513.41;512.93;PVC;PVC
5798000;513.02;512.55;PVC;PVC
5800000;511.91;511.44;PVC;PVC
5802000;513.34;512.88;PVC;PVC
5804000;512.75;512.29;PVC;PVC
5806000;513.44;512.99;PVC;PVC
5808000;513.13;512.68;PVC;PVC
5810000;511.63;511.19;PVC;PVC
5812000;515.01;514.58;PVC;PVC
5814000;512.90;512.47;PVC;PVC
5816000;512.62;512.19;PVC;PVC
5818000;512.43;512.01;PVC;PVC
5820000;513.21;512.79;PVC;PVC
5822000;511.07;510.66;PVC;PVC
5824000;512.82;512.41;PVC;PVC
5826000;512.70;512.30;PVC;PVC
5828000;511.26;510.86;PVC;PVC
5830000;510.39;510.00;PVC;PVC
5832000;512.61;512.22;PVC;PVC
5834000;513.74;513.35;PVC;PVC
5836000;512.93;512.55;PVC;PVC
5838000;509.66;509.28;PVC;PVC
5840000;511.75;511.38;PVC;PVC
5842000;512.71;512.34;PVC;PVC
5844000;512.98;512.62;PVC;PVC
5846000;510.67;510.31;PVC;PVC
5848000;512.72;512.36;PVC;PVC
5850000;513.18;512.83;PVC;PVC
5852000;511.55;511.21;PVC;PVC
5854000;513.87;513.52;PVC;PVC
5856000;508.90;508.56;PVC;PVC
5858000;511.55;511.22;PVC;PVC
5860000;512.79;512.46;PVC;PVC
5862000;511.72;511.40;PVC;PVC
5864000;512.25;511.94;PVC;PVC
5866000;513.49;513.18;PVC;PVC
5868000;512.25;511.94;PVC;PVC
5870000;513.44;513.13;PVC;PVC
5872000;513.17;512.87;PVC;PVC
5874000;510.82;510.52;PVC;PVC
5876000;511.27;510.98;PVC;PVC
5878000;512.08;511.80;PVC;PVC
5880000;512.95;512.67;PVC;PVC
5882000;512.94;512.66;PVC;PVC
5884000;512.22;511.95;PVC;PVC
5886000;512.84;512.57;PVC;PVC
5888000;511.66;511.40;PVC;PVC
5890000;513.49;513.23;PVC;PVC
5892000;513.64;513.38;PVC;PVC
5894000;512.55;512.30;PVC;PVC
5896000;513.82;513.58;PVC;PVC
5898000;514.58;514.34;PVC;PVC
5900000;514.28;514.04;PVC;PVC
5902000;511.19;510.96;PVC;PVC
5904000;511.44;511.21;PVC;PVC
5906000;511.24;511.02;PVC;PVC
5908000;513.72;513.51;PVC;PVC
5910000;515.00;514.79;PVC;PVC
5912000;513.06;512.85;PVC;PVC
5914000;512.65;512.45;PVC;PVC
5916000;513.03;512.83;PVC;PVC
5918000;511.45;511.26;PVC;PVC
5920000;510.85;510.66;PVC;PVC
5922000;509.93;509.74;PVC;PVC
5924000;512.74;512.56;PVC;PVC
5926000;512.21;512.04;PVC;PVC
5928000;511.27;511.10;PVC;PVC
5930000;511.25;511.09;PVC;PVC
5932000;513.07;512.91;PVC;PVC
5934000;515.13;514.97;PVC;PVC
5936000;511.54;511.39;PVC;PVC
5938000;510.18;510.04;PVC;PVC
5940000;512.71;512.57;PVC;PVC
5942000;512.42;512.29;PVC;PVC
5944000;513.91;513.78;PVC;PVC
5946000;509.89;509.76;PVC;PVC
5948000;511.42;511.30;PVC;PVC
5950000;514.43;514.31;PVC;PVC
5952000;513.01;512.90;PVC;PVC
5954000;510.09;509.98;PVC;PVC
5956000;513.15;513.04;PVC;PVC
5958000;511.68;511.58;PVC;PVC
5960000;512.75;512.66;PVC;PVC
5962000;513.02;512.93;PVC;PVC
5964000;511.60;511.52;PVC;PVC
5966000;514.96;514.88;PVC;PVC
5968000;511.80;511.73;PVC;PVC
5970000;509.43;509.36;PVC;PVC
5972000;514.08;514.02;PVC;PVC
5974000;512.83;512.77;PVC;PVC
5976000;511.77;511.72;PVC;PVC
5978000;512.06;512.01;PVC;PVC
5980000;511.81;511.76;PVC;PVC
5982000;513.00;512.95;PVC;PVC
5984000;513.39;513.35;PVC;PVC
5986000;511.82;511.78;PVC;PVC
5988000;511.87;511.84;PVC;PVC
5990000;512.22;512.20;PVC;PVC
5992000;512.85;512.84;PVC;PVC
5994000;512.85;512.84;PVC;PVC
5996000;509.99;509.98;PVC;PVC
5998000;512.23;512.23;PVC;PVC
6000000;513.53;513.53;PVC;PVC
6002000;511.69;511.70;PVC;PVC
6004000;513.24;513.25;PVC;PVC
6006000;508.33;508.35;PVC;PVC
6008000;512.89;512.91;PVC;PVC
6010000;511.00;511.03;PVC;PVC
6012000;513.29;513.32;PVC;PVC
6014000;510.82;510.86;PVC;PVC
6016000;512.09;512.13;PVC;PVC
6018000;509.47;509.51;PVC;PVC
6020000;510.26;510.31;PVC;PVC
6022000;510.71;510.76;PVC;PVC
6024000;511.75;511.80;PVC;PVC
6026000;510.57;510.63;PVC;PVC
6028000;512.87;512.94;PVC;PVC
6030000;513.27;513.34;PVC;PVC
6032000;511.67;511.75;PVC;PVC
6034000;513.08;513.16;PVC;PVC
6036000;511.89;511.98;PVC;PVC
6038000;512.44;512.53;PVC;PVC
6040000;511.86;511.95;PVC;PVC
6042000;511.98;512.08;PVC;PVC
6044000;512.31;512.41;PVC;PVC
6046000;512.68;512.79;PVC;PVC
6048000;511.97;512.08;PVC;PVC
6050000;512.36;512.48;PVC;PVC
6052000;512.10;512.22;PVC;PVC
6054000;511.02;511.15;PVC;PVC
6056000;511.39;511.52;PVC;PVC
6058000;512.59;512.73;PVC;PVC
6060000;511.11;511.25;PVC;PVC
6062000;511.40;511.55;PVC;PVC
6064000;511.98;512.13;PVC;PVC
6066000;512.50;512.65;PVC;PVC
6068000;512.75;512.91;PVC;PVC
6070000;511.99;512.15;PVC;PVC
6072000;510.08;510.25;PVC;PVC
6074000;513.97;514.14;PVC;PVC
6076000;511.21;511.39;PVC;PVC
6078000;511.91;512.10;PVC;PVC
6080000;512.46;512.65;PVC;PVC
6082000;512.54;512.74;PVC;PVC
6084000;511.08;511.27;PVC;PVC
6086000;511.52;511.72;PVC;PVC
6088000;510.49;510.69;PVC;PVC
6090000;512.50;512.71;PVC;PVC
6092000;512.75;512.96;PVC;PVC
6094000;511.37;511.59;PVC;PVC
6096000;510.71;510.93;PVC;PVC
6098000;512.22;512.45;PVC;PVC
6100000;510.14;510.38;PVC;PVC
6102000;511.69;511.93;PVC;PVC
6104000;513.19;513.43;PVC;PVC
6106000;514.06;514.31;PVC;PVC
6108000;513.34;513.59;PVC;PVC
6110000;511.54;511.80;PVC;PVC
6112000;512.88;513.14;PVC;PVC
6114000;513.69;513.95;PVC;PVC
6116000;511.44;511.71;PVC;PVC
6118000;512.11;512.39;PVC;PVC
6120000;510.95;511.23;PVC;PVC
6122000;513.67;513.96;PVC;PVC
6124000;510.40;510.69;PVC;PVC
6126000;511.95;512.25;PVC;PVC
6128000;513.13;513.43;PVC;PVC
6130000;511.58;511.89;PVC;PVC
6132000;511.19;511.50;PVC;PVC
6134000;511.69;512.00;PVC;PVC
6136000;512.03;512.35;PVC;PVC
6138000;513.17;513.50;PVC;PVC
6140000;512.04;512.37;PVC;PVC
6142000;510.86;511.19;PVC;PVC
6144000;512.39;512.73;PVC;PVC
6146000;511.09;511.43;PVC;PVC
6148000;513.07;513.41;PVC;PVC
6150000;512.66;513.01;PVC;PVC
6152000;510.16;510.51;PVC;PVC
6154000;510.67;511.03;PVC;PVC
6156000;511.58;511.94;PVC;PVC
6158000;511.99;512.36;PVC;PVC
6160000;512.15;512.52;PVC;PVC
6162000;510.75;511.13;PVC;PVC
6164000;510.99;511.37;PVC;PVC
6166000;510.30;510.68;PVC;PVC
6168000;511.75;512.14;PVC;PVC
6170000;511.47;511.86;PVC;PVC
6172000;510.22;510.62;PVC;PVC
6174000;512.27;512.67;PVC;PVC
6176000;512.78;513.19;PVC;PVC
6178000;508.88;509.29;PVC;PVC
6180000;511.29;511.71;PVC;PVC
6182000;512.66;513.08;PVC;PVC
6184000;511.75;512.18;PVC;PVC
6186000;513.41;513.84;PVC;PVC
6188000;513.18;513.62;PVC;PVC
6190000;511.02;511.46;PVC;PVC
6192000;513.00;513.45;PVC;PVC
6194000;510.28;510.73;PVC;PVC
6196000;511.73;512.18;PVC;PVC
6198000;510.40;510.86;PVC;PVC
6200000;510.86;511.33;PVC;PVC
6202000;511.09;511.56;PVC;PVC
6204000;511.68;512.15;PVC;PVC
6206000;511.65;512.13;PVC;PVC
6208000;510.46;510.94;PVC;PVC
6210000;510.23;510.72;PVC;PVC
6212000;510.55;511.04;PVC;PVC
6214000;512.07;512.56;PVC;PVC
6216000;510.20;510.70;PVC;PVC
6218000;510.86;511.36;PVC;PVC
6220000;511.38;511.89;PVC;PVC
6222000;511.93;512.44;PVC;PVC
6224000;510.66;511.17;PVC;PVC
6226000;512.27;512.79;PVC;PVC
6228000;511.49;512.02;PVC;PVC
6230000;511.99;512.52;PVC;PVC
6232000;510.31;510.84;PVC;PVC
6234000;511.48;512.02;PVC;PVC
6236000;510.12;510.67;PVC;PVC
6238000;508.71;509.26;PVC;PVC
6240000;511.31;511.86;PVC;PVC
6242000;508.40;508.96;PVC;PVC
6244000;512.77;513.33;PVC;PVC
6246000;511.56;512.13;PVC;PVC
6248000;513.37;513.94;PVC;PVC
6250000;512.71;513.28;PVC;PVC
6252000;512.08;512.65;PVC;PVC
6254000;508.73;509.31;PVC;PVC
6256000;511.87;512.45;PVC;PVC
6258000;511.91;512.50;PVC;PVC
6260000;509.52;510.12;PVC;PVC
6262000;509.82;510.42;PVC;PVC
6264000;511.37;511.97;PVC;PVC
6266000;511.16;511.77;PVC;PVC
6268000;512.21;512.83;PVC;PVC
6270000;509.44;510.06;PVC;PVC
6272000;510.49;511.11;PVC;PVC
6274000;512.83;513.45;PVC;PVC
6276000;510.65;511.28;PVC;PVC
6278000;508.61;509.24;PVC;PVC
6280000;510.65;511.29;PVC;PVC
6282000;508.91;509.55;PVC;PVC
6284000;511.18;511.83;PVC;PVC
6286000;511.33;511.98;PVC;PVC
6288000;511.54;512.19;PVC;PVC
6290000;512.32;512.98;PVC;PVC
6292000;510.88;511.55;PVC;PVC
6294000;510.58;511.24;PVC;PVC
6296000;512.25;512.93;PVC;PVC
6298000;512.92;513.60;PVC;PVC
6300000;510.74;511.42;PVC;PVC
6302000;512.47;513.16;PVC;PVC
6304000;510.19;510.88;PVC;PVC
6306000;512.40;513.09;PVC;PVC
6308000;508.20;508.90;PVC;PVC
6310000;509.90;510.61;PVC;PVC
6312000;511.09;511.79;PVC;PVC
6314000;508.47;509.18;PVC;PVC
6316000;512.10;512.81;PVC;PVC
6318000;512.47;513.19;PVC;PVC
6320000;512.60;513.32;PVC;PVC
6322000;509.73;510.45;PVC;PVC
6324000;511.31;512.04;PVC;PVC
6326000;510.47;511.20;PVC;PVC
6328000;510.91;511.65;PVC;PVC
6330000;511.33;512.08;PVC;PVC
6332000;512.84;513.58;PVC;PVC
6334000;508.42;509.17;PVC;PVC
6336000;510.52;511.27;PVC;PVC
6338000;510.25;511.01;PVC;PVC
6340000;507.69;508.46;PVC;PVC
6342000;510.53;511.30;PVC;PVC
6344000;510.58;511.35;PVC;PVC
6346000;510.38;511.15;PVC;PVC
6348000;512.89;513.67;PVC;PVC
6350000;512.64;513.42;PVC;PVC
6352000;512.03;512.81;PVC;PVC
6354000;511.51;512.30;PVC;PVC
6356000;510.65;511.44;PVC;PVC
6358000;512.35;513.15;PVC;PVC
6360000;510.89;511.69;PVC;PVC
6362000;512.47;513.27;PVC;PVC
6364000;510.87;511.69;PVC;PVC
6366000;510.37;511.19;PVC;PVC
6368000;510.78;511.60;PVC;PVC
6370000;511.27;512.09;PVC;PVC
6372000;512.26;513.09;PVC;PVC
6374000;510.60;511.43;PVC;PVC
6376000;512.00;512.84;PVC;PVC
6378000;510.30;511.14;PVC;PVC
6380000;511.33;512.18;PVC;PVC
6382000;511.08;511.93;PVC;PVC
6384000;512.36;513.21;PVC;PVC
6386000;510.08;510.93;PVC;PVC
6388000;509.82;510.68;PVC;PVC
6390000;511.66;512.52;PVC;PVC
6392000;511.15;512.01;PVC;PVC
6394000;513.84;514.71;PVC;PVC
6396000;511.44;512.31;PVC;PVC
6398000;512.30;513.18;PVC;PVC
6400000;509.52;510.40;PVC;PVC
6402000;509.12;510.00;PVC;PVC
6404000;511.45;512.34;PVC;PVC
6406000;511.71;512.61;PVC;PVC
6408000;509.50;510.40;PVC;PVC
6410000;509.51;510.41;PVC;PVC
6412000;511.11;512.01;PVC;PVC
6414000;513.05;513.96;PVC;PVC
6416000;512.40;513.32;PVC;PVC
6418000;512.01;512.92;PVC;PVC
6420000;511.20;512.12;PVC;PVC
6422000;510.74;511.66;PVC;PVC
6424000;510.60;511.52;PVC;PVC
6426000;510.71;511.64;PVC;PVC
6428000;509.24;510.17;PVC;PVC
6430000;512.98;513.91;PVC;PVC
6432000;510.69;511.63;PVC;PVC
6434000;510.89;511.84;PVC;PVC
6436000;510.42;511.37;PVC;PVC
6438000;511.00;511.95;PVC;PVC
6440000;510.73;511.69;PVC;PVC
6442000;510.08;511.04;PVC;PVC
6444000;508.85;509.81;PVC;PVC
6446000;513.27;514.24;PVC;PVC
6448000;510.92;511.89;PVC;PVC
6450000;511.95;512.92;PVC;PVC
6452000;511.60;512.58;PVC;PVC
6454000;512.94;513.92;PVC;PVC
6456000;510.66;511.65;PVC;PVC
6458000;511.02;512.01;PVC;PVC
6460000;510.84;511.83;PVC;PVC
6462000;512.46;513.46;PVC;PVC
6464000;510.67;511.67;PVC;PVC
6466000;512.35;513.35;PVC;PVC
6468000;511.70;512.71;PVC;PVC
6470000;511.42;512.43;PVC;PVC
6472000;509.30;510.31;PVC;PVC
6474000;509.05;510.06;PVC;PVC
6476000;510.45;511.47;PVC;PVC
6478000;512.02;513.05;PVC;PVC
6480000;511.40;512.42;PVC;PVC
6482000;511.87;512.91;PVC;PVC
6484000;510.63;511.66;PVC;PVC
6486000;508.10;509.14;PVC;PVC
6488000;511.73;512.77;PVC;PVC
6490000;510.61;511.65;PVC;PVC
6492000;510.13;511.18;PVC;PVC
6494000;510.03;511.08;PVC;PVC
6496000;511.62;512.68;PVC;PVC
6498000;512.49;513.55;PVC;PVC
6500000;508.61;509.67;PVC;PVC
6502000;510.11;511.18;PVC;PVC
6504000;510.45;511.51;PVC;PVC
6506000;510.58;511.65;PVC;PVC
6508000;511.35;512.43;PVC;PVC
6510000;511.45;512.53;PVC;PVC
6512000;508.67;509.75;PVC;PVC
6514000;511.05;512.13;PVC;PVC
6516000;510.45;511.53;PVC;PVC
6518000;513.10;514.19;PVC;PVC
6520000;511.40;512.49;PVC;PVC
6522000;510.59;511.69;PVC;PVC
6524000;511.33;512.43;PVC;PVC
6526000;510.77;511.88;PVC;PVC
6528000;509.48;510.59;PVC;PVC
6530000;509.37;510.48;PVC;PVC
6532000;511.49;512.61;PVC;PVC
6534000;509.91;511.03;PVC;PVC
6536000;512.48;513.60;PVC;PVC
6538000;511.27;512.39;PVC;PVC
6540000;507.12;508.24;PVC;PVC
6542000;510.30;511.43;PVC;PVC
6544000;510.63;511.76;PVC;PVC
6546000;511.69;512.83;PVC;PVC
6548000;510.51;511.64;PVC;PVC
6550000;510.34;511.48;PVC;PVC
6552000;511.84;512.98;PVC;PVC
6554000;511.67;512.82;PVC;PVC
6556000;510.41;511.56;PVC;PVC
6558000;510.64;511.79;PVC;PVC
6560000;510.70;511.86;PVC;PVC
6562000;510.66;511.82;PVC;PVC
6564000;511.26;512.42;PVC;PVC
6566000;510.35;511.52;PVC;PVC
6568000;508.08;509.25;PVC;PVC
6570000;511.81;512.98;PVC;PVC
6572000;510.70;511.87;PVC;PVC
6574000;511.71;512.89;PVC;PVC
6576000;511.63;512.81;PVC;PVC
6578000;510.41;511.59;PVC;PVC
6580000;510.08;511.26;PVC;PVC
6582000;511.77;512.96;PVC;PVC
6584000;509.62;510.81;PVC;PVC
6586000;510.86;512.06;PVC;PVC
6588000;510.53;511.73;PVC;PVC
6590000;511.30;512.50;PVC;PVC
6592000;512.90;514.11;PVC;PVC
6594000;510.95;512.15;PVC;PVC
6596000;509.50;510.70;PVC;PVC
6598000;511.26;512.47;PVC;PVC
6600000;509.13;510.35;PVC;PVC
6602000;510.81;512.02;PVC;PVC
6604000;509.95;511.17;PVC;PVC
6606000;512.20;513.43;PVC;PVC
6608000;510.95;512.18;PVC;PVC
6610000;511.37;512.60;PVC;PVC
6612000;510.48;511.71;PVC;PVC
6614000;509.21;510.44;PVC;PVC
6616000;510.98;512.21;PVC;PVC
6618000;511.54;512.78;PVC;PVC
6620000;509.10;510.34;PVC;PVC
6622000;509.78;511.02;PVC;PVC
6624000;511.62;512.86;PVC;PVC
6626000;509.52;510.77;PVC;PVC
6628000;512.72;513.97;PVC;PVC
6630000;510.85;512.11;PVC;PVC
6632000;508.98;510.24;PVC;PVC
6634000;510.50;511.76;PVC;PVC
6636000;510.51;511.77;PVC;PVC
6638000;508.54;509.80;PVC;PVC
6640000;511.60;512.87;PVC;PVC
6642000;511.60;512.87;PVC;PVC
6644000;511.84;513.11;PVC;PVC
6646000;510.30;511.57;PVC;PVC
6648000;510.11;511.39;PVC;PVC
6650000;511.31;512.59;PVC;PVC
6652000;509.00;510.28;PVC;PVC
6654000;510.57;511.85;PVC;PVC
6656000;509.20;510.48;PVC;PVC
6658000;512.69;513.98;PVC;PVC
6660000;510.84;512.13;PVC;PVC
6662000;512.43;513.72;PVC;PVC
6664000;511.35;512.64;PVC;PVC
6666000;510.69;511.98;PVC;PVC
6668000;511.67;512.97;PVC;PVC
6670000;510.62;511.92;PVC;PVC
6672000;510.16;511.47;PVC;PVC
6674000;514.10;515.41;PVC;PVC
6676000;511.23;512.54;PVC;PVC
6678000;512.57;513.88;PVC;PVC
6680000;510.03;511.35;PVC;PVC
6682000;511.17;512.49;PVC;PVC
6684000;512.45;513.77;PVC;PVC
6686000;512.41;513.73;PVC;PVC
6688000;510.76;512.09;PVC;PVC
6690000;511.68;513.00;PVC;PVC
6692000;512.79;514.11;PVC;PVC
6694000;511.82;513.15;PVC;PVC
6696000;509.92;511.25;PVC;PVC
6698000;510.81;512.14;PVC;PVC
6700000;510.66;512.00;PVC;PVC
6702000;509.84;511.17;PVC;PVC
6704000;512.91;514.25;PVC;PVC
6706000;509.63;510.97;PVC;PVC
6708000;512.26;513.61;PVC;PVC
6710000;510.19;511.54;PVC;PVC
6712000;510.35;511.70;PVC;PVC
6714000;510.64;511.99;PVC;PVC
6716000;508.67;510.03;PVC;PVC
6718000;511.83;513.18;PVC;PVC
6720000;509.39;510.75;PVC;PVC
6722000;511.60;512.96;PVC;PVC
6724000;510.54;511.90;PVC;PVC
6726000;512.28;513.64;PVC;PVC
6728000;511.84;513.20;PVC;PVC
6730000;511.70;513.06;PVC;PVC
6732000;509.06;510.43;PVC;PVC
6734000;511.14;512.51;PVC;PVC
6736000;510.26;511.63;PVC;PVC
6738000;510.06;511.43;PVC;PVC
6740000;511.38;512.76;PVC;PVC
6742000;514.07;515.45;PVC;PVC
6744000;508.87;510.25;PVC;PVC
6746000;509.40;510.78;PVC;PVC
6748000;508.07;509.45;PVC;PVC
6750000;512.47;513.85;PVC;PVC
6752000;511.72;513.11;PVC;PVC
6754000;510.16;511.55;PVC;PVC
6756000;510.42;511.81;PVC;PVC
6758000;510.88;512.27;PVC;PVC
6760000;511.19;512.59;PVC;PVC
6762000;509.68;511.08;PVC;PVC
6764000;511.44;512.84;PVC;PVC
6766000;510.91;512.31;PVC;PVC
6768000;510.94;512.34;PVC;PVC
6770000;507.72;509.13;PVC;PVC
6772000;508.29;509.69;PVC;PVC
6774000;512.43;513.84;PVC;PVC
6776000;513.61;515.02;PVC;PVC
6778000;509.90;511.31;PVC;PVC
6780000;511.68;513.10;PVC;PVC
6782000;512.37;513.78;PVC;PVC
6784000;510.08;511.49;PVC;PVC
6786000;510.10;511.52;PVC;PVC
6788000;511.87;513.29;PVC;PVC
6790000;507.19;508.61;PVC;PVC
6792000;509.73;511.15;PVC;PVC
6794000;510.33;511.75;PVC;PVC
6796000;510.63;512.05;PVC;PVC
6798000;510.28;511.71;PVC;PVC
6800000;511.86;513.29;PVC;PVC
6802000;510.28;511.71;PVC;PVC
6804000;509.19;510.62;PVC;PVC
6806000;509.58;511.01;PVC;PVC
6808000;509.48;510.91;PVC;PVC
6810000;512.87;514.30;PVC;PVC
6812000;513.37;514.81;PVC;PVC
6814000;508.39;509.83;PVC;PVC
6816000;508.99;510.42;PVC;PVC
6818000;511.91;513.35;PVC;PVC
6820000;511.39;512.83;PVC;PVC
6822000;511.74;513.18;PVC;PVC
6824000;508.50;509.94;PVC;PVC
6826000;509.63;511.07;PVC;PVC
6828000;511.50;512.94;PVC;PVC
6830000;509.77;511.21;PVC;PVC
6832000;511.68;513.13;PVC;PVC
6834000;511.13;512.58;PVC;PVC
6836000;511.09;512.54;PVC;PVC
6838000;510.98;512.43;PVC;PVC
6840000;509.39;510.85;PVC;PVC
6842000;511.43;512.89;PVC;PVC
6844000;510.88;512.34;PVC;PVC
6846000;513.03;514.49;PVC;PVC
6848000;510.89;512.34;PVC;PVC
6850000;510.80;512.26;PVC;PVC
6852000;510.48;511.94;PVC;PVC
6854000;508.06;509.52;PVC;PVC
6856000;509.87;511.33;PVC;PVC
6858000;510.36;511.82;PVC;PVC
6860000;509.54;511.00;PVC;PVC
6862000;511.34;512.80;PVC;PVC
6864000;510.35;511.81;PVC;PVC
6866000;511.45;512.91;PVC;PVC
6868000;510.85;512.32;PVC;PVC
6870000;509.97;511.44;PVC;PVC
6872000;510.82;512.29;PVC;PVC
6874000;509.23;510.70;PVC;PVC
6876000;510.56;512.03;PVC;PVC
6878000;512.59;514.06;PVC;PVC
6880000;510.05;511.52;PVC;PVC
6882000;510.23;511.71;PVC;PVC
6884000;509.72;511.19;PVC;PVC
6886000;510.51;511.99;PVC;PVC
6888000;510.28;511.76;PVC;PVC
6890000;510.09;511.56;PVC;PVC
6892000;512.44;513.91;PVC;PVC
6894000;510.19;511.67;PVC;PVC
6896000;512.26;513.74;PVC;PVC
6898000;508.79;510.27;PVC;PVC
6900000;510.75;512.23;PVC;PVC
6902000;510.42;511.90;PVC;PVC
6904000;512.72;514.20;PVC;PVC
6906000;511.16;512.64;PVC;PVC
6908000;510.09;511.57;PVC;PVC
6910000;509.21;510.69;PVC;PVC
6912000;510.14;511.62;PVC;PVC
6914000;508.53;510.02;PVC;PVC
6916000;511.86;513.35;PVC;PVC
6918000;508.89;510.38;PVC;PVC
6920000;511.60;513.08;PVC;PVC
6922000;510.67;512.16;PVC;PVC
6924000;509.84;511.33;PVC;PVC
6926000;510.31;511.80;PVC;PVC
6928000;508.29;509.78;PVC;PVC
6930000;510.28;511.77;PVC;PVC
6932000;509.40;510.89;PVC;PVC
6934000;510.28;511.77;PVC;PVC
6936000;511.55;513.04;PVC;PVC
6938000;510.74;512.23;PVC;PVC
6940000;510.18;511.68;PVC;PVC
6942000;508.43;509.92;PVC;PVC
6944000;508.85;510.34;PVC;PVC
6946000;509.45;510.95;PVC;PVC
6948000;510.94;512.43;PVC;PVC
6950000;512.11;513.60;PVC;PVC
6952000;509.75;511.24;PVC;PVC
6954000;509.25;510.75;PVC;PVC
6956000;510.61;512.11;PVC;PVC
6958000;512.27;513.77;PVC;PVC
6960000;511.32;512.81;PVC;PVC
6962000;509.56;511.05;PVC;PVC
6964000;512.22;513.72;PVC;PVC
6966000;511.02;512.52;PVC;PVC
6968000;510.12;511.61;PVC;PVC
6970000;510.25;511.74;PVC;PVC
6972000;512.19;513.69;PVC;PVC
6974000;510.78;512.28;PVC;PVC
6976000;509.05;510.55;PVC;PVC
6978000;510.82;512.32;PVC;PVC
6980000;510.81;512.31;PVC;PVC
6982000;508.63;510.13;PVC;PVC
6984000;510.96;512.46;PVC;PVC
6986000;510.10;511.60;PVC;PVC
6988000;510.36;511.85;PVC;PVC
6990000;510.53;512.03;PVC;PVC
6992000;510.03;511.53;PVC;PVC
6994000;510.71;512.21;PVC;PVC
6996000;510.54;512.04;PVC;PVC
6998000;511.72;513.22;PVC;PVC
7000000;510.30;511.80;PVC;PVC
7002000;509.58;511.08;PVC;PVC
7004000;510.75;512.25;PVC;PVC
7006000;509.95;511.45;PVC;PVC
7008000;512.12;513.62;PVC;PVC
7010000;511.24;512.74;PVC;PVC
7012000;510.31;511.81;PVC;PVC
7014000;511.15;512.65;PVC;PVC
7016000;510.48;511.98;PVC;PVC
7018000;510.54;512.04;PVC;PVC
7020000;510.60;512.10;PVC;PVC
7022000;508.50;510.00;PVC;PVC
7024000;509.44;510.94;PVC;PVC
7026000;511.00;512.50;PVC;PVC
7028000;511.87;513.37;PVC;PVC
7030000;511.75;513.25;PVC;PVC
7032000;511.37;512.87;PVC;PVC
7034000;510.43;511.93;PVC;PVC
7036000;510.75;512.25;PVC;PVC
7038000;510.44;511.93;PVC;PVC
7040000;510.45;511.95;PVC;PVC
7042000;509.76;511.26;PVC;PVC
7044000;509.25;510.75;PVC;PVC
7046000;510.11;511.61;PVC;PVC
7048000;513.25;514.75;PVC;PVC
7050000;511.03;512.53;PVC;PVC
7052000;510.59;512.09;PVC;PVC
7054000;511.05;512.55;PVC;PVC
7056000;511.66;513.15;PVC;PVC
7058000;509.69;511.18;PVC;PVC
7060000;509.70;511.19;PVC;PVC
7062000;510.10;511.59;PVC;PVC
7064000;509.04;510.53;PVC;PVC
7066000;510.70;512.19;PVC;PVC
7068000;510.27;511.76;PVC;PVC
7070000;508.57;510.07;PVC;PVC
7072000;511.42;512.91;PVC;PVC
7074000;510.14;511.63;PVC;PVC
7076000;511.05;512.54;PVC;PVC
7078000;510.65;512.14;PVC;PVC
7080000;509.51;511.00;PVC;PVC
7082000;508.81;510.30;PVC;PVC
7084000;511.44;512.93;PVC;PVC
7086000;512.86;514.35;PVC;PVC
7088000;510.38;511.86;PVC;PVC
7090000;509.10;510.58;PVC;PVC
7092000;511.73;513.22;PVC;PVC
7094000;511.45;512.93;PVC;PVC
7096000;510.85;512.34;PVC;PVC
7098000;510.18;511.66;PVC;PVC
7100000;510.90;512.38;PVC;PVC
7102000;512.42;513.90;PVC;PVC
7104000;508.61;510.09;PVC;PVC
7106000;509.75;511.23;PVC;PVC
7108000;512.20;513.68;PVC;PVC
7110000;509.86;511.34;PVC;PVC
7112000;511.25;512.73;PVC;PVC
7114000;510.33;511.81;PVC;PVC
7116000;511.56;513.03;PVC;PVC
7118000;507.48;508.96;PVC;PVC
7120000;510.38;511.85;PVC;PVC
7122000;508.21;509.69;PVC;PVC
7124000;508.25;509.72;PVC;PVC
7126000;509.64;511.11;PVC;PVC
7128000;510.40;511.87;PVC;PVC
7130000;511.48;512.95;PVC;PVC
7132000;508.97;510.43;PVC;PVC
7134000;511.95;513.41;PVC;PVC
7136000;509.09;510.55;PVC;PVC
7138000;510.44;511.91;PVC;PVC
7140000;510.11;511.57;PVC;PVC
7142000;510.12;511.58;PVC;PVC
7144000;510.48;511.94;PVC;PVC
7146000;508.86;510.32;PVC;PVC
7148000;510.97;512.43;PVC;PVC
7150000;508.31;509.77;PVC;PVC
7152000;509.34;510.80;PVC;PVC
7154000;509.07;510.52;PVC;PVC
7156000;512.17;513.62;PVC;PVC
7158000;510.85;512.30;PVC;PVC
7160000;508.29;509.74;PVC;PVC
7162000;508.74;510.20;PVC;PVC
7164000;511.64;513.09;PVC;PVC
7166000;511.50;512.95;PVC;PVC
7168000;508.82;510.27;PVC;PVC
7170000;510.54;511.99;PVC;PVC
7172000;511.87;513.31;PVC;PVC
7174000;511.27;512.71;PVC;PVC
7176000;512.70;514.14;PVC;PVC
7178000;511.20;512.64;PVC;PVC
7180000;511.10;512.54;PVC;PVC
7182000;508.60;510.04;PVC;PVC
7184000;510.46;511.90;PVC;PVC
7186000;510.72;512.15;PVC;PVC
7188000;509.60;511.03;PVC;PVC
7190000;511.13;512.56;PVC;PVC
7192000;509.18;510.62;PVC;PVC
7194000;511.25;512.68;PVC;PVC
7196000;510.44;511.87;PVC;PVC
7198000;511.74;513.17;PVC;PVC
7200000;512.85;514.28;PVC;PVC
7202000;510.00;511.43;PVC;PVC
7204000;509.30;510.72;PVC;PVC
7206000;511.93;513.35;PVC;PVC
7208000;510.93;512.35;PVC;PVC
7210000;512.61;514.03;PVC;PVC
7212000;511.34;512.76;PVC;PVC
7214000;512.42;513.83;PVC;PVC
7216000;510.73;512.15;PVC;PVC
7218000;511.00;512.41;PVC;PVC
7220000;510.67;512.08;PVC;PVC
7222000;512.00;513.41;PVC;PVC
7224000;511.45;512.86;PVC;PVC
7226000;511.26;512.67;PVC;PVC
7228000;509.38;510.78;PVC;PVC
7230000;509.71;511.11;PVC;PVC
7232000;511.25;512.65;PVC;PVC
7234000;510.26;511.66;PVC;PVC
7236000;511.17;512.57;PVC;PVC
7238000;511.49;512.89;PVC;PVC
7240000;510.01;511.40;PVC;PVC
7242000;510.44;511.83;PVC;PVC
7244000;511.90;513.30;PVC;PVC
7246000;510.27;511.66;PVC;PVC
7248000;510.15;511.54;PVC;PVC
7250000;510.38;511.77;PVC;PVC
7252000;511.47;512.85;PVC;PVC
7254000;510.70;512.08;PVC;PVC
7256000;510.50;511.88;PVC;PVC
7258000;509.79;511.17;PVC;PVC
7260000;510.97;512.35;PVC;PVC
7262000;509.22;510.60;PVC;PVC
7264000;512.11;513.48;PVC;PVC
7266000;507.94;509.31;PVC;PVC
7268000;512.03;513.40;PVC;PVC
7270000;512.28;513.64;PVC;PVC
7272000;509.95;511.31;PVC;PVC
7274000;509.45;510.82;PVC;PVC
7276000;512.60;513.96;PVC;PVC
7278000;509.29;510.65;PVC;PVC
7280000;509.76;511.12;PVC;PVC
7282000;510.80;512.15;PVC;PVC
7284000;510.21;511.56;PVC;PVC
7286000;510.22;511.57;PVC;PVC
7288000;510.97;512.32;PVC;PVC
7290000;510.82;512.17;PVC;PVC
7292000;511.03;512.38;PVC;PVC
7294000;514.10;515.44;PVC;PVC
7296000;511.30;512.64;PVC;PVC
7298000;508.11;509.45;PVC;PVC
7300000;507.43;508.77;PVC;PVC
7302000;511.25;512.58;PVC;PVC
7304000;511.35;512.68;PVC;PVC
7306000;510.23;511.56;PVC;PVC
7308000;512.21;513.53;PVC;PVC
7310000;511.54;512.87;PVC;PVC
7312000;510.97;512.29;PVC;PVC
7314000;510.73;512.05;PVC;PVC
7316000;507.60;508.92;PVC;PVC
7318000;511.98;513.30;PVC;PVC
7320000;510.96;512.28;PVC;PVC
7322000;509.13;510.44;PVC;PVC
7324000;512.17;513.48;PVC;PVC
7326000;511.86;513.17;PVC;PVC
7328000;510.32;511.62;PVC;PVC
7330000;510.43;511.73;PVC;PVC
7332000;512.57;513.87;PVC;PVC
7334000;512.43;513.72;PVC;PVC
7336000;511.70;512.99;PVC;PVC
7338000;507.96;509.26;PVC;PVC
7340000;509.12;510.41;PVC;PVC
7342000;509.24;510.53;PVC;PVC
7344000;510.16;511.44;PVC;PVC
7346000;510.31;511.59;PVC;PVC
7348000;511.74;513.02;PVC;PVC
7350000;511.74;513.02;PVC;PVC
7352000;508.29;509.56;PVC;PVC
7354000;509.82;511.09;PVC;PVC
7356000;510.19;511.46;PVC;PVC
7358000;509.45;510.72;PVC;PVC
7360000;509.21;510.47;PVC;PVC
7362000;511.24;512.51;PVC;PVC
7364000;508.81;510.07;PVC;PVC
7366000;511.35;512.61;PVC;PVC
7368000;512.46;513.71;PVC;PVC
7370000;511.00;512.25;PVC;PVC
7372000;511.93;513.18;PVC;PVC
7374000;512.22;513.47;PVC;PVC
7376000;509.52;510.77;PVC;PVC
7378000;508.46;509.70;PVC;PVC
7380000;510.31;511.55;PVC;PVC
7382000;510.15;511.39;PVC;PVC
7384000;510.29;511.53;PVC;PVC
7386000;511.38;512.61;PVC;PVC
7388000;511.96;513.19;PVC;PVC
7390000;510.26;511.49;PVC;PVC
7392000;509.92;511.15;PVC;PVC
7394000;510.65;511.87;PVC;PVC
7396000;509.44;510.66;PVC;PVC
7398000;510.91;512.12;PVC;PVC
7400000;509.74;510.95;PVC;PVC
7402000;511.68;512.89;PVC;PVC
7404000;511.42;512.63;PVC;PVC
7406000;512.78;513.98;PVC;PVC
7408000;509.37;510.58;PVC;PVC
7410000;511.12;512.32;PVC;PVC
7412000;510.54;511.74;PVC;PVC
7414000;510.97;512.16;PVC;PVC
7416000;507.72;508.91;PVC;PVC
7418000;512.29;513.48;PVC;PVC
7420000;510.59;511.78;PVC;PVC
7422000;509.55;510.73;PVC;PVC
7424000;509.35;510.53;PVC;PVC
7426000;511.18;512.35;PVC;PVC
7428000;512.78;513.95;PVC;PVC
7430000;512.10;513.27;PVC;PVC
7432000;511.10;512.26;PVC;PVC
7434000;508.88;510.05;PVC;PVC
7436000;509.51;510.67;PVC;PVC
7438000;510.57;511.73;PVC;PVC
7440000;510.59;511.75;PVC;PVC
7442000;509.15;510.30;PVC;PVC
7444000;510.21;511.36;PVC;PVC
7446000;510.56;511.71;PVC;PVC
7448000;512.27;513.41;PVC;PVC
7450000;510.76;511.90;PVC;PVC
7452000;511.63;512.77;PVC;PVC
7454000;512.73;513.87;PVC;PVC
7456000;510.76;511.89;PVC;PVC
7458000;510.26;511.38;PVC;PVC
7460000;512.61;513.73;PVC;PVC
7462000;512.02;513.14;PVC;PVC
7464000;511.15;512.27;PVC;PVC
7466000;511.20;512.31;PVC;PVC
7468000;509.39;510.50;PVC;PVC
7470000;513.54;514.65;PVC;PVC
7472000;510.43;511.54;PVC;PVC
7474000;512.67;513.77;PVC;PVC
7476000;509.61;510.71;PVC;PVC
7478000;510.31;511.41;PVC;PVC
7480000;509.84;510.93;PVC;PVC
7482000;509.45;510.54;PVC;PVC
7484000;511.14;512.23;PVC;PVC
7486000;509.69;510.77;PVC;PVC
7488000;511.05;512.13;PVC;PVC
7490000;511.03;512.11;PVC;PVC
7492000;509.91;510.99;PVC;PVC
7494000;511.30;512.37;PVC;PVC
7496000;510.00;511.07;PVC;PVC
7498000;511.19;512.26;PVC;PVC
7500000;511.41;512.48;PVC;PVC
7502000;512.66;513.72;PVC;PVC
7504000;511.20;512.26;PVC;PVC
7506000;511.34;512.39;PVC;PVC
7508000;511.44;512.49;PVC;PVC
7510000;512.44;513.49;PVC;PVC
7512000;512.02;513.06;PVC;PVC
7514000;512.97;514.01;PVC;PVC
7516000;511.96;512.99;PVC;PVC
7518000;511.09;512.13;PVC;PVC
7520000;512.27;513.30;PVC;PVC
7522000;509.84;510.86;PVC;PVC
7524000;508.00;509.02;PVC;PVC
7526000;512.17;513.19;PVC;PVC
7528000;511.07;512.08;PVC;PVC
7530000;511.15;512.15;PVC;PVC
7532000;512.35;513.35;PVC;PVC
7534000;512.56;513.56;PVC;PVC
7536000;511.30;512.30;PVC;PVC
7538000;510.25;511.25;PVC;PVC
7540000;509.78;510.77;PVC;PVC
7542000;510.20;511.18;PVC;PVC
7544000;507.99;508.98;PVC;PVC
7546000;511.58;512.56;PVC;PVC
7548000;511.74;512.72;PVC;PVC
7550000;509.77;510.74;PVC;PVC
7552000;509.27;510.25;PVC;PVC
7554000;513.44;514.40;PVC;PVC
7556000;511.96;512.93;PVC;PVC
7558000;509.63;510.59;PVC;PVC
7560000;510.59;511.55;PVC;PVC
7562000;508.45;509.40;PVC;PVC
7564000;509.92;510.87;PVC;PVC
7566000;511.56;512.50;PVC;PVC
7568000;512.22;513.16;PVC;PVC
7570000;511.46;512.40;PVC;PVC
7572000;509.89;510.83;PVC;PVC
7574000;510.10;511.03;PVC;PVC
7576000;510.59;511.51;PVC;PVC
7578000;510.94;511.86;PVC;PVC
7580000;510.16;511.08;PVC;PVC
7582000;510.87;511.79;PVC;PVC
7584000;510.15;511.06;PVC;PVC
7586000;513.76;514.67;PVC;PVC
7588000;510.22;511.13;PVC;PVC
7590000;511.97;512.87;PVC;PVC
7592000;512.71;513.61;PVC;PVC
7594000;509.87;510.76;PVC;PVC
7596000;510.43;511.32;PVC;PVC
7598000;510.91;511.80;PVC;PVC
7600000;510.32;511.21;PVC;PVC
7602000;508.44;509.31;PVC;PVC
7604000;509.61;510.49;PVC;PVC
7606000;508.64;509.51;PVC;PVC
7608000;510.16;511.03;PVC;PVC
7610000;510.42;511.28;PVC;PVC
7612000;511.41;512.27;PVC;PVC
7614000;508.73;509.58;PVC;PVC
7616000;510.74;511.59;PVC;PVC
7618000;510.18;511.03;PVC;PVC
7620000;509.93;510.77;PVC;PVC
7622000;511.79;512.63;PVC;PVC
7624000;512.36;513.19;PVC;PVC
7626000;513.17;514.00;PVC;PVC
7628000;512.45;513.27;PVC;PVC
7630000;508.25;509.07;PVC;PVC
7632000;509.46;510.28;PVC;PVC
7634000;511.65;512.47;PVC;PVC
7636000;510.80;511.61;PVC;PVC
7638000;510.60;511.41;PVC;PVC
7640000;511.36;512.17;PVC;PVC
7642000;511.88;512.67;PVC;PVC
7644000;512.56;513.35;PVC;PVC
7646000;508.66;509.45;PVC;PVC
7648000;511.64;512.43;PVC;PVC
7650000;508.98;509.76;PVC;PVC
7652000;511.26;512.04;PVC;PVC
7654000;509.45;510.22;PVC;PVC
7656000;511.24;512.01;PVC;PVC
7658000;511.23;512.00;PVC;PVC
7660000;510.81;511.57;PVC;PVC
7662000;511.29;512.04;PVC;PVC
7664000;511.16;511.91;PVC;PVC
7666000;509.18;509.93;PVC;PVC
7668000;511.19;511.93;PVC;PVC
7670000;511.43;512.17;PVC;PVC
7672000;511.46;512.20;PVC;PVC
7674000;509.03;509.77;PVC;PVC
7676000;510.21;510.94;PVC;PVC
7678000;511.64;512.37;PVC;PVC
7680000;511.53;512.25;PVC;PVC
7682000;511.81;512.53;PVC;PVC
7684000;509.31;510.03;PVC;PVC
7686000;509.87;510.58;PVC;PVC
7688000;512.47;513.18;PVC;PVC
7690000;510.67;511.38;PVC;PVC
7692000;511.09;511.78;PVC;PVC
7694000;511.19;511.89;PVC;PVC
7696000;512.08;512.77;PVC;PVC
7698000;511.12;511.80;PVC;PVC
7700000;509.40;510.08;PVC;PVC
7702000;511.40;512.08;PVC;PVC
7704000;512.29;512.96;PVC;PVC
7706000;510.76;511.43;PVC;PVC
7708000;511.07;511.73;PVC;PVC
7710000;511.21;511.87;PVC;PVC
7712000;511.91;512.56;PVC;PVC
7714000;512.53;513.18;PVC;PVC
7716000;513.75;514.39;PVC;PVC
7718000;512.95;513.59;PVC;PVC
7720000;510.70;511.34;PVC;PVC
7722000;512.66;513.30;PVC;PVC
7724000;510.92;511.55;PVC;PVC
7726000;514.25;514.88;PVC;PVC
7728000;511.13;511.75;PVC;PVC
7730000;512.31;512.93;PVC;PVC
7732000;511.23;511.84;PVC;PVC
7734000;510.56;511.17;PVC;PVC
7736000;511.35;511.95;PVC;PVC
7738000;511.66;512.26;PVC;PVC
7740000;510.11;510.71;PVC;PVC
7742000;510.97;511.56;PVC;PVC
7744000;512.19;512.78;PVC;PVC
7746000;510.30;510.89;PVC;PVC
7748000;513.81;514.39;PVC;PVC
7750000;511.46;512.03;PVC;PVC
7752000;510.30;510.87;PVC;PVC
7754000;511.03;511.60;PVC;PVC
7756000;509.70;510.26;PVC;PVC
7758000;509.42;509.97;PVC;PVC
7760000;509.65;510.20;PVC;PVC
7762000;510.39;510.94;PVC;PVC
7764000;512.28;512.82;PVC;PVC
7766000;513.25;513.79;PVC;PVC
7768000;512.23;512.76;PVC;PVC
7770000;510.76;511.29;PVC;PVC
7772000;512.88;513.40;PVC;PVC
7774000;512.30;512.82;PVC;PVC
7776000;509.76;510.27;PVC;PVC
7778000;513.68;514.19;PVC;PVC
7780000;510.31;510.81;PVC;PVC
7782000;510.86;511.36;PVC;PVC
7784000;509.85;510.35;PVC;PVC
7786000;508.62;509.11;PVC;PVC
7788000;509.54;510.03;PVC;PVC
7790000;511.10;511.59;PVC;PVC
7792000;510.40;510.88;PVC;PVC
7794000;513.22;513.70;PVC;PVC
7796000;509.86;510.33;PVC;PVC
7798000;511.23;511.69;PVC;PVC
7800000;509.13;509.59;PVC;PVC
7802000;510.37;510.83;PVC;PVC
7804000;511.24;511.69;PVC;PVC
7806000;511.44;511.89;PVC;PVC
7808000;512.27;512.72;PVC;PVC
7810000;511.96;512.40;PVC;PVC
7812000;511.20;511.64;PVC;PVC
7814000;513.10;513.53;PVC;PVC
7816000;513.35;513.78;PVC;PVC
7818000;512.66;513.08;PVC;PVC
7820000;513.00;513.41;PVC;PVC
7822000;511.83;512.24;PVC;PVC
7824000;510.28;510.69;PVC;PVC
7826000;511.25;511.66;PVC;PVC
7828000;512.85;513.25;PVC;PVC
7830000;511.29;511.69;PVC;PVC
7832000;511.97;512.36;PVC;PVC
7834000;511.77;512.16;PVC;PVC
7836000;512.90;513.28;PVC;PVC
7838000;511.90;512.27;PVC;PVC
7840000;510.61;510.98;PVC;PVC
7842000;512.25;512.62;PVC;PVC
7844000;512.53;512.89;PVC;PVC
7846000;511.20;511.56;PVC;PVC
7848000;511.33;511.69;PVC;PVC
7850000;511.00;511.35;PVC;PVC
7852000;510.92;511.27;PVC;PVC
7854000;510.61;510.95;PVC;PVC
7856000;511.65;511.99;PVC;PVC
7858000;509.60;509.94;PVC;PVC
7860000;511.50;511.82;PVC;PVC
7862000;510.57;510.89;PVC;PVC
7864000;512.26;512.58;PVC;PVC
7866000;510.28;510.60;PVC;PVC
7868000;510.92;511.23;PVC;PVC
7870000;511.87;512.18;PVC;PVC
7872000;511.12;511.42;PVC;PVC
7874000;510.85;511.14;PVC;PVC
7876000;511.02;511.31;PVC;PVC
7878000;511.82;512.11;PVC;PVC
7880000;512.53;512.81;PVC;PVC
7882000;511.33;511.60;PVC;PVC
7884000;512.24;512.52;PVC;PVC
7886000;512.92;513.19;PVC;PVC
7888000;511.96;512.23;PVC;PVC
7890000;511.79;512.05;PVC;PVC
7892000;510.05;510.31;PVC;PVC
7894000;511.68;511.93;PVC;PVC
7896000;513.56;513.80;PVC;PVC
7898000;512.42;512.66;PVC;PVC
7900000;512.27;512.50;PVC;PVC
7902000;510.85;511.08;PVC;PVC
7904000;510.82;511.04;PVC;PVC
7906000;513.45;513.67;PVC;PVC
7908000;511.96;512.18;PVC;PVC
7910000;512.24;512.45;PVC;PVC
7912000;512.81;513.02;PVC;PVC
7914000;512.61;512.81;PVC;PVC
7916000;510.57;510.77;PVC;PVC
7918000;513.77;513.97;PVC;PVC
7920000;513.29;513.48;PVC;PVC
7922000;510.61;510.79;PVC;PVC
7924000;511.41;511.58;PVC;PVC
7926000;513.32;513.50;PVC;PVC
7928000;511.77;511.94;PVC;PVC
7930000;511.00;511.17;PVC;PVC
7932000;512.42;512.58;PVC;PVC
7934000;511.73;511.88;PVC;PVC
7936000;514.88;515.03;PVC;PVC
7938000;511.79;511.94;PVC;PVC
7940000;512.92;513.06;PVC;PVC
7942000;509.57;509.71;PVC;PVC
7944000;514.40;514.53;PVC;PVC
7946000;511.51;511.64;PVC;PVC
7948000;512.64;512.76;PVC;PVC
7950000;513.67;513.79;PVC;PVC
7952000;511.55;511.67;PVC;PVC
7954000;513.15;513.25;PVC;PVC
7956000;511.83;511.93;PVC;PVC
7958000;512.33;512.42;PVC;PVC
7960000;511.02;511.12;PVC;PVC
7962000;511.42;511.51;PVC;PVC
7964000;512.17;512.25;PVC;PVC
7966000;512.67;512.75;PVC;PVC
7968000;511.92;511.99;PVC;PVC
7970000;510.94;511.01;PVC;PVC
7972000;511.54;511.60;PVC;PVC
7974000;510.01;510.07;PVC;PVC
7976000;512.21;512.27;PVC;PVC
7978000;511.43;511.48;PVC;PVC
7980000;511.54;511.59;PVC;PVC
7982000;510.60;510.64;PVC;PVC
7984000;510.98;511.02;PVC;PVC
7986000;511.51;511.55;PVC;PVC
7988000;510.63;510.66;PVC;PVC
7990000;512.30;512.33;PVC;PVC
7992000;513.99;514.01;PVC;PVC
7994000;511.98;511.99;PVC;PVC
7996000;510.88;510.89;PVC;PVC
7998000;509.26;509.27;PVC;PVC
8000000;512.53;512.53;PVC;PVC
8002000;510.73;510.73;PVC;PVC
8004000;511.46;511.45;PVC;PVC
8006000;511.81;511.80;PVC;PVC
8008000;511.75;511.74;PVC;PVC
8010000;512.14;512.11;PVC;PVC
8012000;512.26;512.23;PVC;PVC
8014000;513.37;513.34;PVC;PVC
8016000;512.17;512.13;PVC;PVC
8018000;513.69;513.65;PVC;PVC
8020000;512.32;512.28;PVC;PVC
8022000;512.44;512.39;PVC;PVC
8024000;511.65;511.60;PVC;PVC
8026000;513.48;513.42;PVC;PVC
8028000;511.76;511.70;PVC;PVC
8030000;511.69;511.62;PVC;PVC
8032000;511.55;511.47;PVC;PVC
8034000;512.47;512.39;PVC;PVC
8036000;511.97;511.88;PVC;PVC
8038000;512.96;512.87;PVC;PVC
8040000;512.01;511.91;PVC;PVC
8042000;515.31;515.21;PVC;PVC
8044000;512.33;512.23;PVC;PVC
8046000;511.36;511.26;PVC;PVC
8048000;513.62;513.51;PVC;PVC
8050000;512.83;512.71;PVC;PVC
8052000;512.09;511.97;PVC;PVC
8054000;512.98;512.85;PVC;PVC
8056000;513.73;513.60;PVC;PVC
8058000;513.49;513.36;PVC;PVC
8060000;515.24;515.10;PVC;PVC
8062000;515.39;515.25;PVC;PVC
8064000;513.28;513.13;PVC;PVC
8066000;514.03;513.87;PVC;PVC
8068000;509.48;509.32;PVC;PVC
8070000;511.93;511.77;PVC;PVC
8072000;513.24;513.07;PVC;PVC
8074000;511.43;511.26;PVC;PVC
8076000;513.22;513.04;PVC;PVC
8078000;512.71;512.53;PVC;PVC
8080000;513.81;513.62;PVC;PVC
8082000;513.33;513.14;PVC;PVC
8084000;512.31;512.11;PVC;PVC
8086000;512.49;512.29;PVC;PVC
8088000;512.34;512.13;PVC;PVC
8090000;511.05;510.84;PVC;PVC
8092000;512.65;512.44;PVC;PVC
8094000;511.06;510.84;PVC;PVC
8096000;513.07;512.85;PVC;PVC
8098000;512.20;511.97;PVC;PVC
8100000;513.28;513.05;PVC;PVC
8102000;512.96;512.72;PVC;PVC
8104000;512.58;512.33;PVC;PVC
8106000;514.21;513.96;PVC;PVC
8108000;513.19;512.94;PVC;PVC
8110000;513.32;513.06;PVC;PVC
8112000;513.18;512.92;PVC;PVC
8114000;514.74;514.47;PVC;PVC
8116000;511.33;511.06;PVC;PVC
8118000;512.11;511.84;PVC;PVC
8120000;510.27;509.99;PVC;PVC
8122000;511.20;510.91;PVC;PVC
8124000;511.30;511.01;PVC;PVC
8126000;511.28;510.98;PVC;PVC
8128000;512.44;512.14;PVC;PVC
8130000;510.50;510.20;PVC;PVC
8132000;513.94;513.63;PVC;PVC
8134000;513.27;512.95;PVC;PVC
8136000;513.36;513.05;PVC;PVC
8138000;511.06;510.74;PVC;PVC
8140000;513.27;512.94;PVC;PVC
8142000;509.34;509.01;PVC;PVC
8144000;511.80;511.46;PVC;PVC
8146000;510.51;510.17;PVC;PVC
8148000;513.16;512.82;PVC;PVC
8150000;511.84;511.49;PVC;PVC
8152000;512.61;512.26;PVC;PVC
8154000;511.36;511.00;PVC;PVC
8156000;511.99;511.62;PVC;PVC
8158000;512.07;511.70;PVC;PVC
8160000;511.12;510.74;PVC;PVC
8162000;511.33;510.95;PVC;PVC
8164000;513.91;513.52;PVC;PVC
8166000;513.03;512.64;PVC;PVC
8168000;511.19;510.80;PVC;PVC
8170000;512.22;511.82;PVC;PVC
8172000;512.48;512.08;PVC;PVC
8174000;511.82;511.42;PVC;PVC
8176000;512.30;511.89;PVC;PVC
8178000;511.88;511.46;PVC;PVC
8180000;511.15;510.73;PVC;PVC
8182000;511.08;510.66;PVC;PVC
8184000;511.70;511.27;PVC;PVC
8186000;514.48;514.05;PVC;PVC
8188000;510.92;510.48;PVC;PVC
8190000;511.01;510.56;PVC;PVC
8192000;511.43;510.99;PVC;PVC
8194000;512.09;511.64;PVC;PVC
8196000;512.82;512.37;PVC;PVC
8198000;513.36;512.90;PVC;PVC
8200000;512.80;512.33;PVC;PVC
8202000;511.78;511.31;PVC;PVC
8204000;513.86;513.39;PVC;PVC
8206000;511.01;510.53;PVC;PVC
8208000;514.04;513.56;PVC;PVC
8210000;512.06;511.58;PVC;PVC
8212000;512.61;512.12;PVC;PVC
8214000;513.53;513.04;PVC;PVC
8216000;514.16;513.66;PVC;PVC
8218000;514.06;513.56;PVC;PVC
8220000;511.30;510.79;PVC;PVC
8222000;512.89;512.37;PVC;PVC
8224000;513.33;512.81;PVC;PVC
8226000;513.92;513.40;PVC;PVC
8228000;514.88;514.35;PVC;PVC
8230000;513.76;513.23;PVC;PVC
8232000;512.44;511.90;PVC;PVC
8234000;514.30;513.76;PVC;PVC
8236000;512.68;512.14;PVC;PVC
8238000;514.28;513.73;PVC;PVC
8240000;513.08;512.53;PVC;PVC
8242000;510.98;510.43;PVC;PVC
8244000;514.63;514.07;PVC;PVC
8246000;513.86;513.30;PVC;PVC
8248000;514.26;513.69;PVC;PVC
8250000;512.24;511.67;PVC;PVC
8252000;511.12;510.55;PVC;PVC
8254000;512.26;511.67;PVC;PVC
8256000;514.43;513.84;PVC;PVC
8258000;512.34;511.74;PVC;PVC
8260000;512.28;511.68;PVC;PVC
8262000;511.87;511.27;PVC;PVC
8264000;511.74;511.14;PVC;PVC
8266000;511.16;510.55;PVC;PVC
8268000;515.20;514.59;PVC;PVC
8270000;515.16;514.54;PVC;PVC
8272000;512.83;512.21;PVC;PVC
8274000;512.54;511.91;PVC;PVC
8276000;512.51;511.88;PVC;PVC
8278000;511.37;510.74;PVC;PVC
8280000;512.34;511.70;PVC;PVC
8282000;513.20;512.56;PVC;PVC
8284000;512.40;511.75;PVC;PVC
8286000;509.25;508.60;PVC;PVC
8288000;511.51;510.86;PVC;PVC
8290000;513.13;512.47;PVC;PVC
8292000;511.87;511.21;PVC;PVC
8294000;511.90;511.24;PVC;PVC
8296000;510.52;509.84;PVC;PVC
8298000;512.62;511.94;PVC;PVC
8300000;512.29;511.60;PVC;PVC
8302000;511.55;510.86;PVC;PVC
8304000;513.41;512.72;PVC;PVC
8306000;512.91;512.22;PVC;PVC
8308000;512.59;511.90;PVC;PVC
8310000;511.40;510.70;PVC;PVC
8312000;511.44;510.73;PVC;PVC
8314000;510.63;509.92;PVC;PVC
8316000;511.41;510.70;PVC;PVC
8318000;511.29;510.57;PVC;PVC
8320000;512.29;511.57;PVC;PVC
8322000;511.92;511.19;PVC;PVC
8324000;512.20;511.47;PVC;PVC
8326000;515.55;514.81;PVC;PVC
8328000;514.83;514.09;PVC;PVC
8330000;513.87;513.13;PVC;PVC
8332000;512.26;511.51;PVC;PVC
8334000;512.63;511.88;PVC;PVC
8336000;513.18;512.42;PVC;PVC
8338000;510.91;510.15;PVC;PVC
8340000;513.69;512.92;PVC;PVC
8342000;513.99;513.22;PVC;PVC
8344000;513.00;512.23;PVC;PVC
8346000;512.44;511.66;PVC;PVC
8348000;512.28;511.50;PVC;PVC
8350000;512.76;511.98;PVC;PVC
8352000;512.14;511.35;PVC;PVC
8354000;512.31;511.52;PVC;PVC
8356000;513.66;512.86;PVC;PVC
8358000;511.45;510.65;PVC;PVC
8360000;515.25;514.44;PVC;PVC
8362000;512.29;511.48;PVC;PVC
8364000;513.46;512.65;PVC;PVC
8366000;512.18;511.36;PVC;PVC
8368000;512.51;511.69;PVC;PVC
8370000;513.39;512.57;PVC;PVC
8372000;513.97;513.14;PVC;PVC
8374000;513.51;512.68;PVC;PVC
8376000;512.55;511.72;PVC;PVC
8378000;513.71;512.87;PVC;PVC
8380000;515.10;514.26;PVC;PVC
8382000;512.01;511.16;PVC;PVC
8384000;511.39;510.54;PVC;PVC
8386000;512.55;511.70;PVC;PVC
8388000;514.45;513.59;PVC;PVC
8390000;510.32;509.45;PVC;PVC
8392000;512.30;511.43;PVC;PVC
8394000;513.03;512.16;PVC;PVC
8396000;512.98;512.11;PVC;PVC
8398000;512.87;511.99;PVC;PVC
8400000;512.92;512.03;PVC;PVC
8402000;511.14;510.25;PVC;PVC
8404000;511.39;510.50;PVC;PVC
8406000;512.82;511.93;PVC;PVC
8408000;510.62;509.72;PVC;PVC
8410000;510.91;510.01;PVC;PVC
8412000;508.92;508.02;PVC;PVC
8414000;511.97;511.07;PVC;PVC
8416000;515.05;514.14;PVC;PVC
8418000;509.99;509.08;PVC;PVC
8420000;512.94;512.03;PVC;PVC
8422000;510.71;509.79;PVC;PVC
8424000;511.01;510.08;PVC;PVC
8426000;511.84;510.91;PVC;PVC
8428000;511.55;510.61;PVC;PVC
8430000;511.93;510.99;PVC;PVC
8432000;511.93;510.99;PVC;PVC
8434000;513.87;512.92;PVC;PVC
8436000;512.15;511.20;PVC;PVC
8438000;513.14;512.19;PVC;PVC
8440000;515.91;514.96;PVC;PVC
8442000;512.36;511.40;PVC;PVC
8444000;511.65;510.69;PVC;PVC
8446000;511.53;510.56;PVC;PVC
8448000;513.52;512.55;PVC;PVC
8450000;511.23;510.26;PVC;PVC
8452000;512.38;511.40;PVC;PVC
8454000;511.89;510.91;PVC;PVC
8456000;512.54;511.56;PVC;PVC
8458000;512.76;511.77;PVC;PVC
8460000;512.78;511.79;PVC;PVC
8462000;514.21;513.21;PVC;PVC
8464000;512.38;511.38;PVC;PVC
8466000;514.01;513.01;PVC;PVC
8468000;513.08;512.07;PVC;PVC
8470000;512.55;511.54;PVC;PVC
8472000;511.65;510.64;PVC;PVC
8474000;513.18;512.16;PVC;PVC
8476000;511.59;510.57;PVC;PVC
8478000;513.97;512.95;PVC;PVC
8480000;514.64;513.61;PVC;PVC
8482000;515.57;514.54;PVC;PVC
8484000;512.01;510.98;PVC;PVC
8486000;514.44;513.41;PVC;PVC
8488000;513.13;512.09;PVC;PVC
8490000;513.20;512.16;PVC;PVC
8492000;513.35;512.31;PVC;PVC
8494000;510.64;509.59;PVC;PVC
8496000;511.71;510.65;PVC;PVC
8498000;511.82;510.76;PVC;PVC
8500000;513.52;512.46;PVC;PVC
8502000;514.97;513.90;PVC;PVC
8504000;513.96;512.89;PVC;PVC
8506000;515.60;514.52;PVC;PVC
8508000;512.56;511.49;PVC;PVC
8510000;513.82;512.75;PVC;PVC
8512000;514.13;513.05;PVC;PVC
8514000;509.15;508.07;PVC;PVC
8516000;512.70;511.61;PVC;PVC
8518000;514.40;513.31;PVC;PVC
8520000;513.55;512.46;PVC;PVC
8522000;513.84;512.74;PVC;PVC
8524000;513.68;512.58;PVC;PVC
8526000;512.76;511.65;PVC;PVC
8528000;512.02;510.91;PVC;PVC
8530000;512.58;511.47;PVC;PVC
8532000;514.06;512.95;PVC;PVC
8534000;514.68;513.56;PVC;PVC
8536000;512.20;511.08;PVC;PVC
8538000;514.01;512.89;PVC;PVC
8540000;513.56;512.43;PVC;PVC
8542000;514.31;513.18;PVC;PVC
8544000;513.52;512.39;PVC;PVC
8546000;513.21;512.08;PVC;PVC
8548000;512.58;511.44;PVC;PVC
8550000;512.88;511.74;PVC;PVC
8552000;511.15;510.00;PVC;PVC
8554000;512.56;511.41;PVC;PVC
8556000;513.75;512.60;PVC;PVC
8558000;514.96;513.80;PVC;PVC
8560000;514.00;512.84;PVC;PVC
8562000;512.48;511.32;PVC;PVC
8564000;511.70;510.54;PVC;PVC
8566000;513.25;512.08;PVC;PVC
8568000;512.98;511.81;PVC;PVC
8570000;513.35;512.18;PVC;PVC
8572000;512.66;511.49;PVC;PVC
8574000;512.05;510.88;PVC;PVC
8576000;511.43;510.25;PVC;PVC
8578000;511.55;510.37;PVC;PVC
8580000;510.44;509.26;PVC;PVC
8582000;515.28;514.09;PVC;PVC
8584000;513.94;512.74;PVC;PVC
8586000;512.52;511.33;PVC;PVC
8588000;513.76;512.56;PVC;PVC
8590000;513.80;512.60;PVC;PVC
8592000;510.52;509.32;PVC;PVC
8594000;512.97;511.76;PVC;PVC
8596000;513.15;511.94;PVC;PVC
8598000;513.86;512.65;PVC;PVC
8600000;513.20;511.99;PVC;PVC
8602000;511.58;510.37;PVC;PVC
8604000;511.93;510.72;PVC;PVC
8606000;514.06;512.84;PVC;PVC
8608000;512.95;511.73;PVC;PVC
8610000;513.92;512.69;PVC;PVC
8612000;514.72;513.49;PVC;PVC
8614000;513.09;511.86;PVC;PVC
8616000;511.87;510.63;PVC;PVC
8618000;514.96;513.72;PVC;PVC
8620000;512.71;511.47;PVC;PVC
8622000;514.57;513.32;PVC;PVC
8624000;512.83;511.58;PVC;PVC
8626000;515.57;514.32;PVC;PVC
8628000;510.44;509.19;PVC;PVC
8630000;514.16;512.90;PVC;PVC
8632000;512.24;510.99;PVC;PVC
8634000;513.54;512.29;PVC;PVC
8636000;513.94;512.68;PVC;PVC
8638000;512.70;511.44;PVC;PVC
8640000;511.31;510.05;PVC;PVC
8642000;515.93;514.66;PVC;PVC
8644000;513.86;512.59;PVC;PVC
8646000;512.64;511.37;PVC;PVC
8648000;515.49;514.21;PVC;PVC
8650000;515.12;513.85;PVC;PVC
8652000;513.37;512.08;PVC;PVC
8654000;513.30;512.02;PVC;PVC
8656000;514.39;513.10;PVC;PVC
8658000;513.89;512.60;PVC;PVC
8660000;512.72;511.43;PVC;PVC
8662000;513.35;512.06;PVC;PVC
8664000;511.09;509.80;PVC;PVC
8666000;513.52;512.22;PVC;PVC
8668000;514.11;512.81;PVC;PVC
8670000;512.89;511.58;PVC;PVC
8672000;512.70;511.40;PVC;PVC
8674000;513.47;512.16;PVC;PVC
8676000;513.83;512.52;PVC;PVC
8678000;514.27;512.95;PVC;PVC
8680000;515.17;513.85;PVC;PVC
8682000;510.98;509.66;PVC;PVC
8684000;514.45;513.13;PVC;PVC
8686000;513.49;512.17;PVC;PVC
8688000;513.50;512.17;PVC;PVC
8690000;513.13;511.81;PVC;PVC
8692000;515.95;514.63;PVC;PVC
8694000;513.91;512.58;PVC;PVC
8696000;514.70;513.37;PVC;PVC
8698000;514.41;513.07;PVC;PVC
8700000;511.77;510.44;PVC;PVC
8702000;512.09;510.75;PVC;PVC
8704000;515.32;513.98;PVC;PVC
8706000;513.27;511.92;PVC;PVC
8708000;512.97;511.62;PVC;PVC
8710000;513.14;511.80;PVC;PVC
8712000;513.36;512.01;PVC;PVC
8714000;514.23;512.88;PVC;PVC
8716000;513.60;512.25;PVC;PVC
8718000;513.28;511.93;PVC;PVC
8720000;512.98;511.62;PVC;PVC
8722000;511.65;510.29;PVC;PVC
8724000;512.14;510.78;PVC;PVC
8726000;510.99;509.63;PVC;PVC
8728000;514.94;513.57;PVC;PVC
8730000;512.49;511.12;PVC;PVC
8732000;514.18;512.81;PVC;PVC
8734000;513.67;512.30;PVC;PVC
8736000;512.18;510.81;PVC;PVC
8738000;510.50;509.13;PVC;PVC
8740000;515.24;513.86;PVC;PVC
8742000;512.69;511.31;PVC;PVC
8744000;512.65;511.27;PVC;PVC
8746000;512.98;511.60;PVC;PVC
8748000;512.17;510.79;PVC;PVC
8750000;513.07;511.69;PVC;PVC
8752000;515.36;513.97;PVC;PVC
8754000;514.58;513.19;PVC;PVC
8756000;511.59;510.20;PVC;PVC
8758000;511.52;510.13;PVC;PVC
8760000;513.71;512.31;PVC;PVC
8762000;514.86;513.47;PVC;PVC
8764000;513.29;511.89;PVC;PVC
8766000;514.85;513.45;PVC;PVC
8768000;513.57;512.17;PVC;PVC
8770000;512.99;511.59;PVC;PVC
8772000;512.01;510.60;PVC;PVC
8774000;513.95;512.55;PVC;PVC
8776000;513.78;512.38;PVC;PVC
8778000;513.57;512.16;PVC;PVC
8780000;514.05;512.64;PVC;PVC
8782000;514.21;512.79;PVC;PVC
8784000;514.60;513.19;PVC;PVC
8786000;514.03;512.61;PVC;PVC
8788000;515.09;513.68;PVC;PVC
8790000;514.80;513.38;PVC;PVC
8792000;511.74;510.32;PVC;PVC
8794000;516.02;514.60;PVC;PVC
8796000;513.16;511.74;PVC;PVC
8798000;510.88;509.46;PVC;PVC
8800000;513.84;512.41;PVC;PVC
8802000;510.76;509.33;PVC;PVC
8804000;513.00;511.57;PVC;PVC
8806000;511.40;509.97;PVC;PVC
8808000;512.13;510.70;PVC;PVC
8810000;510.62;509.19;PVC;PVC
8812000;514.38;512.94;PVC;PVC
8814000;510.80;509.36;PVC;PVC
8816000;515.80;514.36;PVC;PVC
8818000;514.74;513.30;PVC;PVC
8820000;513.57;512.13;PVC;PVC
8822000;513.43;511.99;PVC;PVC
8824000;512.15;510.71;PVC;PVC
8826000;513.34;511.90;PVC;PVC
8828000;515.82;514.38;PVC;PVC
8830000;512.27;510.82;PVC;PVC
8832000;512.01;510.56;PVC;PVC
8834000;512.42;510.97;PVC;PVC
8836000;514.51;513.05;PVC;PVC
8838000;514.43;512.98;PVC;PVC
8840000;512.94;511.49;PVC;PVC
8842000;515.03;513.58;PVC;PVC
8844000;513.92;512.46;PVC;PVC
8846000;514.60;513.15;PVC;PVC
8848000;514.65;513.19;PVC;PVC
8850000;514.13;512.67;PVC;PVC
8852000;511.61;510.15;PVC;PVC
8854000;513.20;511.74;PVC;PVC
8856000;513.00;511.54;PVC;PVC
8858000;513.25;511.78;PVC;PVC
8860000;512.96;511.49;PVC;PVC
8862000;513.20;511.74;PVC;PVC
8864000;513.62;512.15;PVC;PVC
8866000;515.73;514.26;PVC;PVC
8868000;513.72;512.25;PVC;PVC
8870000;512.71;511.24;PVC;PVC
8872000;511.95;510.48;PVC;PVC
8874000;512.36;510.89;PVC;PVC
8876000;514.16;512.69;PVC;PVC
8878000;513.73;512.26;PVC;PVC
8880000;513.94;512.47;PVC;PVC
8882000;511.71;510.24;PVC;PVC
8884000;512.17;510.69;PVC;PVC
8886000;512.90;511.42;PVC;PVC
8888000;513.34;511.87;PVC;PVC
8890000;515.20;513.72;PVC;PVC
8892000;513.71;512.23;PVC;PVC
8894000;514.16;512.68;PVC;PVC
8896000;514.92;513.44;PVC;PVC
8898000;513.16;511.68;PVC;PVC
8900000;513.74;512.25;PVC;PVC
8902000;513.21;511.73;PVC;PVC
8904000;512.84;511.36;PVC;PVC
8906000;514.60;513.12;PVC;PVC
8908000;514.62;513.14;PVC;PVC
8910000;513.38;511.89;PVC;PVC
8912000;513.04;511.56;PVC;PVC
8914000;511.78;510.29;PVC;PVC
8916000;514.80;513.31;PVC;PVC
8918000;513.98;512.49;PVC;PVC
8920000;512.75;511.26;PVC;PVC
8922000;512.82;511.33;PVC;PVC
8924000;512.99;511.50;PVC;PVC
8926000;510.23;508.74;PVC;PVC
8928000;514.67;513.18;PVC;PVC
8930000;513.74;512.25;PVC;PVC
8932000;514.58;513.09;PVC;PVC
8934000;512.82;511.33;PVC;PVC
8936000;511.32;509.82;PVC;PVC
8938000;511.75;510.25;PVC;PVC
8940000;512.33;510.84;PVC;PVC
8942000;514.80;513.30;PVC;PVC
8944000;512.36;510.87;PVC;PVC
8946000;512.60;511.10;PVC;PVC
8948000;514.32;512.82;PVC;PVC
8950000;512.71;511.21;PVC;PVC
8952000;514.18;512.68;PVC;PVC
8954000;516.08;514.58;PVC;PVC
8956000;512.33;510.83;PVC;PVC
8958000;512.13;510.63;PVC;PVC
8960000;512.74;511.24;PVC;PVC
8962000;511.70;510.20;PVC;PVC
8964000;513.73;512.23;PVC;PVC
8966000;513.89;512.39;PVC;PVC
8968000;512.10;510.60;PVC;PVC
8970000;513.19;511.69;PVC;PVC
8972000;513.82;512.32;PVC;PVC
8974000;513.87;512.37;PVC;PVC
8976000;511.31;509.81;PVC;PVC
8978000;514.29;512.79;PVC;PVC
8980000;511.69;510.19;PVC;PVC
8982000;514.80;513.30;PVC;PVC
8984000;512.49;510.99;PVC;PVC
8986000;511.02;509.52;PVC;PVC
8988000;512.51;511.01;PVC;PVC
8990000;513.15;511.65;PVC;PVC
8992000;515.06;513.56;PVC;PVC
8994000;514.13;512.63;PVC;PVC
8996000;514.30;512.80;PVC;PVC
8998000;514.01;512.51;PVC;PVC
9000000;513.67;512.17;PVC;PVC
9002000;513.30;511.80;PVC;PVC
9004000;513.92;512.42;PVC;PVC
9006000;513.44;511.94;PVC;PVC
9008000;511.58;510.08;PVC;PVC
9010000;513.35;511.85;PVC;PVC
9012000;514.81;513.31;PVC;PVC
9014000;514.39;512.89;PVC;PVC
9016000;513.08;511.58;PVC;PVC
9018000;512.27;510.77;PVC;PVC
9020000;514.71;513.21;PVC;PVC
9022000;513.22;511.72;PVC;PVC
9024000;511.69;510.19;PVC;PVC
9026000;511.95;510.46;PVC;PVC
9028000;512.25;510.75;PVC;PVC
9030000;512.63;511.13;PVC;PVC
9032000;512.84;511.34;PVC;PVC
9034000;512.53;511.03;PVC;PVC
9036000;512.40;510.90;PVC;PVC
9038000;514.94;513.44;PVC;PVC
9040000;513.28;511.78;PVC;PVC
9042000;513.52;512.02;PVC;PVC
9044000;512.99;511.49;PVC;PVC
9046000;513.59;512.09;PVC;PVC
9048000;514.51;513.01;PVC;PVC
9050000;512.31;510.81;PVC;PVC
9052000;513.23;511.74;PVC;PVC
9054000;515.07;513.58;PVC;PVC
9056000;512.22;510.73;PVC;PVC
9058000;513.15;511.66;PVC;PVC
9060000;513.09;511.60;PVC;PVC
9062000;514.93;513.44;PVC;PVC
9064000;512.77;511.28;PVC;PVC
9066000;513.96;512.46;PVC;PVC
9068000;514.81;513.32;PVC;PVC
9070000;513.35;511.86;PVC;PVC
9072000;514.94;513.45;PVC;PVC
9074000;511.23;509.74;PVC;PVC
9076000;514.07;512.58;PVC;PVC
9078000;515.17;513.68;PVC;PVC
9080000;512.97;511.48;PVC;PVC
9082000;512.71;511.22;PVC;PVC
9084000;513.96;512.47;PVC;PVC
9086000;514.60;513.12;PVC;PVC
9088000;513.99;512.51;PVC;PVC
9090000;512.88;511.39;PVC;PVC
9092000;513.95;512.46;PVC;PVC
9094000;512.89;511.40;PVC;PVC
9096000;516.07;514.59;PVC;PVC
9098000;516.51;515.03;PVC;PVC
9100000;515.21;513.73;PVC;PVC
9102000;512.45;510.96;PVC;PVC
9104000;514.12;512.64;PVC;PVC
9106000;514.14;512.66;PVC;PVC
9108000;512.89;511.41;PVC;PVC
9110000;514.09;512.61;PVC;PVC
9112000;513.44;511.96;PVC;PVC
9114000;514.21;512.74;PVC;PVC
9116000;513.56;512.09;PVC;PVC
9118000;511.28;509.81;PVC;PVC
9120000;515.45;513.98;PVC;PVC
9122000;515.16;513.69;PVC;PVC
9124000;510.61;509.14;PVC;PVC
9126000;514.52;513.05;PVC;PVC
9128000;513.41;511.94;PVC;PVC
9130000;514.04;512.58;PVC;PVC
9132000;514.63;513.16;PVC;PVC
9134000;511.70;510.23;PVC;PVC
9136000;512.54;511.07;PVC;PVC
9138000;513.44;511.97;PVC;PVC
9140000;513.90;512.44;PVC;PVC
9142000;515.27;513.81;PVC;PVC
9144000;514.20;512.73;PVC;PVC
9146000;512.08;510.62;PVC;PVC
9148000;514.18;512.72;PVC;PVC
9150000;515.10;513.64;PVC;PVC
9152000;514.85;513.39;PVC;PVC
9154000;513.49;512.04;PVC;PVC
9156000;513.80;512.35;PVC;PVC
9158000;514.88;513.42;PVC;PVC
9160000;514.45;513.00;PVC;PVC
9162000;514.65;513.19;PVC;PVC
9164000;514.57;513.12;PVC;PVC
9166000;514.77;513.32;PVC;PVC
9168000;513.18;511.73;PVC;PVC
9170000;514.79;513.34;PVC;PVC
9172000;511.86;510.41;PVC;PVC
9174000;511.59;510.15;PVC;PVC
9176000;514.28;512.84;PVC;PVC
9178000;513.68;512.24;PVC;PVC
9180000;513.25;511.81;PVC;PVC
9182000;514.18;512.74;PVC;PVC
9184000;512.21;510.77;PVC;PVC
9186000;512.23;510.80;PVC;PVC
9188000;513.74;512.30;PVC;PVC
9190000;513.73;512.30;PVC;PVC
9192000;513.40;511.96;PVC;PVC
9194000;511.97;510.54;PVC;PVC
9196000;513.48;512.05;PVC;PVC
9198000;514.80;513.37;PVC;PVC
9200000;513.91;512.48;PVC;PVC
9202000;515.48;514.05;PVC;PVC
9204000;515.86;514.44;PVC;PVC
9206000;512.91;511.49;PVC;PVC
9208000;515.39;513.97;PVC;PVC
9210000;514.35;512.93;PVC;PVC
9212000;512.91;511.49;PVC;PVC
9214000;512.63;511.21;PVC;PVC
9216000;513.27;511.86;PVC;PVC
9218000;513.46;512.05;PVC;PVC
9220000;513.21;511.79;PVC;PVC
9222000;512.68;511.27;PVC;PVC
9224000;513.75;512.34;PVC;PVC
9226000;512.61;511.20;PVC;PVC
9228000;512.53;511.12;PVC;PVC
9230000;511.75;510.35;PVC;PVC
9232000;512.80;511.40;PVC;PVC
9234000;512.74;511.34;PVC;PVC
9236000;512.96;511.56;PVC;PVC
9238000;512.11;510.72;PVC;PVC
9240000;514.41;513.02;PVC;PVC
9242000;513.44;512.04;PVC;PVC
9244000;512.73;511.34;PVC;PVC
9246000;512.57;511.18;PVC;PVC
9248000;510.48;509.09;PVC;PVC
9250000;514.03;512.65;PVC;PVC
9252000;513.69;512.30;PVC;PVC
9254000;514.08;512.70;PVC;PVC
9256000;512.74;511.36;PVC;PVC
9258000;515.54;514.16;PVC;PVC
9260000;513.66;512.28;PVC;PVC
9262000;512.27;510.89;PVC;PVC
9264000;513.79;512.42;PVC;PVC
9266000;512.99;511.62;PVC;PVC
9268000;510.11;508.74;PVC;PVC
9270000;509.81;508.45;PVC;PVC
9272000;511.80;510.43;PVC;PVC
9274000;512.86;511.50;PVC;PVC
9276000;514.01;512.65;PVC;PVC
9278000;511.35;509.99;PVC;PVC
9280000;512.90;511.55;PVC;PVC
9282000;514.66;513.31;PVC;PVC
9284000;512.41;511.05;PVC;PVC
9286000;515.92;514.57;PVC;PVC
9288000;513.97;512.62;PVC;PVC
9290000;512.10;510.76;PVC;PVC
9292000;515.14;513.80;PVC;PVC
9294000;511.10;509.75;PVC;PVC
9296000;515.30;513.96;PVC;PVC
9298000;515.18;513.84;PVC;PVC
9300000;513.04;511.70;PVC;PVC
9302000;513.82;512.49;PVC;PVC
9304000;513.51;512.18;PVC;PVC
9306000;511.82;510.49;PVC;PVC
9308000;513.36;512.03;PVC;PVC
9310000;513.65;512.32;PVC;PVC
9312000;512.79;511.47;PVC;PVC
9314000;514.20;512.88;PVC;PVC
9316000;512.57;511.25;PVC;PVC
9318000;513.40;512.08;PVC;PVC
9320000;513.34;512.03;PVC;PVC
9322000;514.47;513.16;PVC;PVC
9324000;514.67;513.36;PVC;PVC
9326000;512.97;511.66;PVC;PVC
9328000;514.85;513.55;PVC;PVC
9330000;515.05;513.75;PVC;PVC
9332000;514.11;512.81;PVC;PVC
9334000;512.29;510.99;PVC;PVC
9336000;512.60;511.31;PVC;PVC
9338000;513.82;512.53;PVC;PVC
9340000;511.28;509.98;PVC;PVC
9342000;510.83;509.54;PVC;PVC
9344000;511.67;510.38;PVC;PVC
9346000;511.73;510.45;PVC;PVC
9348000;512.74;511.46;PVC;PVC
9350000;513.99;512.71;PVC;PVC
9352000;513.10;511.82;PVC;PVC
9354000;515.00;513.72;PVC;PVC
9356000;513.94;512.67;PVC;PVC
9358000;514.14;512.87;PVC;PVC
9360000;514.13;512.86;PVC;PVC
9362000;515.49;514.22;PVC;PVC
9364000;510.70;509.44;PVC;PVC
9366000;513.45;512.19;PVC;PVC
9368000;513.13;511.88;PVC;PVC
9370000;511.85;510.60;PVC;PVC
9372000;514.27;513.02;PVC;PVC
9374000;514.24;512.99;PVC;PVC
9376000;511.34;510.09;PVC;PVC
9378000;514.64;513.40;PVC;PVC
9380000;512.65;511.41;PVC;PVC
9382000;513.64;512.40;PVC;PVC
9384000;513.36;512.12;PVC;PVC
9386000;514.20;512.96;PVC;PVC
9388000;514.23;513.00;PVC;PVC
9390000;513.65;512.42;PVC;PVC
9392000;514.31;513.08;PVC;PVC
9394000;515.12;513.90;PVC;PVC
9396000;513.65;512.44;PVC;PVC
9398000;512.87;511.66;PVC;PVC
9400000;511.37;510.15;PVC;PVC
9402000;513.29;512.08;PVC;PVC
9404000;511.36;510.15;PVC;PVC
9406000;514.55;513.35;PVC;PVC
9408000;514.99;513.79;PVC;PVC
9410000;512.92;511.72;PVC;PVC
9412000;512.49;511.29;PVC;PVC
9414000;512.24;511.04;PVC;PVC
9416000;511.28;510.09;PVC;PVC
9418000;509.87;508.68;PVC;PVC
9420000;514.29;513.11;PVC;PVC
9422000;510.53;509.35;PVC;PVC
9424000;515.08;513.90;PVC;PVC
9426000;513.09;511.92;PVC;PVC
9428000;514.01;512.84;PVC;PVC
9430000;514.21;513.04;PVC;PVC
9432000;513.36;512.19;PVC;PVC
9434000;513.28;512.12;PVC;PVC
9436000;512.05;510.89;PVC;PVC
9438000;512.07;510.91;PVC;PVC
9440000;512.70;511.54;PVC;PVC
9442000;512.02;510.87;PVC;PVC
9444000;511.79;510.64;PVC;PVC
9446000;511.47;510.32;PVC;PVC
9448000;513.14;511.99;PVC;PVC
9450000;512.40;511.26;PVC;PVC
9452000;513.93;512.80;PVC;PVC
9454000;512.12;510.99;PVC;PVC
9456000;513.73;512.60;PVC;PVC
9458000;511.75;510.62;PVC;PVC
9460000;513.17;512.05;PVC;PVC
9462000;512.07;510.95;PVC;PVC
9464000;512.83;511.71;PVC;PVC
9466000;512.49;511.37;PVC;PVC
9468000;513.70;512.59;PVC;PVC
9470000;513.56;512.45;PVC;PVC
9472000;514.29;513.18;PVC;PVC
9474000;512.65;511.55;PVC;PVC
9476000;512.18;511.08;PVC;PVC
9478000;512.68;511.58;PVC;PVC
9480000;510.84;509.75;PVC;PVC
9482000;514.74;513.64;PVC;PVC
9484000;512.62;511.54;PVC;PVC
9486000;514.94;513.85;PVC;PVC
9488000;511.92;510.84;PVC;PVC
9490000;513.61;512.53;PVC;PVC
9492000;514.66;513.59;PVC;PVC
9494000;513.65;512.58;PVC;PVC
9496000;513.14;512.07;PVC;PVC
9498000;513.54;512.47;PVC;PVC
9500000;510.56;509.50;PVC;PVC
9502000;514.01;512.95;PVC;PVC
9504000;513.21;512.16;PVC;PVC
9506000;511.80;510.75;PVC;PVC
9508000;514.38;513.33;PVC;PVC
9510000;513.13;512.09;PVC;PVC
9512000;511.19;510.15;PVC;PVC
9514000;514.29;513.25;PVC;PVC
9516000;511.82;510.78;PVC;PVC
9518000;514.54;513.51;PVC;PVC
9520000;512.55;511.53;PVC;PVC
9522000;513.00;511.98;PVC;PVC
9524000;513.13;512.11;PVC;PVC
9526000;513.04;512.02;PVC;PVC
9528000;512.81;511.79;PVC;PVC
9530000;512.40;511.39;PVC;PVC
9532000;512.00;510.99;PVC;PVC
9534000;513.02;512.02;PVC;PVC
9536000;512.50;511.50;PVC;PVC
9538000;511.74;510.75;PVC;PVC
9540000;513.30;512.31;PVC;PVC
9542000;511.66;510.67;PVC;PVC
9544000;513.37;512.39;PVC;PVC
9546000;512.63;511.65;PVC;PVC
9548000;512.68;511.70;PVC;PVC
9550000;513.91;512.93;PVC;PVC
9552000;512.90;511.93;PVC;PVC
9554000;513.09;512.13;PVC;PVC
9556000;514.06;513.10;PVC;PVC
9558000;515.21;514.25;PVC;PVC
9560000;511.51;510.55;PVC;PVC
9562000;513.80;512.85;PVC;PVC
9564000;512.51;511.56;PVC;PVC
9566000;512.30;511.35;PVC;PVC
9568000;513.26;512.31;PVC;PVC
9570000;513.28;512.34;PVC;PVC
9572000;514.20;513.27;PVC;PVC
9574000;514.71;513.78;PVC;PVC
9576000;512.56;511.64;PVC;PVC
9578000;514.49;513.57;PVC;PVC
9580000;512.60;511.69;PVC;PVC
9582000;512.00;511.08;PVC;PVC
9584000;510.95;510.04;PVC;PVC
9586000;512.73;511.82;PVC;PVC
9588000;513.31;512.40;PVC;PVC
9590000;513.32;512.42;PVC;PVC
9592000;511.51;510.61;PVC;PVC
9594000;513.03;512.14;PVC;PVC
9596000;514.30;513.41;PVC;PVC
9598000;513.95;513.06;PVC;PVC
9600000;511.79;510.91;PVC;PVC
9602000;514.46;513.59;PVC;PVC
9604000;510.36;509.49;PVC;PVC
9606000;513.17;512.30;PVC;PVC
9608000;515.15;514.28;PVC;PVC
9610000;512.95;512.09;PVC;PVC
9612000;513.31;512.45;PVC;PVC
9614000;513.30;512.44;PVC;PVC
9616000;513.48;512.63;PVC;PVC
9618000;512.13;511.28;PVC;PVC
9620000;513.07;512.23;PVC;PVC
9622000;515.05;514.21;PVC;PVC
9624000;510.04;509.21;PVC;PVC
9626000;513.63;512.80;PVC;PVC
9628000;514.57;513.75;PVC;PVC
9630000;512.60;511.78;PVC;PVC
9632000;513.07;512.25;PVC;PVC
9634000;512.80;511.98;PVC;PVC
9636000;514.00;513.19;PVC;PVC
9638000;511.59;510.78;PVC;PVC
9640000;512.79;511.98;PVC;PVC
9642000;514.20;513.40;PVC;PVC
9644000;512.79;511.99;PVC;PVC
9646000;514.94;514.14;PVC;PVC
9648000;512.91;512.12;PVC;PVC
9650000;510.76;509.98;PVC;PVC
9652000;513.66;512.88;PVC;PVC
9654000;511.01;510.23;PVC;PVC
9656000;513.03;512.26;PVC;PVC
9658000;513.10;512.33;PVC;PVC
9660000;513.50;512.74;PVC;PVC
9662000;513.52;512.76;PVC;PVC
9664000;513.59;512.84;PVC;PVC
9666000;514.38;513.62;PVC;PVC
9668000;512.23;511.48;PVC;PVC
9670000;511.32;510.58;PVC;PVC
9672000;513.23;512.49;PVC;PVC
9674000;512.21;511.48;PVC;PVC
9676000;512.13;511.40;PVC;PVC
9678000;511.42;510.70;PVC;PVC
9680000;513.14;512.42;PVC;PVC
9682000;514.36;513.64;PVC;PVC
9684000;512.10;511.38;PVC;PVC
9686000;513.42;512.71;PVC;PVC
9688000;511.82;511.11;PVC;PVC
9690000;513.61;512.90;PVC;PVC
9692000;513.59;512.89;PVC;PVC
9694000;512.90;512.21;PVC;PVC
9696000;512.25;511.56;PVC;PVC
9698000;513.64;512.95;PVC;PVC
9700000;511.55;510.87;PVC;PVC
9702000;513.59;512.92;PVC;PVC
9704000;512.54;511.87;PVC;PVC
9706000;510.57;509.90;PVC;PVC
9708000;513.59;512.92;PVC;PVC
9710000;513.66;513.00;PVC;PVC
9712000;509.13;508.47;PVC;PVC
9714000;511.40;510.75;PVC;PVC
9716000;511.13;510.48;PVC;PVC
9718000;514.01;513.37;PVC;PVC
9720000;511.02;510.39;PVC;PVC
9722000;514.27;513.64;PVC;PVC
9724000;511.79;511.16;PVC;PVC
9726000;512.39;511.76;PVC;PVC
9728000;512.97;512.35;PVC;PVC
9730000;512.48;511.86;PVC;PVC
9732000;512.48;511.87;PVC;PVC
9734000;512.06;511.45;PVC;PVC
9736000;511.88;511.28;PVC;PVC
9738000;514.28;513.68;PVC;PVC
9740000;511.51;510.92;PVC;PVC
9742000;514.72;514.13;PVC;PVC
9744000;511.99;511.40;PVC;PVC
9746000;511.88;511.30;PVC;PVC
9748000;513.05;512.47;PVC;PVC
9750000;509.30;508.72;PVC;PVC
9752000;513.46;512.89;PVC;PVC
9754000;513.58;513.01;PVC;PVC
9756000;512.57;512.01;PVC;PVC
9758000;512.29;511.73;PVC;PVC
9760000;510.59;510.04;PVC;PVC
9762000;512.24;511.69;PVC;PVC
9764000;511.48;510.94;PVC;PVC
9766000;512.03;511.49;PVC;PVC
9768000;510.45;509.92;PVC;PVC
9770000;512.18;511.65;PVC;PVC
9772000;511.82;511.29;PVC;PVC
9774000;511.81;511.29;PVC;PVC
9776000;512.98;512.46;PVC;PVC
9778000;512.36;511.85;PVC;PVC
9780000;510.85;510.34;PVC;PVC
9782000;512.37;511.87;PVC;PVC
9784000;511.00;510.50;PVC;PVC
9786000;512.07;511.57;PVC;PVC
9788000;512.34;511.85;PVC;PVC
9790000;513.15;512.66;PVC;PVC
9792000;512.78;512.29;PVC;PVC
9794000;513.44;512.96;PVC;PVC
9796000;512.34;511.87;PVC;PVC
9798000;512.75;512.28;PVC;PVC
9800000;511.90;511.44;PVC;PVC
9802000;513.49;513.03;PVC;PVC
9804000;513.69;513.24;PVC;PVC
9806000;510.12;509.67;PVC;PVC
9808000;513.75;513.30;PVC;PVC
9810000;514.38;513.94;PVC;PVC
9812000;511.60;511.17;PVC;PVC
9814000;513.06;512.63;PVC;PVC
9816000;510.83;510.40;PVC;PVC
9818000;510.62;510.20;PVC;PVC
9820000;513.32;512.91;PVC;PVC
9822000;510.50;510.09;PVC;PVC
9824000;515.19;514.78;PVC;PVC
9826000;512.37;511.96;PVC;PVC
9828000;515.13;514.72;PVC;PVC
9830000;515.00;514.60;PVC;PVC
9832000;512.50;512.11;PVC;PVC
9834000;511.62;511.23;PVC;PVC
9836000;509.71;509.33;PVC;PVC
9838000;512.64;512.26;PVC;PVC
9840000;511.78;511.41;PVC;PVC
9842000;511.96;511.59;PVC;PVC
9844000;513.14;512.78;PVC;PVC
9846000;515.61;515.25;PVC;PVC
9848000;511.85;511.50;PVC;PVC
9850000;513.35;513.00;PVC;PVC
9852000;513.70;513.35;PVC;PVC
9854000;514.37;514.03;PVC;PVC
9856000;513.76;513.42;PVC;PVC
9858000;513.00;512.67;PVC;PVC
9860000;511.17;510.84;PVC;PVC
9862000;512.76;512.44;PVC;PVC
9864000;510.34;510.02;PVC;PVC
9866000;512.70;512.39;PVC;PVC
9868000;513.09;512.78;PVC;PVC
9870000;513.70;513.39;PVC;PVC
9872000;512.03;511.73;PVC;PVC
9874000;512.36;512.07;PVC;PVC
9876000;510.66;510.37;PVC;PVC
9878000;510.40;510.12;PVC;PVC
9880000;510.30;510.02;PVC;PVC
9882000;514.87;514.59;PVC;PVC
9884000;511.82;511.55;PVC;PVC
9886000;512.28;512.01;PVC;PVC
9888000;508.77;508.51;PVC;PVC
9890000;513.86;513.60;PVC;PVC
9892000;514.20;513.95;PVC;PVC
9894000;512.06;511.81;PVC;PVC
9896000;513.26;513.02;PVC;PVC
9898000;512.33;512.09;PVC;PVC
9900000;514.85;514.61;PVC;PVC
9902000;512.71;512.48;PVC;PVC
9904000;512.33;512.10;PVC;PVC
9906000;512.57;512.35;PVC;PVC
9908000;512.46;512.24;PVC;PVC
9910000;513.07;512.86;PVC;PVC
9912000;511.42;511.21;PVC;PVC
9914000;511.20;511.00;PVC;PVC
9916000;510.88;510.69;PVC;PVC
9918000;512.09;511.90;PVC;PVC
9920000;512.31;512.13;PVC;PVC
9922000;515.97;515.79;PVC;PVC
9924000;511.31;511.13;PVC;PVC
9926000;512.33;512.16;PVC;PVC
9928000;512.74;512.57;PVC;PVC
9930000;512.51;512.35;PVC;PVC
9932000;511.34;511.18;PVC;PVC
9934000;511.94;511.79;PVC;PVC
9936000;511.51;511.36;PVC;PVC
9938000;512.70;512.56;PVC;PVC
9940000;511.96;511.82;PVC;PVC
9942000;513.90;513.76;PVC;PVC
9944000;513.08;512.95;PVC;PVC
9946000;512.58;512.46;PVC;PVC
9948000;513.48;513.35;PVC;PVC
9950000;510.28;510.16;PVC;PVC
9952000;512.23;512.11;PVC;PVC
9954000;514.47;514.37;PVC;PVC
9956000;511.70;511.60;PVC;PVC
9958000;512.66;512.57;PVC;PVC
9960000;513.31;513.21;PVC;PVC
9962000;512.81;512.72;PVC;PVC
9964000;513.14;513.06;PVC;PVC
9966000;512.76;512.68;PVC;PVC
9968000;511.28;511.21;PVC;PVC
9970000;512.53;512.46;PVC;PVC
9972000;510.44;510.37;PVC;PVC
9974000;512.32;512.26;PVC;PVC
9976000;512.14;512.08;PVC;PVC
9978000;511.57;511.52;PVC;PVC
9980000;513.25;513.21;PVC;PVC
9982000;511.97;511.93;PVC;PVC
9984000;515.30;515.26;PVC;PVC
9986000;511.45;511.42;PVC;PVC
9988000;511.41;511.39;PVC;PVC
9990000;513.03;513.01;PVC;PVC
9992000;512.49;512.47;PVC;PVC
9994000;513.03;513.02;PVC;PVC
9996000;512.57;512.56;PVC;PVC
9998000;511.30;511.30;PVC;PVC
