timestamp_us;raw_adc;filtered_val;rhythm;class_code
0;512.30;512.30;PVC;PVC
2000;512.84;512.84;PVC;PVC
4000;511.79;511.78;PVC;PVC
6000;511.65;511.63;PVC;PVC
8000;510.50;510.48;PVC;PVC
10000;510.09;510.06;PVC;PVC
12000;511.31;511.29;PVC;PVC
14000;512.19;512.16;PVC;PVC
16000;512.00;511.96;PVC;PVC
18000;511.10;511.06;PVC;PVC
20000;513.13;513.09;PVC;PVC
22000;509.28;509.23;PVC;PVC
24000;511.06;511.01;PVC;PVC
26000;511.98;511.91;PVC;PVC
28000;511.95;511.89;PVC;PVC
30000;512.15;512.08;PVC;PVC
32000;513.20;513.13;PVC;PVC
34000;511.24;511.16;PVC;PVC
36000;513.19;513.10;PVC;PVC
38000;511.26;511.17;PVC;PVC
40000;512.24;512.15;PVC;PVC
42000;513.22;513.12;PVC;PVC
44000;512.94;512.84;PVC;PVC
46000;513.78;513.67;PVC;PVC
48000;509.84;509.73;PVC;PVC
50000;513.03;512.91;PVC;PVC
52000;510.66;510.54;PVC;PVC
54000;512.68;512.55;PVC;PVC
56000;512.49;512.35;PVC;PVC
58000;512.19;512.05;PVC;PVC
60000;512.43;512.29;PVC;PVC
62000;513.00;512.85;PVC;PVC
64000;512.95;512.80;PVC;PVC
66000;511.36;511.20;PVC;PVC
68000;511.35;511.19;PVC;PVC
70000;511.19;511.03;PVC;PVC
72000;512.05;511.88;PVC;PVC
74000;513.40;513.23;PVC;PVC
76000;509.57;509.39;PVC;PVC
78000;513.50;513.31;PVC;PVC
80000;513.00;512.81;PVC;PVC
82000;511.21;511.02;PVC;PVC
84000;511.93;511.74;PVC;PVC
86000;512.89;512.69;PVC;PVC
88000;510.98;510.77;PVC;PVC
90000;513.81;513.60;PVC;PVC
92000;511.85;511.63;PVC;PVC
94000;513.14;512.92;PVC;PVC
96000;510.78;510.55;PVC;PVC
98000;512.92;512.69;PVC;PVC
100000;513.71;513.48;PVC;PVC
102000;512.37;512.13;PVC;PVC
104000;515.73;515.48;PVC;PVC
106000;511.29;511.04;PVC;PVC
108000;513.46;513.21;PVC;PVC
110000;513.35;513.09;PVC;PVC
112000;513.12;512.86;PVC;PVC
114000;511.57;511.30;PVC;PVC
116000;512.45;512.17;PVC;PVC
118000;513.88;513.60;PVC;PVC
120000;510.51;510.23;PVC;PVC
122000;511.91;511.62;PVC;PVC
124000;512.04;511.75;PVC;PVC
126000;513.22;512.93;PVC;PVC
128000;512.42;512.12;PVC;PVC
130000;513.69;513.38;PVC;PVC
132000;514.19;513.88;PVC;PVC
134000;513.58;513.27;PVC;PVC
136000;511.08;510.76;PVC;PVC
138000;512.18;511.86;PVC;PVC
140000;513.12;512.79;PVC;PVC
142000;511.87;511.54;PVC;PVC
144000;510.85;510.51;PVC;PVC
146000;512.49;512.15;PVC;PVC
148000;511.41;511.06;PVC;PVC
150000;514.00;513.65;PVC;PVC
152000;511.68;511.33;PVC;PVC
154000;511.45;511.09;PVC;PVC
156000;513.10;512.74;PVC;PVC
158000;512.29;511.92;PVC;PVC
160000;513.47;513.10;PVC;PVC
162000;510.73;510.35;PVC;PVC
164000;512.05;511.66;PVC;PVC
166000;513.40;513.01;PVC;PVC
168000;511.78;511.39;PVC;PVC
170000;512.48;512.09;PVC;PVC
172000;514.64;514.24;PVC;PVC
174000;513.11;512.71;PVC;PVC
176000;511.05;510.64;PVC;PVC
178000;512.97;512.56;PVC;PVC
180000;512.72;512.31;PVC;PVC
182000;511.10;510.68;PVC;PVC
184000;513.70;513.27;PVC;PVC
186000;510.43;509.99;PVC;PVC
188000;513.38;512.94;PVC;PVC
190000;512.73;512.29;PVC;PVC
192000;511.38;510.93;PVC;PVC
194000;511.55;511.10;PVC;PVC
196000;514.38;513.92;PVC;PVC
198000;510.83;510.37;PVC;PVC
200000;512.40;511.93;PVC;PVC
202000;514.19;513.72;PVC;PVC
204000;514.68;514.21;PVC;PVC
206000;511.49;511.01;PVC;PVC
208000;513.26;512.78;PVC;PVC
210000;511.90;511.41;PVC;PVC
212000;513.80;513.31;PVC;PVC
214000;512.83;512.34;PVC;PVC
216000;510.64;510.14;PVC;PVC
218000;512.51;512.01;PVC;PVC
220000;513.40;512.89;PVC;PVC
222000;512.68;512.17;PVC;PVC
224000;514.67;514.15;PVC;PVC
226000;512.84;512.32;PVC;PVC
228000;511.59;511.07;PVC;PVC
230000;513.45;512.92;PVC;PVC
232000;514.55;514.01;PVC;PVC
234000;510.34;509.80;PVC;PVC
236000;515.17;514.62;PVC;PVC
238000;511.86;511.31;PVC;PVC
240000;512.80;512.24;PVC;PVC
242000;511.78;511.22;PVC;PVC
244000;511.12;510.56;PVC;PVC
246000;511.91;511.35;PVC;PVC
248000;513.07;512.50;PVC;PVC
250000;510.30;509.73;PVC;PVC
252000;511.78;511.21;PVC;PVC
254000;513.31;512.73;PVC;PVC
256000;512.17;511.58;PVC;PVC
258000;511.52;510.93;PVC;PVC
260000;512.32;511.72;PVC;PVC
262000;513.82;513.22;PVC;PVC
264000;512.25;511.64;PVC;PVC
266000;512.99;512.38;PVC;PVC
268000;512.63;512.02;PVC;PVC
270000;513.05;512.44;PVC;PVC
272000;512.81;512.19;PVC;PVC
274000;513.81;513.19;PVC;PVC
276000;511.76;511.13;PVC;PVC
278000;513.36;512.72;PVC;PVC
280000;514.05;513.41;PVC;PVC
282000;512.84;512.19;PVC;PVC
284000;513.03;512.38;PVC;PVC
286000;511.10;510.45;PVC;PVC
288000;511.89;511.23;PVC;PVC
290000;510.38;509.72;PVC;PVC
292000;511.93;511.27;PVC;PVC
294000;511.46;510.79;PVC;PVC
296000;514.05;513.38;PVC;PVC
298000;513.52;512.84;PVC;PVC
300000;514.42;513.73;PVC;PVC
302000;512.33;511.64;PVC;PVC
304000;512.96;512.27;PVC;PVC
306000;513.35;512.65;PVC;PVC
308000;514.99;514.29;PVC;PVC
310000;513.93;513.22;PVC;PVC
312000;512.54;511.84;PVC;PVC
314000;513.17;512.46;PVC;PVC
316000;512.91;512.19;PVC;PVC
318000;512.01;511.29;PVC;PVC
320000;511.59;510.87;PVC;PVC
322000;510.83;510.11;PVC;PVC
324000;511.63;510.89;PVC;PVC
326000;513.85;513.12;PVC;PVC
328000;514.58;513.84;PVC;PVC
330000;512.26;511.52;PVC;PVC
332000;511.79;511.05;PVC;PVC
334000;512.15;511.40;PVC;PVC
336000;513.15;512.39;PVC;PVC
338000;513.44;512.68;PVC;PVC
340000;511.60;510.83;PVC;PVC
342000;512.90;512.13;PVC;PVC
344000;512.64;511.87;PVC;PVC
346000;512.95;512.18;PVC;PVC
348000;512.92;512.14;PVC;PVC
350000;514.92;514.13;PVC;PVC
352000;511.35;510.57;PVC;PVC
354000;514.86;514.07;PVC;PVC
356000;514.06;513.26;PVC;PVC
358000;513.00;512.20;PVC;PVC
360000;514.80;513.99;PVC;PVC
362000;513.34;512.53;PVC;PVC
364000;511.52;510.71;PVC;PVC
366000;511.09;510.27;PVC;PVC
368000;513.20;512.38;PVC;PVC
370000;513.69;512.86;PVC;PVC
372000;513.62;512.79;PVC;PVC
374000;511.06;510.23;PVC;PVC
376000;512.95;512.11;PVC;PVC
378000;513.67;512.83;PVC;PVC
380000;512.13;511.29;PVC;PVC
382000;511.32;510.48;PVC;PVC
384000;513.41;512.56;PVC;PVC
386000;513.14;512.28;PVC;PVC
388000;513.39;512.53;PVC;PVC
390000;512.66;511.80;PVC;PVC
392000;511.15;510.28;PVC;PVC
394000;512.66;511.79;PVC;PVC
396000;513.81;512.94;PVC;PVC
398000;514.05;513.17;PVC;PVC
400000;511.82;510.94;PVC;PVC
402000;512.95;512.07;PVC;PVC
404000;511.62;510.73;PVC;PVC
406000;513.49;512.59;PVC;PVC
408000;512.97;512.07;PVC;PVC
410000;510.57;509.67;PVC;PVC
412000;514.74;513.84;PVC;PVC
414000;512.33;511.42;PVC;PVC
416000;512.42;511.51;PVC;PVC
418000;510.60;509.69;PVC;PVC
420000;511.25;510.33;PVC;PVC
422000;512.95;512.03;PVC;PVC
424000;514.26;513.34;PVC;PVC
426000;512.92;511.99;PVC;PVC
428000;512.17;511.23;PVC;PVC
430000;512.74;511.80;PVC;PVC
432000;513.43;512.48;PVC;PVC
434000;512.08;511.14;PVC;PVC
436000;513.23;512.28;PVC;PVC
438000;514.14;513.19;PVC;PVC
440000;514.45;513.50;PVC;PVC
442000;514.11;513.15;PVC;PVC
444000;513.91;512.95;PVC;PVC
446000;510.21;509.24;PVC;PVC
448000;512.53;511.56;PVC;PVC
450000;514.95;513.98;PVC;PVC
452000;510.88;509.90;PVC;PVC
454000;512.90;511.92;PVC;PVC
456000;513.73;512.74;PVC;PVC
458000;514.42;513.43;PVC;PVC
460000;513.55;512.55;PVC;PVC
462000;514.65;513.66;PVC;PVC
464000;510.86;509.86;PVC;PVC
466000;509.99;508.98;PVC;PVC
468000;512.93;511.93;PVC;PVC
470000;512.46;511.45;PVC;PVC
472000;512.09;511.07;PVC;PVC
474000;513.35;512.33;PVC;PVC
476000;510.48;509.46;PVC;PVC
478000;512.00;510.98;PVC;PVC
480000;513.88;512.86;PVC;PVC
482000;513.15;512.12;PVC;PVC
484000;513.43;512.40;PVC;PVC
486000;513.53;512.50;PVC;PVC
488000;512.05;511.01;PVC;PVC
490000;515.37;514.33;PVC;PVC
492000;514.84;513.80;PVC;PVC
494000;514.43;513.38;PVC;PVC
496000;512.22;511.17;PVC;PVC
498000;512.09;511.03;PVC;PVC
500000;512.14;511.08;PVC;PVC
502000;510.76;509.70;PVC;PVC
504000;513.13;512.06;PVC;PVC
506000;511.85;510.78;PVC;PVC
508000;514.05;512.98;PVC;PVC
510000;515.33;514.25;PVC;PVC
512000;515.93;514.85;PVC;PVC
514000;513.84;512.76;PVC;PVC
516000;513.07;511.98;PVC;PVC
518000;513.11;512.02;PVC;PVC
520000;511.43;510.33;PVC;PVC
522000;514.99;513.90;PVC;PVC
524000;513.47;512.37;PVC;PVC
526000;511.10;510.00;PVC;PVC
528000;514.71;513.60;PVC;PVC
530000;510.30;509.19;PVC;PVC
532000;512.01;510.90;PVC;PVC
534000;513.41;512.29;PVC;PVC
536000;514.38;513.26;PVC;PVC
538000;510.53;509.41;PVC;PVC
540000;512.81;511.68;PVC;PVC
542000;513.59;512.46;PVC;PVC
544000;512.30;511.17;PVC;PVC
546000;511.21;510.07;PVC;PVC
548000;513.48;512.34;PVC;PVC
550000;513.53;512.39;PVC;PVC
552000;515.81;514.66;PVC;PVC
554000;509.93;508.79;PVC;PVC
556000;514.38;513.23;PVC;PVC
558000;513.04;511.89;PVC;PVC
560000;513.52;512.37;PVC;PVC
562000;510.70;509.54;PVC;PVC
564000;512.42;511.25;PVC;PVC
566000;512.99;511.83;PVC;PVC
568000;511.60;510.43;PVC;PVC
570000;512.34;511.17;PVC;PVC
572000;512.77;511.60;PVC;PVC
574000;515.42;514.24;PVC;PVC
576000;514.45;513.27;PVC;PVC
578000;512.92;511.74;PVC;PVC
580000;516.35;515.17;PVC;PVC
582000;512.56;511.37;PVC;PVC
584000;511.67;510.48;PVC;PVC
586000;512.55;511.36;PVC;PVC
588000;514.54;513.35;PVC;PVC
590000;513.44;512.24;PVC;PVC
592000;512.40;511.20;PVC;PVC
594000;514.11;512.91;PVC;PVC
596000;513.44;512.23;PVC;PVC
598000;513.44;512.23;PVC;PVC
600000;512.21;511.00;PVC;PVC
602000;513.45;512.23;PVC;PVC
604000;513.49;512.27;PVC;PVC
606000;514.89;513.66;PVC;PVC
608000;512.17;510.95;PVC;PVC
610000;515.95;514.72;PVC;PVC
612000;514.96;513.73;PVC;PVC
614000;513.39;512.15;PVC;PVC
616000;512.70;511.47;PVC;PVC
618000;515.41;514.17;PVC;PVC
620000;513.52;512.28;PVC;PVC
622000;513.00;511.75;PVC;PVC
624000;512.95;511.71;PVC;PVC
626000;512.80;511.55;PVC;PVC
628000;512.24;510.99;PVC;PVC
630000;513.66;512.40;PVC;PVC
632000;514.69;513.44;PVC;PVC
634000;514.59;513.33;PVC;PVC
636000;513.63;512.37;PVC;PVC
638000;512.51;511.25;PVC;PVC
640000;511.62;510.35;PVC;PVC
642000;513.31;512.04;PVC;PVC
644000;513.09;511.82;PVC;PVC
646000;511.73;510.45;PVC;PVC
648000;511.39;510.12;PVC;PVC
650000;512.54;511.26;PVC;PVC
652000;513.87;512.59;PVC;PVC
654000;513.96;512.68;PVC;PVC
656000;513.95;512.66;PVC;PVC
658000;513.62;512.34;PVC;PVC
660000;512.58;511.29;PVC;PVC
662000;513.66;512.36;PVC;PVC
664000;514.74;513.44;PVC;PVC
666000;513.23;511.93;PVC;PVC
668000;513.98;512.68;PVC;PVC
670000;513.34;512.03;PVC;PVC
672000;513.30;511.99;PVC;PVC
674000;514.00;512.69;PVC;PVC
676000;514.38;513.07;PVC;PVC
678000;512.01;510.70;PVC;PVC
680000;514.08;512.76;PVC;PVC
682000;513.88;512.56;PVC;PVC
684000;514.05;512.73;PVC;PVC
686000;511.45;510.13;PVC;PVC
688000;512.94;511.61;PVC;PVC
690000;513.91;512.58;PVC;PVC
692000;513.12;511.79;PVC;PVC
694000;512.61;511.28;PVC;PVC
696000;513.86;512.53;PVC;PVC
698000;515.08;513.74;PVC;PVC
700000;513.87;512.53;PVC;PVC
702000;513.53;512.19;PVC;PVC
704000;513.99;512.65;PVC;PVC
706000;512.56;511.22;PVC;PVC
708000;514.06;512.72;PVC;PVC
710000;511.82;510.47;PVC;PVC
712000;513.77;512.42;PVC;PVC
714000;512.90;511.55;PVC;PVC
716000;514.11;512.76;PVC;PVC
718000;513.21;511.85;PVC;PVC
720000;513.91;512.56;PVC;PVC
722000;513.31;511.95;PVC;PVC
724000;512.20;510.84;PVC;PVC
726000;515.46;514.10;PVC;PVC
728000;513.05;511.69;PVC;PVC
730000;514.01;512.64;PVC;PVC
732000;513.60;512.23;PVC;PVC
734000;510.87;509.50;PVC;PVC
736000;514.06;512.69;PVC;PVC
738000;513.94;512.57;PVC;PVC
740000;513.85;512.47;PVC;PVC
742000;512.18;510.80;PVC;PVC
744000;514.16;512.78;PVC;PVC
746000;513.83;512.44;PVC;PVC
748000;512.18;510.80;PVC;PVC
750000;513.45;512.07;PVC;PVC
752000;514.15;512.76;PVC;PVC
754000;511.33;509.94;PVC;PVC
756000;512.91;511.52;PVC;PVC
758000;514.29;512.90;PVC;PVC
760000;513.59;512.19;PVC;PVC
762000;513.24;511.84;PVC;PVC
764000;514.73;513.33;PVC;PVC
766000;514.33;512.93;PVC;PVC
768000;514.02;512.62;PVC;PVC
770000;513.15;511.74;PVC;PVC
772000;512.44;511.04;PVC;PVC
774000;513.14;511.73;PVC;PVC
776000;513.01;511.61;PVC;PVC
778000;511.92;510.51;PVC;PVC
780000;513.81;512.40;PVC;PVC
782000;512.51;511.10;PVC;PVC
784000;513.91;512.49;PVC;PVC
786000;514.88;513.46;PVC;PVC
788000;515.19;513.77;PVC;PVC
790000;513.17;511.75;PVC;PVC
792000;513.67;512.25;PVC;PVC
794000;512.95;511.53;PVC;PVC
796000;513.46;512.04;PVC;PVC
798000;514.24;512.81;PVC;PVC
800000;512.66;511.23;PVC;PVC
802000;515.53;514.10;PVC;PVC
804000;513.16;511.73;PVC;PVC
806000;512.59;511.16;PVC;PVC
808000;515.44;514.01;PVC;PVC
810000;512.43;511.00;PVC;PVC
812000;511.71;510.27;PVC;PVC
814000;513.90;512.46;PVC;PVC
816000;513.75;512.31;PVC;PVC
818000;513.37;511.93;PVC;PVC
820000;512.08;510.64;PVC;PVC
822000;513.86;512.42;PVC;PVC
824000;514.84;513.40;PVC;PVC
826000;511.85;510.41;PVC;PVC
828000;512.85;511.41;PVC;PVC
830000;512.30;510.86;PVC;PVC
832000;513.95;512.51;PVC;PVC
834000;513.71;512.26;PVC;PVC
836000;514.35;512.90;PVC;PVC
838000;515.19;513.74;PVC;PVC
840000;516.32;514.87;PVC;PVC
842000;514.19;512.73;PVC;PVC
844000;511.72;510.26;PVC;PVC
846000;515.21;513.75;PVC;PVC
848000;515.06;513.60;PVC;PVC
850000;514.18;512.72;PVC;PVC
852000;512.02;510.56;PVC;PVC
854000;514.11;512.65;PVC;PVC
856000;512.73;511.27;PVC;PVC
858000;513.98;512.51;PVC;PVC
860000;514.16;512.69;PVC;PVC
862000;513.67;512.20;PVC;PVC
864000;514.51;513.04;PVC;PVC
866000;513.50;512.03;PVC;PVC
868000;513.68;512.21;PVC;PVC
870000;515.44;513.97;PVC;PVC
872000;510.07;508.60;PVC;PVC
874000;513.83;512.36;PVC;PVC
876000;513.78;512.31;PVC;PVC
878000;512.22;510.75;PVC;PVC
880000;514.89;513.42;PVC;PVC
882000;513.32;511.85;PVC;PVC
884000;512.36;510.89;PVC;PVC
886000;512.31;510.83;PVC;PVC
888000;514.53;513.06;PVC;PVC
890000;515.00;513.53;PVC;PVC
892000;514.63;513.15;PVC;PVC
894000;512.96;511.48;PVC;PVC
896000;515.62;514.14;PVC;PVC
898000;512.19;510.71;PVC;PVC
900000;511.60;510.12;PVC;PVC
902000;513.01;511.53;PVC;PVC
904000;513.17;511.69;PVC;PVC
906000;511.35;509.87;PVC;PVC
908000;512.31;510.82;PVC;PVC
910000;512.02;510.53;PVC;PVC
912000;513.40;511.92;PVC;PVC
914000;515.03;513.55;PVC;PVC
916000;514.37;512.88;PVC;PVC
918000;512.40;510.92;PVC;PVC
920000;514.89;513.40;PVC;PVC
922000;514.31;512.82;PVC;PVC
924000;513.00;511.51;PVC;PVC
926000;512.36;510.88;PVC;PVC
928000;511.68;510.19;PVC;PVC
930000;512.55;511.06;PVC;PVC
932000;514.74;513.25;PVC;PVC
934000;512.25;510.75;PVC;PVC
936000;514.16;512.67;PVC;PVC
938000;513.77;512.28;PVC;PVC
940000;512.29;510.79;PVC;PVC
942000;514.47;512.98;PVC;PVC
944000;514.04;512.54;PVC;PVC
946000;512.84;511.35;PVC;PVC
948000;513.71;512.21;PVC;PVC
950000;514.33;512.83;PVC;PVC
952000;512.18;510.68;PVC;PVC
954000;513.13;511.64;PVC;PVC
956000;513.58;512.09;PVC;PVC
958000;511.35;509.86;PVC;PVC
960000;514.69;513.19;PVC;PVC
962000;514.92;513.42;PVC;PVC
964000;513.92;512.42;PVC;PVC
966000;512.48;510.98;PVC;PVC
968000;513.13;511.64;PVC;PVC
970000;514.07;512.57;PVC;PVC
972000;512.74;511.24;PVC;PVC
974000;512.53;511.03;PVC;PVC
976000;514.42;512.92;PVC;PVC
978000;514.44;512.94;PVC;PVC
980000;512.71;511.21;PVC;PVC
982000;512.48;510.98;PVC;PVC
984000;513.38;511.88;PVC;PVC
986000;513.81;512.31;PVC;PVC
988000;513.30;511.80;PVC;PVC
990000;514.18;512.68;PVC;PVC
992000;514.38;512.88;PVC;PVC
994000;514.11;512.61;PVC;PVC
996000;513.45;511.95;PVC;PVC
998000;512.60;511.10;PVC;PVC
1000000;512.98;511.48;PVC;PVC
1002000;514.13;512.63;PVC;PVC
1004000;515.00;513.50;PVC;PVC
1006000;513.85;512.35;PVC;PVC
1008000;512.62;511.12;PVC;PVC
1010000;512.19;510.69;PVC;PVC
1012000;514.59;513.09;PVC;PVC
1014000;514.99;513.49;PVC;PVC
1016000;516.61;515.11;PVC;PVC
1018000;513.08;511.58;PVC;PVC
1020000;513.66;512.16;PVC;PVC
1022000;515.62;514.12;PVC;PVC
1024000;512.87;511.37;PVC;PVC
1026000;516.10;514.60;PVC;PVC
1028000;514.54;513.04;PVC;PVC
1030000;513.01;511.51;PVC;PVC
1032000;514.77;513.27;PVC;PVC
1034000;515.55;514.05;PVC;PVC
1036000;513.83;512.33;PVC;PVC
1038000;514.17;512.67;PVC;PVC
1040000;512.42;510.92;PVC;PVC
1042000;512.75;511.25;PVC;PVC
1044000;516.27;514.78;PVC;PVC
1046000;514.65;513.15;PVC;PVC
1048000;514.73;513.24;PVC;PVC
1050000;517.30;515.81;PVC;PVC
1052000;514.53;513.03;PVC;PVC
1054000;512.50;511.00;PVC;PVC
1056000;514.82;513.33;PVC;PVC
1058000;514.16;512.66;PVC;PVC
1060000;513.53;512.04;PVC;PVC
1062000;511.50;510.00;PVC;PVC
1064000;512.41;510.92;PVC;PVC
1066000;513.09;511.59;PVC;PVC
1068000;512.76;511.27;PVC;PVC
1070000;512.75;511.26;PVC;PVC
1072000;514.58;513.09;PVC;PVC
1074000;513.37;511.88;PVC;PVC
1076000;512.06;510.57;PVC;PVC
1078000;513.48;511.99;PVC;PVC
1080000;514.54;513.05;PVC;PVC
1082000;513.31;511.83;PVC;PVC
1084000;512.06;510.57;PVC;PVC
1086000;512.38;510.89;PVC;PVC
1088000;510.22;508.73;PVC;PVC
1090000;513.52;512.04;PVC;PVC
1092000;514.25;512.77;PVC;PVC
1094000;513.10;511.61;PVC;PVC
1096000;513.19;511.71;PVC;PVC
1098000;513.56;512.08;PVC;PVC
1100000;512.51;511.03;PVC;PVC
1102000;512.96;511.48;PVC;PVC
1104000;512.92;511.44;PVC;PVC
1106000;515.39;513.91;PVC;PVC
1108000;513.97;512.49;PVC;PVC
1110000;515.26;513.78;PVC;PVC
1112000;515.90;514.42;PVC;PVC
1114000;513.37;511.90;PVC;PVC
1116000;513.85;512.38;PVC;PVC
1118000;514.43;512.96;PVC;PVC
1120000;513.04;511.56;PVC;PVC
1122000;514.06;512.59;PVC;PVC
1124000;512.82;511.35;PVC;PVC
1126000;513.84;512.37;PVC;PVC
1128000;513.17;511.70;PVC;PVC
1130000;514.37;512.90;PVC;PVC
1132000;516.22;514.75;PVC;PVC
1134000;513.15;511.68;PVC;PVC
1136000;514.84;513.37;PVC;PVC
1138000;513.67;512.21;PVC;PVC
1140000;515.63;514.17;PVC;PVC
1142000;513.08;511.62;PVC;PVC
1144000;512.74;511.28;PVC;PVC
1146000;512.39;510.93;PVC;PVC
1148000;513.40;511.94;PVC;PVC
1150000;513.05;511.59;PVC;PVC
1152000;514.44;512.98;PVC;PVC
1154000;512.63;511.17;PVC;PVC
1156000;513.89;512.43;PVC;PVC
1158000;513.79;512.33;PVC;PVC
1160000;515.92;514.47;PVC;PVC
1162000;513.84;512.39;PVC;PVC
1164000;512.53;511.08;PVC;PVC
1166000;515.00;513.55;PVC;PVC
1168000;512.58;511.13;PVC;PVC
1170000;513.54;512.09;PVC;PVC
1172000;515.02;513.58;PVC;PVC
1174000;513.35;511.90;PVC;PVC
1176000;512.36;510.92;PVC;PVC
1178000;512.38;510.94;PVC;PVC
1180000;513.45;512.01;PVC;PVC
1182000;513.15;511.72;PVC;PVC
1184000;513.82;512.38;PVC;PVC
1186000;515.42;513.98;PVC;PVC
1188000;512.88;511.44;PVC;PVC
1190000;512.63;511.20;PVC;PVC
1192000;512.35;510.92;PVC;PVC
1194000;513.37;511.94;PVC;PVC
1196000;514.08;512.65;PVC;PVC
1198000;512.78;511.35;PVC;PVC
1200000;512.21;510.79;PVC;PVC
1202000;513.24;511.82;PVC;PVC
1204000;513.99;512.57;PVC;PVC
1206000;512.48;511.06;PVC;PVC
1208000;513.95;512.53;PVC;PVC
1210000;515.12;513.70;PVC;PVC
1212000;512.28;510.87;PVC;PVC
1214000;514.61;513.19;PVC;PVC
1216000;514.19;512.77;PVC;PVC
1218000;514.74;513.33;PVC;PVC
1220000;512.73;511.32;PVC;PVC
1222000;513.59;512.18;PVC;PVC
1224000;510.96;509.55;PVC;PVC
1226000;511.02;509.62;PVC;PVC
1228000;513.15;511.75;PVC;PVC
1230000;513.57;512.16;PVC;PVC
1232000;513.07;511.66;PVC;PVC
1234000;514.17;512.77;PVC;PVC
1236000;514.71;513.31;PVC;PVC
1238000;513.79;512.39;PVC;PVC
1240000;510.25;508.86;PVC;PVC
1242000;514.06;512.67;PVC;PVC
1244000;511.53;510.14;PVC;PVC
1246000;512.14;510.75;PVC;PVC
1248000;513.52;512.13;PVC;PVC
1250000;513.97;512.58;PVC;PVC
1252000;512.83;511.45;PVC;PVC
1254000;514.28;512.90;PVC;PVC
1256000;514.44;513.06;PVC;PVC
1258000;513.36;511.98;PVC;PVC
1260000;513.36;511.98;PVC;PVC
1262000;513.09;511.72;PVC;PVC
1264000;515.42;514.05;PVC;PVC
1266000;512.89;511.52;PVC;PVC
1268000;512.48;511.11;PVC;PVC
1270000;516.92;515.56;PVC;PVC
1272000;512.37;511.01;PVC;PVC
1274000;513.47;512.11;PVC;PVC
1276000;511.00;509.64;PVC;PVC
1278000;513.18;511.82;PVC;PVC
1280000;513.95;512.59;PVC;PVC
1282000;511.87;510.52;PVC;PVC
1284000;513.42;512.07;PVC;PVC
1286000;512.84;511.49;PVC;PVC
1288000;511.57;510.22;PVC;PVC
1290000;513.64;512.30;PVC;PVC
1292000;512.89;511.55;PVC;PVC
1294000;513.29;511.95;PVC;PVC
1296000;514.26;512.92;PVC;PVC
1298000;514.19;512.86;PVC;PVC
1300000;514.24;512.90;PVC;PVC
1302000;512.65;511.32;PVC;PVC
1304000;512.66;511.33;PVC;PVC
1306000;513.98;512.65;PVC;PVC
1308000;513.35;512.03;PVC;PVC
1310000;512.85;511.52;PVC;PVC
1312000;512.73;511.41;PVC;PVC
1314000;514.61;513.29;PVC;PVC
1316000;512.36;511.04;PVC;PVC
1318000;515.00;513.68;PVC;PVC
1320000;513.16;511.85;PVC;PVC
1322000;512.81;511.50;PVC;PVC
1324000;512.22;510.91;PVC;PVC
1326000;514.88;513.57;PVC;PVC
1328000;513.66;512.35;PVC;PVC
1330000;514.36;513.06;PVC;PVC
1332000;514.72;513.42;PVC;PVC
1334000;511.17;509.87;PVC;PVC
1336000;513.22;511.93;PVC;PVC
1338000;511.50;510.20;PVC;PVC
1340000;513.33;512.04;PVC;PVC
1342000;513.78;512.49;PVC;PVC
1344000;511.89;510.60;PVC;PVC
1346000;512.02;510.74;PVC;PVC
1348000;513.56;512.28;PVC;PVC
1350000;513.92;512.64;PVC;PVC
1352000;512.48;511.21;PVC;PVC
1354000;516.35;515.07;PVC;PVC
1356000;512.15;510.88;PVC;PVC
1358000;513.16;511.89;PVC;PVC
1360000;512.45;511.19;PVC;PVC
1362000;514.94;513.68;PVC;PVC
1364000;510.74;509.47;PVC;PVC
1366000;511.15;509.90;PVC;PVC
1368000;514.46;513.20;PVC;PVC
1370000;513.49;512.24;PVC;PVC
1372000;510.52;509.27;PVC;PVC
1374000;515.33;514.08;PVC;PVC
1376000;512.67;511.42;PVC;PVC
1378000;512.97;511.73;PVC;PVC
1380000;515.90;514.66;PVC;PVC
1382000;513.03;511.80;PVC;PVC
1384000;510.90;509.66;PVC;PVC
1386000;511.05;509.82;PVC;PVC
1388000;515.53;514.30;PVC;PVC
1390000;512.59;511.36;PVC;PVC
1392000;513.19;511.96;PVC;PVC
1394000;513.88;512.65;PVC;PVC
1396000;514.01;512.79;PVC;PVC
1398000;514.32;513.10;PVC;PVC
1400000;513.27;512.06;PVC;PVC
1402000;512.23;511.02;PVC;PVC
1404000;511.64;510.43;PVC;PVC
1406000;513.13;511.93;PVC;PVC
1408000;514.66;513.46;PVC;PVC
1410000;513.46;512.26;PVC;PVC
1412000;512.18;510.99;PVC;PVC
1414000;510.88;509.69;PVC;PVC
1416000;510.99;509.80;PVC;PVC
1418000;510.86;509.67;PVC;PVC
1420000;512.72;511.53;PVC;PVC
1422000;511.76;510.58;PVC;PVC
1424000;514.88;513.70;PVC;PVC
1426000;513.99;512.81;PVC;PVC
1428000;513.65;512.47;PVC;PVC
1430000;512.82;511.65;PVC;PVC
1432000;514.09;512.92;PVC;PVC
1434000;512.04;510.87;PVC;PVC
1436000;510.48;509.31;PVC;PVC
1438000;510.68;509.52;PVC;PVC
1440000;513.52;512.37;PVC;PVC
1442000;511.39;510.24;PVC;PVC
1444000;511.24;510.09;PVC;PVC
1446000;510.51;509.36;PVC;PVC
1448000;515.44;514.30;PVC;PVC
1450000;511.83;510.69;PVC;PVC
1452000;513.18;512.04;PVC;PVC
1454000;513.92;512.78;PVC;PVC
1456000;513.84;512.71;PVC;PVC
1458000;513.25;512.13;PVC;PVC
1460000;514.46;513.33;PVC;PVC
1462000;512.06;510.94;PVC;PVC
1464000;512.95;511.83;PVC;PVC
1466000;512.35;511.23;PVC;PVC
1468000;512.56;511.45;PVC;PVC
1470000;513.75;512.64;PVC;PVC
1472000;513.19;512.09;PVC;PVC
1474000;512.49;511.39;PVC;PVC
1476000;513.07;511.97;PVC;PVC
1478000;513.02;511.92;PVC;PVC
1480000;514.38;513.29;PVC;PVC
1482000;511.56;510.47;PVC;PVC
1484000;514.69;513.60;PVC;PVC
1486000;515.12;514.04;PVC;PVC
1488000;513.12;512.04;PVC;PVC
1490000;510.81;509.73;PVC;PVC
1492000;513.47;512.40;PVC;PVC
1494000;512.29;511.22;PVC;PVC
1496000;511.59;510.52;PVC;PVC
1498000;512.82;511.76;PVC;PVC
1500000;512.31;511.25;PVC;PVC
1502000;513.57;512.51;PVC;PVC
1504000;510.34;509.29;PVC;PVC
1506000;513.61;512.56;PVC;PVC
1508000;511.31;510.27;PVC;PVC
1510000;514.13;513.09;PVC;PVC
1512000;512.47;511.43;PVC;PVC
1514000;512.91;511.88;PVC;PVC
1516000;512.67;511.64;PVC;PVC
1518000;511.17;510.14;PVC;PVC
1520000;511.85;510.83;PVC;PVC
1522000;514.22;513.20;PVC;PVC
1524000;512.19;511.17;PVC;PVC
1526000;510.68;509.67;PVC;PVC
1528000;514.59;513.57;PVC;PVC
1530000;512.77;511.76;PVC;PVC
1532000;513.82;512.81;PVC;PVC
1534000;512.33;511.33;PVC;PVC
1536000;512.78;511.78;PVC;PVC
1538000;513.52;512.53;PVC;PVC
1540000;512.44;511.45;PVC;PVC
1542000;512.15;511.17;PVC;PVC
1544000;513.43;512.44;PVC;PVC
1546000;513.27;512.29;PVC;PVC
1548000;512.70;511.72;PVC;PVC
1550000;515.86;514.89;PVC;PVC
1552000;513.63;512.66;PVC;PVC
1554000;512.12;511.16;PVC;PVC
1556000;513.19;512.22;PVC;PVC
1558000;510.95;509.99;PVC;PVC
1560000;514.16;513.21;PVC;PVC
1562000;513.70;512.75;PVC;PVC
1564000;511.37;510.42;PVC;PVC
1566000;515.16;514.21;PVC;PVC
1568000;511.92;510.97;PVC;PVC
1570000;513.06;512.12;PVC;PVC
1572000;512.50;511.57;PVC;PVC
1574000;512.49;511.56;PVC;PVC
1576000;513.68;512.75;PVC;PVC
1578000;513.61;512.68;PVC;PVC
1580000;514.25;513.33;PVC;PVC
1582000;511.89;510.98;PVC;PVC
1584000;512.91;511.99;PVC;PVC
1586000;514.06;513.15;PVC;PVC
1588000;511.90;510.99;PVC;PVC
1590000;511.19;510.29;PVC;PVC
1592000;513.03;512.14;PVC;PVC
1594000;512.07;511.18;PVC;PVC
1596000;512.07;511.18;PVC;PVC
1598000;512.86;511.97;PVC;PVC
1600000;512.00;511.11;PVC;PVC
1602000;512.03;511.16;PVC;PVC
1604000;512.63;511.75;PVC;PVC
1606000;515.26;514.39;PVC;PVC
1608000;513.73;512.86;PVC;PVC
1610000;514.28;513.42;PVC;PVC
1612000;513.36;512.50;PVC;PVC
1614000;512.02;511.16;PVC;PVC
1616000;513.92;513.07;PVC;PVC
1618000;513.46;512.61;PVC;PVC
1620000;513.86;513.02;PVC;PVC
1622000;511.85;511.01;PVC;PVC
1624000;511.73;510.90;PVC;PVC
1626000;511.52;510.69;PVC;PVC
1628000;515.74;514.91;PVC;PVC
1630000;512.73;511.90;PVC;PVC
1632000;515.16;514.34;PVC;PVC
1634000;514.51;513.70;PVC;PVC
1636000;513.11;512.30;PVC;PVC
1638000;512.91;512.11;PVC;PVC
1640000;514.44;513.63;PVC;PVC
1642000;512.51;511.71;PVC;PVC
1644000;513.01;512.21;PVC;PVC
1646000;513.79;513.00;PVC;PVC
1648000;512.31;511.52;PVC;PVC
1650000;512.94;512.15;PVC;PVC
1652000;511.29;510.51;PVC;PVC
1654000;513.37;512.59;PVC;PVC
1656000;512.13;511.36;PVC;PVC
1658000;512.12;511.35;PVC;PVC
1660000;512.83;512.07;PVC;PVC
1662000;511.85;511.09;PVC;PVC
1664000;511.73;510.97;PVC;PVC
1666000;511.53;510.78;PVC;PVC
1668000;513.92;513.17;PVC;PVC
1670000;512.14;511.40;PVC;PVC
1672000;512.21;511.47;PVC;PVC
1674000;514.56;513.83;PVC;PVC
1676000;512.58;511.85;PVC;PVC
1678000;514.13;513.40;PVC;PVC
1680000;514.52;513.79;PVC;PVC
1682000;512.34;511.62;PVC;PVC
1684000;513.07;512.36;PVC;PVC
1686000;512.93;512.22;PVC;PVC
1688000;512.40;511.70;PVC;PVC
1690000;512.46;511.76;PVC;PVC
1692000;513.20;512.51;PVC;PVC
1694000;510.95;510.26;PVC;PVC
1696000;513.62;512.93;PVC;PVC
1698000;512.66;511.97;PVC;PVC
1700000;513.67;512.98;PVC;PVC
1702000;511.69;511.01;PVC;PVC
1704000;513.35;512.68;PVC;PVC
1706000;511.32;510.65;PVC;PVC
1708000;512.84;512.18;PVC;PVC
1710000;513.12;512.46;PVC;PVC
1712000;511.15;510.50;PVC;PVC
1714000;512.19;511.54;PVC;PVC
1716000;514.07;513.42;PVC;PVC
1718000;512.44;511.80;PVC;PVC
1720000;512.31;511.67;PVC;PVC
1722000;512.08;511.44;PVC;PVC
1724000;514.14;513.51;PVC;PVC
1726000;512.52;511.89;PVC;PVC
1728000;510.40;509.78;PVC;PVC
1730000;511.61;510.99;PVC;PVC
1732000;513.22;512.61;PVC;PVC
1734000;512.58;511.97;PVC;PVC
1736000;512.01;511.40;PVC;PVC
1738000;512.17;511.57;PVC;PVC
1740000;512.60;512.01;PVC;PVC
1742000;510.37;509.78;PVC;PVC
1744000;513.00;512.41;PVC;PVC
1746000;514.30;513.71;PVC;PVC
1748000;512.42;511.84;PVC;PVC
1750000;512.55;511.97;PVC;PVC
1752000;513.56;512.99;PVC;PVC
1754000;511.71;511.14;PVC;PVC
1756000;512.09;511.53;PVC;PVC
1758000;512.22;511.66;PVC;PVC
1760000;511.73;511.18;PVC;PVC
1762000;512.77;512.22;PVC;PVC
1764000;512.80;512.26;PVC;PVC
1766000;512.24;511.70;PVC;PVC
1768000;512.93;512.40;PVC;PVC
1770000;513.40;512.87;PVC;PVC
1772000;512.64;512.11;PVC;PVC
1774000;511.61;511.09;PVC;PVC
1776000;512.25;511.73;PVC;PVC
1778000;513.70;513.19;PVC;PVC
1780000;513.85;513.34;PVC;PVC
1782000;512.85;512.35;PVC;PVC
1784000;510.94;510.44;PVC;PVC
1786000;510.40;509.91;PVC;PVC
1788000;510.26;509.77;PVC;PVC
1790000;512.88;512.39;PVC;PVC
1792000;513.97;513.48;PVC;PVC
1794000;513.58;513.10;PVC;PVC
1796000;513.44;512.97;PVC;PVC
1798000;513.58;513.11;PVC;PVC
1800000;514.22;513.75;PVC;PVC
1802000;511.19;510.73;PVC;PVC
1804000;511.26;510.81;PVC;PVC
1806000;512.41;511.96;PVC;PVC
1808000;513.55;513.11;PVC;PVC
1810000;512.99;512.55;PVC;PVC
1812000;512.66;512.22;PVC;PVC
1814000;511.76;511.33;PVC;PVC
1816000;511.22;510.79;PVC;PVC
1818000;511.31;510.88;PVC;PVC
1820000;511.79;511.37;PVC;PVC
1822000;512.94;512.52;PVC;PVC
1824000;512.64;512.23;PVC;PVC
1826000;510.69;510.28;PVC;PVC
1828000;512.42;512.02;PVC;PVC
1830000;513.67;513.28;PVC;PVC
1832000;511.97;511.58;PVC;PVC
1834000;509.90;509.51;PVC;PVC
1836000;510.95;510.57;PVC;PVC
1838000;513.45;513.07;PVC;PVC
1840000;511.03;510.66;PVC;PVC
1842000;512.73;512.37;PVC;PVC
1844000;512.72;512.36;PVC;PVC
1846000;512.54;512.18;PVC;PVC
1848000;510.73;510.38;PVC;PVC
1850000;511.11;510.76;PVC;PVC
1852000;512.99;512.65;PVC;PVC
1854000;512.80;512.46;PVC;PVC
1856000;510.96;510.62;PVC;PVC
1858000;512.64;512.31;PVC;PVC
1860000;510.97;510.64;PVC;PVC
1862000;515.00;514.68;PVC;PVC
1864000;510.42;510.10;PVC;PVC
1866000;510.58;510.27;PVC;PVC
1868000;512.33;512.02;PVC;PVC
1870000;509.13;508.83;PVC;PVC
1872000;512.62;512.32;PVC;PVC
1874000;510.37;510.07;PVC;PVC
1876000;508.72;508.43;PVC;PVC
1878000;510.19;509.91;PVC;PVC
1880000;513.79;513.51;PVC;PVC
1882000;511.32;511.04;PVC;PVC
1884000;515.28;515.01;PVC;PVC
1886000;513.54;513.27;PVC;PVC
1888000;514.64;514.37;PVC;PVC
1890000;512.64;512.38;PVC;PVC
1892000;511.86;511.60;PVC;PVC
1894000;511.95;511.70;PVC;PVC
1896000;512.15;511.91;PVC;PVC
1898000;512.37;512.13;PVC;PVC
1900000;510.54;510.30;PVC;PVC
1902000;513.66;513.43;PVC;PVC
1904000;512.10;511.88;PVC;PVC
1906000;510.72;510.50;PVC;PVC
1908000;511.39;511.18;PVC;PVC
1910000;511.06;510.85;PVC;PVC
1912000;512.40;512.19;PVC;PVC
1914000;512.60;512.40;PVC;PVC
1916000;511.20;511.00;PVC;PVC
1918000;512.91;512.72;PVC;PVC
1920000;511.34;511.15;PVC;PVC
1922000;511.62;511.43;PVC;PVC
1924000;511.19;511.01;PVC;PVC
1926000;510.48;510.31;PVC;PVC
1928000;512.29;512.12;PVC;PVC
1930000;513.11;512.95;PVC;PVC
1932000;513.40;513.24;PVC;PVC
1934000;513.65;513.50;PVC;PVC
1936000;509.76;509.61;PVC;PVC
1938000;512.58;512.43;PVC;PVC
1940000;515.15;515.01;PVC;PVC
1942000;511.53;511.39;PVC;PVC
1944000;512.04;511.91;PVC;PVC
1946000;511.84;511.71;PVC;PVC
1948000;511.73;511.61;PVC;PVC
1950000;513.62;513.51;PVC;PVC
1952000;513.53;513.42;PVC;PVC
1954000;513.14;513.03;PVC;PVC
1956000;512.15;512.05;PVC;PVC
1958000;513.21;513.11;PVC;PVC
1960000;510.05;509.95;PVC;PVC
1962000;512.13;512.04;PVC;PVC
1964000;511.61;511.53;PVC;PVC
1966000;509.79;509.71;PVC;PVC
1968000;512.76;512.68;PVC;PVC
1970000;514.53;514.46;PVC;PVC
1972000;512.26;512.20;PVC;PVC
1974000;512.52;512.46;PVC;PVC
1976000;511.87;511.81;PVC;PVC
1978000;512.83;512.78;PVC;PVC
1980000;510.66;510.62;PVC;PVC
1982000;510.98;510.94;PVC;PVC
1984000;513.61;513.57;PVC;PVC
1986000;511.23;511.19;PVC;PVC
1988000;511.39;511.36;PVC;PVC
1990000;509.53;509.51;PVC;PVC
1992000;510.36;510.34;PVC;PVC
1994000;512.85;512.84;PVC;PVC
1996000;511.61;511.60;PVC;PVC
1998000;511.67;511.66;PVC;PVC
2000000;513.13;513.13;PVC;PVC
2002000;511.97;511.98;PVC;PVC
2004000;511.84;511.85;PVC;PVC
2006000;511.20;511.21;PVC;PVC
2008000;512.86;512.88;PVC;PVC
2010000;511.94;511.96;PVC;PVC
2012000;510.29;510.31;PVC;PVC
2014000;511.98;512.02;PVC;PVC
2016000;512.40;512.43;PVC;PVC
2018000;512.68;512.73;PVC;PVC
2020000;511.39;511.44;PVC;PVC
2022000;511.61;511.66;PVC;PVC
2024000;513.23;513.28;PVC;PVC
2026000;512.59;512.65;PVC;PVC
2028000;513.20;513.26;PVC;PVC
2030000;510.80;510.87;PVC;PVC
2032000;510.89;510.96;PVC;PVC
2034000;514.32;514.40;PVC;PVC
2036000;511.48;511.57;PVC;PVC
2038000;510.42;510.51;PVC;PVC
2040000;511.07;511.17;PVC;PVC
2042000;512.29;512.39;PVC;PVC
2044000;510.40;510.50;PVC;PVC
2046000;513.19;513.30;PVC;PVC
2048000;511.36;511.47;PVC;PVC
2050000;509.35;509.46;PVC;PVC
2052000;510.48;510.61;PVC;PVC
2054000;512.42;512.54;PVC;PVC
2056000;511.96;512.09;PVC;PVC
2058000;510.41;510.55;PVC;PVC
2060000;512.78;512.92;PVC;PVC
2062000;510.02;510.17;PVC;PVC
2064000;510.37;510.52;PVC;PVC
2066000;511.08;511.23;PVC;PVC
2068000;512.24;512.40;PVC;PVC
2070000;514.09;514.26;PVC;PVC
2072000;512.71;512.87;PVC;PVC
2074000;514.16;514.34;PVC;PVC
2076000;512.73;512.91;PVC;PVC
2078000;510.89;511.08;PVC;PVC
2080000;511.77;511.96;PVC;PVC
2082000;510.80;510.99;PVC;PVC
2084000;509.98;510.18;PVC;PVC
2086000;511.29;511.49;PVC;PVC
2088000;510.95;511.16;PVC;PVC
2090000;510.39;510.60;PVC;PVC
2092000;511.08;511.30;PVC;PVC
2094000;511.25;511.47;PVC;PVC
2096000;512.15;512.37;PVC;PVC
2098000;512.06;512.29;PVC;PVC
2100000;511.09;511.33;PVC;PVC
2102000;511.87;512.11;PVC;PVC
2104000;511.89;512.13;PVC;PVC
2106000;511.11;511.36;PVC;PVC
2108000;512.50;512.75;PVC;PVC
2110000;511.11;511.36;PVC;PVC
2112000;510.06;510.33;PVC;PVC
2114000;511.49;511.76;PVC;PVC
2116000;511.51;511.79;PVC;PVC
2118000;512.55;512.82;PVC;PVC
2120000;512.29;512.57;PVC;PVC
2122000;512.43;512.72;PVC;PVC
2124000;512.15;512.44;PVC;PVC
2126000;512.23;512.52;PVC;PVC
2128000;511.19;511.49;PVC;PVC
2130000;511.12;511.42;PVC;PVC
2132000;513.38;513.69;PVC;PVC
2134000;510.83;511.15;PVC;PVC
2136000;512.17;512.49;PVC;PVC
2138000;511.66;511.98;PVC;PVC
2140000;512.59;512.92;PVC;PVC
2142000;509.64;509.97;PVC;PVC
2144000;511.22;511.56;PVC;PVC
2146000;510.86;511.21;PVC;PVC
2148000;514.79;515.14;PVC;PVC
2150000;511.99;512.34;PVC;PVC
2152000;511.40;511.76;PVC;PVC
2154000;510.65;511.01;PVC;PVC
2156000;510.04;510.41;PVC;PVC
2158000;511.12;511.48;PVC;PVC
2160000;511.72;512.10;PVC;PVC
2162000;512.37;512.75;PVC;PVC
2164000;511.03;511.41;PVC;PVC
2166000;510.21;510.60;PVC;PVC
2168000;512.44;512.83;PVC;PVC
2170000;512.45;512.85;PVC;PVC
2172000;512.38;512.78;PVC;PVC
2174000;512.98;513.39;PVC;PVC
2176000;511.56;511.97;PVC;PVC
2178000;511.71;512.13;PVC;PVC
2180000;510.96;511.38;PVC;PVC
2182000;510.95;511.37;PVC;PVC
2184000;512.36;512.79;PVC;PVC
2186000;513.13;513.57;PVC;PVC
2188000;509.95;510.39;PVC;PVC
2190000;510.84;511.28;PVC;PVC
2192000;511.20;511.65;PVC;PVC
2194000;511.73;512.18;PVC;PVC
2196000;511.77;512.22;PVC;PVC
2198000;514.63;515.09;PVC;PVC
2200000;511.41;511.88;PVC;PVC
2202000;509.92;510.39;PVC;PVC
2204000;511.86;512.33;PVC;PVC
2206000;512.54;513.02;PVC;PVC
2208000;513.27;513.75;PVC;PVC
2210000;514.21;514.70;PVC;PVC
2212000;510.35;510.84;PVC;PVC
2214000;514.37;514.86;PVC;PVC
2216000;513.84;514.34;PVC;PVC
2218000;513.46;513.96;PVC;PVC
2220000;511.69;512.20;PVC;PVC
2222000;512.94;513.45;PVC;PVC
2224000;513.53;514.04;PVC;PVC
2226000;509.39;509.91;PVC;PVC
2228000;513.15;513.68;PVC;PVC
2230000;511.87;512.40;PVC;PVC
2232000;512.63;513.16;PVC;PVC
2234000;511.98;512.51;PVC;PVC
2236000;513.48;514.02;PVC;PVC
2238000;512.82;513.36;PVC;PVC
2240000;512.66;513.22;PVC;PVC
2242000;512.97;513.53;PVC;PVC
2244000;510.44;511.00;PVC;PVC
2246000;509.06;509.63;PVC;PVC
2248000;509.31;509.88;PVC;PVC
2250000;511.65;512.23;PVC;PVC
2252000;510.60;511.18;PVC;PVC
2254000;511.24;511.82;PVC;PVC
2256000;513.02;513.61;PVC;PVC
2258000;514.07;514.66;PVC;PVC
2260000;510.87;511.46;PVC;PVC
2262000;509.49;510.09;PVC;PVC
2264000;513.90;514.51;PVC;PVC
2266000;511.17;511.78;PVC;PVC
2268000;512.33;512.94;PVC;PVC
2270000;510.12;510.74;PVC;PVC
2272000;510.48;511.10;PVC;PVC
2274000;512.58;513.21;PVC;PVC
2276000;510.06;510.69;PVC;PVC
2278000;510.50;511.13;PVC;PVC
2280000;510.66;511.30;PVC;PVC
2282000;511.35;512.00;PVC;PVC
2284000;511.67;512.31;PVC;PVC
2286000;512.35;513.00;PVC;PVC
2288000;511.25;511.91;PVC;PVC
2290000;512.08;512.74;PVC;PVC
2292000;511.34;512.00;PVC;PVC
2294000;513.90;514.57;PVC;PVC
2296000;510.37;511.04;PVC;PVC
2298000;512.56;513.23;PVC;PVC
2300000;512.81;513.49;PVC;PVC
2302000;511.36;512.04;PVC;PVC
2304000;512.30;512.99;PVC;PVC
2306000;511.72;512.42;PVC;PVC
2308000;511.92;512.62;PVC;PVC
2310000;511.70;512.40;PVC;PVC
2312000;510.52;511.23;PVC;PVC
2314000;511.70;512.41;PVC;PVC
2316000;512.23;512.94;PVC;PVC
2318000;512.85;513.57;PVC;PVC
2320000;510.42;511.15;PVC;PVC
2322000;510.69;511.41;PVC;PVC
2324000;512.81;513.54;PVC;PVC
2326000;511.88;512.62;PVC;PVC
2328000;510.55;511.29;PVC;PVC
2330000;510.84;511.59;PVC;PVC
2332000;513.29;514.03;PVC;PVC
2334000;511.64;512.39;PVC;PVC
2336000;512.07;512.83;PVC;PVC
2338000;510.68;511.44;PVC;PVC
2340000;510.07;510.83;PVC;PVC
2342000;511.75;512.52;PVC;PVC
2344000;513.19;513.97;PVC;PVC
2346000;512.55;513.32;PVC;PVC
2348000;510.71;511.49;PVC;PVC
2350000;511.59;512.37;PVC;PVC
2352000;511.50;512.29;PVC;PVC
2354000;509.22;510.01;PVC;PVC
2356000;510.14;510.94;PVC;PVC
2358000;510.57;511.37;PVC;PVC
2360000;509.49;510.29;PVC;PVC
2362000;510.36;511.17;PVC;PVC
2364000;512.39;513.21;PVC;PVC
2366000;511.91;512.73;PVC;PVC
2368000;509.58;510.40;PVC;PVC
2370000;511.74;512.57;PVC;PVC
2372000;511.83;512.65;PVC;PVC
2374000;511.37;512.20;PVC;PVC
2376000;511.73;512.57;PVC;PVC
2378000;509.28;510.12;PVC;PVC
2380000;513.64;514.48;PVC;PVC
2382000;509.64;510.49;PVC;PVC
2384000;512.12;512.97;PVC;PVC
2386000;510.36;511.21;PVC;PVC
2388000;510.54;511.40;PVC;PVC
2390000;510.43;511.29;PVC;PVC
2392000;510.75;511.62;PVC;PVC
2394000;511.11;511.98;PVC;PVC
2396000;509.56;510.44;PVC;PVC
2398000;512.49;513.37;PVC;PVC
2400000;510.32;511.20;PVC;PVC
2402000;510.95;511.84;PVC;PVC
2404000;510.67;511.56;PVC;PVC
2406000;510.80;511.69;PVC;PVC
2408000;512.04;512.93;PVC;PVC
2410000;512.06;512.96;PVC;PVC
2412000;512.11;513.01;PVC;PVC
2414000;509.94;510.85;PVC;PVC
2416000;511.53;512.44;PVC;PVC
2418000;513.47;514.38;PVC;PVC
2420000;511.80;512.72;PVC;PVC
2422000;510.79;511.71;PVC;PVC
2424000;509.28;510.21;PVC;PVC
2426000;510.99;511.92;PVC;PVC
2428000;513.89;514.82;PVC;PVC
2430000;509.83;510.77;PVC;PVC
2432000;510.29;511.23;PVC;PVC
2434000;511.89;512.84;PVC;PVC
2436000;510.47;511.42;PVC;PVC
2438000;510.45;511.40;PVC;PVC
2440000;511.25;512.21;PVC;PVC
2442000;510.79;511.74;PVC;PVC
2444000;510.49;511.46;PVC;PVC
2446000;512.52;513.49;PVC;PVC
2448000;512.93;513.90;PVC;PVC
2450000;509.47;510.44;PVC;PVC
2452000;512.70;513.68;PVC;PVC
2454000;511.92;512.90;PVC;PVC
2456000;511.65;512.64;PVC;PVC
2458000;508.45;509.44;PVC;PVC
2460000;510.01;511.00;PVC;PVC
2462000;508.94;509.94;PVC;PVC
2464000;512.98;513.98;PVC;PVC
2466000;510.14;511.14;PVC;PVC
2468000;508.77;509.78;PVC;PVC
2470000;509.61;510.61;PVC;PVC
2472000;512.25;513.27;PVC;PVC
2474000;510.79;511.81;PVC;PVC
2476000;509.91;510.93;PVC;PVC
2478000;511.89;512.92;PVC;PVC
2480000;512.19;513.21;PVC;PVC
2482000;511.40;512.43;PVC;PVC
2484000;510.23;511.26;PVC;PVC
2486000;509.15;510.19;PVC;PVC
2488000;511.49;512.53;PVC;PVC
2490000;512.31;513.36;PVC;PVC
2492000;511.85;512.89;PVC;PVC
2494000;511.96;513.01;PVC;PVC
2496000;511.58;512.64;PVC;PVC
2498000;511.25;512.31;PVC;PVC
2500000;510.52;511.58;PVC;PVC
2502000;512.32;513.38;PVC;PVC
2504000;510.20;511.27;PVC;PVC
2506000;510.54;511.61;PVC;PVC
2508000;509.99;511.07;PVC;PVC
2510000;508.58;509.66;PVC;PVC
2512000;510.25;511.33;PVC;PVC
2514000;511.00;512.09;PVC;PVC
2516000;510.10;511.19;PVC;PVC
2518000;511.78;512.87;PVC;PVC
2520000;510.45;511.54;PVC;PVC
2522000;510.62;511.72;PVC;PVC
2524000;512.15;513.25;PVC;PVC
2526000;512.13;513.24;PVC;PVC
2528000;508.89;509.99;PVC;PVC
2530000;509.30;510.41;PVC;PVC
2532000;513.41;514.53;PVC;PVC
2534000;514.20;515.32;PVC;PVC
2536000;511.49;512.60;PVC;PVC
2538000;510.41;511.53;PVC;PVC
2540000;509.61;510.74;PVC;PVC
2542000;512.40;513.53;PVC;PVC
2544000;510.94;512.07;PVC;PVC
2546000;510.24;511.38;PVC;PVC
2548000;509.40;510.53;PVC;PVC
2550000;512.88;514.02;PVC;PVC
2552000;508.89;510.03;PVC;PVC
2554000;509.88;511.03;PVC;PVC
2556000;509.57;510.72;PVC;PVC
2558000;509.28;510.44;PVC;PVC
2560000;511.97;513.13;PVC;PVC
2562000;513.30;514.46;PVC;PVC
2564000;510.66;511.82;PVC;PVC
2566000;511.32;512.48;PVC;PVC
2568000;511.06;512.22;PVC;PVC
2570000;510.80;511.97;PVC;PVC
2572000;509.86;511.03;PVC;PVC
2574000;512.78;513.96;PVC;PVC
2576000;512.02;513.20;PVC;PVC
2578000;510.97;512.16;PVC;PVC
2580000;512.97;514.15;PVC;PVC
2582000;510.51;511.70;PVC;PVC
2584000;510.34;511.54;PVC;PVC
2586000;512.06;513.25;PVC;PVC
2588000;510.30;511.50;PVC;PVC
2590000;512.74;513.94;PVC;PVC
2592000;510.48;511.68;PVC;PVC
2594000;511.56;512.77;PVC;PVC
2596000;512.44;513.65;PVC;PVC
2598000;509.46;510.67;PVC;PVC
2600000;511.21;512.42;PVC;PVC
2602000;512.69;513.91;PVC;PVC
2604000;509.68;510.90;PVC;PVC
2606000;511.88;513.10;PVC;PVC
2608000;510.36;511.59;PVC;PVC
2610000;510.48;511.71;PVC;PVC
2612000;509.94;511.17;PVC;PVC
2614000;508.88;510.11;PVC;PVC
2616000;511.37;512.60;PVC;PVC
2618000;510.65;511.89;PVC;PVC
2620000;512.58;513.82;PVC;PVC
2622000;510.35;511.59;PVC;PVC
2624000;511.88;513.12;PVC;PVC
2626000;511.68;512.93;PVC;PVC
2628000;510.56;511.81;PVC;PVC
2630000;510.60;511.85;PVC;PVC
2632000;510.27;511.53;PVC;PVC
2634000;509.08;510.33;PVC;PVC
2636000;508.87;510.14;PVC;PVC
2638000;510.48;511.75;PVC;PVC
2640000;512.81;514.08;PVC;PVC
2642000;509.92;511.19;PVC;PVC
2644000;510.56;511.83;PVC;PVC
2646000;510.84;512.11;PVC;PVC
2648000;512.40;513.67;PVC;PVC
2650000;509.59;510.87;PVC;PVC
2652000;509.91;511.19;PVC;PVC
2654000;510.60;511.88;PVC;PVC
2656000;508.50;509.78;PVC;PVC
2658000;510.36;511.65;PVC;PVC
2660000;509.14;510.43;PVC;PVC
2662000;509.73;511.03;PVC;PVC
2664000;510.43;511.72;PVC;PVC
2666000;510.06;511.36;PVC;PVC
2668000;510.77;512.07;PVC;PVC
2670000;510.99;512.29;PVC;PVC
2672000;511.73;513.03;PVC;PVC
2674000;509.15;510.46;PVC;PVC
2676000;510.40;511.71;PVC;PVC
2678000;513.34;514.65;PVC;PVC
2680000;510.02;511.34;PVC;PVC
2682000;510.53;511.84;PVC;PVC
2684000;508.76;510.08;PVC;PVC
2686000;512.06;513.38;PVC;PVC
2688000;510.08;511.40;PVC;PVC
2690000;510.62;511.94;PVC;PVC
2692000;509.54;510.87;PVC;PVC
2694000;508.47;509.80;PVC;PVC
2696000;511.49;512.82;PVC;PVC
2698000;510.49;511.83;PVC;PVC
2700000;511.96;513.30;PVC;PVC
2702000;511.52;512.86;PVC;PVC
2704000;508.31;509.65;PVC;PVC
2706000;510.25;511.60;PVC;PVC
2708000;510.79;512.14;PVC;PVC
2710000;510.82;512.16;PVC;PVC
2712000;514.40;515.75;PVC;PVC
2714000;510.52;511.88;PVC;PVC
2716000;510.09;511.44;PVC;PVC
2718000;512.15;513.51;PVC;PVC
2720000;510.86;512.22;PVC;PVC
2722000;509.73;511.09;PVC;PVC
2724000;512.79;514.15;PVC;PVC
2726000;509.77;511.13;PVC;PVC
2728000;511.83;513.20;PVC;PVC
2730000;510.71;512.08;PVC;PVC
2732000;509.63;511.00;PVC;PVC
2734000;510.53;511.90;PVC;PVC
2736000;509.52;510.90;PVC;PVC
2738000;511.21;512.58;PVC;PVC
2740000;510.26;511.63;PVC;PVC
2742000;511.81;513.19;PVC;PVC
2744000;508.08;509.46;PVC;PVC
2746000;510.41;511.79;PVC;PVC
2748000;511.49;512.87;PVC;PVC
2750000;511.11;512.50;PVC;PVC
2752000;510.92;512.30;PVC;PVC
2754000;510.76;512.15;PVC;PVC
2756000;508.76;510.15;PVC;PVC
2758000;511.04;512.44;PVC;PVC
2760000;508.49;509.89;PVC;PVC
2762000;509.55;510.94;PVC;PVC
2764000;510.30;511.70;PVC;PVC
2766000;511.92;513.32;PVC;PVC
2768000;511.23;512.63;PVC;PVC
2770000;510.32;511.72;PVC;PVC
2772000;511.33;512.74;PVC;PVC
2774000;510.70;512.10;PVC;PVC
2776000;510.68;512.09;PVC;PVC
2778000;509.41;510.81;PVC;PVC
2780000;510.12;511.53;PVC;PVC
2782000;510.86;512.27;PVC;PVC
2784000;509.62;511.04;PVC;PVC
2786000;510.01;511.43;PVC;PVC
2788000;509.25;510.66;PVC;PVC
2790000;509.71;511.13;PVC;PVC
2792000;510.72;512.14;PVC;PVC
2794000;510.53;511.95;PVC;PVC
2796000;512.74;514.16;PVC;PVC
2798000;511.79;513.22;PVC;PVC
2800000;512.10;513.53;PVC;PVC
2802000;511.59;513.02;PVC;PVC
2804000;512.10;513.52;PVC;PVC
2806000;509.54;510.97;PVC;PVC
2808000;510.98;512.41;PVC;PVC
2810000;511.36;512.79;PVC;PVC
2812000;511.03;512.47;PVC;PVC
2814000;510.45;511.88;PVC;PVC
2816000;511.34;512.77;PVC;PVC
2818000;509.55;510.99;PVC;PVC
2820000;510.06;511.50;PVC;PVC
2822000;507.56;509.00;PVC;PVC
2824000;511.34;512.78;PVC;PVC
2826000;511.18;512.63;PVC;PVC
2828000;509.89;511.33;PVC;PVC
2830000;510.60;512.05;PVC;PVC
2832000;511.65;513.10;PVC;PVC
2834000;511.01;512.46;PVC;PVC
2836000;510.69;512.14;PVC;PVC
2838000;510.13;511.58;PVC;PVC
2840000;511.95;513.41;PVC;PVC
2842000;512.48;513.94;PVC;PVC
2844000;508.81;510.27;PVC;PVC
2846000;509.76;511.21;PVC;PVC
2848000;511.60;513.06;PVC;PVC
2850000;510.39;511.85;PVC;PVC
2852000;510.13;511.59;PVC;PVC
2854000;509.91;511.37;PVC;PVC
2856000;512.72;514.18;PVC;PVC
2858000;511.46;512.93;PVC;PVC
2860000;511.30;512.77;PVC;PVC
2862000;510.93;512.40;PVC;PVC
2864000;510.06;511.53;PVC;PVC
2866000;508.89;510.36;PVC;PVC
2868000;512.70;514.17;PVC;PVC
2870000;513.16;514.63;PVC;PVC
2872000;509.00;510.47;PVC;PVC
2874000;511.45;512.92;PVC;PVC
2876000;509.75;511.23;PVC;PVC
2878000;510.58;512.06;PVC;PVC
2880000;511.39;512.87;PVC;PVC
2882000;509.77;511.25;PVC;PVC
2884000;512.56;514.03;PVC;PVC
2886000;508.36;509.84;PVC;PVC
2888000;512.00;513.48;PVC;PVC
2890000;512.36;513.84;PVC;PVC
2892000;511.95;513.43;PVC;PVC
2894000;509.27;510.75;PVC;PVC
2896000;508.65;510.13;PVC;PVC
2898000;510.58;512.06;PVC;PVC
2900000;512.94;514.42;PVC;PVC
2902000;511.56;513.04;PVC;PVC
2904000;510.61;512.09;PVC;PVC
2906000;510.70;512.18;PVC;PVC
2908000;508.86;510.35;PVC;PVC
2910000;511.25;512.73;PVC;PVC
2912000;511.21;512.70;PVC;PVC
2914000;510.89;512.37;PVC;PVC
2916000;510.24;511.73;PVC;PVC
2918000;508.58;510.07;PVC;PVC
2920000;509.96;511.45;PVC;PVC
2922000;511.92;513.41;PVC;PVC
2924000;509.86;511.35;PVC;PVC
2926000;509.43;510.92;PVC;PVC
2928000;509.12;510.61;PVC;PVC
2930000;513.37;514.86;PVC;PVC
2932000;510.61;512.10;PVC;PVC
2934000;511.38;512.87;PVC;PVC
2936000;509.08;510.57;PVC;PVC
2938000;510.93;512.42;PVC;PVC
2940000;512.74;514.23;PVC;PVC
2942000;509.17;510.66;PVC;PVC
2944000;510.73;512.22;PVC;PVC
2946000;510.66;512.16;PVC;PVC
2948000;511.68;513.17;PVC;PVC
2950000;509.77;511.27;PVC;PVC
2952000;511.93;513.43;PVC;PVC
2954000;509.84;511.33;PVC;PVC
2956000;509.21;510.71;PVC;PVC
2958000;509.66;511.16;PVC;PVC
2960000;513.89;515.39;PVC;PVC
2962000;512.10;513.60;PVC;PVC
2964000;509.44;510.94;PVC;PVC
2966000;510.62;512.12;PVC;PVC
2968000;509.05;510.54;PVC;PVC
2970000;510.48;511.98;PVC;PVC
2972000;511.20;512.70;PVC;PVC
2974000;508.97;510.47;PVC;PVC
2976000;510.89;512.39;PVC;PVC
2978000;510.52;512.02;PVC;PVC
2980000;510.82;512.32;PVC;PVC
2982000;510.42;511.92;PVC;PVC
2984000;509.94;511.44;PVC;PVC
2986000;509.19;510.69;PVC;PVC
2988000;508.66;510.16;PVC;PVC
2990000;511.65;513.15;PVC;PVC
2992000;512.16;513.66;PVC;PVC
2994000;509.56;511.06;PVC;PVC
2996000;510.90;512.40;PVC;PVC
2998000;509.41;510.91;PVC;PVC
3000000;511.15;512.65;PVC;PVC
3002000;509.21;510.71;PVC;PVC
3004000;511.80;513.30;PVC;PVC
3006000;509.29;510.79;PVC;PVC
3008000;510.53;512.03;PVC;PVC
3010000;510.34;511.84;PVC;PVC
3012000;508.85;510.35;PVC;PVC
3014000;510.72;512.22;PVC;PVC
3016000;512.81;514.31;PVC;PVC
3018000;509.10;510.60;PVC;PVC
3020000;510.35;511.85;PVC;PVC
3022000;511.21;512.71;PVC;PVC
3024000;510.90;512.40;PVC;PVC
3026000;509.76;511.26;PVC;PVC
3028000;511.90;513.40;PVC;PVC
3030000;512.07;513.57;PVC;PVC
3032000;509.71;511.21;PVC;PVC
3034000;510.62;512.12;PVC;PVC
3036000;511.57;513.07;PVC;PVC
3038000;510.06;511.56;PVC;PVC
3040000;512.29;513.79;PVC;PVC
3042000;511.75;513.25;PVC;PVC
3044000;509.64;511.13;PVC;PVC
3046000;509.75;511.25;PVC;PVC
3048000;511.02;512.52;PVC;PVC
3050000;509.22;510.72;PVC;PVC
3052000;511.03;512.53;PVC;PVC
3054000;511.19;512.69;PVC;PVC
3056000;511.47;512.96;PVC;PVC
3058000;510.58;512.08;PVC;PVC
3060000;510.88;512.37;PVC;PVC
3062000;509.20;510.69;PVC;PVC
3064000;509.82;511.31;PVC;PVC
3066000;510.75;512.24;PVC;PVC
3068000;511.60;513.09;PVC;PVC
3070000;510.70;512.19;PVC;PVC
3072000;509.96;511.45;PVC;PVC
3074000;512.25;513.74;PVC;PVC
3076000;508.87;510.36;PVC;PVC
3078000;510.14;511.62;PVC;PVC
3080000;510.03;511.52;PVC;PVC
3082000;509.42;510.91;PVC;PVC
3084000;510.80;512.29;PVC;PVC
3086000;509.72;511.20;PVC;PVC
3088000;511.09;512.57;PVC;PVC
3090000;509.96;511.44;PVC;PVC
3092000;510.93;512.42;PVC;PVC
3094000;511.48;512.97;PVC;PVC
3096000;509.94;511.42;PVC;PVC
3098000;510.78;512.26;PVC;PVC
3100000;510.80;512.29;PVC;PVC
3102000;509.82;511.31;PVC;PVC
3104000;510.82;512.30;PVC;PVC
3106000;510.60;512.08;PVC;PVC
3108000;510.14;511.62;PVC;PVC
3110000;509.93;511.41;PVC;PVC
3112000;512.57;514.05;PVC;PVC
3114000;510.88;512.36;PVC;PVC
3116000;508.99;510.46;PVC;PVC
3118000;511.10;512.57;PVC;PVC
3120000;513.63;515.10;PVC;PVC
3122000;510.89;512.37;PVC;PVC
3124000;511.80;513.27;PVC;PVC
3126000;509.10;510.57;PVC;PVC
3128000;510.17;511.64;PVC;PVC
3130000;509.68;511.15;PVC;PVC
3132000;510.85;512.31;PVC;PVC
3134000;512.52;513.98;PVC;PVC
3136000;511.09;512.56;PVC;PVC
3138000;512.62;514.09;PVC;PVC
3140000;511.49;512.95;PVC;PVC
3142000;512.16;513.63;PVC;PVC
3144000;509.48;510.94;PVC;PVC
3146000;511.86;513.32;PVC;PVC
3148000;510.60;512.06;PVC;PVC
3150000;509.91;511.37;PVC;PVC
3152000;510.39;511.84;PVC;PVC
3154000;509.23;510.69;PVC;PVC
3156000;510.36;511.81;PVC;PVC
3158000;510.20;511.66;PVC;PVC
3160000;513.07;514.53;PVC;PVC
3162000;511.28;512.73;PVC;PVC
3164000;511.68;513.13;PVC;PVC
3166000;511.16;512.61;PVC;PVC
3168000;510.05;511.50;PVC;PVC
3170000;509.22;510.67;PVC;PVC
3172000;510.96;512.41;PVC;PVC
3174000;510.39;511.84;PVC;PVC
3176000;511.69;513.14;PVC;PVC
3178000;508.31;509.75;PVC;PVC
3180000;513.95;515.39;PVC;PVC
3182000;510.59;512.03;PVC;PVC
3184000;509.96;511.40;PVC;PVC
3186000;509.30;510.74;PVC;PVC
3188000;512.08;513.51;PVC;PVC
3190000;509.65;511.08;PVC;PVC
3192000;510.68;512.12;PVC;PVC
3194000;509.37;510.80;PVC;PVC
3196000;510.62;512.05;PVC;PVC
3198000;510.98;512.41;PVC;PVC
3200000;510.00;511.43;PVC;PVC
3202000;510.09;511.52;PVC;PVC
3204000;509.04;510.46;PVC;PVC
3206000;511.48;512.90;PVC;PVC
3208000;510.74;512.16;PVC;PVC
3210000;512.42;513.83;PVC;PVC
3212000;510.01;511.43;PVC;PVC
3214000;510.17;511.58;PVC;PVC
3216000;509.60;511.02;PVC;PVC
3218000;510.83;512.24;PVC;PVC
3220000;509.84;511.25;PVC;PVC
3222000;511.34;512.75;PVC;PVC
3224000;512.65;514.06;PVC;PVC
3226000;511.85;513.26;PVC;PVC
3228000;509.94;511.34;PVC;PVC
3230000;511.30;512.70;PVC;PVC
3232000;509.55;510.96;PVC;PVC
3234000;509.62;511.02;PVC;PVC
3236000;513.82;515.22;PVC;PVC
3238000;509.97;511.36;PVC;PVC
3240000;511.08;512.47;PVC;PVC
3242000;510.94;512.33;PVC;PVC
3244000;512.34;513.74;PVC;PVC
3246000;510.69;512.08;PVC;PVC
3248000;511.50;512.89;PVC;PVC
3250000;509.81;511.20;PVC;PVC
3252000;511.99;513.38;PVC;PVC
3254000;510.78;512.16;PVC;PVC
3256000;510.56;511.94;PVC;PVC
3258000;509.27;510.65;PVC;PVC
3260000;511.92;513.30;PVC;PVC
3262000;510.60;511.98;PVC;PVC
3264000;509.15;510.52;PVC;PVC
3266000;510.34;511.71;PVC;PVC
3268000;509.80;511.17;PVC;PVC
3270000;511.67;513.04;PVC;PVC
3272000;509.06;510.43;PVC;PVC
3274000;510.38;511.74;PVC;PVC
3276000;510.69;512.05;PVC;PVC
3278000;508.76;510.12;PVC;PVC
3280000;508.69;510.04;PVC;PVC
3282000;510.59;511.94;PVC;PVC
3284000;510.38;511.74;PVC;PVC
3286000;509.70;511.05;PVC;PVC
3288000;511.20;512.55;PVC;PVC
3290000;509.20;510.55;PVC;PVC
3292000;510.38;511.73;PVC;PVC
3294000;511.74;513.08;PVC;PVC
3296000;509.26;510.60;PVC;PVC
3298000;509.70;511.04;PVC;PVC
3300000;512.37;513.70;PVC;PVC
3302000;510.24;511.58;PVC;PVC
3304000;510.00;511.33;PVC;PVC
3306000;510.14;511.47;PVC;PVC
3308000;511.44;512.77;PVC;PVC
3310000;510.84;512.16;PVC;PVC
3312000;508.76;510.08;PVC;PVC
3314000;511.11;512.43;PVC;PVC
3316000;510.77;512.08;PVC;PVC
3318000;509.01;510.33;PVC;PVC
3320000;510.93;512.24;PVC;PVC
3322000;511.41;512.72;PVC;PVC
3324000;510.56;511.87;PVC;PVC
3326000;510.02;511.33;PVC;PVC
3328000;510.18;511.49;PVC;PVC
3330000;509.90;511.21;PVC;PVC
3332000;510.26;511.56;PVC;PVC
3334000;510.47;511.77;PVC;PVC
3336000;511.45;512.74;PVC;PVC
3338000;509.70;510.99;PVC;PVC
3340000;511.41;512.70;PVC;PVC
3342000;509.49;510.78;PVC;PVC
3344000;510.02;511.31;PVC;PVC
3346000;509.75;511.03;PVC;PVC
3348000;511.95;513.23;PVC;PVC
3350000;510.10;511.38;PVC;PVC
3352000;509.60;510.87;PVC;PVC
3354000;512.57;513.84;PVC;PVC
3356000;511.01;512.29;PVC;PVC
3358000;509.23;510.50;PVC;PVC
3360000;509.81;511.08;PVC;PVC
3362000;513.34;514.61;PVC;PVC
3364000;513.33;514.59;PVC;PVC
3366000;511.32;512.58;PVC;PVC
3368000;511.48;512.74;PVC;PVC
3370000;510.12;511.38;PVC;PVC
3372000;510.94;512.19;PVC;PVC
3374000;510.93;512.18;PVC;PVC
3376000;510.28;511.52;PVC;PVC
3378000;510.17;511.42;PVC;PVC
3380000;509.17;510.41;PVC;PVC
3382000;512.13;513.37;PVC;PVC
3384000;512.72;513.96;PVC;PVC
3386000;511.33;512.56;PVC;PVC
3388000;510.10;511.33;PVC;PVC
3390000;511.73;512.96;PVC;PVC
3392000;512.15;513.38;PVC;PVC
3394000;510.80;512.02;PVC;PVC
3396000;511.83;513.05;PVC;PVC
3398000;512.11;513.33;PVC;PVC
3400000;510.56;511.77;PVC;PVC
3402000;511.44;512.65;PVC;PVC
3404000;510.29;511.50;PVC;PVC
3406000;509.79;511.00;PVC;PVC
3408000;511.04;512.24;PVC;PVC
3410000;509.29;510.49;PVC;PVC
3412000;509.22;510.41;PVC;PVC
3414000;509.23;510.43;PVC;PVC
3416000;510.56;511.75;PVC;PVC
3418000;512.60;513.79;PVC;PVC
3420000;511.09;512.27;PVC;PVC
3422000;510.63;511.81;PVC;PVC
3424000;510.90;512.08;PVC;PVC
3426000;508.39;509.56;PVC;PVC
3428000;510.30;511.48;PVC;PVC
3430000;509.79;510.96;PVC;PVC
3432000;509.52;510.69;PVC;PVC
3434000;510.38;511.55;PVC;PVC
3436000;510.49;511.65;PVC;PVC
3438000;508.39;509.55;PVC;PVC
3440000;511.07;512.22;PVC;PVC
3442000;513.58;514.74;PVC;PVC
3444000;510.12;511.27;PVC;PVC
3446000;510.79;511.93;PVC;PVC
3448000;512.09;513.23;PVC;PVC
3450000;510.89;512.03;PVC;PVC
3452000;509.54;510.68;PVC;PVC
3454000;510.13;511.27;PVC;PVC
3456000;508.89;510.03;PVC;PVC
3458000;514.31;515.44;PVC;PVC
3460000;509.76;510.88;PVC;PVC
3462000;510.76;511.89;PVC;PVC
3464000;510.71;511.83;PVC;PVC
3466000;510.78;511.90;PVC;PVC
3468000;509.96;511.07;PVC;PVC
3470000;513.53;514.64;PVC;PVC
3472000;510.16;511.27;PVC;PVC
3474000;512.00;513.11;PVC;PVC
3476000;507.89;508.99;PVC;PVC
3478000;509.70;510.80;PVC;PVC
3480000;512.93;514.02;PVC;PVC
3482000;510.75;511.84;PVC;PVC
3484000;511.51;512.60;PVC;PVC
3486000;509.46;510.55;PVC;PVC
3488000;512.01;513.09;PVC;PVC
3490000;512.33;513.41;PVC;PVC
3492000;509.68;510.76;PVC;PVC
3494000;510.33;511.40;PVC;PVC
3496000;510.33;511.40;PVC;PVC
3498000;512.46;513.52;PVC;PVC
3500000;510.23;511.29;PVC;PVC
3502000;511.30;512.35;PVC;PVC
3504000;509.26;510.32;PVC;PVC
3506000;511.60;512.65;PVC;PVC
3508000;509.38;510.43;PVC;PVC
3510000;508.16;509.20;PVC;PVC
3512000;509.21;510.25;PVC;PVC
3514000;509.90;510.94;PVC;PVC
3516000;510.71;511.74;PVC;PVC
3518000;511.35;512.38;PVC;PVC
3520000;515.26;516.29;PVC;PVC
3522000;510.81;511.83;PVC;PVC
3524000;512.99;514.01;PVC;PVC
3526000;512.31;513.33;PVC;PVC
3528000;511.92;512.93;PVC;PVC
3530000;512.10;513.11;PVC;PVC
3532000;511.01;512.02;PVC;PVC
3534000;509.61;510.61;PVC;PVC
3536000;512.48;513.47;PVC;PVC
3538000;511.87;512.86;PVC;PVC
3540000;512.44;513.43;PVC;PVC
3542000;511.68;512.67;PVC;PVC
3544000;507.80;508.78;PVC;PVC
3546000;510.89;511.87;PVC;PVC
3548000;511.36;512.34;PVC;PVC
3550000;509.42;510.40;PVC;PVC
3552000;508.74;509.71;PVC;PVC
3554000;512.75;513.72;PVC;PVC
3556000;511.22;512.18;PVC;PVC
3558000;512.16;513.12;PVC;PVC
3560000;510.85;511.80;PVC;PVC
3562000;510.47;511.42;PVC;PVC
3564000;509.83;510.78;PVC;PVC
3566000;511.26;512.20;PVC;PVC
3568000;510.82;511.76;PVC;PVC
3570000;513.00;513.94;PVC;PVC
3572000;513.12;514.06;PVC;PVC
3574000;510.84;511.77;PVC;PVC
3576000;509.61;510.53;PVC;PVC
3578000;511.58;512.50;PVC;PVC
3580000;510.85;511.77;PVC;PVC
3582000;511.70;512.62;PVC;PVC
3584000;509.76;510.67;PVC;PVC
3586000;510.09;511.00;PVC;PVC
3588000;512.46;513.36;PVC;PVC
3590000;510.13;511.03;PVC;PVC
3592000;511.84;512.74;PVC;PVC
3594000;510.76;511.65;PVC;PVC
3596000;509.70;510.59;PVC;PVC
3598000;510.38;511.27;PVC;PVC
3600000;512.95;513.83;PVC;PVC
3602000;511.69;512.57;PVC;PVC
3604000;510.25;511.12;PVC;PVC
3606000;510.53;511.40;PVC;PVC
3608000;511.44;512.31;PVC;PVC
3610000;512.44;513.30;PVC;PVC
3612000;510.17;511.03;PVC;PVC
3614000;511.21;512.06;PVC;PVC
3616000;509.78;510.64;PVC;PVC
3618000;511.78;512.63;PVC;PVC
3620000;510.74;511.58;PVC;PVC
3622000;510.15;510.99;PVC;PVC
3624000;511.31;512.14;PVC;PVC
3626000;509.87;510.70;PVC;PVC
3628000;512.63;513.46;PVC;PVC
3630000;512.83;513.65;PVC;PVC
3632000;510.71;511.53;PVC;PVC
3634000;510.20;511.01;PVC;PVC
3636000;512.87;513.68;PVC;PVC
3638000;509.16;509.97;PVC;PVC
3640000;510.05;510.85;PVC;PVC
3642000;511.44;512.24;PVC;PVC
3644000;508.77;509.56;PVC;PVC
3646000;510.69;511.48;PVC;PVC
3648000;510.91;511.70;PVC;PVC
3650000;511.07;511.85;PVC;PVC
3652000;511.67;512.45;PVC;PVC
3654000;511.43;512.21;PVC;PVC
3656000;512.61;513.38;PVC;PVC
3658000;510.16;510.93;PVC;PVC
3660000;513.17;513.93;PVC;PVC
3662000;512.03;512.79;PVC;PVC
3664000;511.21;511.97;PVC;PVC
3666000;510.46;511.21;PVC;PVC
3668000;512.10;512.85;PVC;PVC
3670000;510.43;511.17;PVC;PVC
3672000;513.55;514.29;PVC;PVC
3674000;511.18;511.92;PVC;PVC
3676000;511.21;511.94;PVC;PVC
3678000;510.93;511.66;PVC;PVC
3680000;511.42;512.14;PVC;PVC
3682000;509.72;510.44;PVC;PVC
3684000;512.91;513.62;PVC;PVC
3686000;512.69;513.40;PVC;PVC
3688000;512.34;513.04;PVC;PVC
3690000;511.02;511.72;PVC;PVC
3692000;511.06;511.76;PVC;PVC
3694000;510.61;511.30;PVC;PVC
3696000;511.39;512.08;PVC;PVC
3698000;512.30;512.99;PVC;PVC
3700000;510.91;511.59;PVC;PVC
3702000;512.42;513.09;PVC;PVC
3704000;511.83;512.50;PVC;PVC
3706000;511.62;512.29;PVC;PVC
3708000;512.42;513.09;PVC;PVC
3710000;510.94;511.60;PVC;PVC
3712000;511.78;512.44;PVC;PVC
3714000;509.58;510.24;PVC;PVC
3716000;511.70;512.34;PVC;PVC
3718000;510.95;511.59;PVC;PVC
3720000;510.91;511.55;PVC;PVC
3722000;508.42;509.06;PVC;PVC
3724000;509.99;510.62;PVC;PVC
3726000;511.19;511.82;PVC;PVC
3728000;510.61;511.24;PVC;PVC
3730000;511.56;512.18;PVC;PVC
3732000;511.58;512.19;PVC;PVC
3734000;511.89;512.50;PVC;PVC
3736000;512.25;512.85;PVC;PVC
3738000;511.16;511.76;PVC;PVC
3740000;513.18;513.77;PVC;PVC
3742000;511.86;512.45;PVC;PVC
3744000;511.72;512.31;PVC;PVC
3746000;511.53;512.11;PVC;PVC
3748000;508.93;509.51;PVC;PVC
3750000;513.67;514.24;PVC;PVC
3752000;510.49;511.06;PVC;PVC
3754000;511.85;512.42;PVC;PVC
3756000;511.55;512.11;PVC;PVC
3758000;508.84;509.40;PVC;PVC
3760000;511.85;512.40;PVC;PVC
3762000;512.37;512.92;PVC;PVC
3764000;510.16;510.71;PVC;PVC
3766000;511.50;512.04;PVC;PVC
3768000;510.98;511.51;PVC;PVC
3770000;511.57;512.10;PVC;PVC
3772000;513.12;513.64;PVC;PVC
3774000;511.74;512.26;PVC;PVC
3776000;512.56;513.07;PVC;PVC
3778000;510.27;510.78;PVC;PVC
3780000;510.51;511.02;PVC;PVC
3782000;511.05;511.56;PVC;PVC
3784000;510.96;511.45;PVC;PVC
3786000;511.42;511.92;PVC;PVC
3788000;510.08;510.57;PVC;PVC
3790000;512.56;513.05;PVC;PVC
3792000;511.03;511.51;PVC;PVC
3794000;513.55;514.03;PVC;PVC
3796000;509.48;509.95;PVC;PVC
3798000;511.73;512.20;PVC;PVC
3800000;512.95;513.41;PVC;PVC
3802000;512.19;512.65;PVC;PVC
3804000;512.32;512.77;PVC;PVC
3806000;510.08;510.53;PVC;PVC
3808000;512.36;512.80;PVC;PVC
3810000;513.51;513.95;PVC;PVC
3812000;512.53;512.97;PVC;PVC
3814000;513.31;513.74;PVC;PVC
3816000;510.08;510.51;PVC;PVC
3818000;512.87;513.29;PVC;PVC
3820000;512.01;512.43;PVC;PVC
3822000;510.36;510.78;PVC;PVC
3824000;512.89;513.30;PVC;PVC
3826000;511.14;511.54;PVC;PVC
3828000;511.19;511.59;PVC;PVC
3830000;510.68;511.07;PVC;PVC
3832000;513.27;513.66;PVC;PVC
3834000;513.72;514.10;PVC;PVC
3836000;510.25;510.63;PVC;PVC
3838000;510.66;511.04;PVC;PVC
3840000;511.57;511.95;PVC;PVC
3842000;511.42;511.79;PVC;PVC
3844000;511.39;511.75;PVC;PVC
3846000;513.37;513.73;PVC;PVC
3848000;512.72;513.08;PVC;PVC
3850000;511.70;512.05;PVC;PVC
3852000;512.73;513.08;PVC;PVC
3854000;511.54;511.88;PVC;PVC
3856000;513.22;513.56;PVC;PVC
3858000;510.71;511.04;PVC;PVC
3860000;509.36;509.69;PVC;PVC
3862000;512.66;512.98;PVC;PVC
3864000;511.62;511.93;PVC;PVC
3866000;509.95;510.26;PVC;PVC
3868000;512.06;512.37;PVC;PVC
3870000;513.23;513.54;PVC;PVC
3872000;511.30;511.60;PVC;PVC
3874000;511.13;511.42;PVC;PVC
3876000;514.01;514.30;PVC;PVC
3878000;512.14;512.43;PVC;PVC
3880000;512.61;512.89;PVC;PVC
3882000;509.55;509.82;PVC;PVC
3884000;514.62;514.89;PVC;PVC
3886000;512.67;512.94;PVC;PVC
3888000;512.76;513.02;PVC;PVC
3890000;512.09;512.34;PVC;PVC
3892000;510.30;510.55;PVC;PVC
3894000;512.27;512.52;PVC;PVC
3896000;510.02;510.26;PVC;PVC
3898000;513.32;513.56;PVC;PVC
3900000;511.40;511.63;PVC;PVC
3902000;511.61;511.84;PVC;PVC
3904000;512.45;512.68;PVC;PVC
3906000;512.81;513.03;PVC;PVC
3908000;511.55;511.77;PVC;PVC
3910000;512.22;512.43;PVC;PVC
3912000;513.53;513.74;PVC;PVC
3914000;510.76;510.96;PVC;PVC
3916000;510.40;510.60;PVC;PVC
3918000;510.68;510.87;PVC;PVC
3920000;513.04;513.23;PVC;PVC
3922000;509.73;509.92;PVC;PVC
3924000;511.69;511.87;PVC;PVC
3926000;511.07;511.25;PVC;PVC
3928000;511.84;512.01;PVC;PVC
3930000;511.98;512.14;PVC;PVC
3932000;510.87;511.03;PVC;PVC
3934000;511.20;511.35;PVC;PVC
3936000;511.20;511.35;PVC;PVC
3938000;512.28;512.43;PVC;PVC
3940000;509.66;509.80;PVC;PVC
3942000;510.80;510.94;PVC;PVC
3944000;510.75;510.89;PVC;PVC
3946000;509.57;509.69;PVC;PVC
3948000;511.79;511.91;PVC;PVC
3950000;512.04;512.15;PVC;PVC
3952000;511.29;511.40;PVC;PVC
3954000;511.63;511.74;PVC;PVC
3956000;511.27;511.38;PVC;PVC
3958000;511.20;511.30;PVC;PVC
3960000;512.34;512.44;PVC;PVC
3962000;513.72;513.81;PVC;PVC
3964000;511.48;511.56;PVC;PVC
3966000;509.89;509.97;PVC;PVC
3968000;511.41;511.48;PVC;PVC
3970000;511.72;511.79;PVC;PVC
3972000;513.20;513.27;PVC;PVC
3974000;513.63;513.69;PVC;PVC
3976000;510.00;510.05;PVC;PVC
3978000;510.74;510.79;PVC;PVC
3980000;512.49;512.54;PVC;PVC
3982000;511.80;511.84;PVC;PVC
3984000;511.76;511.80;PVC;PVC
3986000;512.29;512.32;PVC;PVC
3988000;513.61;513.64;PVC;PVC
3990000;511.59;511.61;PVC;PVC
3992000;513.36;513.37;PVC;PVC
3994000;512.04;512.06;PVC;PVC
3996000;511.53;511.54;PVC;PVC
3998000;512.97;512.98;PVC;PVC
4000000;512.29;512.29;PVC;PVC
4002000;511.85;511.84;PVC;PVC
4004000;511.91;511.90;PVC;PVC
4006000;511.85;511.83;PVC;PVC
4008000;512.09;512.07;PVC;PVC
4010000;511.06;511.04;PVC;PVC
4012000;511.41;511.38;PVC;PVC
4014000;510.55;510.51;PVC;PVC
4016000;512.04;512.00;PVC;PVC
4018000;512.64;512.60;PVC;PVC
4020000;513.84;513.79;PVC;PVC
4022000;513.65;513.60;PVC;PVC
4024000;511.75;511.69;PVC;PVC
4026000;512.13;512.07;PVC;PVC
4028000;511.17;511.11;PVC;PVC
4030000;512.23;512.16;PVC;PVC
4032000;510.14;510.06;PVC;PVC
4034000;510.07;509.99;PVC;PVC
4036000;511.03;510.94;PVC;PVC
4038000;512.15;512.07;PVC;PVC
4040000;512.29;512.19;PVC;PVC
4042000;511.72;511.62;PVC;PVC
4044000;511.95;511.85;PVC;PVC
4046000;511.57;511.46;PVC;PVC
4048000;513.16;513.05;PVC;PVC
4050000;512.70;512.59;PVC;PVC
4052000;512.17;512.05;PVC;PVC
4054000;510.06;509.93;PVC;PVC
4056000;510.41;510.28;PVC;PVC
4058000;510.89;510.75;PVC;PVC
4060000;511.75;511.61;PVC;PVC
4062000;512.13;511.99;PVC;PVC
4064000;511.70;511.55;PVC;PVC
4066000;509.92;509.76;PVC;PVC
4068000;511.92;511.76;PVC;PVC
4070000;511.45;511.28;PVC;PVC
4072000;510.94;510.77;PVC;PVC
4074000;512.92;512.75;PVC;PVC
4076000;510.95;510.77;PVC;PVC
4078000;509.42;509.23;PVC;PVC
4080000;512.82;512.63;PVC;PVC
4082000;511.23;511.04;PVC;PVC
4084000;512.49;512.29;PVC;PVC
4086000;512.65;512.45;PVC;PVC
4088000;512.83;512.63;PVC;PVC
4090000;509.95;509.74;PVC;PVC
4092000;511.36;511.14;PVC;PVC
4094000;513.37;513.15;PVC;PVC
4096000;510.08;509.85;PVC;PVC
4098000;511.76;511.53;PVC;PVC
4100000;512.95;512.72;PVC;PVC
4102000;510.19;509.95;PVC;PVC
4104000;513.19;512.94;PVC;PVC
4106000;511.09;510.84;PVC;PVC
4108000;511.84;511.59;PVC;PVC
4110000;513.07;512.81;PVC;PVC
4112000;514.56;514.30;PVC;PVC
4114000;512.98;512.71;PVC;PVC
4116000;511.52;511.24;PVC;PVC
4118000;511.75;511.47;PVC;PVC
4120000;513.71;513.43;PVC;PVC
4122000;512.01;511.72;PVC;PVC
4124000;513.38;513.09;PVC;PVC
4126000;513.08;512.79;PVC;PVC
4128000;511.21;510.91;PVC;PVC
4130000;511.58;511.28;PVC;PVC
4132000;512.71;512.40;PVC;PVC
4134000;512.99;512.68;PVC;PVC
4136000;512.05;511.73;PVC;PVC
4138000;513.60;513.28;PVC;PVC
4140000;512.79;512.46;PVC;PVC
4142000;511.28;510.95;PVC;PVC
4144000;512.55;512.22;PVC;PVC
4146000;511.31;510.97;PVC;PVC
4148000;511.72;511.37;PVC;PVC
4150000;512.32;511.97;PVC;PVC
4152000;512.03;511.68;PVC;PVC
4154000;512.79;512.43;PVC;PVC
4156000;512.84;512.48;PVC;PVC
4158000;512.54;512.17;PVC;PVC
4160000;511.35;510.98;PVC;PVC
4162000;514.71;514.33;PVC;PVC
4164000;512.78;512.40;PVC;PVC
4166000;511.03;510.64;PVC;PVC
4168000;510.05;509.66;PVC;PVC
4170000;513.20;512.81;PVC;PVC
4172000;510.47;510.07;PVC;PVC
4174000;510.86;510.46;PVC;PVC
4176000;511.50;511.09;PVC;PVC
4178000;512.98;512.56;PVC;PVC
4180000;511.50;511.09;PVC;PVC
4182000;512.38;511.95;PVC;PVC
4184000;510.45;510.02;PVC;PVC
4186000;512.59;512.16;PVC;PVC
4188000;511.96;511.52;PVC;PVC
4190000;511.47;511.03;PVC;PVC
4192000;512.54;512.10;PVC;PVC
4194000;511.39;510.94;PVC;PVC
4196000;512.11;511.65;PVC;PVC
4198000;512.31;511.85;PVC;PVC
4200000;513.49;513.03;PVC;PVC
4202000;513.39;512.92;PVC;PVC
4204000;511.26;510.79;PVC;PVC
4206000;513.17;512.69;PVC;PVC
4208000;513.36;512.88;PVC;PVC
4210000;511.05;510.57;PVC;PVC
4212000;515.49;515.00;PVC;PVC
4214000;513.04;512.55;PVC;PVC
4216000;510.95;510.45;PVC;PVC
4218000;512.94;512.44;PVC;PVC
4220000;512.67;512.16;PVC;PVC
4222000;514.62;514.11;PVC;PVC
4224000;511.34;510.82;PVC;PVC
4226000;514.91;514.39;PVC;PVC
4228000;511.47;510.94;PVC;PVC
4230000;511.30;510.77;PVC;PVC
4232000;512.96;512.42;PVC;PVC
4234000;512.84;512.30;PVC;PVC
4236000;513.49;512.95;PVC;PVC
4238000;510.80;510.26;PVC;PVC
4240000;512.15;511.60;PVC;PVC
4242000;512.81;512.25;PVC;PVC
4244000;510.33;509.77;PVC;PVC
4246000;513.62;513.06;PVC;PVC
4248000;512.99;512.42;PVC;PVC
4250000;511.68;511.10;PVC;PVC
4252000;512.52;511.94;PVC;PVC
4254000;513.60;513.02;PVC;PVC
4256000;512.88;512.30;PVC;PVC
4258000;512.84;512.25;PVC;PVC
4260000;514.06;513.46;PVC;PVC
4262000;513.28;512.68;PVC;PVC
4264000;513.76;513.15;PVC;PVC
4266000;514.17;513.56;PVC;PVC
4268000;514.29;513.68;PVC;PVC
4270000;513.31;512.69;PVC;PVC
4272000;513.67;513.04;PVC;PVC
4274000;511.79;511.16;PVC;PVC
4276000;515.01;514.38;PVC;PVC
4278000;514.53;513.90;PVC;PVC
4280000;512.39;511.75;PVC;PVC
4282000;512.06;511.41;PVC;PVC
4284000;511.19;510.54;PVC;PVC
4286000;512.74;512.09;PVC;PVC
4288000;512.46;511.80;PVC;PVC
4290000;512.73;512.07;PVC;PVC
4292000;511.31;510.65;PVC;PVC
4294000;514.26;513.59;PVC;PVC
4296000;514.08;513.40;PVC;PVC
4298000;513.56;512.88;PVC;PVC
4300000;512.76;512.08;PVC;PVC
4302000;511.67;510.98;PVC;PVC
4304000;514.01;513.32;PVC;PVC
4306000;513.61;512.92;PVC;PVC
4308000;513.06;512.37;PVC;PVC
4310000;514.19;513.49;PVC;PVC
4312000;512.72;512.01;PVC;PVC
4314000;511.91;511.20;PVC;PVC
4316000;513.05;512.34;PVC;PVC
4318000;510.97;510.25;PVC;PVC
4320000;512.19;511.47;PVC;PVC
4322000;512.90;512.17;PVC;PVC
4324000;513.46;512.73;PVC;PVC
4326000;513.06;512.32;PVC;PVC
4328000;514.78;514.04;PVC;PVC
4330000;514.81;514.07;PVC;PVC
4332000;513.22;512.47;PVC;PVC
4334000;510.80;510.05;PVC;PVC
4336000;513.98;513.23;PVC;PVC
4338000;512.40;511.64;PVC;PVC
4340000;515.14;514.38;PVC;PVC
4342000;513.52;512.75;PVC;PVC
4344000;513.37;512.59;PVC;PVC
4346000;511.69;510.91;PVC;PVC
4348000;515.92;515.14;PVC;PVC
4350000;512.93;512.14;PVC;PVC
4352000;512.60;511.81;PVC;PVC
4354000;511.65;510.86;PVC;PVC
4356000;510.90;510.10;PVC;PVC
4358000;512.74;511.94;PVC;PVC
4360000;510.92;510.12;PVC;PVC
4362000;511.30;510.49;PVC;PVC
4364000;513.55;512.74;PVC;PVC
4366000;514.14;513.32;PVC;PVC
4368000;512.42;511.60;PVC;PVC
4370000;512.46;511.64;PVC;PVC
4372000;511.47;510.64;PVC;PVC
4374000;511.89;511.06;PVC;PVC
4376000;512.08;511.25;PVC;PVC
4378000;512.63;511.79;PVC;PVC
4380000;513.02;512.18;PVC;PVC
4382000;513.14;512.29;PVC;PVC
4384000;513.49;512.64;PVC;PVC
4386000;513.76;512.90;PVC;PVC
4388000;513.13;512.27;PVC;PVC
4390000;511.27;510.41;PVC;PVC
4392000;513.61;512.74;PVC;PVC
4394000;514.22;513.35;PVC;PVC
4396000;513.72;512.84;PVC;PVC
4398000;512.03;511.15;PVC;PVC
4400000;512.70;511.82;PVC;PVC
4402000;514.45;513.56;PVC;PVC
4404000;512.39;511.50;PVC;PVC
4406000;512.76;511.86;PVC;PVC
4408000;512.70;511.80;PVC;PVC
4410000;512.40;511.50;PVC;PVC
4412000;512.14;511.24;PVC;PVC
4414000;514.97;514.06;PVC;PVC
4416000;514.12;513.21;PVC;PVC
4418000;510.22;509.31;PVC;PVC
4420000;513.16;512.24;PVC;PVC
4422000;512.21;511.28;PVC;PVC
4424000;510.70;509.78;PVC;PVC
4426000;512.88;511.95;PVC;PVC
4428000;512.43;511.49;PVC;PVC
4430000;512.07;511.13;PVC;PVC
4432000;510.55;509.61;PVC;PVC
4434000;511.97;511.02;PVC;PVC
4436000;514.60;513.65;PVC;PVC
4438000;511.96;511.00;PVC;PVC
4440000;513.20;512.25;PVC;PVC
4442000;512.89;511.93;PVC;PVC
4444000;512.77;511.81;PVC;PVC
4446000;515.03;514.06;PVC;PVC
4448000;514.30;513.33;PVC;PVC
4450000;515.26;514.29;PVC;PVC
4452000;514.69;513.71;PVC;PVC
4454000;513.58;512.60;PVC;PVC
4456000;511.78;510.80;PVC;PVC
4458000;514.55;513.56;PVC;PVC
4460000;512.66;511.67;PVC;PVC
4462000;511.60;510.61;PVC;PVC
4464000;511.40;510.41;PVC;PVC
4466000;510.56;509.56;PVC;PVC
4468000;512.25;511.24;PVC;PVC
4470000;512.47;511.46;PVC;PVC
4472000;512.27;511.26;PVC;PVC
4474000;512.90;511.89;PVC;PVC
4476000;513.76;512.74;PVC;PVC
4478000;513.15;512.13;PVC;PVC
4480000;512.55;511.52;PVC;PVC
4482000;513.43;512.40;PVC;PVC
4484000;513.72;512.69;PVC;PVC
4486000;510.86;509.82;PVC;PVC
4488000;514.46;513.42;PVC;PVC
4490000;511.87;510.83;PVC;PVC
4492000;511.36;510.31;PVC;PVC
4494000;512.17;511.12;PVC;PVC
4496000;512.42;511.36;PVC;PVC
4498000;511.91;510.85;PVC;PVC
4500000;513.70;512.64;PVC;PVC
4502000;512.90;511.84;PVC;PVC
4504000;510.50;509.43;PVC;PVC
4506000;513.31;512.24;PVC;PVC
4508000;512.12;511.05;PVC;PVC
4510000;511.74;510.66;PVC;PVC
4512000;515.10;514.02;PVC;PVC
4514000;513.93;512.85;PVC;PVC
4516000;510.97;509.89;PVC;PVC
4518000;512.91;511.82;PVC;PVC
4520000;511.84;510.75;PVC;PVC
4522000;512.25;511.15;PVC;PVC
4524000;514.13;513.03;PVC;PVC
4526000;514.69;513.59;PVC;PVC
4528000;513.12;512.01;PVC;PVC
4530000;514.24;513.14;PVC;PVC
4532000;513.39;512.28;PVC;PVC
4534000;511.57;510.45;PVC;PVC
4536000;513.32;512.20;PVC;PVC
4538000;512.74;511.62;PVC;PVC
4540000;512.46;511.34;PVC;PVC
4542000;512.12;510.99;PVC;PVC
4544000;512.67;511.54;PVC;PVC
4546000;512.87;511.74;PVC;PVC
4548000;514.23;513.10;PVC;PVC
4550000;513.05;511.91;PVC;PVC
4552000;514.13;512.99;PVC;PVC
4554000;512.64;511.50;PVC;PVC
4556000;514.99;513.84;PVC;PVC
4558000;512.65;511.50;PVC;PVC
4560000;512.45;511.29;PVC;PVC
4562000;513.20;512.04;PVC;PVC
4564000;514.75;513.59;PVC;PVC
4566000;513.92;512.75;PVC;PVC
4568000;513.93;512.76;PVC;PVC
4570000;512.92;511.75;PVC;PVC
4572000;512.96;511.79;PVC;PVC
4574000;512.91;511.73;PVC;PVC
4576000;512.09;510.91;PVC;PVC
4578000;512.26;511.08;PVC;PVC
4580000;514.77;513.58;PVC;PVC
4582000;512.15;510.96;PVC;PVC
4584000;512.93;511.74;PVC;PVC
4586000;512.55;511.36;PVC;PVC
4588000;514.26;513.06;PVC;PVC
4590000;514.39;513.19;PVC;PVC
4592000;514.57;513.37;PVC;PVC
4594000;513.53;512.33;PVC;PVC
4596000;513.74;512.53;PVC;PVC
4598000;514.84;513.63;PVC;PVC
4600000;513.34;512.13;PVC;PVC
4602000;512.23;511.02;PVC;PVC
4604000;514.20;512.98;PVC;PVC
4606000;513.36;512.14;PVC;PVC
4608000;513.26;512.04;PVC;PVC
4610000;514.27;513.04;PVC;PVC
4612000;513.09;511.86;PVC;PVC
4614000;513.04;511.81;PVC;PVC
4616000;513.57;512.33;PVC;PVC
4618000;513.55;512.31;PVC;PVC
4620000;513.99;512.75;PVC;PVC
4622000;512.65;511.41;PVC;PVC
4624000;513.48;512.24;PVC;PVC
4626000;512.47;511.22;PVC;PVC
4628000;513.66;512.41;PVC;PVC
4630000;512.89;511.64;PVC;PVC
4632000;514.04;512.79;PVC;PVC
4634000;512.10;510.84;PVC;PVC
4636000;514.42;513.16;PVC;PVC
4638000;514.19;512.92;PVC;PVC
4640000;514.16;512.89;PVC;PVC
4642000;516.52;515.26;PVC;PVC
4644000;513.34;512.07;PVC;PVC
4646000;513.43;512.15;PVC;PVC
4648000;513.26;511.98;PVC;PVC
4650000;514.94;513.66;PVC;PVC
4652000;512.85;511.57;PVC;PVC
4654000;512.67;511.39;PVC;PVC
4656000;513.17;511.88;PVC;PVC
4658000;513.09;511.80;PVC;PVC
4660000;513.73;512.44;PVC;PVC
4662000;512.69;511.40;PVC;PVC
4664000;514.26;512.97;PVC;PVC
4666000;514.13;512.84;PVC;PVC
4668000;512.63;511.33;PVC;PVC
4670000;512.79;511.49;PVC;PVC
4672000;512.99;511.68;PVC;PVC
4674000;513.06;511.75;PVC;PVC
4676000;511.76;510.45;PVC;PVC
4678000;515.07;513.76;PVC;PVC
4680000;512.93;511.62;PVC;PVC
4682000;514.23;512.92;PVC;PVC
4684000;512.55;511.23;PVC;PVC
4686000;513.92;512.60;PVC;PVC
4688000;511.66;510.33;PVC;PVC
4690000;514.17;512.85;PVC;PVC
4692000;514.77;513.44;PVC;PVC
4694000;514.12;512.79;PVC;PVC
4696000;513.84;512.51;PVC;PVC
4698000;513.88;512.54;PVC;PVC
4700000;511.27;509.93;PVC;PVC
4702000;512.89;511.55;PVC;PVC
4704000;514.06;512.72;PVC;PVC
4706000;512.81;511.47;PVC;PVC
4708000;514.34;512.99;PVC;PVC
4710000;512.82;511.48;PVC;PVC
4712000;515.63;514.28;PVC;PVC
4714000;513.56;512.21;PVC;PVC
4716000;513.68;512.33;PVC;PVC
4718000;513.80;512.45;PVC;PVC
4720000;514.33;512.98;PVC;PVC
4722000;512.74;511.38;PVC;PVC
4724000;511.98;510.62;PVC;PVC
4726000;512.87;511.51;PVC;PVC
4728000;514.68;513.32;PVC;PVC
4730000;514.35;512.99;PVC;PVC
4732000;511.72;510.35;PVC;PVC
4734000;513.45;512.08;PVC;PVC
4736000;512.03;510.66;PVC;PVC
4738000;512.15;510.77;PVC;PVC
4740000;513.49;512.12;PVC;PVC
4742000;514.56;513.18;PVC;PVC
4744000;513.74;512.36;PVC;PVC
4746000;511.71;510.33;PVC;PVC
4748000;513.20;511.82;PVC;PVC
4750000;512.92;511.54;PVC;PVC
4752000;514.70;513.31;PVC;PVC
4754000;514.41;513.02;PVC;PVC
4756000;513.29;511.89;PVC;PVC
4758000;511.70;510.31;PVC;PVC
4760000;514.48;513.08;PVC;PVC
4762000;513.31;511.91;PVC;PVC
4764000;513.58;512.18;PVC;PVC
4766000;513.70;512.30;PVC;PVC
4768000;512.62;511.22;PVC;PVC
4770000;515.14;513.73;PVC;PVC
4772000;513.29;511.88;PVC;PVC
4774000;514.34;512.93;PVC;PVC
4776000;514.02;512.62;PVC;PVC
4778000;513.18;511.77;PVC;PVC
4780000;513.50;512.09;PVC;PVC
4782000;512.34;510.93;PVC;PVC
4784000;513.66;512.24;PVC;PVC
4786000;514.36;512.94;PVC;PVC
4788000;513.33;511.91;PVC;PVC
4790000;511.99;510.57;PVC;PVC
4792000;512.49;511.07;PVC;PVC
4794000;513.76;512.33;PVC;PVC
4796000;513.00;511.58;PVC;PVC
4798000;515.19;513.76;PVC;PVC
4800000;514.78;513.36;PVC;PVC
4802000;513.76;512.34;PVC;PVC
4804000;511.60;510.17;PVC;PVC
4806000;513.86;512.43;PVC;PVC
4808000;511.95;510.51;PVC;PVC
4810000;512.23;510.79;PVC;PVC
4812000;514.70;513.27;PVC;PVC
4814000;512.46;511.03;PVC;PVC
4816000;515.15;513.71;PVC;PVC
4818000;514.58;513.15;PVC;PVC
4820000;514.63;513.19;PVC;PVC
4822000;511.78;510.34;PVC;PVC
4824000;514.40;512.96;PVC;PVC
4826000;514.43;512.98;PVC;PVC
4828000;515.62;514.18;PVC;PVC
4830000;511.53;510.08;PVC;PVC
4832000;513.36;511.91;PVC;PVC
4834000;514.56;513.11;PVC;PVC
4836000;515.26;513.81;PVC;PVC
4838000;514.75;513.30;PVC;PVC
4840000;512.59;511.13;PVC;PVC
4842000;513.43;511.98;PVC;PVC
4844000;514.15;512.70;PVC;PVC
4846000;512.83;511.37;PVC;PVC
4848000;514.24;512.78;PVC;PVC
4850000;512.80;511.34;PVC;PVC
4852000;511.75;510.29;PVC;PVC
4854000;513.74;512.28;PVC;PVC
4856000;511.34;509.88;PVC;PVC
4858000;512.94;511.47;PVC;PVC
4860000;514.34;512.88;PVC;PVC
4862000;516.01;514.55;PVC;PVC
4864000;514.99;513.52;PVC;PVC
4866000;510.66;509.20;PVC;PVC
4868000;514.93;513.47;PVC;PVC
4870000;510.61;509.14;PVC;PVC
4872000;512.86;511.39;PVC;PVC
4874000;514.00;512.53;PVC;PVC
4876000;515.58;514.11;PVC;PVC
4878000;513.86;512.38;PVC;PVC
4880000;513.73;512.26;PVC;PVC
4882000;510.80;509.33;PVC;PVC
4884000;511.30;509.83;PVC;PVC
4886000;513.31;511.83;PVC;PVC
4888000;514.25;512.77;PVC;PVC
4890000;516.42;514.94;PVC;PVC
4892000;514.18;512.71;PVC;PVC
4894000;514.02;512.54;PVC;PVC
4896000;512.00;510.52;PVC;PVC
4898000;512.63;511.15;PVC;PVC
4900000;513.02;511.54;PVC;PVC
4902000;511.87;510.39;PVC;PVC
4904000;514.25;512.77;PVC;PVC
4906000;513.02;511.53;PVC;PVC
4908000;514.53;513.05;PVC;PVC
4910000;511.60;510.12;PVC;PVC
4912000;515.09;513.60;PVC;PVC
4914000;513.38;511.89;PVC;PVC
4916000;514.62;513.14;PVC;PVC
4918000;515.52;514.03;PVC;PVC
4920000;513.62;512.13;PVC;PVC
4922000;513.18;511.69;PVC;PVC
4924000;511.27;509.78;PVC;PVC
4926000;514.79;513.30;PVC;PVC
4928000;512.62;511.13;PVC;PVC
4930000;514.06;512.56;PVC;PVC
4932000;515.04;513.55;PVC;PVC
4934000;515.11;513.62;PVC;PVC
4936000;513.30;511.80;PVC;PVC
4938000;512.82;511.32;PVC;PVC
4940000;513.80;512.30;PVC;PVC
4942000;512.81;511.32;PVC;PVC
4944000;514.80;513.31;PVC;PVC
4946000;512.68;511.19;PVC;PVC
4948000;513.19;511.69;PVC;PVC
4950000;514.16;512.66;PVC;PVC
4952000;515.71;514.21;PVC;PVC
4954000;512.95;511.45;PVC;PVC
4956000;513.38;511.88;PVC;PVC
4958000;512.85;511.35;PVC;PVC
4960000;512.02;510.53;PVC;PVC
4962000;515.68;514.19;PVC;PVC
4964000;516.16;514.67;PVC;PVC
4966000;516.22;514.73;PVC;PVC
4968000;514.67;513.18;PVC;PVC
4970000;514.27;512.78;PVC;PVC
4972000;512.89;511.39;PVC;PVC
4974000;514.62;513.12;PVC;PVC
4976000;513.28;511.78;PVC;PVC
4978000;512.07;510.57;PVC;PVC
4980000;514.65;513.15;PVC;PVC
4982000;514.35;512.85;PVC;PVC
4984000;515.17;513.67;PVC;PVC
4986000;512.44;510.94;PVC;PVC
4988000;514.08;512.58;PVC;PVC
4990000;514.65;513.15;PVC;PVC
4992000;514.59;513.09;PVC;PVC
4994000;511.45;509.95;PVC;PVC
4996000;512.30;510.80;PVC;PVC
4998000;512.10;510.60;PVC;PVC
5000000;515.36;513.86;PVC;PVC
5002000;512.03;510.53;PVC;PVC
5004000;513.38;511.88;PVC;PVC
5006000;513.84;512.34;PVC;PVC
5008000;512.54;511.04;PVC;PVC
5010000;513.11;511.61;PVC;PVC
5012000;514.03;512.53;PVC;PVC
5014000;511.71;510.21;PVC;PVC
5016000;515.16;513.66;PVC;PVC
5018000;511.27;509.77;PVC;PVC
5020000;513.53;512.04;PVC;PVC
5022000;512.39;510.89;PVC;PVC
5024000;512.57;511.07;PVC;PVC
5026000;515.29;513.79;PVC;PVC
5028000;513.73;512.23;PVC;PVC
5030000;515.86;514.36;PVC;PVC
5032000;513.94;512.44;PVC;PVC
5034000;511.29;509.80;PVC;PVC
5036000;513.38;511.88;PVC;PVC
5038000;513.69;512.19;PVC;PVC
5040000;513.16;511.67;PVC;PVC
5042000;512.20;510.71;PVC;PVC
5044000;511.20;509.71;PVC;PVC
5046000;513.78;512.29;PVC;PVC
5048000;513.29;511.79;PVC;PVC
5050000;513.45;511.96;PVC;PVC
5052000;512.70;511.20;PVC;PVC
5054000;514.87;513.37;PVC;PVC
5056000;511.98;510.49;PVC;PVC
5058000;512.24;510.75;PVC;PVC
5060000;514.30;512.81;PVC;PVC
5062000;513.36;511.87;PVC;PVC
5064000;512.19;510.70;PVC;PVC
5066000;513.05;511.56;PVC;PVC
5068000;514.02;512.53;PVC;PVC
5070000;513.10;511.61;PVC;PVC
5072000;512.26;510.77;PVC;PVC
5074000;512.67;511.18;PVC;PVC
5076000;515.18;513.70;PVC;PVC
5078000;514.00;512.51;PVC;PVC
5080000;512.33;510.84;PVC;PVC
5082000;514.17;512.69;PVC;PVC
5084000;510.55;509.06;PVC;PVC
5086000;513.84;512.35;PVC;PVC
5088000;512.87;511.38;PVC;PVC
5090000;513.44;511.96;PVC;PVC
5092000;515.11;513.63;PVC;PVC
5094000;513.79;512.31;PVC;PVC
5096000;515.50;514.01;PVC;PVC
5098000;509.77;508.29;PVC;PVC
5100000;512.01;510.53;PVC;PVC
5102000;513.88;512.40;PVC;PVC
5104000;513.04;511.56;PVC;PVC
5106000;513.88;512.40;PVC;PVC
5108000;512.11;510.63;PVC;PVC
5110000;515.88;514.40;PVC;PVC
5112000;511.35;509.87;PVC;PVC
5114000;513.70;512.23;PVC;PVC
5116000;513.94;512.47;PVC;PVC
5118000;512.62;511.14;PVC;PVC
5120000;511.17;509.70;PVC;PVC
5122000;513.07;511.60;PVC;PVC
5124000;513.47;512.00;PVC;PVC
5126000;513.38;511.91;PVC;PVC
5128000;510.63;509.16;PVC;PVC
5130000;512.40;510.93;PVC;PVC
5132000;512.42;510.95;PVC;PVC
5134000;510.37;508.90;PVC;PVC
5136000;513.48;512.02;PVC;PVC
5138000;514.08;512.61;PVC;PVC
5140000;514.11;512.65;PVC;PVC
5142000;513.27;511.80;PVC;PVC
5144000;515.26;513.80;PVC;PVC
5146000;513.10;511.64;PVC;PVC
5148000;513.32;511.86;PVC;PVC
5150000;513.41;511.95;PVC;PVC
5152000;515.25;513.79;PVC;PVC
5154000;513.06;511.60;PVC;PVC
5156000;514.92;513.47;PVC;PVC
5158000;514.72;513.27;PVC;PVC
5160000;512.53;511.08;PVC;PVC
5162000;514.61;513.16;PVC;PVC
5164000;513.98;512.53;PVC;PVC
5166000;512.65;511.21;PVC;PVC
5168000;513.53;512.08;PVC;PVC
5170000;511.59;510.14;PVC;PVC
5172000;514.27;512.82;PVC;PVC
5174000;513.66;512.22;PVC;PVC
5176000;512.46;511.02;PVC;PVC
5178000;514.63;513.19;PVC;PVC
5180000;513.10;511.66;PVC;PVC
5182000;516.58;515.14;PVC;PVC
5184000;512.66;511.22;PVC;PVC
5186000;513.02;511.58;PVC;PVC
5188000;513.72;512.28;PVC;PVC
5190000;514.98;513.54;PVC;PVC
5192000;513.32;511.89;PVC;PVC
5194000;512.60;511.17;PVC;PVC
5196000;512.12;510.69;PVC;PVC
5198000;512.62;511.20;PVC;PVC
5200000;516.26;514.83;PVC;PVC
5202000;512.69;511.26;PVC;PVC
5204000;512.66;511.23;PVC;PVC
5206000;512.85;511.43;PVC;PVC
5208000;513.24;511.82;PVC;PVC
5210000;512.75;511.33;PVC;PVC
5212000;513.70;512.28;PVC;PVC
5214000;514.18;512.76;PVC;PVC
5216000;513.12;511.71;PVC;PVC
5218000;516.10;514.69;PVC;PVC
5220000;515.21;513.80;PVC;PVC
5222000;513.44;512.03;PVC;PVC
5224000;513.73;512.32;PVC;PVC
5226000;515.78;514.37;PVC;PVC
5228000;513.35;511.95;PVC;PVC
5230000;513.06;511.66;PVC;PVC
5232000;515.13;513.72;PVC;PVC
5234000;513.23;511.83;PVC;PVC
5236000;513.74;512.34;PVC;PVC
5238000;513.94;512.55;PVC;PVC
5240000;513.38;511.99;PVC;PVC
5242000;513.50;512.11;PVC;PVC
5244000;514.72;513.32;PVC;PVC
5246000;512.65;511.26;PVC;PVC
5248000;513.55;512.16;PVC;PVC
5250000;515.06;513.68;PVC;PVC
5252000;512.91;511.53;PVC;PVC
5254000;512.39;511.01;PVC;PVC
5256000;513.13;511.75;PVC;PVC
5258000;513.30;511.92;PVC;PVC
5260000;514.56;513.18;PVC;PVC
5262000;511.72;510.34;PVC;PVC
5264000;513.21;511.83;PVC;PVC
5266000;513.18;511.81;PVC;PVC
5268000;513.11;511.74;PVC;PVC
5270000;514.80;513.44;PVC;PVC
5272000;513.11;511.75;PVC;PVC
5274000;513.55;512.19;PVC;PVC
5276000;513.03;511.67;PVC;PVC
5278000;512.36;511.00;PVC;PVC
5280000;511.25;509.89;PVC;PVC
5282000;513.63;512.27;PVC;PVC
5284000;513.70;512.35;PVC;PVC
5286000;513.76;512.41;PVC;PVC
5288000;511.35;510.00;PVC;PVC
5290000;513.68;512.34;PVC;PVC
5292000;514.70;513.35;PVC;PVC
5294000;513.73;512.38;PVC;PVC
5296000;511.50;510.15;PVC;PVC
5298000;513.64;512.30;PVC;PVC
5300000;512.23;510.90;PVC;PVC
5302000;509.66;508.33;PVC;PVC
5304000;514.16;512.83;PVC;PVC
5306000;514.72;513.39;PVC;PVC
5308000;512.26;510.93;PVC;PVC
5310000;512.07;510.75;PVC;PVC
5312000;513.11;511.78;PVC;PVC
5314000;513.74;512.42;PVC;PVC
5316000;514.50;513.18;PVC;PVC
5318000;512.72;511.40;PVC;PVC
5320000;513.71;512.39;PVC;PVC
5322000;513.18;511.87;PVC;PVC
5324000;513.95;512.64;PVC;PVC
5326000;512.78;511.47;PVC;PVC
5328000;512.44;511.14;PVC;PVC
5330000;512.49;511.18;PVC;PVC
5332000;512.44;511.13;PVC;PVC
5334000;513.27;511.97;PVC;PVC
5336000;515.01;513.71;PVC;PVC
5338000;515.17;513.88;PVC;PVC
5340000;514.78;513.49;PVC;PVC
5342000;511.97;510.68;PVC;PVC
5344000;515.17;513.88;PVC;PVC
5346000;513.77;512.49;PVC;PVC
5348000;513.59;512.31;PVC;PVC
5350000;513.24;511.96;PVC;PVC
5352000;514.16;512.88;PVC;PVC
5354000;513.07;511.80;PVC;PVC
5356000;513.39;512.12;PVC;PVC
5358000;513.01;511.74;PVC;PVC
5360000;515.71;514.44;PVC;PVC
5362000;512.69;511.42;PVC;PVC
5364000;513.39;512.13;PVC;PVC
5366000;513.64;512.38;PVC;PVC
5368000;511.93;510.68;PVC;PVC
5370000;513.70;512.44;PVC;PVC
5372000;514.15;512.89;PVC;PVC
5374000;514.63;513.38;PVC;PVC
5376000;513.85;512.60;PVC;PVC
5378000;512.70;511.46;PVC;PVC
5380000;514.37;513.12;PVC;PVC
5382000;513.69;512.46;PVC;PVC
5384000;515.14;513.91;PVC;PVC
5386000;511.78;510.55;PVC;PVC
5388000;513.48;512.25;PVC;PVC
5390000;514.28;513.06;PVC;PVC
5392000;515.70;514.48;PVC;PVC
5394000;512.43;511.20;PVC;PVC
5396000;512.06;510.84;PVC;PVC
5398000;513.62;512.41;PVC;PVC
5400000;513.13;511.92;PVC;PVC
5402000;514.46;513.25;PVC;PVC
5404000;515.05;513.84;PVC;PVC
5406000;512.77;511.57;PVC;PVC
5408000;511.31;510.11;PVC;PVC
5410000;515.61;514.41;PVC;PVC
5412000;514.26;513.07;PVC;PVC
5414000;514.19;512.99;PVC;PVC
5416000;513.72;512.53;PVC;PVC
5418000;513.06;511.88;PVC;PVC
5420000;512.66;511.47;PVC;PVC
5422000;513.68;512.50;PVC;PVC
5424000;511.93;510.75;PVC;PVC
5426000;515.50;514.32;PVC;PVC
5428000;512.30;511.12;PVC;PVC
5430000;512.13;510.96;PVC;PVC
5432000;516.10;514.93;PVC;PVC
5434000;514.49;513.32;PVC;PVC
5436000;512.59;511.42;PVC;PVC
5438000;512.66;511.50;PVC;PVC
5440000;512.41;511.25;PVC;PVC
5442000;513.63;512.47;PVC;PVC
5444000;511.55;510.40;PVC;PVC
5446000;512.94;511.79;PVC;PVC
5448000;513.56;512.42;PVC;PVC
5450000;511.44;510.30;PVC;PVC
5452000;514.39;513.25;PVC;PVC
5454000;514.21;513.07;PVC;PVC
5456000;513.98;512.85;PVC;PVC
5458000;513.16;512.04;PVC;PVC
5460000;512.89;511.76;PVC;PVC
5462000;511.35;510.23;PVC;PVC
5464000;511.98;510.86;PVC;PVC
5466000;512.40;511.29;PVC;PVC
5468000;514.91;513.80;PVC;PVC
5470000;514.19;513.08;PVC;PVC
5472000;513.26;512.15;PVC;PVC
5474000;513.01;511.91;PVC;PVC
5476000;511.28;510.18;PVC;PVC
5478000;512.77;511.67;PVC;PVC
5480000;514.15;513.06;PVC;PVC
5482000;513.80;512.71;PVC;PVC
5484000;510.97;509.88;PVC;PVC
5486000;513.30;512.21;PVC;PVC
5488000;513.67;512.59;PVC;PVC
5490000;512.54;511.47;PVC;PVC
5492000;513.12;512.05;PVC;PVC
5494000;511.44;510.36;PVC;PVC
5496000;514.48;513.41;PVC;PVC
5498000;514.21;513.15;PVC;PVC
5500000;512.51;511.45;PVC;PVC
5502000;512.84;511.78;PVC;PVC
5504000;511.06;510.00;PVC;PVC
5506000;512.18;511.13;PVC;PVC
5508000;512.06;511.02;PVC;PVC
5510000;512.89;511.85;PVC;PVC
5512000;513.55;512.51;PVC;PVC
5514000;513.28;512.25;PVC;PVC
5516000;511.09;510.06;PVC;PVC
5518000;511.48;510.45;PVC;PVC
5520000;514.63;513.61;PVC;PVC
5522000;514.26;513.24;PVC;PVC
5524000;512.90;511.88;PVC;PVC
5526000;513.93;512.91;PVC;PVC
5528000;513.91;512.90;PVC;PVC
5530000;514.85;513.84;PVC;PVC
5532000;515.31;514.30;PVC;PVC
5534000;516.15;515.15;PVC;PVC
5536000;513.74;512.74;PVC;PVC
5538000;513.77;512.77;PVC;PVC
5540000;515.30;514.30;PVC;PVC
5542000;513.34;512.35;PVC;PVC
5544000;512.93;511.95;PVC;PVC
5546000;512.59;511.60;PVC;PVC
5548000;513.35;512.37;PVC;PVC
5550000;512.80;511.83;PVC;PVC
5552000;513.28;512.31;PVC;PVC
5554000;512.14;511.17;PVC;PVC
5556000;512.85;511.88;PVC;PVC
5558000;512.74;511.78;PVC;PVC
5560000;513.95;512.99;PVC;PVC
5562000;513.56;512.61;PVC;PVC
5564000;509.89;508.94;PVC;PVC
5566000;513.47;512.53;PVC;PVC
5568000;513.68;512.74;PVC;PVC
5570000;511.24;510.30;PVC;PVC
5572000;514.40;513.46;PVC;PVC
5574000;512.55;511.62;PVC;PVC
5576000;512.97;512.04;PVC;PVC
5578000;514.02;513.09;PVC;PVC
5580000;513.74;512.82;PVC;PVC
5582000;512.73;511.81;PVC;PVC
5584000;513.48;512.57;PVC;PVC
5586000;512.23;511.33;PVC;PVC
5588000;514.74;513.83;PVC;PVC
5590000;511.02;510.11;PVC;PVC
5592000;515.51;514.61;PVC;PVC
5594000;514.38;513.49;PVC;PVC
5596000;511.99;511.10;PVC;PVC
5598000;512.07;511.19;PVC;PVC
5600000;512.07;511.19;PVC;PVC
5602000;513.26;512.38;PVC;PVC
5604000;512.73;511.86;PVC;PVC
5606000;513.31;512.44;PVC;PVC
5608000;513.04;512.17;PVC;PVC
5610000;514.13;513.27;PVC;PVC
5612000;513.11;512.25;PVC;PVC
5614000;512.40;511.55;PVC;PVC
5616000;511.90;511.05;PVC;PVC
5618000;514.25;513.40;PVC;PVC
5620000;512.05;511.20;PVC;PVC
5622000;511.04;510.20;PVC;PVC
5624000;513.88;513.05;PVC;PVC
5626000;510.78;509.94;PVC;PVC
5628000;510.98;510.15;PVC;PVC
5630000;510.94;510.11;PVC;PVC
5632000;511.71;510.89;PVC;PVC
5634000;515.74;514.93;PVC;PVC
5636000;514.38;513.57;PVC;PVC
5638000;515.71;514.90;PVC;PVC
5640000;514.86;514.06;PVC;PVC
5642000;515.92;515.12;PVC;PVC
5644000;513.56;512.76;PVC;PVC
5646000;512.78;511.99;PVC;PVC
5648000;514.98;514.19;PVC;PVC
5650000;510.75;509.97;PVC;PVC
5652000;513.86;513.08;PVC;PVC
5654000;513.20;512.42;PVC;PVC
5656000;513.57;512.80;PVC;PVC
5658000;512.96;512.19;PVC;PVC
5660000;511.52;510.76;PVC;PVC
5662000;516.57;515.81;PVC;PVC
5664000;514.00;513.24;PVC;PVC
5666000;513.95;513.19;PVC;PVC
5668000;512.49;511.74;PVC;PVC
5670000;514.34;513.60;PVC;PVC
5672000;511.03;510.30;PVC;PVC
5674000;512.47;511.74;PVC;PVC
5676000;512.46;511.73;PVC;PVC
5678000;512.01;511.28;PVC;PVC
5680000;512.95;512.22;PVC;PVC
5682000;512.92;512.21;PVC;PVC
5684000;512.40;511.69;PVC;PVC
5686000;513.30;512.59;PVC;PVC
5688000;511.98;511.27;PVC;PVC
5690000;513.63;512.92;PVC;PVC
5692000;513.61;512.91;PVC;PVC
5694000;512.89;512.19;PVC;PVC
5696000;513.24;512.55;PVC;PVC
5698000;511.72;511.04;PVC;PVC
5700000;512.22;511.54;PVC;PVC
5702000;514.53;513.86;PVC;PVC
5704000;511.86;511.18;PVC;PVC
5706000;512.74;512.08;PVC;PVC
5708000;511.99;511.33;PVC;PVC
5710000;512.81;512.15;PVC;PVC
5712000;509.61;508.95;PVC;PVC
5714000;510.68;510.03;PVC;PVC
5716000;513.15;512.50;PVC;PVC
5718000;511.63;510.99;PVC;PVC
5720000;512.62;511.98;PVC;PVC
5722000;511.30;510.67;PVC;PVC
5724000;512.29;511.66;PVC;PVC
5726000;513.29;512.66;PVC;PVC
5728000;512.49;511.87;PVC;PVC
5730000;515.28;514.66;PVC;PVC
5732000;513.94;513.33;PVC;PVC
5734000;511.66;511.05;PVC;PVC
5736000;513.76;513.15;PVC;PVC
5738000;513.06;512.46;PVC;PVC
5740000;512.14;511.54;PVC;PVC
5742000;512.05;511.46;PVC;PVC
5744000;511.78;511.19;PVC;PVC
5746000;511.32;510.73;PVC;PVC
5748000;514.08;513.50;PVC;PVC
5750000;513.96;513.39;PVC;PVC
5752000;511.78;511.21;PVC;PVC
5754000;512.03;511.47;PVC;PVC
5756000;512.08;511.52;PVC;PVC
5758000;511.93;511.37;PVC;PVC
5760000;514.29;513.74;PVC;PVC
5762000;509.97;509.42;PVC;PVC
5764000;513.03;512.48;PVC;PVC
5766000;511.91;511.37;PVC;PVC
5768000;514.16;513.62;PVC;PVC
5770000;514.26;513.73;PVC;PVC
5772000;511.93;511.41;PVC;PVC
5774000;513.28;512.76;PVC;PVC
5776000;513.17;512.65;PVC;PVC
5778000;511.27;510.75;PVC;PVC
5780000;511.90;511.39;PVC;PVC
5782000;512.35;511.84;PVC;PVC
5784000;511.57;511.07;PVC;PVC
5786000;514.14;513.64;PVC;PVC
5788000;511.44;510.95;PVC;PVC
5790000;512.53;512.04;PVC;PVC
5792000;513.72;513.23;PVC;PVC
5794000;509.90;509.42;PVC;PVC
5796000;512.76;512.29;PVC;PVC
5798000;514.46;514.00;PVC;PVC
5800000;515.11;514.65;PVC;PVC
5802000;512.08;511.62;PVC;PVC
5804000;513.82;513.37;PVC;PVC
5806000;511.70;511.25;PVC;PVC
5808000;511.57;511.12;PVC;PVC
5810000;513.43;512.99;PVC;PVC
5812000;512.02;511.58;PVC;PVC
5814000;512.05;511.62;PVC;PVC
5816000;513.39;512.97;PVC;PVC
5818000;512.18;511.76;PVC;PVC
5820000;513.55;513.13;PVC;PVC
5822000;513.04;512.63;PVC;PVC
5824000;511.57;511.16;PVC;PVC
5826000;512.07;511.67;PVC;PVC
5828000;513.85;513.45;PVC;PVC
5830000;515.40;515.00;PVC;PVC
5832000;511.73;511.34;PVC;PVC
5834000;512.89;512.50;PVC;PVC
5836000;513.61;513.23;PVC;PVC
5838000;513.54;513.16;PVC;PVC
5840000;513.16;512.79;PVC;PVC
5842000;508.96;508.59;PVC;PVC
5844000;512.84;512.48;PVC;PVC
5846000;513.27;512.91;PVC;PVC
5848000;514.27;513.91;PVC;PVC
5850000;511.26;510.91;PVC;PVC
5852000;514.40;514.05;PVC;PVC
5854000;511.77;511.43;PVC;PVC
5856000;513.29;512.95;PVC;PVC
5858000;511.64;511.31;PVC;PVC
5860000;511.06;510.73;PVC;PVC
5862000;511.26;510.94;PVC;PVC
5864000;510.09;509.77;PVC;PVC
5866000;514.08;513.76;PVC;PVC
5868000;514.19;513.88;PVC;PVC
5870000;513.23;512.92;PVC;PVC
5872000;512.58;512.28;PVC;PVC
5874000;513.81;513.51;PVC;PVC
5876000;511.24;510.94;PVC;PVC
5878000;513.00;512.72;PVC;PVC
5880000;511.91;511.63;PVC;PVC
5882000;510.77;510.49;PVC;PVC
5884000;512.11;511.83;PVC;PVC
5886000;513.36;513.09;PVC;PVC
5888000;512.69;512.43;PVC;PVC
5890000;510.44;510.18;PVC;PVC
5892000;510.59;510.34;PVC;PVC
5894000;514.18;513.93;PVC;PVC
5896000;513.06;512.82;PVC;PVC
5898000;511.27;511.03;PVC;PVC
5900000;511.30;511.06;PVC;PVC
5902000;511.62;511.39;PVC;PVC
5904000;513.97;513.74;PVC;PVC
5906000;511.80;511.58;PVC;PVC
5908000;510.88;510.66;PVC;PVC
5910000;514.54;514.32;PVC;PVC
5912000;512.28;512.07;PVC;PVC
5914000;513.62;513.41;PVC;PVC
5916000;513.54;513.34;PVC;PVC
5918000;512.08;511.89;PVC;PVC
5920000;511.69;511.50;PVC;PVC
5922000;511.91;511.72;PVC;PVC
5924000;512.09;511.91;PVC;PVC
5926000;511.83;511.65;PVC;PVC
5928000;512.38;512.21;PVC;PVC
5930000;513.17;513.01;PVC;PVC
5932000;513.61;513.45;PVC;PVC
5934000;513.13;512.98;PVC;PVC
5936000;512.69;512.54;PVC;PVC
5938000;511.22;511.08;PVC;PVC
5940000;512.11;511.97;PVC;PVC
5942000;513.20;513.06;PVC;PVC
5944000;513.39;513.25;PVC;PVC
5946000;512.61;512.48;PVC;PVC
5948000;510.89;510.76;PVC;PVC
5950000;514.26;514.14;PVC;PVC
5952000;509.52;509.41;PVC;PVC
5954000;512.79;512.68;PVC;PVC
5956000;512.45;512.35;PVC;PVC
5958000;511.48;511.38;PVC;PVC
5960000;512.43;512.34;PVC;PVC
5962000;510.76;510.67;PVC;PVC
5964000;509.62;509.53;PVC;PVC
5966000;515.49;515.41;PVC;PVC
5968000;511.19;511.11;PVC;PVC
5970000;511.55;511.48;PVC;PVC
5972000;513.51;513.44;PVC;PVC
5974000;510.92;510.86;PVC;PVC
5976000;512.18;512.12;PVC;PVC
5978000;513.22;513.17;PVC;PVC
5980000;512.34;512.29;PVC;PVC
5982000;512.83;512.79;PVC;PVC
5984000;513.17;513.13;PVC;PVC
5986000;511.14;511.11;PVC;PVC
5988000;510.98;510.95;PVC;PVC
5990000;511.98;511.96;PVC;PVC
5992000;512.59;512.57;PVC;PVC
5994000;512.95;512.93;PVC;PVC
5996000;511.79;511.78;PVC;PVC
5998000;512.01;512.01;PVC;PVC
6000000;513.70;513.70;PVC;PVC
6002000;511.06;511.07;PVC;PVC
6004000;512.98;512.99;PVC;PVC
6006000;512.61;512.63;PVC;PVC
6008000;511.85;511.87;PVC;PVC
6010000;512.64;512.66;PVC;PVC
6012000;511.14;511.17;PVC;PVC
6014000;510.96;511.00;PVC;PVC
6016000;513.30;513.33;PVC;PVC
6018000;513.25;513.29;PVC;PVC
6020000;510.92;510.97;PVC;PVC
6022000;511.26;511.31;PVC;PVC
6024000;512.16;512.21;PVC;PVC
6026000;512.13;512.19;PVC;PVC
6028000;512.85;512.92;PVC;PVC
6030000;514.17;514.24;PVC;PVC
6032000;512.66;512.74;PVC;PVC
6034000;512.35;512.43;PVC;PVC
6036000;510.41;510.49;PVC;PVC
6038000;510.82;510.91;PVC;PVC
6040000;511.24;511.33;PVC;PVC
6042000;512.75;512.84;PVC;PVC
6044000;513.72;513.82;PVC;PVC
6046000;512.54;512.64;PVC;PVC
6048000;510.72;510.84;PVC;PVC
6050000;510.72;510.84;PVC;PVC
6052000;513.34;513.46;PVC;PVC
6054000;514.50;514.63;PVC;PVC
6056000;511.81;511.94;PVC;PVC
6058000;511.10;511.24;PVC;PVC
6060000;509.16;509.30;PVC;PVC
6062000;513.51;513.65;PVC;PVC
6064000;511.41;511.56;PVC;PVC
6066000;511.89;512.05;PVC;PVC
6068000;510.81;510.97;PVC;PVC
6070000;512.24;512.40;PVC;PVC
6072000;511.51;511.68;PVC;PVC
6074000;514.87;515.04;PVC;PVC
6076000;511.10;511.28;PVC;PVC
6078000;512.20;512.38;PVC;PVC
6080000;511.98;512.17;PVC;PVC
6082000;509.34;509.53;PVC;PVC
6084000;510.75;510.95;PVC;PVC
6086000;512.64;512.84;PVC;PVC
6088000;511.82;512.02;PVC;PVC
6090000;511.81;512.02;PVC;PVC
6092000;511.73;511.95;PVC;PVC
6094000;511.36;511.58;PVC;PVC
6096000;512.00;512.23;PVC;PVC
6098000;511.93;512.16;PVC;PVC
6100000;512.89;513.12;PVC;PVC
6102000;511.81;512.05;PVC;PVC
6104000;511.11;511.35;PVC;PVC
6106000;509.41;509.66;PVC;PVC
6108000;511.44;511.69;PVC;PVC
6110000;513.54;513.80;PVC;PVC
6112000;511.16;511.42;PVC;PVC
6114000;515.40;515.67;PVC;PVC
6116000;512.53;512.81;PVC;PVC
6118000;511.52;511.79;PVC;PVC
6120000;511.21;511.49;PVC;PVC
6122000;511.31;511.60;PVC;PVC
6124000;511.09;511.38;PVC;PVC
6126000;511.30;511.59;PVC;PVC
6128000;513.78;514.08;PVC;PVC
6130000;510.92;511.22;PVC;PVC
6132000;509.38;509.69;PVC;PVC
6134000;512.36;512.67;PVC;PVC
6136000;512.60;512.92;PVC;PVC
6138000;509.07;509.39;PVC;PVC
6140000;512.08;512.41;PVC;PVC
6142000;510.73;511.06;PVC;PVC
6144000;510.45;510.78;PVC;PVC
6146000;511.31;511.65;PVC;PVC
6148000;512.81;513.16;PVC;PVC
6150000;510.16;510.51;PVC;PVC
6152000;513.60;513.95;PVC;PVC
6154000;513.62;513.97;PVC;PVC
6156000;510.69;511.06;PVC;PVC
6158000;511.52;511.89;PVC;PVC
6160000;512.07;512.44;PVC;PVC
6162000;512.23;512.61;PVC;PVC
6164000;513.30;513.68;PVC;PVC
6166000;512.80;513.19;PVC;PVC
6168000;511.35;511.74;PVC;PVC
6170000;511.78;512.18;PVC;PVC
6172000;511.68;512.08;PVC;PVC
6174000;511.26;511.66;PVC;PVC
6176000;512.36;512.77;PVC;PVC
6178000;511.03;511.45;PVC;PVC
6180000;509.86;510.28;PVC;PVC
6182000;511.84;512.26;PVC;PVC
6184000;512.17;512.60;PVC;PVC
6186000;511.96;512.39;PVC;PVC
6188000;512.20;512.64;PVC;PVC
6190000;510.35;510.80;PVC;PVC
6192000;514.74;515.19;PVC;PVC
6194000;510.83;511.28;PVC;PVC
6196000;510.62;511.08;PVC;PVC
6198000;511.20;511.66;PVC;PVC
6200000;510.79;511.25;PVC;PVC
6202000;511.99;512.45;PVC;PVC
6204000;512.78;513.25;PVC;PVC
6206000;513.52;514.00;PVC;PVC
6208000;511.69;512.17;PVC;PVC
6210000;509.44;509.92;PVC;PVC
6212000;510.86;511.35;PVC;PVC
6214000;509.95;510.44;PVC;PVC
6216000;511.95;512.45;PVC;PVC
6218000;509.57;510.07;PVC;PVC
6220000;512.60;513.11;PVC;PVC
6222000;512.98;513.50;PVC;PVC
6224000;511.87;512.38;PVC;PVC
6226000;510.19;510.71;PVC;PVC
6228000;510.76;511.29;PVC;PVC
6230000;510.67;511.20;PVC;PVC
6232000;510.47;511.00;PVC;PVC
6234000;511.31;511.85;PVC;PVC
6236000;512.66;513.20;PVC;PVC
6238000;510.84;511.39;PVC;PVC
6240000;511.26;511.81;PVC;PVC
6242000;511.71;512.26;PVC;PVC
6244000;512.62;513.18;PVC;PVC
6246000;512.40;512.97;PVC;PVC
6248000;511.33;511.90;PVC;PVC
6250000;511.42;511.99;PVC;PVC
6252000;510.26;510.84;PVC;PVC
6254000;511.20;511.79;PVC;PVC
6256000;513.53;514.11;PVC;PVC
6258000;512.53;513.13;PVC;PVC
6260000;512.06;512.66;PVC;PVC
6262000;510.88;511.48;PVC;PVC
6264000;511.81;512.42;PVC;PVC
6266000;513.61;514.22;PVC;PVC
6268000;510.92;511.54;PVC;PVC
6270000;510.54;511.15;PVC;PVC
6272000;510.97;511.59;PVC;PVC
6274000;512.07;512.70;PVC;PVC
6276000;514.15;514.78;PVC;PVC
6278000;511.99;512.63;PVC;PVC
6280000;512.72;513.36;PVC;PVC
6282000;512.71;513.35;PVC;PVC
6284000;511.16;511.81;PVC;PVC
6286000;510.51;511.16;PVC;PVC
6288000;511.26;511.92;PVC;PVC
6290000;511.24;511.90;PVC;PVC
6292000;509.79;510.45;PVC;PVC
6294000;510.72;511.39;PVC;PVC
6296000;513.30;513.98;PVC;PVC
6298000;511.35;512.02;PVC;PVC
6300000;509.14;509.82;PVC;PVC
6302000;510.47;511.15;PVC;PVC
6304000;511.46;512.15;PVC;PVC
6306000;514.53;515.22;PVC;PVC
6308000;511.02;511.71;PVC;PVC
6310000;512.79;513.49;PVC;PVC
6312000;510.55;511.25;PVC;PVC
6314000;510.23;510.94;PVC;PVC
6316000;510.52;511.23;PVC;PVC
6318000;508.77;509.49;PVC;PVC
6320000;511.15;511.88;PVC;PVC
6322000;511.45;512.17;PVC;PVC
6324000;512.84;513.57;PVC;PVC
6326000;515.11;515.85;PVC;PVC
6328000;511.15;511.89;PVC;PVC
6330000;512.30;513.04;PVC;PVC
6332000;511.41;512.16;PVC;PVC
6334000;513.03;513.79;PVC;PVC
6336000;509.74;510.49;PVC;PVC
6338000;511.51;512.27;PVC;PVC
6340000;510.68;511.45;PVC;PVC
6342000;510.71;511.48;PVC;PVC
6344000;510.98;511.75;PVC;PVC
6346000;508.82;509.60;PVC;PVC
6348000;510.58;511.36;PVC;PVC
6350000;512.15;512.93;PVC;PVC
6352000;513.65;514.44;PVC;PVC
6354000;509.68;510.47;PVC;PVC
6356000;509.46;510.26;PVC;PVC
6358000;512.51;513.31;PVC;PVC
6360000;510.56;511.36;PVC;PVC
6362000;512.46;513.26;PVC;PVC
6364000;511.22;512.03;PVC;PVC
6366000;510.69;511.51;PVC;PVC
6368000;511.60;512.42;PVC;PVC
6370000;512.01;512.83;PVC;PVC
6372000;511.96;512.79;PVC;PVC
6374000;512.27;513.10;PVC;PVC
6376000;510.72;511.55;PVC;PVC
6378000;510.71;511.55;PVC;PVC
6380000;511.60;512.44;PVC;PVC
6382000;512.59;513.44;PVC;PVC
6384000;511.27;512.12;PVC;PVC
6386000;509.83;510.69;PVC;PVC
6388000;511.32;512.18;PVC;PVC
6390000;512.15;513.02;PVC;PVC
6392000;511.75;512.61;PVC;PVC
6394000;509.86;510.73;PVC;PVC
6396000;510.96;511.84;PVC;PVC
6398000;512.22;513.10;PVC;PVC
6400000;510.72;511.60;PVC;PVC
6402000;513.09;513.98;PVC;PVC
6404000;512.72;513.61;PVC;PVC
6406000;510.54;511.43;PVC;PVC
6408000;512.16;513.05;PVC;PVC
6410000;511.08;511.98;PVC;PVC
6412000;510.33;511.23;PVC;PVC
6414000;512.51;513.41;PVC;PVC
6416000;513.18;514.09;PVC;PVC
6418000;512.29;513.21;PVC;PVC
6420000;510.30;511.22;PVC;PVC
6422000;511.03;511.95;PVC;PVC
6424000;511.38;512.31;PVC;PVC
6426000;510.85;511.78;PVC;PVC
6428000;510.64;511.58;PVC;PVC
6430000;509.86;510.80;PVC;PVC
6432000;511.04;511.98;PVC;PVC
6434000;512.94;513.89;PVC;PVC
6436000;511.04;511.99;PVC;PVC
6438000;508.85;509.80;PVC;PVC
6440000;510.01;510.96;PVC;PVC
6442000;512.38;513.34;PVC;PVC
6444000;510.17;511.14;PVC;PVC
6446000;512.09;513.06;PVC;PVC
6448000;512.90;513.87;PVC;PVC
6450000;511.77;512.75;PVC;PVC
6452000;509.13;510.11;PVC;PVC
6454000;512.44;513.42;PVC;PVC
6456000;512.14;513.12;PVC;PVC
6458000;511.46;512.44;PVC;PVC
6460000;509.27;510.26;PVC;PVC
6462000;513.37;514.36;PVC;PVC
6464000;508.46;509.46;PVC;PVC
6466000;512.80;513.80;PVC;PVC
6468000;512.26;513.27;PVC;PVC
6470000;510.19;511.20;PVC;PVC
6472000;510.56;511.57;PVC;PVC
6474000;510.47;511.49;PVC;PVC
6476000;510.63;511.65;PVC;PVC
6478000;510.25;511.27;PVC;PVC
6480000;512.54;513.56;PVC;PVC
6482000;510.46;511.49;PVC;PVC
6484000;510.76;511.80;PVC;PVC
6486000;509.74;510.78;PVC;PVC
6488000;511.24;512.28;PVC;PVC
6490000;511.91;512.95;PVC;PVC
6492000;512.29;513.34;PVC;PVC
6494000;512.14;513.19;PVC;PVC
6496000;509.92;510.97;PVC;PVC
6498000;508.97;510.03;PVC;PVC
6500000;510.76;511.82;PVC;PVC
6502000;512.52;513.58;PVC;PVC
6504000;509.98;511.05;PVC;PVC
6506000;509.91;510.98;PVC;PVC
6508000;511.14;512.21;PVC;PVC
6510000;511.36;512.44;PVC;PVC
6512000;511.02;512.10;PVC;PVC
6514000;511.55;512.63;PVC;PVC
6516000;513.41;514.49;PVC;PVC
6518000;512.22;513.31;PVC;PVC
6520000;511.60;512.69;PVC;PVC
6522000;511.69;512.78;PVC;PVC
6524000;512.73;513.83;PVC;PVC
6526000;509.45;510.55;PVC;PVC
6528000;512.66;513.77;PVC;PVC
6530000;511.14;512.25;PVC;PVC
6532000;510.18;511.29;PVC;PVC
6534000;511.25;512.37;PVC;PVC
6536000;510.59;511.71;PVC;PVC
6538000;512.40;513.52;PVC;PVC
6540000;510.07;511.19;PVC;PVC
6542000;510.77;511.90;PVC;PVC
6544000;511.77;512.90;PVC;PVC
6546000;510.53;511.66;PVC;PVC
6548000;509.90;511.04;PVC;PVC
6550000;510.75;511.89;PVC;PVC
6552000;511.11;512.26;PVC;PVC
6554000;510.29;511.44;PVC;PVC
6556000;510.24;511.39;PVC;PVC
6558000;509.96;511.11;PVC;PVC
6560000;510.94;512.10;PVC;PVC
6562000;512.55;513.70;PVC;PVC
6564000;510.95;512.11;PVC;PVC
6566000;510.60;511.76;PVC;PVC
6568000;510.79;511.96;PVC;PVC
6570000;509.85;511.02;PVC;PVC
6572000;512.29;513.47;PVC;PVC
6574000;510.72;511.90;PVC;PVC
6576000;511.66;512.84;PVC;PVC
6578000;509.12;510.30;PVC;PVC
6580000;510.59;511.77;PVC;PVC
6582000;514.74;515.92;PVC;PVC
6584000;512.06;513.25;PVC;PVC
6586000;509.35;510.54;PVC;PVC
6588000;511.44;512.64;PVC;PVC
6590000;511.41;512.61;PVC;PVC
6592000;511.93;513.13;PVC;PVC
6594000;509.49;510.69;PVC;PVC
6596000;511.52;512.73;PVC;PVC
6598000;510.01;511.22;PVC;PVC
6600000;512.45;513.67;PVC;PVC
6602000;508.93;510.14;PVC;PVC
6604000;510.71;511.93;PVC;PVC
6606000;510.61;511.83;PVC;PVC
6608000;511.96;513.19;PVC;PVC
6610000;511.13;512.35;PVC;PVC
6612000;510.08;511.31;PVC;PVC
6614000;509.16;510.39;PVC;PVC
6616000;511.25;512.49;PVC;PVC
6618000;510.26;511.50;PVC;PVC
6620000;509.86;511.10;PVC;PVC
6622000;510.37;511.62;PVC;PVC
6624000;513.43;514.67;PVC;PVC
6626000;511.04;512.29;PVC;PVC
6628000;510.02;511.28;PVC;PVC
6630000;511.69;512.94;PVC;PVC
6632000;511.65;512.91;PVC;PVC
6634000;510.25;511.50;PVC;PVC
6636000;510.83;512.09;PVC;PVC
6638000;509.96;511.23;PVC;PVC
6640000;511.52;512.79;PVC;PVC
6642000;511.50;512.77;PVC;PVC
6644000;512.00;513.27;PVC;PVC
6646000;509.38;510.66;PVC;PVC
6648000;510.41;511.69;PVC;PVC
6650000;508.90;510.18;PVC;PVC
6652000;508.82;510.10;PVC;PVC
6654000;509.02;510.30;PVC;PVC
6656000;510.36;511.65;PVC;PVC
6658000;510.57;511.86;PVC;PVC
6660000;510.98;512.27;PVC;PVC
6662000;511.55;512.84;PVC;PVC
6664000;511.82;513.11;PVC;PVC
6666000;510.39;511.69;PVC;PVC
6668000;508.90;510.20;PVC;PVC
6670000;507.90;509.21;PVC;PVC
6672000;509.97;511.27;PVC;PVC
6674000;512.65;513.96;PVC;PVC
6676000;512.16;513.47;PVC;PVC
6678000;513.62;514.94;PVC;PVC
6680000;510.65;511.97;PVC;PVC
6682000;509.94;511.26;PVC;PVC
6684000;509.65;510.97;PVC;PVC
6686000;510.08;511.40;PVC;PVC
6688000;510.78;512.11;PVC;PVC
6690000;511.46;512.79;PVC;PVC
6692000;509.61;510.93;PVC;PVC
6694000;511.57;512.90;PVC;PVC
6696000;511.73;513.06;PVC;PVC
6698000;510.79;512.12;PVC;PVC
6700000;510.54;511.88;PVC;PVC
6702000;509.67;511.01;PVC;PVC
6704000;508.05;509.39;PVC;PVC
6706000;510.79;512.14;PVC;PVC
6708000;510.83;512.18;PVC;PVC
6710000;511.54;512.88;PVC;PVC
6712000;512.71;514.06;PVC;PVC
6714000;510.07;511.42;PVC;PVC
6716000;510.45;511.80;PVC;PVC
6718000;507.40;508.76;PVC;PVC
6720000;510.43;511.79;PVC;PVC
6722000;511.90;513.26;PVC;PVC
6724000;511.53;512.89;PVC;PVC
6726000;511.43;512.79;PVC;PVC
6728000;510.58;511.95;PVC;PVC
6730000;510.78;512.14;PVC;PVC
6732000;510.19;511.56;PVC;PVC
6734000;510.44;511.81;PVC;PVC
6736000;511.50;512.87;PVC;PVC
6738000;510.75;512.13;PVC;PVC
6740000;511.40;512.78;PVC;PVC
6742000;510.91;512.29;PVC;PVC
6744000;509.51;510.89;PVC;PVC
6746000;510.60;511.98;PVC;PVC
6748000;510.17;511.55;PVC;PVC
6750000;509.96;511.34;PVC;PVC
6752000;511.00;512.39;PVC;PVC
6754000;510.91;512.30;PVC;PVC
6756000;509.12;510.51;PVC;PVC
6758000;510.27;511.66;PVC;PVC
6760000;509.04;510.44;PVC;PVC
6762000;510.20;511.59;PVC;PVC
6764000;510.42;511.82;PVC;PVC
6766000;510.91;512.31;PVC;PVC
6768000;511.61;513.02;PVC;PVC
6770000;511.05;512.45;PVC;PVC
6772000;512.59;513.99;PVC;PVC
6774000;511.21;512.61;PVC;PVC
6776000;509.93;511.34;PVC;PVC
6778000;511.42;512.83;PVC;PVC
6780000;510.49;511.91;PVC;PVC
6782000;511.35;512.76;PVC;PVC
6784000;510.52;511.93;PVC;PVC
6786000;511.17;512.58;PVC;PVC
6788000;509.41;510.83;PVC;PVC
6790000;511.04;512.46;PVC;PVC
6792000;509.70;511.12;PVC;PVC
6794000;509.48;510.90;PVC;PVC
6796000;509.70;511.13;PVC;PVC
6798000;510.04;511.47;PVC;PVC
6800000;508.84;510.27;PVC;PVC
6802000;510.89;512.31;PVC;PVC
6804000;510.34;511.77;PVC;PVC
6806000;509.97;511.40;PVC;PVC
6808000;512.69;514.12;PVC;PVC
6810000;509.75;511.19;PVC;PVC
6812000;507.05;508.49;PVC;PVC
6814000;511.00;512.44;PVC;PVC
6816000;510.78;512.22;PVC;PVC
6818000;509.43;510.87;PVC;PVC
6820000;512.75;514.19;PVC;PVC
6822000;508.90;510.34;PVC;PVC
6824000;510.51;511.95;PVC;PVC
6826000;511.02;512.46;PVC;PVC
6828000;511.10;512.55;PVC;PVC
6830000;508.63;510.08;PVC;PVC
6832000;512.14;513.59;PVC;PVC
6834000;510.51;511.95;PVC;PVC
6836000;510.90;512.35;PVC;PVC
6838000;509.39;510.85;PVC;PVC
6840000;510.78;512.24;PVC;PVC
6842000;511.30;512.75;PVC;PVC
6844000;509.82;511.27;PVC;PVC
6846000;509.35;510.80;PVC;PVC
6848000;510.85;512.30;PVC;PVC
6850000;513.35;514.81;PVC;PVC
6852000;510.67;512.13;PVC;PVC
6854000;511.75;513.21;PVC;PVC
6856000;510.41;511.87;PVC;PVC
6858000;510.86;512.32;PVC;PVC
6860000;510.14;511.60;PVC;PVC
6862000;511.60;513.07;PVC;PVC
6864000;512.07;513.54;PVC;PVC
6866000;512.39;513.86;PVC;PVC
6868000;509.05;510.52;PVC;PVC
6870000;512.80;514.27;PVC;PVC
6872000;510.17;511.64;PVC;PVC
6874000;510.63;512.10;PVC;PVC
6876000;510.88;512.36;PVC;PVC
6878000;510.87;512.34;PVC;PVC
6880000;510.49;511.97;PVC;PVC
6882000;509.93;511.40;PVC;PVC
6884000;512.63;514.10;PVC;PVC
6886000;512.02;513.50;PVC;PVC
6888000;512.14;513.62;PVC;PVC
6890000;509.72;511.20;PVC;PVC
6892000;511.00;512.48;PVC;PVC
6894000;508.43;509.91;PVC;PVC
6896000;509.88;511.36;PVC;PVC
6898000;510.92;512.40;PVC;PVC
6900000;509.91;511.39;PVC;PVC
6902000;508.84;510.32;PVC;PVC
6904000;509.87;511.35;PVC;PVC
6906000;509.84;511.32;PVC;PVC
6908000;511.09;512.57;PVC;PVC
6910000;512.01;513.49;PVC;PVC
6912000;512.50;513.99;PVC;PVC
6914000;511.62;513.11;PVC;PVC
6916000;511.55;513.04;PVC;PVC
6918000;510.12;511.61;PVC;PVC
6920000;510.80;512.29;PVC;PVC
6922000;510.89;512.38;PVC;PVC
6924000;511.70;513.19;PVC;PVC
6926000;509.30;510.79;PVC;PVC
6928000;512.08;513.58;PVC;PVC
6930000;511.15;512.64;PVC;PVC
6932000;511.76;513.25;PVC;PVC
6934000;510.44;511.93;PVC;PVC
6936000;510.70;512.19;PVC;PVC
6938000;508.73;510.23;PVC;PVC
6940000;509.32;510.81;PVC;PVC
6942000;508.11;509.60;PVC;PVC
6944000;511.65;513.15;PVC;PVC
6946000;510.33;511.83;PVC;PVC
6948000;509.02;510.51;PVC;PVC
6950000;510.90;512.40;PVC;PVC
6952000;511.41;512.91;PVC;PVC
6954000;510.89;512.38;PVC;PVC
6956000;510.93;512.43;PVC;PVC
6958000;509.28;510.78;PVC;PVC
6960000;510.93;512.43;PVC;PVC
6962000;511.04;512.54;PVC;PVC
6964000;510.42;511.92;PVC;PVC
6966000;509.53;511.02;PVC;PVC
6968000;510.97;512.46;PVC;PVC
6970000;508.12;509.62;PVC;PVC
6972000;511.34;512.84;PVC;PVC
6974000;509.28;510.78;PVC;PVC
6976000;508.73;510.23;PVC;PVC
6978000;510.08;511.58;PVC;PVC
6980000;509.09;510.59;PVC;PVC
6982000;511.38;512.87;PVC;PVC
6984000;511.18;512.68;PVC;PVC
6986000;511.19;512.69;PVC;PVC
6988000;510.42;511.92;PVC;PVC
6990000;510.61;512.11;PVC;PVC
6992000;510.41;511.91;PVC;PVC
6994000;509.64;511.14;PVC;PVC
6996000;512.67;514.17;PVC;PVC
6998000;510.52;512.02;PVC;PVC
7000000;509.68;511.18;PVC;PVC
7002000;512.43;513.93;PVC;PVC
7004000;510.10;511.60;PVC;PVC
7006000;509.53;511.03;PVC;PVC
7008000;512.16;513.66;PVC;PVC
7010000;512.31;513.81;PVC;PVC
7012000;508.95;510.45;PVC;PVC
7014000;511.89;513.39;PVC;PVC
7016000;509.86;511.36;PVC;PVC
7018000;509.73;511.23;PVC;PVC
7020000;508.38;509.88;PVC;PVC
7022000;508.60;510.10;PVC;PVC
7024000;508.78;510.27;PVC;PVC
7026000;511.30;512.80;PVC;PVC
7028000;510.55;512.04;PVC;PVC
7030000;509.85;511.35;PVC;PVC
7032000;508.88;510.38;PVC;PVC
7034000;511.41;512.91;PVC;PVC
7036000;511.08;512.58;PVC;PVC
7038000;512.45;513.95;PVC;PVC
7040000;511.36;512.85;PVC;PVC
7042000;511.06;512.55;PVC;PVC
7044000;510.01;511.51;PVC;PVC
7046000;509.03;510.52;PVC;PVC
7048000;511.18;512.68;PVC;PVC
7050000;510.92;512.41;PVC;PVC
7052000;510.05;511.54;PVC;PVC
7054000;511.16;512.65;PVC;PVC
7056000;510.95;512.44;PVC;PVC
7058000;512.80;514.30;PVC;PVC
7060000;512.13;513.63;PVC;PVC
7062000;510.74;512.23;PVC;PVC
7064000;511.13;512.62;PVC;PVC
7066000;509.13;510.62;PVC;PVC
7068000;511.05;512.54;PVC;PVC
7070000;512.28;513.77;PVC;PVC
7072000;510.48;511.97;PVC;PVC
7074000;511.37;512.86;PVC;PVC
7076000;511.02;512.51;PVC;PVC
7078000;510.57;512.06;PVC;PVC
7080000;510.38;511.87;PVC;PVC
7082000;510.85;512.34;PVC;PVC
7084000;511.20;512.68;PVC;PVC
7086000;510.67;512.16;PVC;PVC
7088000;512.09;513.58;PVC;PVC
7090000;509.90;511.38;PVC;PVC
7092000;509.60;511.09;PVC;PVC
7094000;508.91;510.40;PVC;PVC
7096000;508.43;509.91;PVC;PVC
7098000;510.38;511.86;PVC;PVC
7100000;510.20;511.68;PVC;PVC
7102000;509.78;511.26;PVC;PVC
7104000;511.29;512.77;PVC;PVC
7106000;507.04;508.52;PVC;PVC
7108000;509.84;511.31;PVC;PVC
7110000;510.18;511.66;PVC;PVC
7112000;510.47;511.95;PVC;PVC
7114000;510.79;512.27;PVC;PVC
7116000;509.52;511.00;PVC;PVC
7118000;512.09;513.56;PVC;PVC
7120000;509.45;510.92;PVC;PVC
7122000;508.49;509.96;PVC;PVC
7124000;511.09;512.56;PVC;PVC
7126000;511.28;512.75;PVC;PVC
7128000;512.76;514.23;PVC;PVC
7130000;510.05;511.52;PVC;PVC
7132000;510.53;512.00;PVC;PVC
7134000;510.55;512.01;PVC;PVC
7136000;509.77;511.24;PVC;PVC
7138000;509.86;511.33;PVC;PVC
7140000;510.54;512.01;PVC;PVC
7142000;510.79;512.26;PVC;PVC
7144000;510.19;511.65;PVC;PVC
7146000;512.47;513.93;PVC;PVC
7148000;510.60;512.06;PVC;PVC
7150000;509.81;511.27;PVC;PVC
7152000;509.59;511.04;PVC;PVC
7154000;510.35;511.80;PVC;PVC
7156000;510.49;511.95;PVC;PVC
7158000;509.54;510.99;PVC;PVC
7160000;511.13;512.58;PVC;PVC
7162000;510.00;511.45;PVC;PVC
7164000;511.58;513.03;PVC;PVC
7166000;512.34;513.79;PVC;PVC
7168000;509.52;510.97;PVC;PVC
7170000;510.42;511.87;PVC;PVC
7172000;510.44;511.89;PVC;PVC
7174000;511.70;513.14;PVC;PVC
7176000;509.15;510.59;PVC;PVC
7178000;510.20;511.64;PVC;PVC
7180000;508.86;510.30;PVC;PVC
7182000;511.21;512.65;PVC;PVC
7184000;509.72;511.16;PVC;PVC
7186000;509.43;510.87;PVC;PVC
7188000;510.83;512.27;PVC;PVC
7190000;509.09;510.52;PVC;PVC
7192000;508.10;509.53;PVC;PVC
7194000;507.94;509.37;PVC;PVC
7196000;512.61;514.03;PVC;PVC
7198000;511.39;512.82;PVC;PVC
7200000;510.56;511.99;PVC;PVC
7202000;511.34;512.77;PVC;PVC
7204000;511.37;512.80;PVC;PVC
7206000;511.79;513.21;PVC;PVC
7208000;512.00;513.42;PVC;PVC
7210000;511.78;513.20;PVC;PVC
7212000;512.85;514.27;PVC;PVC
7214000;510.21;511.63;PVC;PVC
7216000;511.42;512.83;PVC;PVC
7218000;512.00;513.41;PVC;PVC
7220000;511.05;512.46;PVC;PVC
7222000;509.58;510.99;PVC;PVC
7224000;508.10;509.51;PVC;PVC
7226000;509.96;511.37;PVC;PVC
7228000;510.09;511.50;PVC;PVC
7230000;511.28;512.69;PVC;PVC
7232000;511.75;513.15;PVC;PVC
7234000;511.19;512.59;PVC;PVC
7236000;510.73;512.13;PVC;PVC
7238000;509.99;511.39;PVC;PVC
7240000;511.18;512.58;PVC;PVC
7242000;512.11;513.50;PVC;PVC
7244000;511.03;512.42;PVC;PVC
7246000;510.64;512.03;PVC;PVC
7248000;510.97;512.36;PVC;PVC
7250000;511.80;513.18;PVC;PVC
7252000;511.17;512.56;PVC;PVC
7254000;510.16;511.55;PVC;PVC
7256000;509.93;511.32;PVC;PVC
7258000;509.61;510.99;PVC;PVC
7260000;511.55;512.93;PVC;PVC
7262000;512.13;513.50;PVC;PVC
7264000;512.96;514.33;PVC;PVC
7266000;510.31;511.68;PVC;PVC
7268000;511.31;512.68;PVC;PVC
7270000;509.44;510.81;PVC;PVC
7272000;509.42;510.79;PVC;PVC
7274000;510.63;511.99;PVC;PVC
7276000;510.69;512.05;PVC;PVC
7278000;508.48;509.84;PVC;PVC
7280000;510.66;512.01;PVC;PVC
7282000;510.69;512.04;PVC;PVC
7284000;510.02;511.38;PVC;PVC
7286000;510.95;512.30;PVC;PVC
7288000;511.31;512.66;PVC;PVC
7290000;509.72;511.07;PVC;PVC
7292000;510.24;511.58;PVC;PVC
7294000;510.09;511.43;PVC;PVC
7296000;509.79;511.13;PVC;PVC
7298000;511.77;513.11;PVC;PVC
7300000;511.45;512.78;PVC;PVC
7302000;508.47;509.80;PVC;PVC
7304000;510.07;511.41;PVC;PVC
7306000;509.99;511.32;PVC;PVC
7308000;510.01;511.34;PVC;PVC
7310000;508.49;509.82;PVC;PVC
7312000;511.14;512.47;PVC;PVC
7314000;511.11;512.43;PVC;PVC
7316000;512.54;513.86;PVC;PVC
7318000;512.24;513.56;PVC;PVC
7320000;510.84;512.15;PVC;PVC
7322000;509.68;511.00;PVC;PVC
7324000;510.55;511.86;PVC;PVC
7326000;510.35;511.66;PVC;PVC
7328000;509.82;511.13;PVC;PVC
7330000;511.59;512.89;PVC;PVC
7332000;512.17;513.47;PVC;PVC
7334000;511.29;512.58;PVC;PVC
7336000;511.93;513.22;PVC;PVC
7338000;509.58;510.88;PVC;PVC
7340000;509.25;510.54;PVC;PVC
7342000;508.82;510.11;PVC;PVC
7344000;510.84;512.13;PVC;PVC
7346000;509.33;510.62;PVC;PVC
7348000;510.48;511.77;PVC;PVC
7350000;508.79;510.07;PVC;PVC
7352000;512.10;513.38;PVC;PVC
7354000;511.97;513.25;PVC;PVC
7356000;510.52;511.79;PVC;PVC
7358000;510.63;511.90;PVC;PVC
7360000;511.00;512.26;PVC;PVC
7362000;509.02;510.28;PVC;PVC
7364000;510.51;511.77;PVC;PVC
7366000;509.33;510.59;PVC;PVC
7368000;509.11;510.37;PVC;PVC
7370000;510.54;511.79;PVC;PVC
7372000;510.85;512.10;PVC;PVC
7374000;512.76;514.01;PVC;PVC
7376000;510.93;512.17;PVC;PVC
7378000;509.25;510.49;PVC;PVC
7380000;509.83;511.07;PVC;PVC
7382000;509.67;510.91;PVC;PVC
7384000;510.80;512.04;PVC;PVC
7386000;512.34;513.57;PVC;PVC
7388000;510.63;511.86;PVC;PVC
7390000;510.40;511.63;PVC;PVC
7392000;511.09;512.31;PVC;PVC
7394000;511.92;513.14;PVC;PVC
7396000;510.12;511.34;PVC;PVC
7398000;511.23;512.45;PVC;PVC
7400000;510.52;511.74;PVC;PVC
7402000;510.15;511.36;PVC;PVC
7404000;510.86;512.07;PVC;PVC
7406000;510.86;512.06;PVC;PVC
7408000;510.93;512.13;PVC;PVC
7410000;511.14;512.34;PVC;PVC
7412000;510.34;511.54;PVC;PVC
7414000;511.33;512.52;PVC;PVC
7416000;508.92;510.11;PVC;PVC
7418000;510.14;511.33;PVC;PVC
7420000;510.06;511.25;PVC;PVC
7422000;511.00;512.19;PVC;PVC
7424000;511.43;512.60;PVC;PVC
7426000;509.58;510.76;PVC;PVC
7428000;511.60;512.78;PVC;PVC
7430000;513.10;514.27;PVC;PVC
7432000;512.55;513.72;PVC;PVC
7434000;511.98;513.15;PVC;PVC
7436000;512.74;513.90;PVC;PVC
7438000;510.60;511.76;PVC;PVC
7440000;512.51;513.67;PVC;PVC
7442000;509.74;510.89;PVC;PVC
7444000;511.61;512.76;PVC;PVC
7446000;509.68;510.83;PVC;PVC
7448000;510.54;511.68;PVC;PVC
7450000;511.42;512.56;PVC;PVC
7452000;510.54;511.68;PVC;PVC
7454000;510.06;511.19;PVC;PVC
7456000;509.27;510.40;PVC;PVC
7458000;511.06;512.19;PVC;PVC
7460000;511.89;513.01;PVC;PVC
7462000;510.76;511.88;PVC;PVC
7464000;509.38;510.50;PVC;PVC
7466000;511.94;513.06;PVC;PVC
7468000;509.27;510.38;PVC;PVC
7470000;512.31;513.42;PVC;PVC
7472000;509.83;510.94;PVC;PVC
7474000;509.98;511.08;PVC;PVC
7476000;510.06;511.15;PVC;PVC
7478000;510.75;511.85;PVC;PVC
7480000;508.72;509.81;PVC;PVC
7482000;510.52;511.61;PVC;PVC
7484000;512.94;514.02;PVC;PVC
7486000;511.25;512.34;PVC;PVC
7488000;510.87;511.95;PVC;PVC
7490000;510.15;511.23;PVC;PVC
7492000;510.73;511.80;PVC;PVC
7494000;511.19;512.26;PVC;PVC
7496000;510.47;511.53;PVC;PVC
7498000;511.23;512.29;PVC;PVC
7500000;511.37;512.43;PVC;PVC
7502000;510.78;511.83;PVC;PVC
7504000;511.48;512.53;PVC;PVC
7506000;511.76;512.81;PVC;PVC
7508000;509.52;510.56;PVC;PVC
7510000;509.29;510.33;PVC;PVC
7512000;512.65;513.69;PVC;PVC
7514000;512.39;513.43;PVC;PVC
7516000;513.31;514.35;PVC;PVC
7518000;511.18;512.21;PVC;PVC
7520000;510.38;511.40;PVC;PVC
7522000;509.55;510.58;PVC;PVC
7524000;511.02;512.04;PVC;PVC
7526000;511.10;512.11;PVC;PVC
7528000;511.38;512.39;PVC;PVC
7530000;510.53;511.54;PVC;PVC
7532000;511.99;513.00;PVC;PVC
7534000;508.91;509.91;PVC;PVC
7536000;512.77;513.77;PVC;PVC
7538000;508.72;509.72;PVC;PVC
7540000;510.74;511.73;PVC;PVC
7542000;510.54;511.53;PVC;PVC
7544000;512.29;513.28;PVC;PVC
7546000;511.72;512.70;PVC;PVC
7548000;509.71;510.69;PVC;PVC
7550000;511.88;512.85;PVC;PVC
7552000;513.11;514.08;PVC;PVC
7554000;513.28;514.24;PVC;PVC
7556000;510.64;511.61;PVC;PVC
7558000;512.69;513.65;PVC;PVC
7560000;513.03;513.98;PVC;PVC
7562000;511.02;511.97;PVC;PVC
7564000;512.44;513.39;PVC;PVC
7566000;511.77;512.72;PVC;PVC
7568000;511.01;511.95;PVC;PVC
7570000;511.32;512.26;PVC;PVC
7572000;510.30;511.23;PVC;PVC
7574000;512.24;513.17;PVC;PVC
7576000;510.48;511.41;PVC;PVC
7578000;508.10;509.02;PVC;PVC
7580000;512.37;513.29;PVC;PVC
7582000;510.66;511.58;PVC;PVC
7584000;510.14;511.05;PVC;PVC
7586000;509.89;510.80;PVC;PVC
7588000;512.18;513.09;PVC;PVC
7590000;514.30;515.20;PVC;PVC
7592000;511.25;512.15;PVC;PVC
7594000;516.56;517.46;PVC;PVC
7596000;511.49;512.38;PVC;PVC
7598000;510.22;511.10;PVC;PVC
7600000;511.16;512.04;PVC;PVC
7602000;510.23;511.11;PVC;PVC
7604000;510.98;511.86;PVC;PVC
7606000;510.11;510.98;PVC;PVC
7608000;514.24;515.11;PVC;PVC
7610000;510.93;511.80;PVC;PVC
7612000;508.94;509.80;PVC;PVC
7614000;509.07;509.92;PVC;PVC
7616000;510.11;510.97;PVC;PVC
7618000;511.90;512.75;PVC;PVC
7620000;513.00;513.84;PVC;PVC
7622000;510.91;511.75;PVC;PVC
7624000;511.18;512.02;PVC;PVC
7626000;511.29;512.12;PVC;PVC
7628000;512.92;513.75;PVC;PVC
7630000;512.59;513.42;PVC;PVC
7632000;511.32;512.14;PVC;PVC
7634000;510.83;511.65;PVC;PVC
7636000;510.02;510.83;PVC;PVC
7638000;511.64;512.45;PVC;PVC
7640000;510.85;511.65;PVC;PVC
7642000;510.25;511.05;PVC;PVC
7644000;510.49;511.28;PVC;PVC
7646000;510.22;511.01;PVC;PVC
7648000;511.85;512.64;PVC;PVC
7650000;511.22;512.01;PVC;PVC
7652000;511.79;512.57;PVC;PVC
7654000;511.14;511.92;PVC;PVC
7656000;510.49;511.26;PVC;PVC
7658000;510.97;511.74;PVC;PVC
7660000;512.52;513.29;PVC;PVC
7662000;510.94;511.70;PVC;PVC
7664000;511.65;512.40;PVC;PVC
7666000;510.19;510.94;PVC;PVC
7668000;510.26;511.01;PVC;PVC
7670000;511.16;511.90;PVC;PVC
7672000;509.68;510.42;PVC;PVC
7674000;513.64;514.37;PVC;PVC
7676000;513.87;514.60;PVC;PVC
7678000;513.45;514.17;PVC;PVC
7680000;511.99;512.71;PVC;PVC
7682000;512.40;513.12;PVC;PVC
7684000;511.89;512.61;PVC;PVC
7686000;510.92;511.63;PVC;PVC
7688000;510.13;510.84;PVC;PVC
7690000;512.24;512.94;PVC;PVC
7692000;511.16;511.86;PVC;PVC
7694000;510.68;511.38;PVC;PVC
7696000;510.63;511.32;PVC;PVC
7698000;514.89;515.58;PVC;PVC
7700000;512.73;513.41;PVC;PVC
7702000;510.41;511.09;PVC;PVC
7704000;513.14;513.82;PVC;PVC
7706000;512.66;513.32;PVC;PVC
7708000;513.24;513.90;PVC;PVC
7710000;512.10;512.76;PVC;PVC
7712000;510.81;511.47;PVC;PVC
7714000;510.98;511.63;PVC;PVC
7716000;509.98;510.63;PVC;PVC
7718000;510.94;511.58;PVC;PVC
7720000;510.55;511.19;PVC;PVC
7722000;511.97;512.60;PVC;PVC
7724000;511.52;512.15;PVC;PVC
7726000;510.96;511.58;PVC;PVC
7728000;511.77;512.39;PVC;PVC
7730000;509.57;510.18;PVC;PVC
7732000;511.04;511.66;PVC;PVC
7734000;510.15;510.76;PVC;PVC
7736000;512.64;513.25;PVC;PVC
7738000;511.67;512.27;PVC;PVC
7740000;511.05;511.64;PVC;PVC
7742000;509.76;510.36;PVC;PVC
7744000;510.45;511.04;PVC;PVC
7746000;512.15;512.74;PVC;PVC
7748000;510.80;511.38;PVC;PVC
7750000;511.90;512.48;PVC;PVC
7752000;512.27;512.84;PVC;PVC
7754000;511.97;512.54;PVC;PVC
7756000;512.51;513.07;PVC;PVC
7758000;511.81;512.37;PVC;PVC
7760000;510.54;511.09;PVC;PVC
7762000;509.00;509.55;PVC;PVC
7764000;509.92;510.46;PVC;PVC
7766000;512.75;513.29;PVC;PVC
7768000;512.08;512.61;PVC;PVC
7770000;511.76;512.29;PVC;PVC
7772000;511.71;512.24;PVC;PVC
7774000;512.64;513.16;PVC;PVC
7776000;511.87;512.38;PVC;PVC
7778000;512.00;512.51;PVC;PVC
7780000;511.46;511.97;PVC;PVC
7782000;510.49;510.99;PVC;PVC
7784000;510.33;510.83;PVC;PVC
7786000;512.46;512.95;PVC;PVC
7788000;510.48;510.97;PVC;PVC
7790000;514.38;514.87;PVC;PVC
7792000;513.12;513.60;PVC;PVC
7794000;512.34;512.82;PVC;PVC
7796000;511.82;512.30;PVC;PVC
7798000;510.53;510.99;PVC;PVC
7800000;511.65;512.12;PVC;PVC
7802000;511.91;512.37;PVC;PVC
7804000;512.58;513.03;PVC;PVC
7806000;511.62;512.07;PVC;PVC
7808000;512.28;512.72;PVC;PVC
7810000;510.47;510.91;PVC;PVC
7812000;513.00;513.44;PVC;PVC
7814000;509.95;510.39;PVC;PVC
7816000;509.79;510.22;PVC;PVC
7818000;512.33;512.76;PVC;PVC
7820000;510.58;511.00;PVC;PVC
7822000;509.85;510.26;PVC;PVC
7824000;513.06;513.47;PVC;PVC
7826000;510.90;511.31;PVC;PVC
7828000;510.34;510.74;PVC;PVC
7830000;511.78;512.17;PVC;PVC
7832000;511.40;511.79;PVC;PVC
7834000;511.30;511.69;PVC;PVC
7836000;511.20;511.58;PVC;PVC
7838000;511.41;511.78;PVC;PVC
7840000;511.66;512.03;PVC;PVC
7842000;514.36;514.72;PVC;PVC
7844000;510.50;510.87;PVC;PVC
7846000;512.06;512.42;PVC;PVC
7848000;509.27;509.63;PVC;PVC
7850000;513.56;513.91;PVC;PVC
7852000;511.08;511.42;PVC;PVC
7854000;512.43;512.77;PVC;PVC
7856000;512.72;513.06;PVC;PVC
7858000;511.01;511.34;PVC;PVC
7860000;513.71;514.04;PVC;PVC
7862000;508.48;508.80;PVC;PVC
7864000;511.00;511.32;PVC;PVC
7866000;509.34;509.66;PVC;PVC
7868000;512.23;512.54;PVC;PVC
7870000;511.89;512.20;PVC;PVC
7872000;511.02;511.32;PVC;PVC
7874000;512.91;513.20;PVC;PVC
7876000;509.67;509.96;PVC;PVC
7878000;510.84;511.13;PVC;PVC
7880000;512.00;512.28;PVC;PVC
7882000;511.58;511.85;PVC;PVC
7884000;513.88;514.15;PVC;PVC
7886000;511.63;511.90;PVC;PVC
7888000;513.16;513.42;PVC;PVC
7890000;510.64;510.90;PVC;PVC
7892000;511.56;511.82;PVC;PVC
7894000;514.01;514.26;PVC;PVC
7896000;511.78;512.02;PVC;PVC
7898000;510.69;510.93;PVC;PVC
7900000;511.80;512.03;PVC;PVC
7902000;511.47;511.70;PVC;PVC
7904000;512.56;512.78;PVC;PVC
7906000;512.14;512.37;PVC;PVC
7908000;510.83;511.05;PVC;PVC
7910000;509.36;509.57;PVC;PVC
7912000;511.55;511.75;PVC;PVC
7914000;509.25;509.46;PVC;PVC
7916000;511.22;511.42;PVC;PVC
7918000;509.97;510.16;PVC;PVC
7920000;511.03;511.22;PVC;PVC
7922000;510.34;510.52;PVC;PVC
7924000;513.46;513.64;PVC;PVC
7926000;512.54;512.71;PVC;PVC
7928000;511.01;511.18;PVC;PVC
7930000;512.01;512.17;PVC;PVC
7932000;510.34;510.50;PVC;PVC
7934000;513.18;513.34;PVC;PVC
7936000;512.17;512.32;PVC;PVC
7938000;511.09;511.23;PVC;PVC
7940000;509.57;509.71;PVC;PVC
7942000;511.58;511.71;PVC;PVC
7944000;510.74;510.87;PVC;PVC
7946000;511.92;512.05;PVC;PVC
7948000;513.68;513.80;PVC;PVC
7950000;512.78;512.90;PVC;PVC
7952000;512.46;512.58;PVC;PVC
7954000;509.64;509.75;PVC;PVC
7956000;513.95;514.05;PVC;PVC
7958000;511.49;511.58;PVC;PVC
7960000;511.77;511.86;PVC;PVC
7962000;511.84;511.93;PVC;PVC
7964000;511.57;511.65;PVC;PVC
7966000;510.35;510.43;PVC;PVC
7968000;511.69;511.76;PVC;PVC
7970000;511.88;511.95;PVC;PVC
7972000;511.68;511.74;PVC;PVC
7974000;513.53;513.59;PVC;PVC
7976000;512.18;512.24;PVC;PVC
7978000;511.76;511.81;PVC;PVC
7980000;511.32;511.37;PVC;PVC
7982000;511.62;511.66;PVC;PVC
7984000;510.06;510.09;PVC;PVC
7986000;514.35;514.39;PVC;PVC
7988000;511.50;511.53;PVC;PVC
7990000;512.80;512.82;PVC;PVC
7992000;511.56;511.58;PVC;PVC
7994000;512.81;512.83;PVC;PVC
7996000;513.98;513.99;PVC;PVC
7998000;513.50;513.51;PVC;PVC
8000000;512.43;512.43;PVC;PVC
8002000;512.99;512.99;PVC;PVC
8004000;511.17;511.16;PVC;PVC
8006000;512.28;512.27;PVC;PVC
8008000;511.76;511.74;PVC;PVC
8010000;512.51;512.49;PVC;PVC
8012000;513.63;513.60;PVC;PVC
8014000;510.82;510.78;PVC;PVC
8016000;510.80;510.76;PVC;PVC
8018000;510.78;510.73;PVC;PVC
8020000;511.92;511.87;PVC;PVC
8022000;512.23;512.18;PVC;PVC
8024000;512.54;512.49;PVC;PVC
8026000;509.44;509.38;PVC;PVC
8028000;509.62;509.56;PVC;PVC
8030000;512.19;512.12;PVC;PVC
8032000;509.30;509.23;PVC;PVC
8034000;513.62;513.54;PVC;PVC
8036000;512.45;512.37;PVC;PVC
8038000;510.56;510.47;PVC;PVC
8040000;512.45;512.35;PVC;PVC
8042000;510.96;510.86;PVC;PVC
8044000;510.74;510.64;PVC;PVC
8046000;513.83;513.72;PVC;PVC
8048000;511.88;511.77;PVC;PVC
8050000;515.37;515.25;PVC;PVC
8052000;511.48;511.36;PVC;PVC
8054000;512.23;512.11;PVC;PVC
8056000;511.53;511.40;PVC;PVC
8058000;511.30;511.16;PVC;PVC
8060000;513.54;513.40;PVC;PVC
8062000;511.55;511.40;PVC;PVC
8064000;512.60;512.45;PVC;PVC
8066000;511.88;511.73;PVC;PVC
8068000;512.82;512.66;PVC;PVC
8070000;510.57;510.41;PVC;PVC
8072000;512.26;512.09;PVC;PVC
8074000;512.09;511.92;PVC;PVC
8076000;511.23;511.06;PVC;PVC
8078000;512.02;511.83;PVC;PVC
8080000;515.17;514.98;PVC;PVC
8082000;513.65;513.46;PVC;PVC
8084000;511.84;511.64;PVC;PVC
8086000;509.79;509.59;PVC;PVC
8088000;513.83;513.62;PVC;PVC
8090000;511.37;511.16;PVC;PVC
8092000;512.83;512.62;PVC;PVC
8094000;510.84;510.62;PVC;PVC
8096000;511.98;511.75;PVC;PVC
8098000;511.84;511.61;PVC;PVC
8100000;511.51;511.28;PVC;PVC
8102000;513.29;513.05;PVC;PVC
8104000;512.03;511.79;PVC;PVC
8106000;513.06;512.81;PVC;PVC
8108000;513.14;512.89;PVC;PVC
8110000;511.15;510.89;PVC;PVC
8112000;510.43;510.17;PVC;PVC
8114000;512.86;512.59;PVC;PVC
8116000;511.30;511.03;PVC;PVC
8118000;509.99;509.72;PVC;PVC
8120000;512.54;512.26;PVC;PVC
8122000;512.47;512.18;PVC;PVC
8124000;511.65;511.36;PVC;PVC
8126000;511.28;510.99;PVC;PVC
8128000;511.58;511.28;PVC;PVC
8130000;512.33;512.03;PVC;PVC
8132000;514.31;514.00;PVC;PVC
8134000;515.05;514.74;PVC;PVC
8136000;514.25;513.93;PVC;PVC
8138000;513.75;513.43;PVC;PVC
8140000;512.43;512.10;PVC;PVC
8142000;511.50;511.17;PVC;PVC
8144000;512.45;512.11;PVC;PVC
8146000;510.91;510.57;PVC;PVC
8148000;512.12;511.77;PVC;PVC
8150000;514.19;513.84;PVC;PVC
8152000;512.51;512.15;PVC;PVC
8154000;512.86;512.50;PVC;PVC
8156000;513.21;512.85;PVC;PVC
8158000;513.37;513.00;PVC;PVC
8160000;512.80;512.42;PVC;PVC
8162000;514.77;514.39;PVC;PVC
8164000;511.26;510.88;PVC;PVC
8166000;512.68;512.30;PVC;PVC
8168000;512.82;512.43;PVC;PVC
8170000;512.87;512.47;PVC;PVC
8172000;513.01;512.61;PVC;PVC
8174000;513.81;513.41;PVC;PVC
8176000;512.00;511.59;PVC;PVC
8178000;512.03;511.61;PVC;PVC
8180000;511.21;510.79;PVC;PVC
8182000;513.47;513.04;PVC;PVC
8184000;514.05;513.62;PVC;PVC
8186000;512.03;511.60;PVC;PVC
8188000;511.64;511.20;PVC;PVC
8190000;513.51;513.07;PVC;PVC
8192000;513.50;513.05;PVC;PVC
8194000;512.09;511.64;PVC;PVC
8196000;513.46;513.01;PVC;PVC
8198000;512.91;512.45;PVC;PVC
8200000;512.36;511.89;PVC;PVC
8202000;513.84;513.37;PVC;PVC
8204000;512.54;512.07;PVC;PVC
8206000;510.78;510.30;PVC;PVC
8208000;511.99;511.50;PVC;PVC
8210000;511.93;511.45;PVC;PVC
8212000;511.54;511.05;PVC;PVC
8214000;512.35;511.86;PVC;PVC
8216000;511.54;511.04;PVC;PVC
8218000;511.33;510.82;PVC;PVC
8220000;512.64;512.13;PVC;PVC
8222000;511.93;511.42;PVC;PVC
8224000;512.95;512.43;PVC;PVC
8226000;513.07;512.55;PVC;PVC
8228000;510.77;510.25;PVC;PVC
8230000;511.73;511.20;PVC;PVC
8232000;512.67;512.14;PVC;PVC
8234000;513.58;513.04;PVC;PVC
8236000;513.08;512.53;PVC;PVC
8238000;512.51;511.97;PVC;PVC
8240000;511.26;510.71;PVC;PVC
8242000;511.71;511.15;PVC;PVC
8244000;513.76;513.20;PVC;PVC
8246000;514.59;514.02;PVC;PVC
8248000;512.61;512.04;PVC;PVC
8250000;511.27;510.69;PVC;PVC
8252000;512.94;512.37;PVC;PVC
8254000;513.31;512.72;PVC;PVC
8256000;513.57;512.98;PVC;PVC
8258000;511.69;511.10;PVC;PVC
8260000;513.27;512.67;PVC;PVC
8262000;512.93;512.33;PVC;PVC
8264000;510.56;509.95;PVC;PVC
8266000;512.01;511.40;PVC;PVC
8268000;512.83;512.22;PVC;PVC
8270000;512.67;512.05;PVC;PVC
8272000;513.38;512.76;PVC;PVC
8274000;513.58;512.96;PVC;PVC
8276000;512.29;511.66;PVC;PVC
8278000;512.52;511.89;PVC;PVC
8280000;514.13;513.49;PVC;PVC
8282000;513.04;512.40;PVC;PVC
8284000;513.75;513.11;PVC;PVC
8286000;510.75;510.10;PVC;PVC
8288000;512.47;511.82;PVC;PVC
8290000;513.23;512.57;PVC;PVC
8292000;513.70;513.04;PVC;PVC
8294000;514.67;514.00;PVC;PVC
8296000;510.06;509.39;PVC;PVC
8298000;510.67;510.00;PVC;PVC
8300000;512.25;511.57;PVC;PVC
8302000;513.19;512.50;PVC;PVC
8304000;511.69;511.00;PVC;PVC
8306000;512.97;512.28;PVC;PVC
8308000;512.64;511.94;PVC;PVC
8310000;513.28;512.58;PVC;PVC
8312000;511.43;510.72;PVC;PVC
8314000;511.02;510.31;PVC;PVC
8316000;511.32;510.60;PVC;PVC
8318000;513.33;512.61;PVC;PVC
8320000;513.03;512.30;PVC;PVC
8322000;514.21;513.48;PVC;PVC
8324000;512.95;512.22;PVC;PVC
8326000;511.64;510.90;PVC;PVC
8328000;512.98;512.24;PVC;PVC
8330000;512.58;511.84;PVC;PVC
8332000;513.58;512.83;PVC;PVC
8334000;511.98;511.22;PVC;PVC
8336000;512.97;512.21;PVC;PVC
8338000;513.29;512.53;PVC;PVC
8340000;514.34;513.57;PVC;PVC
8342000;511.61;510.84;PVC;PVC
8344000;511.68;510.91;PVC;PVC
8346000;513.16;512.39;PVC;PVC
8348000;513.08;512.30;PVC;PVC
8350000;513.05;512.27;PVC;PVC
8352000;510.50;509.72;PVC;PVC
8354000;512.24;511.45;PVC;PVC
8356000;511.67;510.88;PVC;PVC
8358000;509.32;508.52;PVC;PVC
8360000;511.87;511.07;PVC;PVC
8362000;510.99;510.18;PVC;PVC
8364000;511.50;510.69;PVC;PVC
8366000;513.72;512.91;PVC;PVC
8368000;512.03;511.21;PVC;PVC
8370000;512.46;511.63;PVC;PVC
8372000;513.20;512.37;PVC;PVC
8374000;513.38;512.55;PVC;PVC
8376000;512.32;511.49;PVC;PVC
8378000;512.51;511.67;PVC;PVC
8380000;513.85;513.01;PVC;PVC
8382000;512.22;511.37;PVC;PVC
8384000;512.67;511.82;PVC;PVC
8386000;512.80;511.94;PVC;PVC
8388000;514.33;513.47;PVC;PVC
8390000;514.25;513.39;PVC;PVC
8392000;514.66;513.79;PVC;PVC
8394000;513.08;512.21;PVC;PVC
8396000;512.47;511.59;PVC;PVC
8398000;514.25;513.37;PVC;PVC
8400000;514.62;513.74;PVC;PVC
8402000;512.14;511.26;PVC;PVC
8404000;511.12;510.23;PVC;PVC
8406000;510.84;509.94;PVC;PVC
8408000;512.31;511.41;PVC;PVC
8410000;515.27;514.37;PVC;PVC
8412000;512.31;511.41;PVC;PVC
8414000;512.91;512.00;PVC;PVC
8416000;512.37;511.46;PVC;PVC
8418000;511.08;510.17;PVC;PVC
8420000;512.62;511.71;PVC;PVC
8422000;512.27;511.34;PVC;PVC
8424000;512.83;511.90;PVC;PVC
8426000;511.77;510.84;PVC;PVC
8428000;512.10;511.17;PVC;PVC
8430000;512.68;511.74;PVC;PVC
8432000;513.62;512.68;PVC;PVC
8434000;512.33;511.38;PVC;PVC
8436000;513.59;512.65;PVC;PVC
8438000;514.42;513.47;PVC;PVC
8440000;512.68;511.73;PVC;PVC
8442000;514.67;513.71;PVC;PVC
8444000;513.37;512.41;PVC;PVC
8446000;512.35;511.39;PVC;PVC
8448000;510.83;509.86;PVC;PVC
8450000;514.39;513.41;PVC;PVC
8452000;513.17;512.19;PVC;PVC
8454000;513.49;512.51;PVC;PVC
8456000;513.94;512.95;PVC;PVC
8458000;512.32;511.34;PVC;PVC
8460000;512.33;511.34;PVC;PVC
8462000;512.55;511.56;PVC;PVC
8464000;514.13;513.13;PVC;PVC
8466000;513.55;512.55;PVC;PVC
8468000;513.59;512.58;PVC;PVC
8470000;515.94;514.93;PVC;PVC
8472000;513.88;512.87;PVC;PVC
8474000;513.08;512.06;PVC;PVC
8476000;509.06;508.04;PVC;PVC
8478000;513.83;512.81;PVC;PVC
8480000;511.49;510.46;PVC;PVC
8482000;510.40;509.37;PVC;PVC
8484000;512.67;511.63;PVC;PVC
8486000;512.69;511.66;PVC;PVC
8488000;513.50;512.46;PVC;PVC
8490000;511.83;510.79;PVC;PVC
8492000;514.75;513.71;PVC;PVC
8494000;513.73;512.68;PVC;PVC
8496000;511.39;510.34;PVC;PVC
8498000;514.55;513.49;PVC;PVC
8500000;513.78;512.72;PVC;PVC
8502000;513.51;512.44;PVC;PVC
8504000;511.68;510.62;PVC;PVC
8506000;509.08;508.01;PVC;PVC
8508000;513.38;512.30;PVC;PVC
8510000;509.27;508.20;PVC;PVC
8512000;512.61;511.53;PVC;PVC
8514000;511.91;510.82;PVC;PVC
8516000;511.46;510.37;PVC;PVC
8518000;512.00;510.90;PVC;PVC
8520000;514.26;513.17;PVC;PVC
8522000;513.71;512.61;PVC;PVC
8524000;509.97;508.87;PVC;PVC
8526000;512.90;511.79;PVC;PVC
8528000;512.05;510.94;PVC;PVC
8530000;512.25;511.14;PVC;PVC
8532000;511.67;510.56;PVC;PVC
8534000;513.45;512.34;PVC;PVC
8536000;514.84;513.72;PVC;PVC
8538000;514.44;513.32;PVC;PVC
8540000;513.67;512.55;PVC;PVC
8542000;514.76;513.63;PVC;PVC
8544000;511.90;510.77;PVC;PVC
8546000;512.80;511.67;PVC;PVC
8548000;513.50;512.36;PVC;PVC
8550000;511.78;510.64;PVC;PVC
8552000;511.61;510.46;PVC;PVC
8554000;513.65;512.50;PVC;PVC
8556000;510.45;509.30;PVC;PVC
8558000;511.89;510.74;PVC;PVC
8560000;513.23;512.07;PVC;PVC
8562000;512.71;511.55;PVC;PVC
8564000;513.11;511.95;PVC;PVC
8566000;513.66;512.49;PVC;PVC
8568000;514.05;512.88;PVC;PVC
8570000;511.68;510.51;PVC;PVC
8572000;514.45;513.28;PVC;PVC
8574000;512.59;511.41;PVC;PVC
8576000;511.90;510.72;PVC;PVC
8578000;511.90;510.72;PVC;PVC
8580000;512.31;511.13;PVC;PVC
8582000;511.84;510.65;PVC;PVC
8584000;512.27;511.08;PVC;PVC
8586000;514.29;513.09;PVC;PVC
8588000;512.71;511.51;PVC;PVC
8590000;515.11;513.91;PVC;PVC
8592000;513.36;512.16;PVC;PVC
8594000;512.19;510.98;PVC;PVC
8596000;513.43;512.22;PVC;PVC
8598000;514.48;513.27;PVC;PVC
8600000;514.91;513.70;PVC;PVC
8602000;511.59;510.38;PVC;PVC
8604000;514.20;512.99;PVC;PVC
8606000;514.64;513.42;PVC;PVC
8608000;516.09;514.87;PVC;PVC
8610000;512.72;511.49;PVC;PVC
8612000;516.09;514.86;PVC;PVC
8614000;512.03;510.80;PVC;PVC
8616000;512.75;511.51;PVC;PVC
8618000;512.47;511.23;PVC;PVC
8620000;514.21;512.97;PVC;PVC
8622000;513.26;512.02;PVC;PVC
8624000;516.46;515.22;PVC;PVC
8626000;515.86;514.61;PVC;PVC
8628000;513.44;512.19;PVC;PVC
8630000;513.14;511.89;PVC;PVC
8632000;514.31;513.06;PVC;PVC
8634000;512.98;511.72;PVC;PVC
8636000;512.61;511.35;PVC;PVC
8638000;513.01;511.75;PVC;PVC
8640000;514.12;512.85;PVC;PVC
8642000;511.56;510.29;PVC;PVC
8644000;511.68;510.40;PVC;PVC
8646000;512.13;510.86;PVC;PVC
8648000;512.40;511.12;PVC;PVC
8650000;514.41;513.13;PVC;PVC
8652000;512.55;511.27;PVC;PVC
8654000;511.08;509.79;PVC;PVC
8656000;510.75;509.47;PVC;PVC
8658000;515.87;514.58;PVC;PVC
8660000;513.81;512.52;PVC;PVC
8662000;514.35;513.05;PVC;PVC
8664000;514.74;513.45;PVC;PVC
8666000;513.22;511.92;PVC;PVC
8668000;513.58;512.28;PVC;PVC
8670000;516.06;514.76;PVC;PVC
8672000;516.21;514.91;PVC;PVC
8674000;511.87;510.56;PVC;PVC
8676000;512.78;511.47;PVC;PVC
8678000;514.10;512.79;PVC;PVC
8680000;512.84;511.53;PVC;PVC
8682000;515.22;513.90;PVC;PVC
8684000;513.42;512.10;PVC;PVC
8686000;512.62;511.30;PVC;PVC
8688000;513.56;512.24;PVC;PVC
8690000;512.76;511.43;PVC;PVC
8692000;511.90;510.57;PVC;PVC
8694000;513.96;512.63;PVC;PVC
8696000;513.54;512.21;PVC;PVC
8698000;513.72;512.39;PVC;PVC
8700000;514.95;513.61;PVC;PVC
8702000;514.09;512.75;PVC;PVC
8704000;513.05;511.71;PVC;PVC
8706000;514.94;513.60;PVC;PVC
8708000;514.20;512.86;PVC;PVC
8710000;513.41;512.07;PVC;PVC
8712000;513.42;512.07;PVC;PVC
8714000;512.77;511.42;PVC;PVC
8716000;511.97;510.62;PVC;PVC
8718000;513.45;512.09;PVC;PVC
8720000;516.29;514.93;PVC;PVC
8722000;515.33;513.97;PVC;PVC
8724000;513.62;512.26;PVC;PVC
8726000;513.05;511.69;PVC;PVC
8728000;513.04;511.67;PVC;PVC
8730000;510.11;508.75;PVC;PVC
8732000;513.35;511.98;PVC;PVC
8734000;513.19;511.82;PVC;PVC
8736000;513.09;511.72;PVC;PVC
8738000;512.91;511.53;PVC;PVC
8740000;513.41;512.03;PVC;PVC
8742000;512.93;511.56;PVC;PVC
8744000;511.68;510.30;PVC;PVC
8746000;513.76;512.38;PVC;PVC
8748000;514.46;513.08;PVC;PVC
8750000;514.81;513.42;PVC;PVC
8752000;512.75;511.36;PVC;PVC
8754000;513.05;511.66;PVC;PVC
8756000;511.84;510.45;PVC;PVC
8758000;513.66;512.26;PVC;PVC
8760000;513.67;512.28;PVC;PVC
8762000;511.76;510.36;PVC;PVC
8764000;512.64;511.24;PVC;PVC
8766000;511.77;510.37;PVC;PVC
8768000;512.81;511.41;PVC;PVC
8770000;514.94;513.53;PVC;PVC
8772000;514.34;512.94;PVC;PVC
8774000;514.42;513.02;PVC;PVC
8776000;513.50;512.09;PVC;PVC
8778000;511.08;509.67;PVC;PVC
8780000;514.42;513.00;PVC;PVC
8782000;512.19;510.78;PVC;PVC
8784000;512.37;510.95;PVC;PVC
8786000;513.75;512.34;PVC;PVC
8788000;514.63;513.21;PVC;PVC
8790000;512.48;511.06;PVC;PVC
8792000;514.89;513.47;PVC;PVC
8794000;513.74;512.32;PVC;PVC
8796000;515.61;514.19;PVC;PVC
8798000;514.47;513.04;PVC;PVC
8800000;514.73;513.30;PVC;PVC
8802000;513.54;512.12;PVC;PVC
8804000;513.53;512.10;PVC;PVC
8806000;514.03;512.60;PVC;PVC
8808000;512.35;510.92;PVC;PVC
8810000;513.59;512.15;PVC;PVC
8812000;515.79;514.35;PVC;PVC
8814000;513.69;512.25;PVC;PVC
8816000;511.87;510.43;PVC;PVC
8818000;514.20;512.76;PVC;PVC
8820000;513.00;511.56;PVC;PVC
8822000;513.96;512.52;PVC;PVC
8824000;513.10;511.66;PVC;PVC
8826000;513.98;512.54;PVC;PVC
8828000;510.69;509.24;PVC;PVC
8830000;514.41;512.97;PVC;PVC
8832000;511.98;510.53;PVC;PVC
8834000;514.04;512.59;PVC;PVC
8836000;513.16;511.71;PVC;PVC
8838000;511.98;510.53;PVC;PVC
8840000;511.02;509.57;PVC;PVC
8842000;513.40;511.94;PVC;PVC
8844000;513.58;512.13;PVC;PVC
8846000;512.62;511.16;PVC;PVC
8848000;513.10;511.64;PVC;PVC
8850000;514.52;513.06;PVC;PVC
8852000;512.61;511.15;PVC;PVC
8854000;516.52;515.06;PVC;PVC
8856000;512.22;510.76;PVC;PVC
8858000;513.18;511.71;PVC;PVC
8860000;510.65;509.18;PVC;PVC
8862000;511.86;510.39;PVC;PVC
8864000;512.26;510.80;PVC;PVC
8866000;512.25;510.78;PVC;PVC
8868000;514.63;513.16;PVC;PVC
8870000;512.87;511.40;PVC;PVC
8872000;514.16;512.69;PVC;PVC
8874000;513.98;512.51;PVC;PVC
8876000;511.99;510.52;PVC;PVC
8878000;514.38;512.90;PVC;PVC
8880000;514.01;512.54;PVC;PVC
8882000;515.00;513.53;PVC;PVC
8884000;513.19;511.71;PVC;PVC
8886000;513.64;512.16;PVC;PVC
8888000;512.04;510.56;PVC;PVC
8890000;512.75;511.27;PVC;PVC
8892000;511.93;510.45;PVC;PVC
8894000;513.34;511.86;PVC;PVC
8896000;512.52;511.04;PVC;PVC
8898000;513.88;512.40;PVC;PVC
8900000;515.35;513.87;PVC;PVC
8902000;511.27;509.79;PVC;PVC
8904000;512.19;510.70;PVC;PVC
8906000;513.99;512.51;PVC;PVC
8908000;515.78;514.30;PVC;PVC
8910000;516.22;514.73;PVC;PVC
8912000;514.57;513.08;PVC;PVC
8914000;512.44;510.95;PVC;PVC
8916000;512.61;511.12;PVC;PVC
8918000;514.15;512.66;PVC;PVC
8920000;512.74;511.25;PVC;PVC
8922000;513.42;511.93;PVC;PVC
8924000;513.39;511.90;PVC;PVC
8926000;512.86;511.37;PVC;PVC
8928000;515.10;513.61;PVC;PVC
8930000;513.16;511.67;PVC;PVC
8932000;513.18;511.69;PVC;PVC
8934000;514.70;513.21;PVC;PVC
8936000;512.17;510.68;PVC;PVC
8938000;513.68;512.19;PVC;PVC
8940000;513.16;511.67;PVC;PVC
8942000;513.02;511.53;PVC;PVC
8944000;511.19;509.70;PVC;PVC
8946000;514.32;512.82;PVC;PVC
8948000;514.34;512.84;PVC;PVC
8950000;515.23;513.73;PVC;PVC
8952000;513.04;511.54;PVC;PVC
8954000;516.17;514.67;PVC;PVC
8956000;512.59;511.09;PVC;PVC
8958000;513.55;512.05;PVC;PVC
8960000;512.67;511.17;PVC;PVC
8962000;513.19;511.69;PVC;PVC
8964000;513.60;512.10;PVC;PVC
8966000;513.65;512.15;PVC;PVC
8968000;513.36;511.86;PVC;PVC
8970000;513.95;512.45;PVC;PVC
8972000;512.44;510.94;PVC;PVC
8974000;513.61;512.11;PVC;PVC
8976000;513.29;511.79;PVC;PVC
8978000;512.30;510.80;PVC;PVC
8980000;514.81;513.31;PVC;PVC
8982000;514.94;513.44;PVC;PVC
8984000;514.44;512.94;PVC;PVC
8986000;516.60;515.11;PVC;PVC
8988000;513.90;512.40;PVC;PVC
8990000;512.82;511.32;PVC;PVC
8992000;515.20;513.70;PVC;PVC
8994000;515.61;514.11;PVC;PVC
8996000;513.99;512.49;PVC;PVC
8998000;514.09;512.59;PVC;PVC
9000000;515.50;514.00;PVC;PVC
9002000;511.03;509.53;PVC;PVC
9004000;510.67;509.17;PVC;PVC
9006000;513.57;512.07;PVC;PVC
9008000;514.37;512.87;PVC;PVC
9010000;513.45;511.95;PVC;PVC
9012000;513.99;512.49;PVC;PVC
9014000;512.72;511.22;PVC;PVC
9016000;514.49;512.99;PVC;PVC
9018000;513.85;512.35;PVC;PVC
9020000;511.53;510.03;PVC;PVC
9022000;516.10;514.60;PVC;PVC
9024000;512.47;510.97;PVC;PVC
9026000;514.26;512.76;PVC;PVC
9028000;513.55;512.05;PVC;PVC
9030000;513.49;511.99;PVC;PVC
9032000;512.77;511.27;PVC;PVC
9034000;513.68;512.18;PVC;PVC
9036000;513.78;512.29;PVC;PVC
9038000;513.46;511.97;PVC;PVC
9040000;515.16;513.66;PVC;PVC
9042000;514.72;513.22;PVC;PVC
9044000;513.03;511.53;PVC;PVC
9046000;512.28;510.78;PVC;PVC
9048000;513.66;512.17;PVC;PVC
9050000;513.09;511.60;PVC;PVC
9052000;515.40;513.90;PVC;PVC
9054000;512.75;511.25;PVC;PVC
9056000;514.00;512.50;PVC;PVC
9058000;512.91;511.42;PVC;PVC
9060000;512.82;511.32;PVC;PVC
9062000;513.59;512.09;PVC;PVC
9064000;514.44;512.95;PVC;PVC
9066000;513.80;512.31;PVC;PVC
9068000;513.59;512.10;PVC;PVC
9070000;512.89;511.40;PVC;PVC
9072000;514.66;513.17;PVC;PVC
9074000;513.97;512.48;PVC;PVC
9076000;514.76;513.27;PVC;PVC
9078000;514.17;512.68;PVC;PVC
9080000;515.04;513.55;PVC;PVC
9082000;512.07;510.58;PVC;PVC
9084000;514.08;512.59;PVC;PVC
9086000;512.97;511.48;PVC;PVC
9088000;514.32;512.84;PVC;PVC
9090000;511.19;509.71;PVC;PVC
9092000;513.25;511.77;PVC;PVC
9094000;514.95;513.46;PVC;PVC
9096000;512.83;511.35;PVC;PVC
9098000;514.09;512.61;PVC;PVC
9100000;512.95;511.46;PVC;PVC
9102000;512.10;510.62;PVC;PVC
9104000;513.57;512.09;PVC;PVC
9106000;513.55;512.07;PVC;PVC
9108000;513.80;512.32;PVC;PVC
9110000;514.24;512.76;PVC;PVC
9112000;512.89;511.41;PVC;PVC
9114000;513.93;512.45;PVC;PVC
9116000;513.34;511.86;PVC;PVC
9118000;513.20;511.73;PVC;PVC
9120000;514.56;513.09;PVC;PVC
9122000;515.32;513.85;PVC;PVC
9124000;512.69;511.22;PVC;PVC
9126000;511.93;510.46;PVC;PVC
9128000;513.73;512.26;PVC;PVC
9130000;512.06;510.59;PVC;PVC
9132000;514.77;513.31;PVC;PVC
9134000;514.03;512.56;PVC;PVC
9136000;512.37;510.91;PVC;PVC
9138000;514.39;512.93;PVC;PVC
9140000;511.72;510.25;PVC;PVC
9142000;513.81;512.35;PVC;PVC
9144000;513.69;512.23;PVC;PVC
9146000;513.99;512.53;PVC;PVC
9148000;513.68;512.22;PVC;PVC
9150000;513.05;511.59;PVC;PVC
9152000;514.47;513.01;PVC;PVC
9154000;511.88;510.42;PVC;PVC
9156000;513.13;511.68;PVC;PVC
9158000;515.36;513.90;PVC;PVC
9160000;515.38;513.93;PVC;PVC
9162000;514.92;513.47;PVC;PVC
9164000;515.34;513.89;PVC;PVC
9166000;514.60;513.15;PVC;PVC
9168000;512.70;511.25;PVC;PVC
9170000;515.64;514.19;PVC;PVC
9172000;512.08;510.64;PVC;PVC
9174000;512.35;510.91;PVC;PVC
9176000;514.76;513.32;PVC;PVC
9178000;513.22;511.78;PVC;PVC
9180000;510.67;509.23;PVC;PVC
9182000;514.18;512.74;PVC;PVC
9184000;512.72;511.28;PVC;PVC
9186000;513.52;512.09;PVC;PVC
9188000;515.22;513.78;PVC;PVC
9190000;511.86;510.43;PVC;PVC
9192000;512.96;511.52;PVC;PVC
9194000;512.65;511.22;PVC;PVC
9196000;513.22;511.79;PVC;PVC
9198000;510.60;509.17;PVC;PVC
9200000;514.15;512.72;PVC;PVC
9202000;515.26;513.84;PVC;PVC
9204000;511.87;510.44;PVC;PVC
9206000;515.32;513.89;PVC;PVC
9208000;513.34;511.92;PVC;PVC
9210000;512.41;510.99;PVC;PVC
9212000;514.94;513.53;PVC;PVC
9214000;515.59;514.17;PVC;PVC
9216000;513.87;512.45;PVC;PVC
9218000;513.73;512.32;PVC;PVC
9220000;515.42;514.01;PVC;PVC
9222000;516.41;515.00;PVC;PVC
9224000;512.29;510.88;PVC;PVC
9226000;513.70;512.29;PVC;PVC
9228000;513.75;512.34;PVC;PVC
9230000;513.41;512.01;PVC;PVC
9232000;514.57;513.17;PVC;PVC
9234000;514.28;512.88;PVC;PVC
9236000;515.91;514.51;PVC;PVC
9238000;512.24;510.84;PVC;PVC
9240000;514.28;512.88;PVC;PVC
9242000;514.17;512.78;PVC;PVC
9244000;510.96;509.56;PVC;PVC
9246000;511.58;510.19;PVC;PVC
9248000;512.52;511.14;PVC;PVC
9250000;513.71;512.32;PVC;PVC
9252000;513.76;512.37;PVC;PVC
9254000;514.18;512.80;PVC;PVC
9256000;513.34;511.96;PVC;PVC
9258000;512.50;511.13;PVC;PVC
9260000;512.75;511.37;PVC;PVC
9262000;514.04;512.67;PVC;PVC
9264000;515.21;513.83;PVC;PVC
9266000;512.90;511.53;PVC;PVC
9268000;512.64;511.27;PVC;PVC
9270000;514.46;513.09;PVC;PVC
9272000;512.95;511.59;PVC;PVC
9274000;512.94;511.58;PVC;PVC
9276000;512.08;510.72;PVC;PVC
9278000;513.01;511.65;PVC;PVC
9280000;514.15;512.80;PVC;PVC
9282000;514.17;512.82;PVC;PVC
9284000;513.34;511.99;PVC;PVC
9286000;514.46;513.11;PVC;PVC
9288000;514.22;512.87;PVC;PVC
9290000;513.71;512.36;PVC;PVC
9292000;513.86;512.51;PVC;PVC
9294000;510.51;509.17;PVC;PVC
9296000;513.11;511.77;PVC;PVC
9298000;513.90;512.57;PVC;PVC
9300000;511.21;509.88;PVC;PVC
9302000;514.95;513.62;PVC;PVC
9304000;512.63;511.30;PVC;PVC
9306000;514.56;513.23;PVC;PVC
9308000;512.86;511.53;PVC;PVC
9310000;514.70;513.37;PVC;PVC
9312000;514.91;513.59;PVC;PVC
9314000;514.12;512.80;PVC;PVC
9316000;513.77;512.45;PVC;PVC
9318000;512.75;511.43;PVC;PVC
9320000;512.61;511.29;PVC;PVC
9322000;513.83;512.51;PVC;PVC
9324000;513.22;511.91;PVC;PVC
9326000;512.60;511.29;PVC;PVC
9328000;512.22;510.92;PVC;PVC
9330000;513.52;512.22;PVC;PVC
9332000;514.04;512.74;PVC;PVC
9334000;513.95;512.65;PVC;PVC
9336000;513.28;511.99;PVC;PVC
9338000;512.04;510.74;PVC;PVC
9340000;513.80;512.51;PVC;PVC
9342000;513.55;512.26;PVC;PVC
9344000;512.83;511.54;PVC;PVC
9346000;511.39;510.11;PVC;PVC
9348000;512.61;511.33;PVC;PVC
9350000;516.81;515.53;PVC;PVC
9352000;513.05;511.78;PVC;PVC
9354000;511.77;510.50;PVC;PVC
9356000;512.81;511.53;PVC;PVC
9358000;512.47;511.20;PVC;PVC
9360000;511.70;510.44;PVC;PVC
9362000;515.13;513.87;PVC;PVC
9364000;511.91;510.65;PVC;PVC
9366000;513.38;512.13;PVC;PVC
9368000;514.64;513.38;PVC;PVC
9370000;515.21;513.96;PVC;PVC
9372000;512.67;511.42;PVC;PVC
9374000;511.75;510.50;PVC;PVC
9376000;513.24;511.99;PVC;PVC
9378000;516.05;514.81;PVC;PVC
9380000;510.99;509.74;PVC;PVC
9382000;511.06;509.82;PVC;PVC
9384000;512.77;511.54;PVC;PVC
9386000;513.98;512.75;PVC;PVC
9388000;511.73;510.50;PVC;PVC
9390000;514.05;512.82;PVC;PVC
9392000;513.67;512.45;PVC;PVC
9394000;513.71;512.49;PVC;PVC
9396000;512.48;511.26;PVC;PVC
9398000;514.30;513.08;PVC;PVC
9400000;511.64;510.43;PVC;PVC
9402000;516.33;515.12;PVC;PVC
9404000;512.74;511.53;PVC;PVC
9406000;514.14;512.93;PVC;PVC
9408000;512.61;511.41;PVC;PVC
9410000;515.30;514.10;PVC;PVC
9412000;512.86;511.66;PVC;PVC
9414000;511.46;510.26;PVC;PVC
9416000;515.14;513.95;PVC;PVC
9418000;513.67;512.48;PVC;PVC
9420000;513.37;512.19;PVC;PVC
9422000;514.27;513.09;PVC;PVC
9424000;514.33;513.15;PVC;PVC
9426000;513.39;512.21;PVC;PVC
9428000;512.89;511.71;PVC;PVC
9430000;511.25;510.08;PVC;PVC
9432000;513.08;511.92;PVC;PVC
9434000;513.06;511.90;PVC;PVC
9436000;514.15;512.99;PVC;PVC
9438000;513.80;512.64;PVC;PVC
9440000;513.81;512.65;PVC;PVC
9442000;514.39;513.24;PVC;PVC
9444000;511.74;510.59;PVC;PVC
9446000;512.54;511.39;PVC;PVC
9448000;511.60;510.46;PVC;PVC
9450000;513.33;512.18;PVC;PVC
9452000;511.96;510.82;PVC;PVC
9454000;509.56;508.43;PVC;PVC
9456000;514.28;513.15;PVC;PVC
9458000;512.07;510.94;PVC;PVC
9460000;517.12;516.00;PVC;PVC
9462000;513.22;512.09;PVC;PVC
9464000;513.29;512.18;PVC;PVC
9466000;514.09;512.97;PVC;PVC
9468000;510.82;509.71;PVC;PVC
9470000;511.68;510.57;PVC;PVC
9472000;514.08;512.98;PVC;PVC
9474000;512.49;511.39;PVC;PVC
9476000;513.06;511.96;PVC;PVC
9478000;513.13;512.04;PVC;PVC
9480000;512.07;510.98;PVC;PVC
9482000;512.76;511.67;PVC;PVC
9484000;512.96;511.87;PVC;PVC
9486000;511.94;510.86;PVC;PVC
9488000;511.80;510.72;PVC;PVC
9490000;515.05;513.98;PVC;PVC
9492000;513.01;511.94;PVC;PVC
9494000;515.45;514.38;PVC;PVC
9496000;513.26;512.19;PVC;PVC
9498000;512.32;511.25;PVC;PVC
9500000;512.81;511.74;PVC;PVC
9502000;513.89;512.83;PVC;PVC
9504000;513.62;512.56;PVC;PVC
9506000;511.87;510.82;PVC;PVC
9508000;515.08;514.04;PVC;PVC
9510000;510.50;509.46;PVC;PVC
9512000;514.91;513.87;PVC;PVC
9514000;512.50;511.46;PVC;PVC
9516000;512.29;511.25;PVC;PVC
9518000;512.54;511.50;PVC;PVC
9520000;514.12;513.10;PVC;PVC
9522000;511.29;510.27;PVC;PVC
9524000;514.76;513.74;PVC;PVC
9526000;513.08;512.07;PVC;PVC
9528000;512.57;511.55;PVC;PVC
9530000;512.45;511.44;PVC;PVC
9532000;512.58;511.57;PVC;PVC
9534000;513.01;512.01;PVC;PVC
9536000;512.33;511.33;PVC;PVC
9538000;513.23;512.24;PVC;PVC
9540000;514.34;513.35;PVC;PVC
9542000;514.22;513.24;PVC;PVC
9544000;512.79;511.81;PVC;PVC
9546000;512.96;511.98;PVC;PVC
9548000;514.32;513.34;PVC;PVC
9550000;513.22;512.25;PVC;PVC
9552000;511.37;510.40;PVC;PVC
9554000;514.91;513.95;PVC;PVC
9556000;512.34;511.38;PVC;PVC
9558000;510.80;509.84;PVC;PVC
9560000;513.57;512.61;PVC;PVC
9562000;512.21;511.25;PVC;PVC
9564000;511.35;510.40;PVC;PVC
9566000;511.45;510.50;PVC;PVC
9568000;511.40;510.46;PVC;PVC
9570000;510.85;509.91;PVC;PVC
9572000;511.01;510.07;PVC;PVC
9574000;512.61;511.68;PVC;PVC
9576000;513.52;512.60;PVC;PVC
9578000;512.91;511.99;PVC;PVC
9580000;512.83;511.91;PVC;PVC
9582000;511.78;510.86;PVC;PVC
9584000;513.72;512.81;PVC;PVC
9586000;514.49;513.58;PVC;PVC
9588000;513.57;512.66;PVC;PVC
9590000;513.41;512.51;PVC;PVC
9592000;512.61;511.72;PVC;PVC
9594000;511.82;510.93;PVC;PVC
9596000;510.67;509.78;PVC;PVC
9598000;511.45;510.56;PVC;PVC
9600000;513.09;512.20;PVC;PVC
9602000;512.62;511.74;PVC;PVC
9604000;511.60;510.72;PVC;PVC
9606000;509.95;509.08;PVC;PVC
9608000;515.07;514.20;PVC;PVC
9610000;514.90;514.04;PVC;PVC
9612000;515.65;514.79;PVC;PVC
9614000;510.91;510.06;PVC;PVC
9616000;512.88;512.03;PVC;PVC
9618000;512.76;511.91;PVC;PVC
9620000;512.84;512.00;PVC;PVC
9622000;514.47;513.63;PVC;PVC
9624000;513.36;512.53;PVC;PVC
9626000;512.40;511.57;PVC;PVC
9628000;514.73;513.90;PVC;PVC
9630000;513.34;512.52;PVC;PVC
9632000;511.88;511.06;PVC;PVC
9634000;512.13;511.31;PVC;PVC
9636000;516.40;515.59;PVC;PVC
9638000;512.37;511.57;PVC;PVC
9640000;513.22;512.41;PVC;PVC
9642000;512.85;512.05;PVC;PVC
9644000;513.43;512.63;PVC;PVC
9646000;512.43;511.64;PVC;PVC
9648000;512.58;511.79;PVC;PVC
9650000;514.04;513.26;PVC;PVC
9652000;513.92;513.14;PVC;PVC
9654000;515.05;514.28;PVC;PVC
9656000;512.21;511.44;PVC;PVC
9658000;511.34;510.57;PVC;PVC
9660000;512.35;511.59;PVC;PVC
9662000;514.39;513.63;PVC;PVC
9664000;514.89;514.14;PVC;PVC
9666000;510.58;509.83;PVC;PVC
9668000;510.26;509.51;PVC;PVC
9670000;511.20;510.46;PVC;PVC
9672000;512.80;512.06;PVC;PVC
9674000;512.74;512.01;PVC;PVC
9676000;513.32;512.59;PVC;PVC
9678000;512.75;512.02;PVC;PVC
9680000;512.86;512.14;PVC;PVC
9682000;513.22;512.50;PVC;PVC
9684000;513.02;512.30;PVC;PVC
9686000;512.18;511.47;PVC;PVC
9688000;513.52;512.81;PVC;PVC
9690000;512.79;512.09;PVC;PVC
9692000;513.64;512.94;PVC;PVC
9694000;512.51;511.82;PVC;PVC
9696000;513.17;512.48;PVC;PVC
9698000;512.59;511.91;PVC;PVC
9700000;513.06;512.38;PVC;PVC
9702000;511.97;511.29;PVC;PVC
9704000;512.62;511.95;PVC;PVC
9706000;512.88;512.21;PVC;PVC
9708000;513.47;512.80;PVC;PVC
9710000;514.18;513.52;PVC;PVC
9712000;513.09;512.44;PVC;PVC
9714000;512.92;512.27;PVC;PVC
9716000;512.86;512.21;PVC;PVC
9718000;511.24;510.59;PVC;PVC
9720000;512.91;512.27;PVC;PVC
9722000;512.97;512.34;PVC;PVC
9724000;512.09;511.46;PVC;PVC
9726000;512.61;511.98;PVC;PVC
9728000;512.52;511.90;PVC;PVC
9730000;511.77;511.15;PVC;PVC
9732000;510.57;509.96;PVC;PVC
9734000;512.53;511.93;PVC;PVC
9736000;511.88;511.27;PVC;PVC
9738000;514.58;513.98;PVC;PVC
9740000;512.95;512.35;PVC;PVC
9742000;510.30;509.71;PVC;PVC
9744000;515.08;514.49;PVC;PVC
9746000;511.98;511.39;PVC;PVC
9748000;512.77;512.19;PVC;PVC
9750000;509.85;509.28;PVC;PVC
9752000;512.96;512.39;PVC;PVC
9754000;511.78;511.22;PVC;PVC
9756000;513.12;512.56;PVC;PVC
9758000;515.27;514.72;PVC;PVC
9760000;513.13;512.57;PVC;PVC
9762000;511.01;510.46;PVC;PVC
9764000;512.48;511.93;PVC;PVC
9766000;513.28;512.74;PVC;PVC
9768000;513.77;513.24;PVC;PVC
9770000;514.17;513.64;PVC;PVC
9772000;513.80;513.28;PVC;PVC
9774000;512.88;512.36;PVC;PVC
9776000;513.38;512.86;PVC;PVC
9778000;513.96;513.44;PVC;PVC
9780000;513.58;513.07;PVC;PVC
9782000;513.70;513.20;PVC;PVC
9784000;514.07;513.57;PVC;PVC
9786000;513.92;513.42;PVC;PVC
9788000;512.30;511.81;PVC;PVC
9790000;510.94;510.46;PVC;PVC
9792000;512.82;512.34;PVC;PVC
9794000;513.72;513.24;PVC;PVC
9796000;512.43;511.96;PVC;PVC
9798000;511.97;511.50;PVC;PVC
9800000;511.69;511.23;PVC;PVC
9802000;514.31;513.85;PVC;PVC
9804000;510.89;510.44;PVC;PVC
9806000;511.51;511.06;PVC;PVC
9808000;511.96;511.52;PVC;PVC
9810000;511.56;511.12;PVC;PVC
9812000;514.55;514.12;PVC;PVC
9814000;513.53;513.10;PVC;PVC
9816000;512.65;512.22;PVC;PVC
9818000;515.91;515.48;PVC;PVC
9820000;510.89;510.47;PVC;PVC
9822000;510.22;509.81;PVC;PVC
9824000;512.21;511.80;PVC;PVC
9826000;510.91;510.51;PVC;PVC
9828000;512.34;511.93;PVC;PVC
9830000;512.47;512.07;PVC;PVC
9832000;512.77;512.37;PVC;PVC
9834000;513.48;513.10;PVC;PVC
9836000;512.90;512.52;PVC;PVC
9838000;512.89;512.51;PVC;PVC
9840000;513.87;513.49;PVC;PVC
9842000;511.22;510.85;PVC;PVC
9844000;511.93;511.57;PVC;PVC
9846000;512.18;511.82;PVC;PVC
9848000;513.64;513.28;PVC;PVC
9850000;514.79;514.44;PVC;PVC
9852000;512.92;512.57;PVC;PVC
9854000;512.46;512.12;PVC;PVC
9856000;512.34;512.01;PVC;PVC
9858000;511.95;511.62;PVC;PVC
9860000;512.18;511.85;PVC;PVC
9862000;512.89;512.57;PVC;PVC
9864000;511.83;511.52;PVC;PVC
9866000;511.65;511.34;PVC;PVC
9868000;511.23;510.93;PVC;PVC
9870000;511.94;511.64;PVC;PVC
9872000;513.10;512.80;PVC;PVC
9874000;513.27;512.97;PVC;PVC
9876000;511.90;511.61;PVC;PVC
9878000;513.04;512.76;PVC;PVC
9880000;509.79;509.51;PVC;PVC
9882000;513.77;513.49;PVC;PVC
9884000;512.37;512.10;PVC;PVC
9886000;511.57;511.31;PVC;PVC
9888000;513.15;512.89;PVC;PVC
9890000;510.81;510.55;PVC;PVC
9892000;512.61;512.36;PVC;PVC
9894000;512.15;511.90;PVC;PVC
9896000;511.18;510.94;PVC;PVC
9898000;511.59;511.35;PVC;PVC
9900000;513.70;513.46;PVC;PVC
9902000;512.46;512.23;PVC;PVC
9904000;514.04;513.82;PVC;PVC
9906000;511.81;511.59;PVC;PVC
9908000;511.80;511.58;PVC;PVC
9910000;513.79;513.58;PVC;PVC
9912000;512.01;511.80;PVC;PVC
9914000;513.37;513.17;PVC;PVC
9916000;512.38;512.18;PVC;PVC
9918000;512.77;512.58;PVC;PVC
9920000;511.66;511.48;PVC;PVC
9922000;512.82;512.64;PVC;PVC
9924000;511.65;511.47;PVC;PVC
9926000;514.31;514.13;PVC;PVC
9928000;511.95;511.78;PVC;PVC
9930000;512.05;511.89;PVC;PVC
9932000;511.87;511.71;PVC;PVC
9934000;511.89;511.73;PVC;PVC
9936000;512.75;512.60;PVC;PVC
9938000;511.89;511.75;PVC;PVC
9940000;511.89;511.75;PVC;PVC
9942000;512.33;512.20;PVC;PVC
9944000;512.19;512.06;PVC;PVC
9946000;513.08;512.95;PVC;PVC
9948000;512.33;512.21;PVC;PVC
9950000;513.23;513.11;PVC;PVC
9952000;510.82;510.71;PVC;PVC
9954000;511.19;511.09;PVC;PVC
9956000;511.54;511.44;PVC;PVC
9958000;512.25;512.15;PVC;PVC
9960000;509.02;508.93;PVC;PVC
9962000;511.01;510.92;PVC;PVC
9964000;513.03;512.94;PVC;PVC
9966000;512.76;512.68;PVC;PVC
9968000;514.06;513.98;PVC;PVC
9970000;510.11;510.04;PVC;PVC
9972000;511.45;511.39;PVC;PVC
9974000;510.64;510.58;PVC;PVC
9976000;512.49;512.44;PVC;PVC
9978000;510.78;510.73;PVC;PVC
9980000;512.78;512.73;PVC;PVC
9982000;514.86;514.82;PVC;PVC
9984000;512.86;512.82;PVC;PVC
9986000;511.10;511.07;PVC;PVC
9988000;511.81;511.78;PVC;PVC
9990000;513.05;513.02;PVC;PVC
9992000;511.46;511.44;PVC;PVC
9994000;512.46;512.45;PVC;PVC
9996000;511.53;511.52;PVC;PVC
9998000;511.60;511.59;PVC;PVC
