timestamp_us;raw_adc;filtered_val;rhythm;class_code
0;514.24;514.24;PVC;PVC
2000;513.95;513.95;PVC;PVC
4000;511.64;511.64;PVC;PVC
6000;513.50;513.49;PVC;PVC
8000;511.58;511.56;PVC;PVC
10000;510.30;510.28;PVC;PVC
12000;512.67;512.64;PVC;PVC
14000;512.73;512.70;PVC;PVC
16000;512.67;512.63;PVC;PVC
18000;511.97;511.93;PVC;PVC
20000;512.09;512.05;PVC;PVC
22000;510.91;510.85;PVC;PVC
24000;512.37;512.31;PVC;PVC
26000;513.37;513.31;PVC;PVC
28000;512.92;512.85;PVC;PVC
30000;512.74;512.67;PVC;PVC
32000;512.84;512.77;PVC;PVC
34000;509.55;509.47;PVC;PVC
36000;512.28;512.19;PVC;PVC
38000;511.97;511.88;PVC;PVC
40000;513.54;513.45;PVC;PVC
42000;513.05;512.96;PVC;PVC
44000;512.90;512.80;PVC;PVC
46000;511.24;511.14;PVC;PVC
48000;511.95;511.84;PVC;PVC
50000;510.74;510.62;PVC;PVC
52000;511.80;511.68;PVC;PVC
54000;513.09;512.97;PVC;PVC
56000;513.16;513.03;PVC;PVC
58000;515.12;514.99;PVC;PVC
60000;511.98;511.84;PVC;PVC
62000;512.74;512.59;PVC;PVC
64000;511.68;511.53;PVC;PVC
66000;511.74;511.58;PVC;PVC
68000;511.76;511.60;PVC;PVC
70000;512.83;512.67;PVC;PVC
72000;513.18;513.01;PVC;PVC
74000;512.30;512.13;PVC;PVC
76000;512.85;512.67;PVC;PVC
78000;513.23;513.05;PVC;PVC
80000;512.62;512.43;PVC;PVC
82000;511.52;511.33;PVC;PVC
84000;511.06;510.86;PVC;PVC
86000;511.58;511.38;PVC;PVC
88000;513.37;513.16;PVC;PVC
90000;509.99;509.78;PVC;PVC
92000;511.17;510.96;PVC;PVC
94000;512.92;512.70;PVC;PVC
96000;513.40;513.17;PVC;PVC
98000;512.67;512.44;PVC;PVC
100000;511.64;511.41;PVC;PVC
102000;512.65;512.41;PVC;PVC
104000;510.52;510.28;PVC;PVC
106000;513.98;513.73;PVC;PVC
108000;511.61;511.35;PVC;PVC
110000;512.75;512.49;PVC;PVC
112000;511.84;511.57;PVC;PVC
114000;513.54;513.28;PVC;PVC
116000;512.02;511.75;PVC;PVC
118000;513.14;512.86;PVC;PVC
120000;511.96;511.68;PVC;PVC
122000;513.00;512.71;PVC;PVC
124000;513.18;512.89;PVC;PVC
126000;512.68;512.38;PVC;PVC
128000;512.86;512.56;PVC;PVC
130000;513.02;512.71;PVC;PVC
132000;511.36;511.05;PVC;PVC
134000;514.29;513.98;PVC;PVC
136000;513.39;513.07;PVC;PVC
138000;513.98;513.66;PVC;PVC
140000;513.80;513.48;PVC;PVC
142000;510.61;510.28;PVC;PVC
144000;515.06;514.72;PVC;PVC
146000;511.25;510.91;PVC;PVC
148000;513.47;513.12;PVC;PVC
150000;509.62;509.27;PVC;PVC
152000;512.71;512.35;PVC;PVC
154000;511.27;510.91;PVC;PVC
156000;510.37;510.00;PVC;PVC
158000;512.77;512.40;PVC;PVC
160000;512.87;512.49;PVC;PVC
162000;512.01;511.64;PVC;PVC
164000;511.48;511.10;PVC;PVC
166000;511.59;511.21;PVC;PVC
168000;514.16;513.77;PVC;PVC
170000;510.77;510.38;PVC;PVC
172000;510.78;510.38;PVC;PVC
174000;512.60;512.19;PVC;PVC
176000;514.30;513.89;PVC;PVC
178000;512.44;512.02;PVC;PVC
180000;510.12;509.71;PVC;PVC
182000;513.44;513.02;PVC;PVC
184000;512.24;511.81;PVC;PVC
186000;512.79;512.36;PVC;PVC
188000;511.34;510.90;PVC;PVC
190000;511.60;511.16;PVC;PVC
192000;512.05;511.60;PVC;PVC
194000;511.33;510.88;PVC;PVC
196000;512.63;512.17;PVC;PVC
198000;512.84;512.38;PVC;PVC
200000;514.12;513.65;PVC;PVC
202000;511.64;511.17;PVC;PVC
204000;515.22;514.75;PVC;PVC
206000;513.36;512.88;PVC;PVC
208000;512.52;512.04;PVC;PVC
210000;511.62;511.13;PVC;PVC
212000;512.43;511.94;PVC;PVC
214000;514.84;514.34;PVC;PVC
216000;513.10;512.61;PVC;PVC
218000;512.40;511.89;PVC;PVC
220000;513.34;512.83;PVC;PVC
222000;510.71;510.20;PVC;PVC
224000;512.91;512.40;PVC;PVC
226000;514.89;514.37;PVC;PVC
228000;512.50;511.97;PVC;PVC
230000;510.87;510.34;PVC;PVC
232000;510.93;510.39;PVC;PVC
234000;513.44;512.90;PVC;PVC
236000;512.70;512.15;PVC;PVC
238000;513.74;513.19;PVC;PVC
240000;514.17;513.62;PVC;PVC
242000;512.22;511.66;PVC;PVC
244000;511.41;510.85;PVC;PVC
246000;511.16;510.60;PVC;PVC
248000;512.70;512.13;PVC;PVC
250000;512.90;512.32;PVC;PVC
252000;512.71;512.13;PVC;PVC
254000;513.24;512.66;PVC;PVC
256000;513.92;513.33;PVC;PVC
258000;512.11;511.52;PVC;PVC
260000;513.47;512.87;PVC;PVC
262000;513.23;512.63;PVC;PVC
264000;513.47;512.86;PVC;PVC
266000;512.54;511.94;PVC;PVC
268000;513.02;512.41;PVC;PVC
270000;510.85;510.24;PVC;PVC
272000;515.44;514.82;PVC;PVC
274000;511.13;510.50;PVC;PVC
276000;514.06;513.43;PVC;PVC
278000;513.54;512.91;PVC;PVC
280000;512.57;511.94;PVC;PVC
282000;513.54;512.90;PVC;PVC
284000;511.88;511.23;PVC;PVC
286000;511.27;510.62;PVC;PVC
288000;511.91;511.25;PVC;PVC
290000;515.37;514.71;PVC;PVC
292000;511.38;510.72;PVC;PVC
294000;514.95;514.28;PVC;PVC
296000;514.65;513.98;PVC;PVC
298000;511.99;511.32;PVC;PVC
300000;513.12;512.44;PVC;PVC
302000;511.49;510.80;PVC;PVC
304000;510.93;510.24;PVC;PVC
306000;510.39;509.70;PVC;PVC
308000;511.91;511.21;PVC;PVC
310000;511.92;511.21;PVC;PVC
312000;513.51;512.81;PVC;PVC
314000;513.35;512.64;PVC;PVC
316000;512.63;511.91;PVC;PVC
318000;514.14;513.42;PVC;PVC
320000;512.19;511.46;PVC;PVC
322000;513.67;512.94;PVC;PVC
324000;511.59;510.86;PVC;PVC
326000;512.66;511.93;PVC;PVC
328000;511.88;511.14;PVC;PVC
330000;516.03;515.28;PVC;PVC
332000;512.82;512.07;PVC;PVC
334000;510.99;510.24;PVC;PVC
336000;513.07;512.32;PVC;PVC
338000;511.29;510.53;PVC;PVC
340000;513.92;513.16;PVC;PVC
342000;513.32;512.55;PVC;PVC
344000;512.88;512.11;PVC;PVC
346000;512.52;511.75;PVC;PVC
348000;512.99;512.21;PVC;PVC
350000;513.14;512.36;PVC;PVC
352000;514.04;513.25;PVC;PVC
354000;510.22;509.43;PVC;PVC
356000;512.58;511.78;PVC;PVC
358000;512.42;511.62;PVC;PVC
360000;513.35;512.54;PVC;PVC
362000;511.54;510.74;PVC;PVC
364000;513.43;512.62;PVC;PVC
366000;511.56;510.75;PVC;PVC
368000;512.16;511.34;PVC;PVC
370000;513.36;512.54;PVC;PVC
372000;512.51;511.69;PVC;PVC
374000;513.02;512.19;PVC;PVC
376000;511.77;510.93;PVC;PVC
378000;512.31;511.47;PVC;PVC
380000;512.73;511.89;PVC;PVC
382000;514.06;513.22;PVC;PVC
384000;513.01;512.16;PVC;PVC
386000;514.80;513.94;PVC;PVC
388000;510.99;510.13;PVC;PVC
390000;513.73;512.87;PVC;PVC
392000;514.59;513.72;PVC;PVC
394000;514.40;513.53;PVC;PVC
396000;513.72;512.85;PVC;PVC
398000;513.71;512.83;PVC;PVC
400000;514.16;513.28;PVC;PVC
402000;512.81;511.92;PVC;PVC
404000;511.48;510.59;PVC;PVC
406000;512.21;511.32;PVC;PVC
408000;513.10;512.20;PVC;PVC
410000;512.35;511.45;PVC;PVC
412000;513.04;512.13;PVC;PVC
414000;514.55;513.64;PVC;PVC
416000;512.81;511.90;PVC;PVC
418000;511.06;510.14;PVC;PVC
420000;513.36;512.44;PVC;PVC
422000;510.79;509.87;PVC;PVC
424000;513.29;512.36;PVC;PVC
426000;511.72;510.78;PVC;PVC
428000;515.48;514.54;PVC;PVC
430000;511.61;510.67;PVC;PVC
432000;511.68;510.74;PVC;PVC
434000;512.71;511.76;PVC;PVC
436000;514.13;513.18;PVC;PVC
438000;514.35;513.40;PVC;PVC
440000;512.90;511.95;PVC;PVC
442000;511.57;510.62;PVC;PVC
444000;514.63;513.66;PVC;PVC
446000;515.21;514.24;PVC;PVC
448000;516.43;515.46;PVC;PVC
450000;514.47;513.50;PVC;PVC
452000;513.87;512.90;PVC;PVC
454000;516.07;515.09;PVC;PVC
456000;512.86;511.87;PVC;PVC
458000;513.91;512.92;PVC;PVC
460000;514.73;513.74;PVC;PVC
462000;513.55;512.56;PVC;PVC
464000;513.14;512.14;PVC;PVC
466000;511.78;510.78;PVC;PVC
468000;511.75;510.74;PVC;PVC
470000;511.54;510.53;PVC;PVC
472000;513.20;512.19;PVC;PVC
474000;514.05;513.04;PVC;PVC
476000;514.16;513.14;PVC;PVC
478000;511.78;510.76;PVC;PVC
480000;513.18;512.16;PVC;PVC
482000;513.83;512.80;PVC;PVC
484000;512.57;511.53;PVC;PVC
486000;514.04;513.00;PVC;PVC
488000;514.56;513.52;PVC;PVC
490000;512.60;511.55;PVC;PVC
492000;514.19;513.14;PVC;PVC
494000;510.95;509.90;PVC;PVC
496000;512.04;510.99;PVC;PVC
498000;511.56;510.50;PVC;PVC
500000;512.88;511.82;PVC;PVC
502000;514.63;513.57;PVC;PVC
504000;513.37;512.31;PVC;PVC
506000;514.14;513.07;PVC;PVC
508000;514.47;513.40;PVC;PVC
510000;512.60;511.52;PVC;PVC
512000;513.81;512.73;PVC;PVC
514000;513.93;512.85;PVC;PVC
516000;512.41;511.32;PVC;PVC
518000;513.76;512.67;PVC;PVC
520000;514.31;513.22;PVC;PVC
522000;513.86;512.76;PVC;PVC
524000;512.58;511.48;PVC;PVC
526000;512.97;511.87;PVC;PVC
528000;512.68;511.58;PVC;PVC
530000;513.43;512.32;PVC;PVC
532000;517.03;515.92;PVC;PVC
534000;514.17;513.05;PVC;PVC
536000;512.48;511.36;PVC;PVC
538000;512.25;511.13;PVC;PVC
540000;513.38;512.26;PVC;PVC
542000;512.99;511.86;PVC;PVC
544000;512.18;511.05;PVC;PVC
546000;514.56;513.42;PVC;PVC
548000;511.92;510.79;PVC;PVC
550000;512.26;511.12;PVC;PVC
552000;514.91;513.77;PVC;PVC
554000;512.68;511.54;PVC;PVC
556000;513.01;511.86;PVC;PVC
558000;511.42;510.27;PVC;PVC
560000;512.39;511.24;PVC;PVC
562000;512.97;511.81;PVC;PVC
564000;513.53;512.37;PVC;PVC
566000;513.91;512.75;PVC;PVC
568000;512.17;511.00;PVC;PVC
570000;512.97;511.80;PVC;PVC
572000;511.35;510.18;PVC;PVC
574000;515.53;514.36;PVC;PVC
576000;513.95;512.77;PVC;PVC
578000;514.47;513.29;PVC;PVC
580000;513.70;512.52;PVC;PVC
582000;510.21;509.02;PVC;PVC
584000;512.19;510.99;PVC;PVC
586000;513.89;512.70;PVC;PVC
588000;513.70;512.50;PVC;PVC
590000;513.35;512.15;PVC;PVC
592000;512.04;510.84;PVC;PVC
594000;512.91;511.71;PVC;PVC
596000;514.53;513.32;PVC;PVC
598000;513.73;512.52;PVC;PVC
600000;511.38;510.17;PVC;PVC
602000;512.76;511.54;PVC;PVC
604000;512.98;511.76;PVC;PVC
606000;515.34;514.12;PVC;PVC
608000;513.72;512.50;PVC;PVC
610000;514.42;513.19;PVC;PVC
612000;514.59;513.36;PVC;PVC
614000;512.47;511.24;PVC;PVC
616000;515.96;514.72;PVC;PVC
618000;513.32;512.08;PVC;PVC
620000;513.25;512.01;PVC;PVC
622000;513.47;512.23;PVC;PVC
624000;514.54;513.29;PVC;PVC
626000;513.25;512.00;PVC;PVC
628000;513.87;512.62;PVC;PVC
630000;514.45;513.20;PVC;PVC
632000;514.55;513.29;PVC;PVC
634000;515.07;513.81;PVC;PVC
636000;513.69;512.43;PVC;PVC
638000;513.04;511.78;PVC;PVC
640000;512.90;511.63;PVC;PVC
642000;511.62;510.35;PVC;PVC
644000;512.80;511.53;PVC;PVC
646000;513.88;512.61;PVC;PVC
648000;513.26;511.98;PVC;PVC
650000;512.42;511.14;PVC;PVC
652000;513.42;512.14;PVC;PVC
654000;513.25;511.96;PVC;PVC
656000;514.09;512.80;PVC;PVC
658000;512.66;511.37;PVC;PVC
660000;512.40;511.10;PVC;PVC
662000;512.62;511.33;PVC;PVC
664000;513.84;512.54;PVC;PVC
666000;515.59;514.29;PVC;PVC
668000;511.74;510.44;PVC;PVC
670000;514.25;512.95;PVC;PVC
672000;512.46;511.15;PVC;PVC
674000;513.08;511.77;PVC;PVC
676000;512.56;511.25;PVC;PVC
678000;515.48;514.17;PVC;PVC
680000;514.63;513.31;PVC;PVC
682000;512.04;510.72;PVC;PVC
684000;512.88;511.56;PVC;PVC
686000;511.43;510.11;PVC;PVC
688000;514.43;513.10;PVC;PVC
690000;512.73;511.40;PVC;PVC
692000;512.99;511.66;PVC;PVC
694000;512.60;511.27;PVC;PVC
696000;511.95;510.61;PVC;PVC
698000;515.24;513.91;PVC;PVC
700000;514.28;512.94;PVC;PVC
702000;511.70;510.37;PVC;PVC
704000;512.50;511.15;PVC;PVC
706000;511.62;510.28;PVC;PVC
708000;512.08;510.73;PVC;PVC
710000;513.33;511.99;PVC;PVC
712000;512.58;511.23;PVC;PVC
714000;514.18;512.83;PVC;PVC
716000;512.21;510.86;PVC;PVC
718000;515.22;513.86;PVC;PVC
720000;513.99;512.64;PVC;PVC
722000;512.25;510.89;PVC;PVC
724000;512.93;511.57;PVC;PVC
726000;513.37;512.00;PVC;PVC
728000;515.48;514.11;PVC;PVC
730000;514.61;513.24;PVC;PVC
732000;512.83;511.46;PVC;PVC
734000;513.49;512.12;PVC;PVC
736000;512.39;511.01;PVC;PVC
738000;513.37;512.00;PVC;PVC
740000;514.25;512.87;PVC;PVC
742000;512.49;511.11;PVC;PVC
744000;513.03;511.65;PVC;PVC
746000;513.95;512.57;PVC;PVC
748000;513.79;512.40;PVC;PVC
750000;513.38;512.00;PVC;PVC
752000;512.72;511.33;PVC;PVC
754000;512.82;511.43;PVC;PVC
756000;512.18;510.79;PVC;PVC
758000;512.54;511.14;PVC;PVC
760000;513.48;512.09;PVC;PVC
762000;514.49;513.09;PVC;PVC
764000;513.60;512.20;PVC;PVC
766000;515.59;514.19;PVC;PVC
768000;514.98;513.58;PVC;PVC
770000;514.16;512.76;PVC;PVC
772000;515.49;514.08;PVC;PVC
774000;514.73;513.33;PVC;PVC
776000;513.89;512.48;PVC;PVC
778000;514.27;512.86;PVC;PVC
780000;514.60;513.18;PVC;PVC
782000;512.42;511.01;PVC;PVC
784000;513.85;512.44;PVC;PVC
786000;514.44;513.02;PVC;PVC
788000;512.30;510.88;PVC;PVC
790000;513.28;511.86;PVC;PVC
792000;515.27;513.85;PVC;PVC
794000;514.90;513.47;PVC;PVC
796000;514.31;512.88;PVC;PVC
798000;512.42;510.99;PVC;PVC
800000;513.59;512.16;PVC;PVC
802000;512.27;510.85;PVC;PVC
804000;515.78;514.35;PVC;PVC
806000;514.64;513.20;PVC;PVC
808000;512.38;510.94;PVC;PVC
810000;512.88;511.45;PVC;PVC
812000;513.52;512.09;PVC;PVC
814000;512.51;511.07;PVC;PVC
816000;511.68;510.25;PVC;PVC
818000;514.73;513.29;PVC;PVC
820000;513.77;512.33;PVC;PVC
822000;511.67;510.23;PVC;PVC
824000;511.23;509.78;PVC;PVC
826000;513.24;511.80;PVC;PVC
828000;514.68;513.23;PVC;PVC
830000;512.88;511.43;PVC;PVC
832000;513.38;511.93;PVC;PVC
834000;512.80;511.35;PVC;PVC
836000;513.44;511.99;PVC;PVC
838000;512.66;511.20;PVC;PVC
840000;513.55;512.09;PVC;PVC
842000;512.78;511.33;PVC;PVC
844000;511.73;510.28;PVC;PVC
846000;513.77;512.31;PVC;PVC
848000;515.12;513.66;PVC;PVC
850000;514.41;512.95;PVC;PVC
852000;515.11;513.65;PVC;PVC
854000;513.17;511.71;PVC;PVC
856000;514.79;513.33;PVC;PVC
858000;511.12;509.65;PVC;PVC
860000;514.47;513.01;PVC;PVC
862000;511.99;510.52;PVC;PVC
864000;514.56;513.10;PVC;PVC
866000;513.13;511.67;PVC;PVC
868000;512.64;511.18;PVC;PVC
870000;513.00;511.53;PVC;PVC
872000;511.66;510.19;PVC;PVC
874000;513.60;512.13;PVC;PVC
876000;511.33;509.86;PVC;PVC
878000;513.63;512.16;PVC;PVC
880000;513.84;512.37;PVC;PVC
882000;513.63;512.15;PVC;PVC
884000;512.71;511.24;PVC;PVC
886000;511.69;510.21;PVC;PVC
888000;512.32;510.84;PVC;PVC
890000;512.29;510.82;PVC;PVC
892000;512.82;511.34;PVC;PVC
894000;512.04;510.56;PVC;PVC
896000;515.27;513.79;PVC;PVC
898000;511.90;510.42;PVC;PVC
900000;512.25;510.77;PVC;PVC
902000;513.83;512.34;PVC;PVC
904000;513.32;511.84;PVC;PVC
906000;513.33;511.85;PVC;PVC
908000;513.81;512.32;PVC;PVC
910000;515.18;513.69;PVC;PVC
912000;513.80;512.31;PVC;PVC
914000;513.20;511.72;PVC;PVC
916000;513.80;512.31;PVC;PVC
918000;514.70;513.21;PVC;PVC
920000;512.20;510.71;PVC;PVC
922000;515.48;513.99;PVC;PVC
924000;514.12;512.63;PVC;PVC
926000;515.78;514.29;PVC;PVC
928000;514.07;512.58;PVC;PVC
930000;512.91;511.42;PVC;PVC
932000;512.54;511.05;PVC;PVC
934000;513.32;511.83;PVC;PVC
936000;513.42;511.93;PVC;PVC
938000;512.21;510.71;PVC;PVC
940000;511.78;510.29;PVC;PVC
942000;511.63;510.13;PVC;PVC
944000;513.29;511.80;PVC;PVC
946000;510.80;509.30;PVC;PVC
948000;512.46;510.96;PVC;PVC
950000;511.51;510.01;PVC;PVC
952000;514.95;513.46;PVC;PVC
954000;513.92;512.42;PVC;PVC
956000;514.22;512.72;PVC;PVC
958000;513.01;511.52;PVC;PVC
960000;514.17;512.67;PVC;PVC
962000;513.30;511.81;PVC;PVC
964000;512.08;510.58;PVC;PVC
966000;512.46;510.96;PVC;PVC
968000;512.59;511.09;PVC;PVC
970000;513.38;511.88;PVC;PVC
972000;515.74;514.24;PVC;PVC
974000;514.07;512.57;PVC;PVC
976000;512.83;511.33;PVC;PVC
978000;511.08;509.58;PVC;PVC
980000;512.56;511.06;PVC;PVC
982000;514.49;512.99;PVC;PVC
984000;513.58;512.08;PVC;PVC
986000;514.62;513.12;PVC;PVC
988000;512.78;511.28;PVC;PVC
990000;512.79;511.29;PVC;PVC
992000;511.71;510.21;PVC;PVC
994000;515.05;513.55;PVC;PVC
996000;515.69;514.19;PVC;PVC
998000;513.76;512.26;PVC;PVC
1000000;514.42;512.92;PVC;PVC
1002000;512.71;511.21;PVC;PVC
1004000;514.53;513.03;PVC;PVC
1006000;514.05;512.55;PVC;PVC
1008000;514.70;513.20;PVC;PVC
1010000;514.01;512.51;PVC;PVC
1012000;514.08;512.58;PVC;PVC
1014000;512.97;511.47;PVC;PVC
1016000;512.02;510.52;PVC;PVC
1018000;513.39;511.89;PVC;PVC
1020000;513.43;511.93;PVC;PVC
1022000;513.22;511.72;PVC;PVC
1024000;512.57;511.07;PVC;PVC
1026000;512.98;511.49;PVC;PVC
1028000;513.32;511.82;PVC;PVC
1030000;511.79;510.29;PVC;PVC
1032000;512.39;510.89;PVC;PVC
1034000;513.83;512.33;PVC;PVC
1036000;514.40;512.90;PVC;PVC
1038000;513.50;512.00;PVC;PVC
1040000;516.01;514.51;PVC;PVC
1042000;514.27;512.78;PVC;PVC
1044000;512.90;511.41;PVC;PVC
1046000;514.39;512.89;PVC;PVC
1048000;513.78;512.28;PVC;PVC
1050000;513.25;511.75;PVC;PVC
1052000;512.79;511.29;PVC;PVC
1054000;516.05;514.56;PVC;PVC
1056000;513.62;512.13;PVC;PVC
1058000;513.21;511.72;PVC;PVC
1060000;515.59;514.09;PVC;PVC
1062000;514.36;512.86;PVC;PVC
1064000;514.61;513.12;PVC;PVC
1066000;513.97;512.48;PVC;PVC
1068000;514.66;513.17;PVC;PVC
1070000;514.62;513.13;PVC;PVC
1072000;511.66;510.17;PVC;PVC
1074000;514.71;513.22;PVC;PVC
1076000;514.71;513.22;PVC;PVC
1078000;513.14;511.66;PVC;PVC
1080000;513.57;512.08;PVC;PVC
1082000;512.73;511.24;PVC;PVC
1084000;513.50;512.01;PVC;PVC
1086000;511.87;510.39;PVC;PVC
1088000;513.96;512.47;PVC;PVC
1090000;512.61;511.12;PVC;PVC
1092000;514.04;512.56;PVC;PVC
1094000;514.71;513.23;PVC;PVC
1096000;513.81;512.32;PVC;PVC
1098000;511.84;510.36;PVC;PVC
1100000;514.62;513.14;PVC;PVC
1102000;515.16;513.68;PVC;PVC
1104000;515.18;513.70;PVC;PVC
1106000;513.87;512.40;PVC;PVC
1108000;513.19;511.72;PVC;PVC
1110000;515.43;513.95;PVC;PVC
1112000;514.37;512.89;PVC;PVC
1114000;515.36;513.88;PVC;PVC
1116000;512.16;510.69;PVC;PVC
1118000;515.86;514.38;PVC;PVC
1120000;513.27;511.80;PVC;PVC
1122000;515.71;514.23;PVC;PVC
1124000;511.52;510.05;PVC;PVC
1126000;511.08;509.61;PVC;PVC
1128000;514.26;512.79;PVC;PVC
1130000;514.45;512.98;PVC;PVC
1132000;512.27;510.80;PVC;PVC
1134000;512.34;510.87;PVC;PVC
1136000;515.95;514.48;PVC;PVC
1138000;512.25;510.78;PVC;PVC
1140000;513.41;511.94;PVC;PVC
1142000;512.60;511.14;PVC;PVC
1144000;513.95;512.49;PVC;PVC
1146000;512.41;510.95;PVC;PVC
1148000;511.92;510.46;PVC;PVC
1150000;513.55;512.09;PVC;PVC
1152000;514.86;513.40;PVC;PVC
1154000;512.18;510.72;PVC;PVC
1156000;516.19;514.74;PVC;PVC
1158000;513.51;512.06;PVC;PVC
1160000;515.96;514.50;PVC;PVC
1162000;512.36;510.91;PVC;PVC
1164000;515.47;514.01;PVC;PVC
1166000;512.05;510.60;PVC;PVC
1168000;514.10;512.65;PVC;PVC
1170000;512.34;510.89;PVC;PVC
1172000;512.20;510.75;PVC;PVC
1174000;512.68;511.23;PVC;PVC
1176000;511.24;509.79;PVC;PVC
1178000;515.17;513.73;PVC;PVC
1180000;510.71;509.27;PVC;PVC
1182000;513.24;511.80;PVC;PVC
1184000;513.79;512.35;PVC;PVC
1186000;514.27;512.83;PVC;PVC
1188000;514.45;513.02;PVC;PVC
1190000;513.57;512.13;PVC;PVC
1192000;512.53;511.09;PVC;PVC
1194000;513.60;512.17;PVC;PVC
1196000;513.40;511.97;PVC;PVC
1198000;512.84;511.41;PVC;PVC
1200000;513.48;512.05;PVC;PVC
1202000;511.86;510.44;PVC;PVC
1204000;513.33;511.91;PVC;PVC
1206000;515.59;514.16;PVC;PVC
1208000;511.69;510.27;PVC;PVC
1210000;514.33;512.91;PVC;PVC
1212000;515.30;513.88;PVC;PVC
1214000;514.41;512.99;PVC;PVC
1216000;514.80;513.38;PVC;PVC
1218000;513.23;511.82;PVC;PVC
1220000;514.40;512.99;PVC;PVC
1222000;512.09;510.68;PVC;PVC
1224000;515.32;513.91;PVC;PVC
1226000;514.04;512.64;PVC;PVC
1228000;514.60;513.20;PVC;PVC
1230000;513.16;511.76;PVC;PVC
1232000;511.87;510.47;PVC;PVC
1234000;513.64;512.24;PVC;PVC
1236000;512.48;511.08;PVC;PVC
1238000;513.64;512.24;PVC;PVC
1240000;515.13;513.73;PVC;PVC
1242000;515.21;513.81;PVC;PVC
1244000;512.85;511.45;PVC;PVC
1246000;513.54;512.15;PVC;PVC
1248000;512.59;511.20;PVC;PVC
1250000;513.29;511.90;PVC;PVC
1252000;513.03;511.65;PVC;PVC
1254000;514.81;513.43;PVC;PVC
1256000;512.87;511.49;PVC;PVC
1258000;516.09;514.71;PVC;PVC
1260000;511.11;509.73;PVC;PVC
1262000;515.71;514.34;PVC;PVC
1264000;515.49;514.11;PVC;PVC
1266000;511.15;509.78;PVC;PVC
1268000;514.91;513.54;PVC;PVC
1270000;515.26;513.89;PVC;PVC
1272000;516.02;514.65;PVC;PVC
1274000;511.14;509.78;PVC;PVC
1276000;513.14;511.78;PVC;PVC
1278000;514.41;513.06;PVC;PVC
1280000;512.37;511.01;PVC;PVC
1282000;513.86;512.51;PVC;PVC
1284000;516.47;515.12;PVC;PVC
1286000;514.46;513.11;PVC;PVC
1288000;512.79;511.44;PVC;PVC
1290000;512.77;511.43;PVC;PVC
1292000;514.56;513.22;PVC;PVC
1294000;513.38;512.04;PVC;PVC
1296000;514.18;512.84;PVC;PVC
1298000;512.67;511.33;PVC;PVC
1300000;512.01;510.68;PVC;PVC
1302000;515.22;513.88;PVC;PVC
1304000;511.79;510.46;PVC;PVC
1306000;514.11;512.78;PVC;PVC
1308000;510.95;509.62;PVC;PVC
1310000;513.87;512.55;PVC;PVC
1312000;513.44;512.11;PVC;PVC
1314000;514.40;513.08;PVC;PVC
1316000;514.04;512.72;PVC;PVC
1318000;513.34;512.02;PVC;PVC
1320000;513.86;512.55;PVC;PVC
1322000;514.70;513.39;PVC;PVC
1324000;513.37;512.06;PVC;PVC
1326000;512.61;511.30;PVC;PVC
1328000;513.92;512.61;PVC;PVC
1330000;514.07;512.77;PVC;PVC
1332000;513.15;511.85;PVC;PVC
1334000;513.81;512.51;PVC;PVC
1336000;515.56;514.26;PVC;PVC
1338000;510.27;508.98;PVC;PVC
1340000;511.52;510.23;PVC;PVC
1342000;513.04;511.75;PVC;PVC
1344000;514.01;512.72;PVC;PVC
1346000;514.43;513.15;PVC;PVC
1348000;513.39;512.11;PVC;PVC
1350000;514.43;513.15;PVC;PVC
1352000;513.06;511.79;PVC;PVC
1354000;514.37;513.09;PVC;PVC
1356000;513.64;512.37;PVC;PVC
1358000;513.84;512.57;PVC;PVC
1360000;514.72;513.45;PVC;PVC
1362000;513.14;511.87;PVC;PVC
1364000;511.85;510.59;PVC;PVC
1366000;515.47;514.21;PVC;PVC
1368000;513.88;512.62;PVC;PVC
1370000;512.95;511.70;PVC;PVC
1372000;514.41;513.16;PVC;PVC
1374000;513.83;512.58;PVC;PVC
1376000;513.49;512.25;PVC;PVC
1378000;513.05;511.81;PVC;PVC
1380000;515.25;514.01;PVC;PVC
1382000;515.23;513.99;PVC;PVC
1384000;513.75;512.51;PVC;PVC
1386000;513.67;512.44;PVC;PVC
1388000;512.96;511.73;PVC;PVC
1390000;512.70;511.47;PVC;PVC
1392000;512.86;511.63;PVC;PVC
1394000;514.29;513.07;PVC;PVC
1396000;513.81;512.59;PVC;PVC
1398000;515.34;514.13;PVC;PVC
1400000;511.83;510.61;PVC;PVC
1402000;512.33;511.12;PVC;PVC
1404000;512.16;510.95;PVC;PVC
1406000;511.49;510.29;PVC;PVC
1408000;514.40;513.20;PVC;PVC
1410000;512.04;510.84;PVC;PVC
1412000;514.59;513.39;PVC;PVC
1414000;512.19;511.00;PVC;PVC
1416000;512.19;511.00;PVC;PVC
1418000;512.26;511.07;PVC;PVC
1420000;512.44;511.26;PVC;PVC
1422000;512.39;511.21;PVC;PVC
1424000;512.63;511.45;PVC;PVC
1426000;514.74;513.56;PVC;PVC
1428000;513.05;511.87;PVC;PVC
1430000;509.97;508.80;PVC;PVC
1432000;512.98;511.81;PVC;PVC
1434000;512.51;511.35;PVC;PVC
1436000;514.45;513.29;PVC;PVC
1438000;513.47;512.31;PVC;PVC
1440000;514.12;512.96;PVC;PVC
1442000;509.64;508.49;PVC;PVC
1444000;512.58;511.43;PVC;PVC
1446000;513.98;512.83;PVC;PVC
1448000;514.24;513.10;PVC;PVC
1450000;514.04;512.90;PVC;PVC
1452000;512.97;511.83;PVC;PVC
1454000;516.29;515.15;PVC;PVC
1456000;513.06;511.93;PVC;PVC
1458000;512.02;510.89;PVC;PVC
1460000;512.04;510.91;PVC;PVC
1462000;513.97;512.85;PVC;PVC
1464000;514.64;513.52;PVC;PVC
1466000;514.82;513.70;PVC;PVC
1468000;512.93;511.81;PVC;PVC
1470000;513.95;512.84;PVC;PVC
1472000;513.34;512.23;PVC;PVC
1474000;513.04;511.93;PVC;PVC
1476000;515.27;514.17;PVC;PVC
1478000;513.81;512.72;PVC;PVC
1480000;514.16;513.07;PVC;PVC
1482000;512.55;511.46;PVC;PVC
1484000;514.08;513.00;PVC;PVC
1486000;514.74;513.65;PVC;PVC
1488000;513.99;512.91;PVC;PVC
1490000;513.64;512.56;PVC;PVC
1492000;512.56;511.48;PVC;PVC
1494000;514.77;513.70;PVC;PVC
1496000;513.70;512.63;PVC;PVC
1498000;513.07;512.00;PVC;PVC
1500000;513.15;512.09;PVC;PVC
1502000;510.49;509.44;PVC;PVC
1504000;515.76;514.70;PVC;PVC
1506000;511.65;510.60;PVC;PVC
1508000;511.80;510.75;PVC;PVC
1510000;511.60;510.56;PVC;PVC
1512000;512.09;511.05;PVC;PVC
1514000;514.20;513.17;PVC;PVC
1516000;514.40;513.37;PVC;PVC
1518000;512.76;511.73;PVC;PVC
1520000;513.19;512.17;PVC;PVC
1522000;515.06;514.03;PVC;PVC
1524000;512.52;511.50;PVC;PVC
1526000;512.80;511.78;PVC;PVC
1528000;513.70;512.69;PVC;PVC
1530000;513.39;512.38;PVC;PVC
1532000;511.85;510.84;PVC;PVC
1534000;511.88;510.88;PVC;PVC
1536000;514.10;513.10;PVC;PVC
1538000;514.70;513.70;PVC;PVC
1540000;513.35;512.35;PVC;PVC
1542000;514.61;513.62;PVC;PVC
1544000;512.55;511.57;PVC;PVC
1546000;512.45;511.46;PVC;PVC
1548000;512.41;511.43;PVC;PVC
1550000;514.06;513.08;PVC;PVC
1552000;513.52;512.55;PVC;PVC
1554000;513.13;512.16;PVC;PVC
1556000;511.35;510.39;PVC;PVC
1558000;512.47;511.52;PVC;PVC
1560000;512.66;511.70;PVC;PVC
1562000;513.68;512.72;PVC;PVC
1564000;513.59;512.64;PVC;PVC
1566000;513.96;513.02;PVC;PVC
1568000;512.40;511.45;PVC;PVC
1570000;512.60;511.66;PVC;PVC
1572000;513.13;512.20;PVC;PVC
1574000;511.71;510.78;PVC;PVC
1576000;513.46;512.54;PVC;PVC
1578000;510.40;509.48;PVC;PVC
1580000;513.05;512.13;PVC;PVC
1582000;513.60;512.68;PVC;PVC
1584000;511.37;510.46;PVC;PVC
1586000;511.30;510.40;PVC;PVC
1588000;513.34;512.43;PVC;PVC
1590000;513.12;512.22;PVC;PVC
1592000;512.66;511.76;PVC;PVC
1594000;512.60;511.70;PVC;PVC
1596000;515.18;514.29;PVC;PVC
1598000;511.17;510.29;PVC;PVC
1600000;512.56;511.68;PVC;PVC
1602000;511.74;510.86;PVC;PVC
1604000;512.04;511.17;PVC;PVC
1606000;512.25;511.38;PVC;PVC
1608000;514.79;513.93;PVC;PVC
1610000;512.99;512.13;PVC;PVC
1612000;514.16;513.30;PVC;PVC
1614000;510.59;509.73;PVC;PVC
1616000;511.01;510.16;PVC;PVC
1618000;513.84;512.99;PVC;PVC
1620000;514.54;513.69;PVC;PVC
1622000;512.80;511.96;PVC;PVC
1624000;513.39;512.56;PVC;PVC
1626000;513.45;512.62;PVC;PVC
1628000;513.90;513.07;PVC;PVC
1630000;513.99;513.16;PVC;PVC
1632000;512.16;511.34;PVC;PVC
1634000;512.15;511.33;PVC;PVC
1636000;513.12;512.31;PVC;PVC
1638000;512.44;511.63;PVC;PVC
1640000;512.51;511.71;PVC;PVC
1642000;513.49;512.70;PVC;PVC
1644000;512.28;511.49;PVC;PVC
1646000;512.79;512.00;PVC;PVC
1648000;512.44;511.65;PVC;PVC
1650000;513.14;512.36;PVC;PVC
1652000;513.73;512.95;PVC;PVC
1654000;513.16;512.38;PVC;PVC
1656000;513.96;513.19;PVC;PVC
1658000;513.50;512.73;PVC;PVC
1660000;512.24;511.47;PVC;PVC
1662000;513.38;512.62;PVC;PVC
1664000;513.53;512.78;PVC;PVC
1666000;512.80;512.05;PVC;PVC
1668000;512.72;511.98;PVC;PVC
1670000;514.23;513.49;PVC;PVC
1672000;512.51;511.77;PVC;PVC
1674000;510.26;509.53;PVC;PVC
1676000;510.87;510.13;PVC;PVC
1678000;510.56;509.83;PVC;PVC
1680000;512.71;511.99;PVC;PVC
1682000;511.63;510.91;PVC;PVC
1684000;511.41;510.70;PVC;PVC
1686000;513.62;512.91;PVC;PVC
1688000;512.94;512.23;PVC;PVC
1690000;511.87;511.17;PVC;PVC
1692000;514.90;514.20;PVC;PVC
1694000;513.27;512.58;PVC;PVC
1696000;511.28;510.59;PVC;PVC
1698000;514.28;513.60;PVC;PVC
1700000;514.21;513.53;PVC;PVC
1702000;512.30;511.62;PVC;PVC
1704000;513.70;513.03;PVC;PVC
1706000;511.50;510.83;PVC;PVC
1708000;513.06;512.40;PVC;PVC
1710000;512.32;511.66;PVC;PVC
1712000;512.41;511.75;PVC;PVC
1714000;512.22;511.57;PVC;PVC
1716000;512.39;511.74;PVC;PVC
1718000;509.90;509.26;PVC;PVC
1720000;513.20;512.57;PVC;PVC
1722000;512.75;512.12;PVC;PVC
1724000;513.65;513.02;PVC;PVC
1726000;514.94;514.31;PVC;PVC
1728000;510.17;509.55;PVC;PVC
1730000;513.08;512.46;PVC;PVC
1732000;513.28;512.67;PVC;PVC
1734000;514.81;514.20;PVC;PVC
1736000;513.20;512.60;PVC;PVC
1738000;512.01;511.41;PVC;PVC
1740000;513.79;513.19;PVC;PVC
1742000;512.93;512.34;PVC;PVC
1744000;511.92;511.33;PVC;PVC
1746000;510.92;510.34;PVC;PVC
1748000;513.16;512.58;PVC;PVC
1750000;513.32;512.75;PVC;PVC
1752000;513.65;513.08;PVC;PVC
1754000;512.53;511.97;PVC;PVC
1756000;512.47;511.91;PVC;PVC
1758000;510.48;509.92;PVC;PVC
1760000;513.45;512.90;PVC;PVC
1762000;509.97;509.42;PVC;PVC
1764000;513.61;513.06;PVC;PVC
1766000;511.71;511.17;PVC;PVC
1768000;512.98;512.45;PVC;PVC
1770000;513.05;512.52;PVC;PVC
1772000;512.83;512.30;PVC;PVC
1774000;513.98;513.46;PVC;PVC
1776000;511.64;511.12;PVC;PVC
1778000;510.25;509.74;PVC;PVC
1780000;513.41;512.90;PVC;PVC
1782000;513.41;512.91;PVC;PVC
1784000;511.75;511.25;PVC;PVC
1786000;510.46;509.97;PVC;PVC
1788000;513.91;513.42;PVC;PVC
1790000;512.01;511.52;PVC;PVC
1792000;511.33;510.85;PVC;PVC
1794000;510.52;510.05;PVC;PVC
1796000;511.68;511.21;PVC;PVC
1798000;511.11;510.64;PVC;PVC
1800000;512.21;511.74;PVC;PVC
1802000;513.23;512.77;PVC;PVC
1804000;510.99;510.53;PVC;PVC
1806000;510.82;510.37;PVC;PVC
1808000;511.92;511.48;PVC;PVC
1810000;512.96;512.52;PVC;PVC
1812000;511.68;511.25;PVC;PVC
1814000;512.93;512.50;PVC;PVC
1816000;512.30;511.87;PVC;PVC
1818000;513.92;513.50;PVC;PVC
1820000;513.73;513.31;PVC;PVC
1822000;513.83;513.42;PVC;PVC
1824000;511.49;511.08;PVC;PVC
1826000;512.38;511.97;PVC;PVC
1828000;511.70;511.30;PVC;PVC
1830000;514.58;514.18;PVC;PVC
1832000;512.16;511.77;PVC;PVC
1834000;513.22;512.84;PVC;PVC
1836000;512.26;511.88;PVC;PVC
1838000;511.84;511.46;PVC;PVC
1840000;513.07;512.70;PVC;PVC
1842000;513.83;513.46;PVC;PVC
1844000;513.99;513.63;PVC;PVC
1846000;512.97;512.61;PVC;PVC
1848000;512.34;511.99;PVC;PVC
1850000;511.09;510.74;PVC;PVC
1852000;513.43;513.08;PVC;PVC
1854000;513.56;513.21;PVC;PVC
1856000;513.63;513.29;PVC;PVC
1858000;512.04;511.71;PVC;PVC
1860000;512.92;512.59;PVC;PVC
1862000;515.26;514.94;PVC;PVC
1864000;512.96;512.64;PVC;PVC
1866000;511.08;510.77;PVC;PVC
1868000;509.51;509.20;PVC;PVC
1870000;511.17;510.87;PVC;PVC
1872000;511.76;511.46;PVC;PVC
1874000;512.60;512.31;PVC;PVC
1876000;511.27;510.98;PVC;PVC
1878000;514.16;513.88;PVC;PVC
1880000;511.62;511.34;PVC;PVC
1882000;510.43;510.15;PVC;PVC
1884000;511.29;511.02;PVC;PVC
1886000;512.61;512.34;PVC;PVC
1888000;512.03;511.77;PVC;PVC
1890000;512.22;511.96;PVC;PVC
1892000;512.94;512.68;PVC;PVC
1894000;513.78;513.53;PVC;PVC
1896000;512.36;512.11;PVC;PVC
1898000;514.63;514.39;PVC;PVC
1900000;510.65;510.42;PVC;PVC
1902000;511.13;510.90;PVC;PVC
1904000;514.73;514.50;PVC;PVC
1906000;511.43;511.21;PVC;PVC
1908000;512.99;512.77;PVC;PVC
1910000;511.66;511.45;PVC;PVC
1912000;513.01;512.80;PVC;PVC
1914000;511.71;511.51;PVC;PVC
1916000;510.42;510.22;PVC;PVC
1918000;512.46;512.27;PVC;PVC
1920000;512.38;512.19;PVC;PVC
1922000;512.31;512.13;PVC;PVC
1924000;511.85;511.68;PVC;PVC
1926000;512.71;512.54;PVC;PVC
1928000;511.51;511.34;PVC;PVC
1930000;511.97;511.81;PVC;PVC
1932000;512.29;512.13;PVC;PVC
1934000;511.40;511.24;PVC;PVC
1936000;512.10;511.95;PVC;PVC
1938000;512.18;512.04;PVC;PVC
1940000;511.36;511.22;PVC;PVC
1942000;510.27;510.13;PVC;PVC
1944000;512.56;512.42;PVC;PVC
1946000;511.10;510.97;PVC;PVC
1948000;513.44;513.32;PVC;PVC
1950000;512.72;512.60;PVC;PVC
1952000;514.19;514.08;PVC;PVC
1954000;516.17;516.06;PVC;PVC
1956000;512.59;512.48;PVC;PVC
1958000;511.26;511.16;PVC;PVC
1960000;511.82;511.72;PVC;PVC
1962000;511.62;511.53;PVC;PVC
1964000;511.70;511.62;PVC;PVC
1966000;511.21;511.13;PVC;PVC
1968000;513.47;513.39;PVC;PVC
1970000;510.54;510.47;PVC;PVC
1972000;514.95;514.89;PVC;PVC
1974000;511.70;511.64;PVC;PVC
1976000;510.38;510.33;PVC;PVC
1978000;512.37;512.31;PVC;PVC
1980000;510.03;509.98;PVC;PVC
1982000;511.95;511.91;PVC;PVC
1984000;514.45;514.41;PVC;PVC
1986000;513.45;513.42;PVC;PVC
1988000;511.16;511.13;PVC;PVC
1990000;510.72;510.70;PVC;PVC
1992000;511.18;511.16;PVC;PVC
1994000;509.93;509.92;PVC;PVC
1996000;513.15;513.15;PVC;PVC
1998000;512.16;512.16;PVC;PVC
2000000;512.19;512.19;PVC;PVC
2002000;515.37;515.38;PVC;PVC
2004000;511.00;511.01;PVC;PVC
2006000;510.91;510.93;PVC;PVC
2008000;512.73;512.75;PVC;PVC
2010000;513.69;513.72;PVC;PVC
2012000;513.24;513.26;PVC;PVC
2014000;509.31;509.34;PVC;PVC
2016000;511.34;511.38;PVC;PVC
2018000;511.67;511.71;PVC;PVC
2020000;514.06;514.11;PVC;PVC
2022000;512.63;512.68;PVC;PVC
2024000;512.29;512.35;PVC;PVC
2026000;511.51;511.57;PVC;PVC
2028000;510.99;511.06;PVC;PVC
2030000;511.80;511.87;PVC;PVC
2032000;513.31;513.39;PVC;PVC
2034000;511.60;511.68;PVC;PVC
2036000;508.72;508.81;PVC;PVC
2038000;514.24;514.33;PVC;PVC
2040000;511.96;512.05;PVC;PVC
2042000;511.90;511.99;PVC;PVC
2044000;511.43;511.54;PVC;PVC
2046000;513.66;513.76;PVC;PVC
2048000;511.84;511.95;PVC;PVC
2050000;510.16;510.27;PVC;PVC
2052000;512.70;512.82;PVC;PVC
2054000;511.97;512.10;PVC;PVC
2056000;513.11;513.24;PVC;PVC
2058000;513.02;513.16;PVC;PVC
2060000;514.51;514.65;PVC;PVC
2062000;513.13;513.28;PVC;PVC
2064000;512.66;512.81;PVC;PVC
2066000;510.30;510.45;PVC;PVC
2068000;510.42;510.58;PVC;PVC
2070000;509.83;510.00;PVC;PVC
2072000;510.78;510.95;PVC;PVC
2074000;512.65;512.83;PVC;PVC
2076000;510.87;511.05;PVC;PVC
2078000;513.71;513.89;PVC;PVC
2080000;511.12;511.31;PVC;PVC
2082000;512.21;512.40;PVC;PVC
2084000;514.31;514.51;PVC;PVC
2086000;511.39;511.60;PVC;PVC
2088000;513.02;513.23;PVC;PVC
2090000;511.76;511.97;PVC;PVC
2092000;511.97;512.19;PVC;PVC
2094000;513.30;513.52;PVC;PVC
2096000;510.85;511.07;PVC;PVC
2098000;511.34;511.57;PVC;PVC
2100000;510.59;510.82;PVC;PVC
2102000;512.40;512.64;PVC;PVC
2104000;512.63;512.87;PVC;PVC
2106000;511.61;511.86;PVC;PVC
2108000;511.40;511.66;PVC;PVC
2110000;512.31;512.56;PVC;PVC
2112000;512.30;512.56;PVC;PVC
2114000;513.40;513.67;PVC;PVC
2116000;514.25;514.52;PVC;PVC
2118000;512.47;512.74;PVC;PVC
2120000;512.48;512.76;PVC;PVC
2122000;511.82;512.10;PVC;PVC
2124000;512.47;512.77;PVC;PVC
2126000;512.10;512.39;PVC;PVC
2128000;512.62;512.92;PVC;PVC
2130000;509.93;510.23;PVC;PVC
2132000;513.23;513.53;PVC;PVC
2134000;509.72;510.04;PVC;PVC
2136000;509.60;509.92;PVC;PVC
2138000;510.87;511.19;PVC;PVC
2140000;510.41;510.74;PVC;PVC
2142000;511.61;511.94;PVC;PVC
2144000;510.38;510.72;PVC;PVC
2146000;510.62;510.96;PVC;PVC
2148000;511.76;512.10;PVC;PVC
2150000;510.61;510.96;PVC;PVC
2152000;509.84;510.19;PVC;PVC
2154000;512.58;512.94;PVC;PVC
2156000;510.84;511.20;PVC;PVC
2158000;513.82;514.19;PVC;PVC
2160000;511.63;512.01;PVC;PVC
2162000;510.56;510.94;PVC;PVC
2164000;510.62;511.00;PVC;PVC
2166000;510.90;511.29;PVC;PVC
2168000;512.74;513.13;PVC;PVC
2170000;510.66;511.05;PVC;PVC
2172000;512.69;513.09;PVC;PVC
2174000;512.50;512.91;PVC;PVC
2176000;510.70;511.11;PVC;PVC
2178000;512.34;512.76;PVC;PVC
2180000;513.27;513.69;PVC;PVC
2182000;510.44;510.87;PVC;PVC
2184000;512.08;512.51;PVC;PVC
2186000;510.52;510.95;PVC;PVC
2188000;514.79;515.23;PVC;PVC
2190000;512.14;512.59;PVC;PVC
2192000;511.93;512.38;PVC;PVC
2194000;509.73;510.18;PVC;PVC
2196000;513.14;513.60;PVC;PVC
2198000;513.23;513.69;PVC;PVC
2200000;509.60;510.06;PVC;PVC
2202000;512.23;512.69;PVC;PVC
2204000;514.23;514.71;PVC;PVC
2206000;510.42;510.90;PVC;PVC
2208000;510.58;511.06;PVC;PVC
2210000;510.42;510.91;PVC;PVC
2212000;509.88;510.37;PVC;PVC
2214000;512.73;513.22;PVC;PVC
2216000;510.89;511.39;PVC;PVC
2218000;512.35;512.85;PVC;PVC
2220000;511.63;512.14;PVC;PVC
2222000;508.35;508.87;PVC;PVC
2224000;511.62;512.14;PVC;PVC
2226000;512.71;513.24;PVC;PVC
2228000;509.28;509.80;PVC;PVC
2230000;511.68;512.21;PVC;PVC
2232000;510.08;510.61;PVC;PVC
2234000;511.52;512.06;PVC;PVC
2236000;510.47;511.01;PVC;PVC
2238000;510.81;511.36;PVC;PVC
2240000;510.88;511.44;PVC;PVC
2242000;510.04;510.60;PVC;PVC
2244000;511.45;512.01;PVC;PVC
2246000;511.78;512.35;PVC;PVC
2248000;512.01;512.58;PVC;PVC
2250000;511.85;512.42;PVC;PVC
2252000;512.12;512.70;PVC;PVC
2254000;511.45;512.03;PVC;PVC
2256000;511.60;512.19;PVC;PVC
2258000;509.78;510.37;PVC;PVC
2260000;512.00;512.59;PVC;PVC
2262000;510.70;511.30;PVC;PVC
2264000;511.45;512.06;PVC;PVC
2266000;509.66;510.27;PVC;PVC
2268000;510.35;510.96;PVC;PVC
2270000;510.53;511.14;PVC;PVC
2272000;512.37;512.99;PVC;PVC
2274000;509.29;509.92;PVC;PVC
2276000;510.46;511.09;PVC;PVC
2278000;509.67;510.30;PVC;PVC
2280000;512.90;513.54;PVC;PVC
2282000;512.27;512.92;PVC;PVC
2284000;510.05;510.69;PVC;PVC
2286000;512.37;513.02;PVC;PVC
2288000;511.15;511.80;PVC;PVC
2290000;510.04;510.70;PVC;PVC
2292000;510.55;511.21;PVC;PVC
2294000;511.11;511.78;PVC;PVC
2296000;512.61;513.28;PVC;PVC
2298000;511.65;512.33;PVC;PVC
2300000;510.89;511.57;PVC;PVC
2302000;510.67;511.36;PVC;PVC
2304000;511.51;512.20;PVC;PVC
2306000;511.53;512.22;PVC;PVC
2308000;512.33;513.03;PVC;PVC
2310000;513.79;514.50;PVC;PVC
2312000;512.31;513.02;PVC;PVC
2314000;510.94;511.65;PVC;PVC
2316000;511.73;512.44;PVC;PVC
2318000;511.31;512.03;PVC;PVC
2320000;511.70;512.42;PVC;PVC
2322000;510.94;511.67;PVC;PVC
2324000;509.83;510.56;PVC;PVC
2326000;511.53;512.26;PVC;PVC
2328000;508.79;509.53;PVC;PVC
2330000;510.41;511.16;PVC;PVC
2332000;511.02;511.76;PVC;PVC
2334000;511.38;512.14;PVC;PVC
2336000;511.88;512.64;PVC;PVC
2338000;515.21;515.97;PVC;PVC
2340000;509.76;510.53;PVC;PVC
2342000;511.59;512.36;PVC;PVC
2344000;512.36;513.13;PVC;PVC
2346000;510.07;510.85;PVC;PVC
2348000;511.46;512.24;PVC;PVC
2350000;510.83;511.61;PVC;PVC
2352000;511.04;511.83;PVC;PVC
2354000;510.98;511.78;PVC;PVC
2356000;512.21;513.00;PVC;PVC
2358000;512.75;513.55;PVC;PVC
2360000;509.98;510.79;PVC;PVC
2362000;514.74;515.55;PVC;PVC
2364000;511.58;512.39;PVC;PVC
2366000;511.27;512.08;PVC;PVC
2368000;511.23;512.04;PVC;PVC
2370000;509.12;509.94;PVC;PVC
2372000;511.76;512.59;PVC;PVC
2374000;511.84;512.68;PVC;PVC
2376000;511.20;512.04;PVC;PVC
2378000;512.18;513.02;PVC;PVC
2380000;511.19;512.03;PVC;PVC
2382000;510.67;511.51;PVC;PVC
2384000;512.01;512.86;PVC;PVC
2386000;511.35;512.20;PVC;PVC
2388000;512.08;512.94;PVC;PVC
2390000;511.91;512.77;PVC;PVC
2392000;511.42;512.28;PVC;PVC
2394000;513.58;514.45;PVC;PVC
2396000;512.30;513.17;PVC;PVC
2398000;510.71;511.59;PVC;PVC
2400000;510.84;511.72;PVC;PVC
2402000;510.29;511.18;PVC;PVC
2404000;510.41;511.30;PVC;PVC
2406000;511.94;512.83;PVC;PVC
2408000;511.88;512.78;PVC;PVC
2410000;509.79;510.69;PVC;PVC
2412000;511.59;512.49;PVC;PVC
2414000;511.26;512.16;PVC;PVC
2416000;511.06;511.98;PVC;PVC
2418000;510.41;511.32;PVC;PVC
2420000;512.12;513.03;PVC;PVC
2422000;509.90;510.82;PVC;PVC
2424000;510.10;511.03;PVC;PVC
2426000;512.45;513.38;PVC;PVC
2428000;513.17;514.10;PVC;PVC
2430000;510.96;511.90;PVC;PVC
2432000;510.32;511.26;PVC;PVC
2434000;511.47;512.42;PVC;PVC
2436000;510.08;511.03;PVC;PVC
2438000;512.45;513.40;PVC;PVC
2440000;511.27;512.23;PVC;PVC
2442000;508.95;509.91;PVC;PVC
2444000;509.68;510.65;PVC;PVC
2446000;512.06;513.03;PVC;PVC
2448000;507.93;508.90;PVC;PVC
2450000;509.26;510.24;PVC;PVC
2452000;512.67;513.64;PVC;PVC
2454000;509.68;510.66;PVC;PVC
2456000;509.78;510.77;PVC;PVC
2458000;511.82;512.81;PVC;PVC
2460000;511.69;512.68;PVC;PVC
2462000;512.55;513.54;PVC;PVC
2464000;510.48;511.48;PVC;PVC
2466000;510.59;511.60;PVC;PVC
2468000;511.55;512.55;PVC;PVC
2470000;510.41;511.42;PVC;PVC
2472000;510.33;511.34;PVC;PVC
2474000;509.51;510.52;PVC;PVC
2476000;510.15;511.17;PVC;PVC
2478000;509.06;510.08;PVC;PVC
2480000;512.68;513.71;PVC;PVC
2482000;510.31;511.34;PVC;PVC
2484000;511.03;512.06;PVC;PVC
2486000;511.38;512.42;PVC;PVC
2488000;510.37;511.41;PVC;PVC
2490000;511.33;512.38;PVC;PVC
2492000;512.30;513.35;PVC;PVC
2494000;510.75;511.80;PVC;PVC
2496000;509.92;510.97;PVC;PVC
2498000;510.09;511.15;PVC;PVC
2500000;510.38;511.44;PVC;PVC
2502000;511.52;512.58;PVC;PVC
2504000;511.12;512.18;PVC;PVC
2506000;512.10;513.17;PVC;PVC
2508000;511.01;512.08;PVC;PVC
2510000;511.78;512.86;PVC;PVC
2512000;509.67;510.75;PVC;PVC
2514000;512.87;513.95;PVC;PVC
2516000;513.04;514.12;PVC;PVC
2518000;512.08;513.17;PVC;PVC
2520000;512.51;513.61;PVC;PVC
2522000;511.15;512.25;PVC;PVC
2524000;508.96;510.06;PVC;PVC
2526000;509.43;510.53;PVC;PVC
2528000;508.20;509.30;PVC;PVC
2530000;511.47;512.58;PVC;PVC
2532000;510.98;512.09;PVC;PVC
2534000;510.82;511.93;PVC;PVC
2536000;510.82;511.94;PVC;PVC
2538000;509.67;510.79;PVC;PVC
2540000;510.67;511.80;PVC;PVC
2542000;509.83;510.96;PVC;PVC
2544000;510.19;511.32;PVC;PVC
2546000;509.60;510.74;PVC;PVC
2548000;510.75;511.88;PVC;PVC
2550000;511.16;512.30;PVC;PVC
2552000;512.34;513.49;PVC;PVC
2554000;511.86;513.01;PVC;PVC
2556000;511.12;512.27;PVC;PVC
2558000;511.65;512.80;PVC;PVC
2560000;512.91;514.07;PVC;PVC
2562000;510.47;511.63;PVC;PVC
2564000;511.69;512.85;PVC;PVC
2566000;510.82;511.99;PVC;PVC
2568000;511.82;512.99;PVC;PVC
2570000;512.35;513.52;PVC;PVC
2572000;512.66;513.83;PVC;PVC
2574000;509.61;510.78;PVC;PVC
2576000;511.09;512.27;PVC;PVC
2578000;510.01;511.19;PVC;PVC
2580000;511.69;512.87;PVC;PVC
2582000;510.25;511.44;PVC;PVC
2584000;510.85;512.04;PVC;PVC
2586000;510.40;511.59;PVC;PVC
2588000;511.22;512.42;PVC;PVC
2590000;508.84;510.03;PVC;PVC
2592000;509.95;511.15;PVC;PVC
2594000;511.01;512.21;PVC;PVC
2596000;508.51;509.72;PVC;PVC
2598000;511.62;512.83;PVC;PVC
2600000;509.49;510.70;PVC;PVC
2602000;511.23;512.44;PVC;PVC
2604000;510.84;512.06;PVC;PVC
2606000;512.76;513.98;PVC;PVC
2608000;509.81;511.04;PVC;PVC
2610000;509.09;510.32;PVC;PVC
2612000;511.45;512.68;PVC;PVC
2614000;510.20;511.43;PVC;PVC
2616000;510.51;511.75;PVC;PVC
2618000;510.50;511.74;PVC;PVC
2620000;510.15;511.39;PVC;PVC
2622000;510.48;511.73;PVC;PVC
2624000;510.82;512.07;PVC;PVC
2626000;511.45;512.69;PVC;PVC
2628000;510.45;511.70;PVC;PVC
2630000;512.98;514.23;PVC;PVC
2632000;510.71;511.96;PVC;PVC
2634000;512.74;514.00;PVC;PVC
2636000;510.04;511.30;PVC;PVC
2638000;511.60;512.86;PVC;PVC
2640000;510.03;511.30;PVC;PVC
2642000;509.00;510.27;PVC;PVC
2644000;510.36;511.63;PVC;PVC
2646000;512.11;513.38;PVC;PVC
2648000;509.51;510.79;PVC;PVC
2650000;512.31;513.59;PVC;PVC
2652000;512.55;513.83;PVC;PVC
2654000;510.38;511.66;PVC;PVC
2656000;511.15;512.43;PVC;PVC
2658000;510.80;512.08;PVC;PVC
2660000;510.64;511.93;PVC;PVC
2662000;509.54;510.83;PVC;PVC
2664000;509.21;510.51;PVC;PVC
2666000;509.34;510.64;PVC;PVC
2668000;509.56;510.86;PVC;PVC
2670000;509.73;511.03;PVC;PVC
2672000;510.09;511.40;PVC;PVC
2674000;509.46;510.77;PVC;PVC
2676000;511.12;512.43;PVC;PVC
2678000;509.42;510.73;PVC;PVC
2680000;511.32;512.64;PVC;PVC
2682000;511.53;512.85;PVC;PVC
2684000;508.94;510.26;PVC;PVC
2686000;510.52;511.84;PVC;PVC
2688000;508.79;510.11;PVC;PVC
2690000;510.71;512.04;PVC;PVC
2692000;511.24;512.57;PVC;PVC
2694000;509.32;510.65;PVC;PVC
2696000;511.05;512.38;PVC;PVC
2698000;509.37;510.70;PVC;PVC
2700000;512.06;513.40;PVC;PVC
2702000;509.62;510.96;PVC;PVC
2704000;511.23;512.57;PVC;PVC
2706000;511.38;512.72;PVC;PVC
2708000;511.60;512.95;PVC;PVC
2710000;510.01;511.36;PVC;PVC
2712000;510.47;511.82;PVC;PVC
2714000;512.00;513.35;PVC;PVC
2716000;510.24;511.59;PVC;PVC
2718000;512.02;513.38;PVC;PVC
2720000;509.00;510.35;PVC;PVC
2722000;508.68;510.04;PVC;PVC
2724000;509.02;510.39;PVC;PVC
2726000;510.89;512.25;PVC;PVC
2728000;507.90;509.27;PVC;PVC
2730000;509.60;510.97;PVC;PVC
2732000;509.66;511.03;PVC;PVC
2734000;510.53;511.90;PVC;PVC
2736000;510.28;511.65;PVC;PVC
2738000;509.70;511.07;PVC;PVC
2740000;511.38;512.75;PVC;PVC
2742000;510.98;512.36;PVC;PVC
2744000;510.43;511.81;PVC;PVC
2746000;509.67;511.05;PVC;PVC
2748000;511.57;512.96;PVC;PVC
2750000;511.35;512.74;PVC;PVC
2752000;510.08;511.47;PVC;PVC
2754000;509.48;510.87;PVC;PVC
2756000;511.14;512.53;PVC;PVC
2758000;512.00;513.39;PVC;PVC
2760000;510.10;511.50;PVC;PVC
2762000;509.78;511.17;PVC;PVC
2764000;510.13;511.52;PVC;PVC
2766000;508.49;509.89;PVC;PVC
2768000;510.58;511.99;PVC;PVC
2770000;511.15;512.55;PVC;PVC
2772000;511.24;512.65;PVC;PVC
2774000;510.34;511.74;PVC;PVC
2776000;512.55;513.96;PVC;PVC
2778000;509.98;511.39;PVC;PVC
2780000;512.20;513.62;PVC;PVC
2782000;510.96;512.38;PVC;PVC
2784000;511.37;512.79;PVC;PVC
2786000;511.67;513.08;PVC;PVC
2788000;510.91;512.32;PVC;PVC
2790000;509.85;511.26;PVC;PVC
2792000;513.17;514.59;PVC;PVC
2794000;510.96;512.38;PVC;PVC
2796000;511.03;512.45;PVC;PVC
2798000;510.05;511.48;PVC;PVC
2800000;512.57;514.00;PVC;PVC
2802000;511.39;512.82;PVC;PVC
2804000;511.69;513.12;PVC;PVC
2806000;509.11;510.54;PVC;PVC
2808000;510.33;511.76;PVC;PVC
2810000;511.21;512.65;PVC;PVC
2812000;511.76;513.20;PVC;PVC
2814000;511.02;512.46;PVC;PVC
2816000;510.65;512.09;PVC;PVC
2818000;512.42;513.86;PVC;PVC
2820000;510.17;511.61;PVC;PVC
2822000;512.19;513.63;PVC;PVC
2824000;510.87;512.31;PVC;PVC
2826000;510.54;511.98;PVC;PVC
2828000;510.18;511.63;PVC;PVC
2830000;509.71;511.16;PVC;PVC
2832000;510.51;511.96;PVC;PVC
2834000;511.43;512.88;PVC;PVC
2836000;512.19;513.64;PVC;PVC
2838000;510.79;512.24;PVC;PVC
2840000;509.90;511.36;PVC;PVC
2842000;508.40;509.85;PVC;PVC
2844000;511.15;512.60;PVC;PVC
2846000;510.62;512.07;PVC;PVC
2848000;510.56;512.02;PVC;PVC
2850000;511.93;513.39;PVC;PVC
2852000;510.41;511.87;PVC;PVC
2854000;510.50;511.96;PVC;PVC
2856000;509.48;510.94;PVC;PVC
2858000;511.03;512.49;PVC;PVC
2860000;510.75;512.22;PVC;PVC
2862000;512.55;514.02;PVC;PVC
2864000;513.13;514.60;PVC;PVC
2866000;512.33;513.80;PVC;PVC
2868000;510.66;512.13;PVC;PVC
2870000;511.53;513.00;PVC;PVC
2872000;510.78;512.25;PVC;PVC
2874000;511.69;513.16;PVC;PVC
2876000;509.38;510.85;PVC;PVC
2878000;511.26;512.74;PVC;PVC
2880000;509.10;510.57;PVC;PVC
2882000;508.48;509.96;PVC;PVC
2884000;508.55;510.03;PVC;PVC
2886000;511.76;513.24;PVC;PVC
2888000;509.44;510.91;PVC;PVC
2890000;510.27;511.74;PVC;PVC
2892000;510.17;511.64;PVC;PVC
2894000;509.02;510.50;PVC;PVC
2896000;508.31;509.79;PVC;PVC
2898000;511.23;512.71;PVC;PVC
2900000;510.08;511.56;PVC;PVC
2902000;511.70;513.19;PVC;PVC
2904000;509.87;511.36;PVC;PVC
2906000;510.08;511.57;PVC;PVC
2908000;509.70;511.18;PVC;PVC
2910000;510.22;511.71;PVC;PVC
2912000;510.35;511.84;PVC;PVC
2914000;510.49;511.98;PVC;PVC
2916000;510.58;512.07;PVC;PVC
2918000;509.27;510.75;PVC;PVC
2920000;509.93;511.41;PVC;PVC
2922000;507.99;509.48;PVC;PVC
2924000;511.82;513.31;PVC;PVC
2926000;509.84;511.33;PVC;PVC
2928000;510.83;512.32;PVC;PVC
2930000;509.73;511.22;PVC;PVC
2932000;511.44;512.93;PVC;PVC
2934000;510.15;511.64;PVC;PVC
2936000;512.21;513.70;PVC;PVC
2938000;511.14;512.63;PVC;PVC
2940000;509.23;510.73;PVC;PVC
2942000;510.41;511.90;PVC;PVC
2944000;509.88;511.38;PVC;PVC
2946000;510.68;512.18;PVC;PVC
2948000;508.97;510.46;PVC;PVC
2950000;510.86;512.36;PVC;PVC
2952000;510.09;511.59;PVC;PVC
2954000;508.39;509.89;PVC;PVC
2956000;510.12;511.62;PVC;PVC
2958000;511.87;513.37;PVC;PVC
2960000;511.15;512.64;PVC;PVC
2962000;508.79;510.29;PVC;PVC
2964000;512.21;513.71;PVC;PVC
2966000;509.77;511.26;PVC;PVC
2968000;511.74;513.24;PVC;PVC
2970000;508.97;510.47;PVC;PVC
2972000;510.71;512.20;PVC;PVC
2974000;512.50;514.00;PVC;PVC
2976000;511.16;512.66;PVC;PVC
2978000;509.16;510.66;PVC;PVC
2980000;510.20;511.70;PVC;PVC
2982000;510.84;512.34;PVC;PVC
2984000;510.47;511.97;PVC;PVC
2986000;511.16;512.66;PVC;PVC
2988000;508.64;510.14;PVC;PVC
2990000;509.74;511.24;PVC;PVC
2992000;510.81;512.31;PVC;PVC
2994000;509.14;510.64;PVC;PVC
2996000;509.29;510.79;PVC;PVC
2998000;509.97;511.47;PVC;PVC
3000000;509.95;511.45;PVC;PVC
3002000;510.70;512.20;PVC;PVC
3004000;510.81;512.31;PVC;PVC
3006000;510.52;512.02;PVC;PVC
3008000;507.73;509.23;PVC;PVC
3010000;510.49;511.99;PVC;PVC
3012000;511.47;512.97;PVC;PVC
3014000;510.00;511.50;PVC;PVC
3016000;509.44;510.94;PVC;PVC
3018000;509.84;511.34;PVC;PVC
3020000;511.30;512.80;PVC;PVC
3022000;511.33;512.83;PVC;PVC
3024000;509.88;511.37;PVC;PVC
3026000;509.42;510.92;PVC;PVC
3028000;512.85;514.35;PVC;PVC
3030000;509.62;511.11;PVC;PVC
3032000;509.42;510.92;PVC;PVC
3034000;511.18;512.67;PVC;PVC
3036000;509.80;511.30;PVC;PVC
3038000;509.60;511.10;PVC;PVC
3040000;510.49;511.99;PVC;PVC
3042000;511.83;513.33;PVC;PVC
3044000;510.76;512.26;PVC;PVC
3046000;511.09;512.58;PVC;PVC
3048000;511.74;513.24;PVC;PVC
3050000;512.33;513.83;PVC;PVC
3052000;511.71;513.20;PVC;PVC
3054000;509.98;511.48;PVC;PVC
3056000;510.27;511.76;PVC;PVC
3058000;509.29;510.78;PVC;PVC
3060000;511.43;512.92;PVC;PVC
3062000;509.71;511.20;PVC;PVC
3064000;509.69;511.19;PVC;PVC
3066000;510.27;511.77;PVC;PVC
3068000;509.99;511.49;PVC;PVC
3070000;509.53;511.02;PVC;PVC
3072000;510.59;512.08;PVC;PVC
3074000;510.18;511.66;PVC;PVC
3076000;511.63;513.12;PVC;PVC
3078000;510.72;512.21;PVC;PVC
3080000;510.29;511.78;PVC;PVC
3082000;510.00;511.48;PVC;PVC
3084000;509.43;510.92;PVC;PVC
3086000;510.12;511.61;PVC;PVC
3088000;511.80;513.28;PVC;PVC
3090000;510.96;512.45;PVC;PVC
3092000;512.78;514.26;PVC;PVC
3094000;511.01;512.49;PVC;PVC
3096000;509.67;511.16;PVC;PVC
3098000;511.54;513.02;PVC;PVC
3100000;509.28;510.77;PVC;PVC
3102000;512.27;513.75;PVC;PVC
3104000;510.84;512.32;PVC;PVC
3106000;510.24;511.72;PVC;PVC
3108000;510.61;512.09;PVC;PVC
3110000;509.76;511.23;PVC;PVC
3112000;510.43;511.91;PVC;PVC
3114000;509.86;511.34;PVC;PVC
3116000;509.18;510.66;PVC;PVC
3118000;511.97;513.45;PVC;PVC
3120000;511.76;513.23;PVC;PVC
3122000;511.49;512.97;PVC;PVC
3124000;511.13;512.61;PVC;PVC
3126000;511.74;513.21;PVC;PVC
3128000;511.22;512.69;PVC;PVC
3130000;510.22;511.69;PVC;PVC
3132000;510.50;511.97;PVC;PVC
3134000;508.13;509.60;PVC;PVC
3136000;510.46;511.93;PVC;PVC
3138000;512.29;513.76;PVC;PVC
3140000;511.18;512.65;PVC;PVC
3142000;510.36;511.82;PVC;PVC
3144000;509.91;511.37;PVC;PVC
3146000;510.47;511.93;PVC;PVC
3148000;512.49;513.95;PVC;PVC
3150000;510.45;511.91;PVC;PVC
3152000;506.85;508.30;PVC;PVC
3154000;511.54;513.00;PVC;PVC
3156000;510.35;511.80;PVC;PVC
3158000;512.39;513.85;PVC;PVC
3160000;511.62;513.07;PVC;PVC
3162000;509.12;510.57;PVC;PVC
3164000;511.16;512.61;PVC;PVC
3166000;510.05;511.50;PVC;PVC
3168000;511.80;513.25;PVC;PVC
3170000;510.97;512.42;PVC;PVC
3172000;508.88;510.33;PVC;PVC
3174000;508.26;509.71;PVC;PVC
3176000;513.95;515.39;PVC;PVC
3178000;509.78;511.22;PVC;PVC
3180000;510.62;512.06;PVC;PVC
3182000;510.70;512.14;PVC;PVC
3184000;510.19;511.63;PVC;PVC
3186000;509.94;511.38;PVC;PVC
3188000;510.07;511.50;PVC;PVC
3190000;510.03;511.46;PVC;PVC
3192000;510.47;511.90;PVC;PVC
3194000;510.54;511.97;PVC;PVC
3196000;511.95;513.38;PVC;PVC
3198000;509.39;510.82;PVC;PVC
3200000;513.30;514.73;PVC;PVC
3202000;511.66;513.09;PVC;PVC
3204000;511.33;512.75;PVC;PVC
3206000;509.71;511.14;PVC;PVC
3208000;508.64;510.06;PVC;PVC
3210000;511.96;513.38;PVC;PVC
3212000;510.41;511.82;PVC;PVC
3214000;508.52;509.94;PVC;PVC
3216000;510.31;511.72;PVC;PVC
3218000;512.17;513.59;PVC;PVC
3220000;510.13;511.54;PVC;PVC
3222000;508.33;509.74;PVC;PVC
3224000;510.87;512.27;PVC;PVC
3226000;509.42;510.83;PVC;PVC
3228000;511.50;512.90;PVC;PVC
3230000;511.09;512.49;PVC;PVC
3232000;509.67;511.07;PVC;PVC
3234000;508.03;509.43;PVC;PVC
3236000;512.12;513.52;PVC;PVC
3238000;510.85;512.25;PVC;PVC
3240000;509.33;510.72;PVC;PVC
3242000;510.68;512.07;PVC;PVC
3244000;510.97;512.36;PVC;PVC
3246000;510.80;512.19;PVC;PVC
3248000;510.13;511.51;PVC;PVC
3250000;509.01;510.39;PVC;PVC
3252000;509.72;511.10;PVC;PVC
3254000;509.84;511.23;PVC;PVC
3256000;509.61;510.99;PVC;PVC
3258000;508.48;509.86;PVC;PVC
3260000;510.01;511.39;PVC;PVC
3262000;509.31;510.69;PVC;PVC
3264000;510.80;512.17;PVC;PVC
3266000;509.73;511.10;PVC;PVC
3268000;511.79;513.16;PVC;PVC
3270000;510.06;511.42;PVC;PVC
3272000;511.03;512.39;PVC;PVC
3274000;511.50;512.86;PVC;PVC
3276000;509.89;511.26;PVC;PVC
3278000;511.70;513.06;PVC;PVC
3280000;511.27;512.62;PVC;PVC
3282000;510.63;511.99;PVC;PVC
3284000;512.08;513.43;PVC;PVC
3286000;509.56;510.91;PVC;PVC
3288000;510.59;511.94;PVC;PVC
3290000;509.14;510.49;PVC;PVC
3292000;510.97;512.31;PVC;PVC
3294000;508.21;509.55;PVC;PVC
3296000;509.53;510.87;PVC;PVC
3298000;511.70;513.04;PVC;PVC
3300000;511.26;512.60;PVC;PVC
3302000;511.01;512.34;PVC;PVC
3304000;509.72;511.05;PVC;PVC
3306000;512.18;513.51;PVC;PVC
3308000;509.41;510.74;PVC;PVC
3310000;510.91;512.23;PVC;PVC
3312000;510.37;511.70;PVC;PVC
3314000;511.74;513.06;PVC;PVC
3316000;511.14;512.46;PVC;PVC
3318000;512.86;514.18;PVC;PVC
3320000;510.56;511.87;PVC;PVC
3322000;509.54;510.85;PVC;PVC
3324000;511.48;512.79;PVC;PVC
3326000;510.63;511.94;PVC;PVC
3328000;510.66;511.97;PVC;PVC
3330000;511.47;512.77;PVC;PVC
3332000;509.21;510.51;PVC;PVC
3334000;510.53;511.83;PVC;PVC
3336000;509.82;511.11;PVC;PVC
3338000;509.78;511.07;PVC;PVC
3340000;510.68;511.97;PVC;PVC
3342000;513.10;514.39;PVC;PVC
3344000;510.42;511.71;PVC;PVC
3346000;511.20;512.49;PVC;PVC
3348000;512.19;513.47;PVC;PVC
3350000;511.07;512.35;PVC;PVC
3352000;511.67;512.95;PVC;PVC
3354000;509.71;510.99;PVC;PVC
3356000;509.56;510.83;PVC;PVC
3358000;509.48;510.75;PVC;PVC
3360000;511.07;512.33;PVC;PVC
3362000;512.51;513.77;PVC;PVC
3364000;509.48;510.74;PVC;PVC
3366000;509.39;510.65;PVC;PVC
3368000;512.07;513.32;PVC;PVC
3370000;510.56;511.81;PVC;PVC
3372000;510.74;511.99;PVC;PVC
3374000;509.61;510.86;PVC;PVC
3376000;511.67;512.91;PVC;PVC
3378000;509.63;510.88;PVC;PVC
3380000;511.79;513.03;PVC;PVC
3382000;510.71;511.94;PVC;PVC
3384000;512.69;513.93;PVC;PVC
3386000;510.69;511.92;PVC;PVC
3388000;510.50;511.73;PVC;PVC
3390000;512.83;514.05;PVC;PVC
3392000;512.84;514.07;PVC;PVC
3394000;510.95;512.17;PVC;PVC
3396000;511.47;512.68;PVC;PVC
3398000;512.61;513.83;PVC;PVC
3400000;509.94;511.16;PVC;PVC
3402000;508.56;509.77;PVC;PVC
3404000;512.95;514.16;PVC;PVC
3406000;512.20;513.41;PVC;PVC
3408000;513.26;514.46;PVC;PVC
3410000;511.09;512.29;PVC;PVC
3412000;510.00;511.20;PVC;PVC
3414000;509.98;511.17;PVC;PVC
3416000;510.21;511.40;PVC;PVC
3418000;511.66;512.85;PVC;PVC
3420000;511.72;512.91;PVC;PVC
3422000;511.97;513.15;PVC;PVC
3424000;510.68;511.86;PVC;PVC
3426000;511.94;513.11;PVC;PVC
3428000;512.41;513.59;PVC;PVC
3430000;508.61;509.78;PVC;PVC
3432000;509.13;510.29;PVC;PVC
3434000;510.96;512.12;PVC;PVC
3436000;511.04;512.20;PVC;PVC
3438000;510.57;511.73;PVC;PVC
3440000;511.31;512.47;PVC;PVC
3442000;512.23;513.38;PVC;PVC
3444000;509.73;510.88;PVC;PVC
3446000;510.46;511.61;PVC;PVC
3448000;507.78;508.92;PVC;PVC
3450000;512.30;513.44;PVC;PVC
3452000;511.08;512.22;PVC;PVC
3454000;509.93;511.07;PVC;PVC
3456000;513.29;514.42;PVC;PVC
3458000;511.67;512.80;PVC;PVC
3460000;510.26;511.38;PVC;PVC
3462000;510.21;511.33;PVC;PVC
3464000;511.23;512.35;PVC;PVC
3466000;511.11;512.22;PVC;PVC
3468000;510.56;511.67;PVC;PVC
3470000;512.64;513.75;PVC;PVC
3472000;509.39;510.49;PVC;PVC
3474000;511.53;512.63;PVC;PVC
3476000;510.23;511.33;PVC;PVC
3478000;510.98;512.08;PVC;PVC
3480000;511.71;512.81;PVC;PVC
3482000;510.81;511.90;PVC;PVC
3484000;511.39;512.48;PVC;PVC
3486000;509.96;511.05;PVC;PVC
3488000;508.86;509.94;PVC;PVC
3490000;510.14;511.22;PVC;PVC
3492000;511.35;512.42;PVC;PVC
3494000;510.05;511.12;PVC;PVC
3496000;510.07;511.14;PVC;PVC
3498000;511.69;512.76;PVC;PVC
3500000;511.20;512.26;PVC;PVC
3502000;512.13;513.18;PVC;PVC
3504000;509.41;510.46;PVC;PVC
3506000;511.30;512.35;PVC;PVC
3508000;511.38;512.43;PVC;PVC
3510000;509.99;511.03;PVC;PVC
3512000;510.01;511.05;PVC;PVC
3514000;511.18;512.22;PVC;PVC
3516000;509.29;510.32;PVC;PVC
3518000;511.17;512.20;PVC;PVC
3520000;509.04;510.07;PVC;PVC
3522000;508.13;509.15;PVC;PVC
3524000;512.97;513.98;PVC;PVC
3526000;511.29;512.31;PVC;PVC
3528000;510.16;511.17;PVC;PVC
3530000;510.24;511.25;PVC;PVC
3532000;511.85;512.85;PVC;PVC
3534000;512.43;513.43;PVC;PVC
3536000;510.47;511.46;PVC;PVC
3538000;509.13;510.13;PVC;PVC
3540000;511.73;512.72;PVC;PVC
3542000;510.00;510.98;PVC;PVC
3544000;512.52;513.51;PVC;PVC
3546000;513.03;514.02;PVC;PVC
3548000;510.25;511.23;PVC;PVC
3550000;512.02;513.00;PVC;PVC
3552000;510.24;511.21;PVC;PVC
3554000;512.75;513.72;PVC;PVC
3556000;510.13;511.10;PVC;PVC
3558000;511.63;512.59;PVC;PVC
3560000;509.76;510.71;PVC;PVC
3562000;511.11;512.06;PVC;PVC
3564000;510.61;511.56;PVC;PVC
3566000;514.62;515.57;PVC;PVC
3568000;512.49;513.43;PVC;PVC
3570000;510.24;511.18;PVC;PVC
3572000;512.08;513.02;PVC;PVC
3574000;511.53;512.46;PVC;PVC
3576000;512.20;513.13;PVC;PVC
3578000;513.37;514.29;PVC;PVC
3580000;510.80;511.72;PVC;PVC
3582000;509.66;510.58;PVC;PVC
3584000;512.67;513.58;PVC;PVC
3586000;511.32;512.23;PVC;PVC
3588000;510.59;511.50;PVC;PVC
3590000;510.53;511.43;PVC;PVC
3592000;510.34;511.23;PVC;PVC
3594000;511.02;511.91;PVC;PVC
3596000;511.56;512.45;PVC;PVC
3598000;510.67;511.56;PVC;PVC
3600000;511.61;512.49;PVC;PVC
3602000;510.50;511.38;PVC;PVC
3604000;511.04;511.92;PVC;PVC
3606000;509.88;510.75;PVC;PVC
3608000;512.20;513.07;PVC;PVC
3610000;512.08;512.94;PVC;PVC
3612000;512.11;512.97;PVC;PVC
3614000;510.98;511.84;PVC;PVC
3616000;511.91;512.77;PVC;PVC
3618000;510.18;511.03;PVC;PVC
3620000;511.82;512.67;PVC;PVC
3622000;510.24;511.08;PVC;PVC
3624000;512.08;512.91;PVC;PVC
3626000;511.30;512.13;PVC;PVC
3628000;511.16;511.99;PVC;PVC
3630000;510.20;511.03;PVC;PVC
3632000;510.79;511.61;PVC;PVC
3634000;510.63;511.45;PVC;PVC
3636000;512.19;513.00;PVC;PVC
3638000;513.78;514.59;PVC;PVC
3640000;512.18;512.98;PVC;PVC
3642000;509.22;510.02;PVC;PVC
3644000;511.70;512.49;PVC;PVC
3646000;509.80;510.59;PVC;PVC
3648000;512.36;513.15;PVC;PVC
3650000;510.08;510.86;PVC;PVC
3652000;513.17;513.95;PVC;PVC
3654000;512.20;512.97;PVC;PVC
3656000;513.08;513.85;PVC;PVC
3658000;511.79;512.56;PVC;PVC
3660000;509.64;510.41;PVC;PVC
3662000;511.48;512.24;PVC;PVC
3664000;511.47;512.23;PVC;PVC
3666000;509.21;509.96;PVC;PVC
3668000;512.18;512.92;PVC;PVC
3670000;511.87;512.61;PVC;PVC
3672000;511.10;511.84;PVC;PVC
3674000;512.32;513.05;PVC;PVC
3676000;511.89;512.62;PVC;PVC
3678000;510.45;511.18;PVC;PVC
3680000;512.08;512.80;PVC;PVC
3682000;510.72;511.43;PVC;PVC
3684000;511.13;511.84;PVC;PVC
3686000;510.53;511.24;PVC;PVC
3688000;511.33;512.03;PVC;PVC
3690000;510.22;510.93;PVC;PVC
3692000;512.64;513.33;PVC;PVC
3694000;512.24;512.93;PVC;PVC
3696000;508.95;509.64;PVC;PVC
3698000;512.81;513.50;PVC;PVC
3700000;511.86;512.54;PVC;PVC
3702000;510.97;511.64;PVC;PVC
3704000;510.42;511.09;PVC;PVC
3706000;510.93;511.60;PVC;PVC
3708000;511.01;511.67;PVC;PVC
3710000;510.13;510.79;PVC;PVC
3712000;511.50;512.15;PVC;PVC
3714000;511.98;512.63;PVC;PVC
3716000;512.32;512.97;PVC;PVC
3718000;512.60;513.24;PVC;PVC
3720000;511.56;512.20;PVC;PVC
3722000;512.10;512.73;PVC;PVC
3724000;512.13;512.76;PVC;PVC
3726000;510.47;511.10;PVC;PVC
3728000;512.14;512.76;PVC;PVC
3730000;514.06;514.68;PVC;PVC
3732000;510.71;511.32;PVC;PVC
3734000;510.74;511.35;PVC;PVC
3736000;511.79;512.39;PVC;PVC
3738000;512.31;512.91;PVC;PVC
3740000;511.44;512.03;PVC;PVC
3742000;510.46;511.05;PVC;PVC
3744000;511.36;511.95;PVC;PVC
3746000;510.58;511.17;PVC;PVC
3748000;509.08;509.66;PVC;PVC
3750000;510.77;511.34;PVC;PVC
3752000;511.47;512.04;PVC;PVC
3754000;512.05;512.61;PVC;PVC
3756000;512.36;512.92;PVC;PVC
3758000;512.87;513.42;PVC;PVC
3760000;511.57;512.13;PVC;PVC
3762000;511.45;511.99;PVC;PVC
3764000;510.14;510.68;PVC;PVC
3766000;511.57;512.11;PVC;PVC
3768000;511.50;512.04;PVC;PVC
3770000;512.22;512.75;PVC;PVC
3772000;510.92;511.45;PVC;PVC
3774000;512.91;513.43;PVC;PVC
3776000;511.60;512.12;PVC;PVC
3778000;510.19;510.70;PVC;PVC
3780000;512.08;512.59;PVC;PVC
3782000;512.19;512.69;PVC;PVC
3784000;511.98;512.48;PVC;PVC
3786000;511.05;511.55;PVC;PVC
3788000;510.63;511.12;PVC;PVC
3790000;509.11;509.60;PVC;PVC
3792000;510.31;510.79;PVC;PVC
3794000;511.03;511.51;PVC;PVC
3796000;511.05;511.52;PVC;PVC
3798000;514.31;514.78;PVC;PVC
3800000;511.58;512.04;PVC;PVC
3802000;509.86;510.32;PVC;PVC
3804000;512.25;512.70;PVC;PVC
3806000;509.63;510.08;PVC;PVC
3808000;510.76;511.21;PVC;PVC
3810000;511.75;512.19;PVC;PVC
3812000;512.92;513.35;PVC;PVC
3814000;513.12;513.55;PVC;PVC
3816000;510.24;510.66;PVC;PVC
3818000;512.36;512.79;PVC;PVC
3820000;511.90;512.32;PVC;PVC
3822000;509.69;510.11;PVC;PVC
3824000;511.56;511.97;PVC;PVC
3826000;513.17;513.58;PVC;PVC
3828000;510.77;511.17;PVC;PVC
3830000;512.22;512.61;PVC;PVC
3832000;511.51;511.90;PVC;PVC
3834000;511.08;511.46;PVC;PVC
3836000;512.58;512.96;PVC;PVC
3838000;510.09;510.46;PVC;PVC
3840000;511.20;511.57;PVC;PVC
3842000;510.97;511.34;PVC;PVC
3844000;511.57;511.94;PVC;PVC
3846000;511.41;511.77;PVC;PVC
3848000;512.55;512.91;PVC;PVC
3850000;512.76;513.11;PVC;PVC
3852000;513.40;513.75;PVC;PVC
3854000;510.87;511.21;PVC;PVC
3856000;511.16;511.49;PVC;PVC
3858000;509.51;509.84;PVC;PVC
3860000;512.29;512.62;PVC;PVC
3862000;511.35;511.67;PVC;PVC
3864000;512.12;512.43;PVC;PVC
3866000;511.59;511.91;PVC;PVC
3868000;510.96;511.26;PVC;PVC
3870000;512.39;512.69;PVC;PVC
3872000;511.90;512.20;PVC;PVC
3874000;512.45;512.75;PVC;PVC
3876000;512.18;512.47;PVC;PVC
3878000;512.16;512.44;PVC;PVC
3880000;512.73;513.02;PVC;PVC
3882000;511.16;511.43;PVC;PVC
3884000;512.48;512.76;PVC;PVC
3886000;510.56;510.82;PVC;PVC
3888000;510.32;510.58;PVC;PVC
3890000;513.32;513.58;PVC;PVC
3892000;513.34;513.59;PVC;PVC
3894000;512.39;512.64;PVC;PVC
3896000;514.11;514.36;PVC;PVC
3898000;511.46;511.70;PVC;PVC
3900000;512.47;512.71;PVC;PVC
3902000;510.18;510.41;PVC;PVC
3904000;510.08;510.31;PVC;PVC
3906000;511.98;512.20;PVC;PVC
3908000;511.02;511.24;PVC;PVC
3910000;510.63;510.84;PVC;PVC
3912000;511.93;512.14;PVC;PVC
3914000;512.69;512.89;PVC;PVC
3916000;511.78;511.98;PVC;PVC
3918000;511.45;511.64;PVC;PVC
3920000;513.21;513.40;PVC;PVC
3922000;513.98;514.16;PVC;PVC
3924000;511.10;511.28;PVC;PVC
3926000;512.76;512.93;PVC;PVC
3928000;510.74;510.90;PVC;PVC
3930000;512.11;512.28;PVC;PVC
3932000;512.67;512.83;PVC;PVC
3934000;512.60;512.76;PVC;PVC
3936000;511.13;511.28;PVC;PVC
3938000;511.30;511.44;PVC;PVC
3940000;511.89;512.03;PVC;PVC
3942000;511.39;511.53;PVC;PVC
3944000;512.52;512.65;PVC;PVC
3946000;509.14;509.26;PVC;PVC
3948000;512.47;512.59;PVC;PVC
3950000;510.31;510.43;PVC;PVC
3952000;512.03;512.15;PVC;PVC
3954000;513.26;513.37;PVC;PVC
3956000;511.93;512.03;PVC;PVC
3958000;512.10;512.20;PVC;PVC
3960000;512.30;512.40;PVC;PVC
3962000;512.58;512.67;PVC;PVC
3964000;512.30;512.39;PVC;PVC
3966000;511.55;511.63;PVC;PVC
3968000;511.43;511.51;PVC;PVC
3970000;511.18;511.25;PVC;PVC
3972000;510.77;510.84;PVC;PVC
3974000;514.59;514.66;PVC;PVC
3976000;514.07;514.12;PVC;PVC
3978000;509.50;509.55;PVC;PVC
3980000;511.66;511.71;PVC;PVC
3982000;511.74;511.78;PVC;PVC
3984000;510.55;510.58;PVC;PVC
3986000;511.29;511.32;PVC;PVC
3988000;512.54;512.57;PVC;PVC
3990000;510.85;510.87;PVC;PVC
3992000;511.39;511.40;PVC;PVC
3994000;514.13;514.14;PVC;PVC
3996000;509.24;509.25;PVC;PVC
3998000;509.94;509.94;PVC;PVC
4000000;512.69;512.69;PVC;PVC
4002000;510.81;510.81;PVC;PVC
4004000;511.08;511.07;PVC;PVC
4006000;513.31;513.30;PVC;PVC
4008000;510.69;510.67;PVC;PVC
4010000;512.31;512.28;PVC;PVC
4012000;513.84;513.81;PVC;PVC
4014000;514.05;514.02;PVC;PVC
4016000;512.54;512.51;PVC;PVC
4018000;512.63;512.59;PVC;PVC
4020000;513.59;513.54;PVC;PVC
4022000;512.01;511.95;PVC;PVC
4024000;511.68;511.62;PVC;PVC
4026000;512.94;512.88;PVC;PVC
4028000;513.01;512.95;PVC;PVC
4030000;513.02;512.95;PVC;PVC
4032000;511.14;511.07;PVC;PVC
4034000;512.45;512.37;PVC;PVC
4036000;514.09;514.00;PVC;PVC
4038000;512.36;512.27;PVC;PVC
4040000;510.62;510.53;PVC;PVC
4042000;510.53;510.43;PVC;PVC
4044000;510.07;509.97;PVC;PVC
4046000;510.28;510.17;PVC;PVC
4048000;511.89;511.77;PVC;PVC
4050000;510.01;509.89;PVC;PVC
4052000;511.54;511.42;PVC;PVC
4054000;513.03;512.90;PVC;PVC
4056000;510.18;510.04;PVC;PVC
4058000;513.57;513.43;PVC;PVC
4060000;512.06;511.92;PVC;PVC
4062000;515.00;514.85;PVC;PVC
4064000;511.72;511.57;PVC;PVC
4066000;511.65;511.49;PVC;PVC
4068000;512.21;512.05;PVC;PVC
4070000;512.56;512.39;PVC;PVC
4072000;511.26;511.09;PVC;PVC
4074000;509.78;509.61;PVC;PVC
4076000;512.49;512.32;PVC;PVC
4078000;512.81;512.62;PVC;PVC
4080000;511.31;511.12;PVC;PVC
4082000;510.55;510.36;PVC;PVC
4084000;513.60;513.40;PVC;PVC
4086000;511.10;510.90;PVC;PVC
4088000;512.35;512.15;PVC;PVC
4090000;512.17;511.96;PVC;PVC
4092000;512.97;512.76;PVC;PVC
4094000;514.06;513.84;PVC;PVC
4096000;512.77;512.54;PVC;PVC
4098000;513.13;512.90;PVC;PVC
4100000;514.00;513.77;PVC;PVC
4102000;512.83;512.59;PVC;PVC
4104000;513.63;513.39;PVC;PVC
4106000;513.80;513.55;PVC;PVC
4108000;513.33;513.08;PVC;PVC
4110000;512.93;512.67;PVC;PVC
4112000;511.53;511.27;PVC;PVC
4114000;510.77;510.50;PVC;PVC
4116000;513.43;513.16;PVC;PVC
4118000;513.04;512.76;PVC;PVC
4120000;513.36;513.08;PVC;PVC
4122000;510.46;510.17;PVC;PVC
4124000;514.74;514.45;PVC;PVC
4126000;512.96;512.66;PVC;PVC
4128000;511.30;511.01;PVC;PVC
4130000;512.33;512.03;PVC;PVC
4132000;509.62;509.31;PVC;PVC
4134000;513.25;512.93;PVC;PVC
4136000;509.39;509.07;PVC;PVC
4138000;514.30;513.97;PVC;PVC
4140000;513.06;512.73;PVC;PVC
4142000;513.86;513.53;PVC;PVC
4144000;512.60;512.27;PVC;PVC
4146000;514.10;513.76;PVC;PVC
4148000;513.08;512.73;PVC;PVC
4150000;513.02;512.67;PVC;PVC
4152000;513.11;512.75;PVC;PVC
4154000;511.85;511.49;PVC;PVC
4156000;511.37;511.00;PVC;PVC
4158000;513.65;513.28;PVC;PVC
4160000;511.60;511.23;PVC;PVC
4162000;513.18;512.80;PVC;PVC
4164000;512.81;512.43;PVC;PVC
4166000;514.27;513.88;PVC;PVC
4168000;513.42;513.03;PVC;PVC
4170000;510.84;510.44;PVC;PVC
4172000;511.32;510.92;PVC;PVC
4174000;512.82;512.41;PVC;PVC
4176000;513.91;513.50;PVC;PVC
4178000;511.33;510.91;PVC;PVC
4180000;512.95;512.53;PVC;PVC
4182000;511.08;510.65;PVC;PVC
4184000;514.03;513.60;PVC;PVC
4186000;511.07;510.64;PVC;PVC
4188000;510.86;510.43;PVC;PVC
4190000;510.33;509.89;PVC;PVC
4192000;514.38;513.94;PVC;PVC
4194000;512.67;512.22;PVC;PVC
4196000;512.54;512.09;PVC;PVC
4198000;511.59;511.13;PVC;PVC
4200000;512.60;512.14;PVC;PVC
4202000;513.79;513.33;PVC;PVC
4204000;511.60;511.13;PVC;PVC
4206000;510.18;509.70;PVC;PVC
4208000;511.32;510.84;PVC;PVC
4210000;510.68;510.20;PVC;PVC
4212000;512.20;511.71;PVC;PVC
4214000;511.20;510.71;PVC;PVC
4216000;512.55;512.05;PVC;PVC
4218000;511.04;510.54;PVC;PVC
4220000;509.03;508.52;PVC;PVC
4222000;513.32;512.81;PVC;PVC
4224000;511.73;511.22;PVC;PVC
4226000;512.05;511.53;PVC;PVC
4228000;514.41;513.89;PVC;PVC
4230000;511.95;511.42;PVC;PVC
4232000;511.97;511.44;PVC;PVC
4234000;510.77;510.23;PVC;PVC
4236000;510.58;510.04;PVC;PVC
4238000;512.20;511.65;PVC;PVC
4240000;513.08;512.53;PVC;PVC
4242000;511.57;511.01;PVC;PVC
4244000;510.22;509.66;PVC;PVC
4246000;512.45;511.89;PVC;PVC
4248000;510.80;510.23;PVC;PVC
4250000;512.29;511.71;PVC;PVC
4252000;513.50;512.92;PVC;PVC
4254000;512.78;512.20;PVC;PVC
4256000;512.10;511.51;PVC;PVC
4258000;512.04;511.45;PVC;PVC
4260000;513.75;513.15;PVC;PVC
4262000;514.03;513.43;PVC;PVC
4264000;512.31;511.71;PVC;PVC
4266000;512.25;511.64;PVC;PVC
4268000;512.26;511.64;PVC;PVC
4270000;514.11;513.49;PVC;PVC
4272000;512.47;511.85;PVC;PVC
4274000;513.82;513.19;PVC;PVC
4276000;511.85;511.22;PVC;PVC
4278000;510.00;509.36;PVC;PVC
4280000;511.89;511.25;PVC;PVC
4282000;512.99;512.35;PVC;PVC
4284000;510.65;510.00;PVC;PVC
4286000;512.33;511.68;PVC;PVC
4288000;512.86;512.21;PVC;PVC
4290000;512.50;511.84;PVC;PVC
4292000;513.26;512.59;PVC;PVC
4294000;512.66;511.99;PVC;PVC
4296000;513.24;512.57;PVC;PVC
4298000;511.57;510.90;PVC;PVC
4300000;513.71;513.03;PVC;PVC
4302000;512.73;512.05;PVC;PVC
4304000;513.43;512.74;PVC;PVC
4306000;512.28;511.59;PVC;PVC
4308000;513.02;512.32;PVC;PVC
4310000;514.51;513.81;PVC;PVC
4312000;511.82;511.12;PVC;PVC
4314000;513.08;512.37;PVC;PVC
4316000;512.74;512.03;PVC;PVC
4318000;512.33;511.61;PVC;PVC
4320000;511.33;510.60;PVC;PVC
4322000;513.51;512.78;PVC;PVC
4324000;512.88;512.15;PVC;PVC
4326000;512.77;512.03;PVC;PVC
4328000;511.39;510.65;PVC;PVC
4330000;511.27;510.53;PVC;PVC
4332000;511.76;511.01;PVC;PVC
4334000;514.75;514.00;PVC;PVC
4336000;511.75;510.99;PVC;PVC
4338000;513.71;512.96;PVC;PVC
4340000;513.63;512.86;PVC;PVC
4342000;511.58;510.81;PVC;PVC
4344000;514.05;513.28;PVC;PVC
4346000;512.52;511.74;PVC;PVC
4348000;512.79;512.01;PVC;PVC
4350000;513.01;512.23;PVC;PVC
4352000;514.60;513.81;PVC;PVC
4354000;513.32;512.52;PVC;PVC
4356000;514.96;514.17;PVC;PVC
4358000;512.33;511.53;PVC;PVC
4360000;512.26;511.46;PVC;PVC
4362000;513.35;512.54;PVC;PVC
4364000;513.49;512.68;PVC;PVC
4366000;515.20;514.39;PVC;PVC
4368000;510.61;509.79;PVC;PVC
4370000;511.79;510.97;PVC;PVC
4372000;513.20;512.37;PVC;PVC
4374000;512.14;511.30;PVC;PVC
4376000;512.34;511.50;PVC;PVC
4378000;515.79;514.95;PVC;PVC
4380000;512.35;511.51;PVC;PVC
4382000;513.30;512.45;PVC;PVC
4384000;515.29;514.44;PVC;PVC
4386000;512.55;511.70;PVC;PVC
4388000;514.11;513.25;PVC;PVC
4390000;512.41;511.55;PVC;PVC
4392000;513.29;512.42;PVC;PVC
4394000;512.69;511.82;PVC;PVC
4396000;512.57;511.70;PVC;PVC
4398000;511.89;511.01;PVC;PVC
4400000;513.19;512.31;PVC;PVC
4402000;513.59;512.70;PVC;PVC
4404000;513.72;512.83;PVC;PVC
4406000;511.45;510.55;PVC;PVC
4408000;512.55;511.66;PVC;PVC
4410000;513.03;512.13;PVC;PVC
4412000;512.51;511.60;PVC;PVC
4414000;512.41;511.51;PVC;PVC
4416000;512.05;511.14;PVC;PVC
4418000;513.04;512.13;PVC;PVC
4420000;514.50;513.58;PVC;PVC
4422000;516.08;515.15;PVC;PVC
4424000;512.94;512.01;PVC;PVC
4426000;512.78;511.85;PVC;PVC
4428000;511.83;510.89;PVC;PVC
4430000;512.37;511.44;PVC;PVC
4432000;513.13;512.19;PVC;PVC
4434000;513.13;512.19;PVC;PVC
4436000;516.10;515.15;PVC;PVC
4438000;513.19;512.24;PVC;PVC
4440000;515.15;514.19;PVC;PVC
4442000;512.01;511.05;PVC;PVC
4444000;515.08;514.12;PVC;PVC
4446000;514.97;514.00;PVC;PVC
4448000;511.84;510.87;PVC;PVC
4450000;514.15;513.18;PVC;PVC
4452000;512.17;511.19;PVC;PVC
4454000;512.13;511.15;PVC;PVC
4456000;513.17;512.19;PVC;PVC
4458000;512.02;511.03;PVC;PVC
4460000;510.62;509.63;PVC;PVC
4462000;512.18;511.18;PVC;PVC
4464000;514.88;513.88;PVC;PVC
4466000;513.78;512.78;PVC;PVC
4468000;513.45;512.44;PVC;PVC
4470000;515.54;514.53;PVC;PVC
4472000;511.73;510.71;PVC;PVC
4474000;513.22;512.20;PVC;PVC
4476000;514.22;513.20;PVC;PVC
4478000;514.92;513.89;PVC;PVC
4480000;515.32;514.29;PVC;PVC
4482000;511.91;510.88;PVC;PVC
4484000;511.80;510.76;PVC;PVC
4486000;513.04;512.00;PVC;PVC
4488000;511.48;510.44;PVC;PVC
4490000;514.43;513.38;PVC;PVC
4492000;511.95;510.90;PVC;PVC
4494000;512.28;511.23;PVC;PVC
4496000;513.82;512.77;PVC;PVC
4498000;513.02;511.96;PVC;PVC
4500000;513.75;512.69;PVC;PVC
4502000;512.38;511.31;PVC;PVC
4504000;513.41;512.34;PVC;PVC
4506000;512.34;511.27;PVC;PVC
4508000;512.26;511.18;PVC;PVC
4510000;513.07;511.99;PVC;PVC
4512000;514.90;513.82;PVC;PVC
4514000;512.74;511.66;PVC;PVC
4516000;513.59;512.50;PVC;PVC
4518000;513.15;512.05;PVC;PVC
4520000;514.34;513.25;PVC;PVC
4522000;516.10;515.00;PVC;PVC
4524000;513.16;512.06;PVC;PVC
4526000;513.54;512.44;PVC;PVC
4528000;512.14;511.03;PVC;PVC
4530000;514.03;512.92;PVC;PVC
4532000;513.69;512.57;PVC;PVC
4534000;512.68;511.57;PVC;PVC
4536000;512.86;511.74;PVC;PVC
4538000;512.23;511.11;PVC;PVC
4540000;513.76;512.64;PVC;PVC
4542000;511.80;510.67;PVC;PVC
4544000;512.29;511.16;PVC;PVC
4546000;511.86;510.72;PVC;PVC
4548000;514.05;512.91;PVC;PVC
4550000;512.70;511.56;PVC;PVC
4552000;514.06;512.92;PVC;PVC
4554000;514.06;512.91;PVC;PVC
4556000;512.67;511.52;PVC;PVC
4558000;512.51;511.36;PVC;PVC
4560000;514.23;513.07;PVC;PVC
4562000;511.75;510.60;PVC;PVC
4564000;514.97;513.81;PVC;PVC
4566000;513.37;512.21;PVC;PVC
4568000;514.02;512.86;PVC;PVC
4570000;512.82;511.65;PVC;PVC
4572000;512.86;511.69;PVC;PVC
4574000;513.46;512.28;PVC;PVC
4576000;514.70;513.52;PVC;PVC
4578000;513.28;512.10;PVC;PVC
4580000;513.49;512.30;PVC;PVC
4582000;512.54;511.35;PVC;PVC
4584000;513.68;512.49;PVC;PVC
4586000;513.03;511.83;PVC;PVC
4588000;512.49;511.30;PVC;PVC
4590000;512.84;511.64;PVC;PVC
4592000;513.54;512.34;PVC;PVC
4594000;511.23;510.02;PVC;PVC
4596000;514.62;513.42;PVC;PVC
4598000;513.62;512.41;PVC;PVC
4600000;514.08;512.87;PVC;PVC
4602000;515.36;514.14;PVC;PVC
4604000;511.01;509.79;PVC;PVC
4606000;512.77;511.55;PVC;PVC
4608000;511.10;509.88;PVC;PVC
4610000;515.77;514.55;PVC;PVC
4612000;514.84;513.61;PVC;PVC
4614000;512.21;510.97;PVC;PVC
4616000;512.64;511.41;PVC;PVC
4618000;513.48;512.24;PVC;PVC
4620000;514.33;513.08;PVC;PVC
4622000;511.58;510.34;PVC;PVC
4624000;515.27;514.02;PVC;PVC
4626000;511.93;510.68;PVC;PVC
4628000;513.44;512.19;PVC;PVC
4630000;512.90;511.64;PVC;PVC
4632000;512.69;511.43;PVC;PVC
4634000;512.93;511.67;PVC;PVC
4636000;513.75;512.49;PVC;PVC
4638000;511.77;510.51;PVC;PVC
4640000;515.23;513.96;PVC;PVC
4642000;511.60;510.33;PVC;PVC
4644000;513.42;512.15;PVC;PVC
4646000;512.87;511.59;PVC;PVC
4648000;511.92;510.64;PVC;PVC
4650000;510.68;509.40;PVC;PVC
4652000;513.70;512.41;PVC;PVC
4654000;515.31;514.03;PVC;PVC
4656000;512.99;511.71;PVC;PVC
4658000;513.93;512.64;PVC;PVC
4660000;517.53;516.23;PVC;PVC
4662000;512.93;511.64;PVC;PVC
4664000;511.54;510.24;PVC;PVC
4666000;513.80;512.51;PVC;PVC
4668000;515.12;513.82;PVC;PVC
4670000;513.73;512.43;PVC;PVC
4672000;512.62;511.32;PVC;PVC
4674000;515.63;514.32;PVC;PVC
4676000;515.16;513.85;PVC;PVC
4678000;512.46;511.15;PVC;PVC
4680000;514.27;512.96;PVC;PVC
4682000;510.80;509.48;PVC;PVC
4684000;513.79;512.47;PVC;PVC
4686000;514.47;513.15;PVC;PVC
4688000;513.84;512.51;PVC;PVC
4690000;514.66;513.34;PVC;PVC
4692000;512.38;511.05;PVC;PVC
4694000;515.36;514.03;PVC;PVC
4696000;515.25;513.92;PVC;PVC
4698000;512.32;510.99;PVC;PVC
4700000;512.49;511.16;PVC;PVC
4702000;511.79;510.45;PVC;PVC
4704000;511.33;509.99;PVC;PVC
4706000;513.87;512.53;PVC;PVC
4708000;514.38;513.04;PVC;PVC
4710000;515.06;513.71;PVC;PVC
4712000;513.42;512.07;PVC;PVC
4714000;513.93;512.58;PVC;PVC
4716000;514.49;513.14;PVC;PVC
4718000;512.65;511.29;PVC;PVC
4720000;514.50;513.14;PVC;PVC
4722000;512.41;511.05;PVC;PVC
4724000;515.30;513.94;PVC;PVC
4726000;511.26;509.90;PVC;PVC
4728000;514.01;512.64;PVC;PVC
4730000;513.85;512.48;PVC;PVC
4732000;512.22;510.85;PVC;PVC
4734000;512.38;511.01;PVC;PVC
4736000;513.16;511.79;PVC;PVC
4738000;512.81;511.44;PVC;PVC
4740000;514.27;512.90;PVC;PVC
4742000;514.55;513.17;PVC;PVC
4744000;514.50;513.12;PVC;PVC
4746000;512.39;511.00;PVC;PVC
4748000;513.25;511.87;PVC;PVC
4750000;512.74;511.36;PVC;PVC
4752000;513.42;512.03;PVC;PVC
4754000;513.84;512.45;PVC;PVC
4756000;512.08;510.69;PVC;PVC
4758000;513.80;512.41;PVC;PVC
4760000;514.32;512.92;PVC;PVC
4762000;514.73;513.33;PVC;PVC
4764000;511.39;509.99;PVC;PVC
4766000;513.12;511.72;PVC;PVC
4768000;515.79;514.39;PVC;PVC
4770000;514.34;512.94;PVC;PVC
4772000;513.99;512.58;PVC;PVC
4774000;513.90;512.50;PVC;PVC
4776000;513.68;512.27;PVC;PVC
4778000;514.05;512.64;PVC;PVC
4780000;512.14;510.73;PVC;PVC
4782000;514.03;512.62;PVC;PVC
4784000;512.49;511.08;PVC;PVC
4786000;515.54;514.12;PVC;PVC
4788000;511.91;510.50;PVC;PVC
4790000;515.20;513.79;PVC;PVC
4792000;513.97;512.55;PVC;PVC
4794000;512.90;511.48;PVC;PVC
4796000;514.77;513.35;PVC;PVC
4798000;511.71;510.28;PVC;PVC
4800000;513.40;511.97;PVC;PVC
4802000;513.91;512.48;PVC;PVC
4804000;511.59;510.16;PVC;PVC
4806000;513.70;512.27;PVC;PVC
4808000;512.38;510.95;PVC;PVC
4810000;514.81;513.37;PVC;PVC
4812000;510.66;509.23;PVC;PVC
4814000;511.94;510.50;PVC;PVC
4816000;513.56;512.12;PVC;PVC
4818000;513.64;512.20;PVC;PVC
4820000;512.16;510.72;PVC;PVC
4822000;513.12;511.68;PVC;PVC
4824000;512.46;511.02;PVC;PVC
4826000;514.24;512.80;PVC;PVC
4828000;512.35;510.90;PVC;PVC
4830000;511.69;510.24;PVC;PVC
4832000;515.37;513.93;PVC;PVC
4834000;513.72;512.27;PVC;PVC
4836000;512.05;510.60;PVC;PVC
4838000;513.92;512.47;PVC;PVC
4840000;513.10;511.65;PVC;PVC
4842000;513.58;512.12;PVC;PVC
4844000;513.33;511.87;PVC;PVC
4846000;513.26;511.80;PVC;PVC
4848000;512.99;511.53;PVC;PVC
4850000;513.81;512.35;PVC;PVC
4852000;513.78;512.32;PVC;PVC
4854000;511.97;510.51;PVC;PVC
4856000;514.22;512.75;PVC;PVC
4858000;512.91;511.45;PVC;PVC
4860000;512.46;511.00;PVC;PVC
4862000;514.81;513.34;PVC;PVC
4864000;515.11;513.64;PVC;PVC
4866000;513.89;512.42;PVC;PVC
4868000;513.85;512.38;PVC;PVC
4870000;513.71;512.24;PVC;PVC
4872000;513.74;512.27;PVC;PVC
4874000;512.56;511.09;PVC;PVC
4876000;511.99;510.52;PVC;PVC
4878000;514.64;513.17;PVC;PVC
4880000;514.46;512.99;PVC;PVC
4882000;514.32;512.85;PVC;PVC
4884000;515.78;514.30;PVC;PVC
4886000;511.86;510.38;PVC;PVC
4888000;512.93;511.45;PVC;PVC
4890000;514.05;512.57;PVC;PVC
4892000;513.98;512.50;PVC;PVC
4894000;514.01;512.53;PVC;PVC
4896000;513.76;512.28;PVC;PVC
4898000;513.71;512.23;PVC;PVC
4900000;512.57;511.09;PVC;PVC
4902000;514.42;512.94;PVC;PVC
4904000;512.81;511.33;PVC;PVC
4906000;513.87;512.38;PVC;PVC
4908000;513.35;511.87;PVC;PVC
4910000;513.75;512.27;PVC;PVC
4912000;514.91;513.42;PVC;PVC
4914000;514.47;512.99;PVC;PVC
4916000;512.83;511.34;PVC;PVC
4918000;513.48;512.00;PVC;PVC
4920000;512.59;511.10;PVC;PVC
4922000;515.00;513.51;PVC;PVC
4924000;514.18;512.69;PVC;PVC
4926000;511.50;510.01;PVC;PVC
4928000;513.09;511.60;PVC;PVC
4930000;515.03;513.54;PVC;PVC
4932000;513.53;512.04;PVC;PVC
4934000;513.09;511.60;PVC;PVC
4936000;513.82;512.33;PVC;PVC
4938000;511.96;510.47;PVC;PVC
4940000;513.26;511.76;PVC;PVC
4942000;512.39;510.90;PVC;PVC
4944000;514.04;512.54;PVC;PVC
4946000;513.52;512.03;PVC;PVC
4948000;515.04;513.55;PVC;PVC
4950000;512.42;510.93;PVC;PVC
4952000;514.71;513.22;PVC;PVC
4954000;510.93;509.43;PVC;PVC
4956000;515.85;514.35;PVC;PVC
4958000;514.99;513.49;PVC;PVC
4960000;515.40;513.90;PVC;PVC
4962000;512.54;511.05;PVC;PVC
4964000;514.72;513.23;PVC;PVC
4966000;512.66;511.16;PVC;PVC
4968000;514.08;512.58;PVC;PVC
4970000;513.18;511.68;PVC;PVC
4972000;511.07;509.57;PVC;PVC
4974000;514.28;512.78;PVC;PVC
4976000;513.13;511.63;PVC;PVC
4978000;513.23;511.73;PVC;PVC
4980000;513.55;512.05;PVC;PVC
4982000;513.47;511.97;PVC;PVC
4984000;513.75;512.25;PVC;PVC
4986000;513.65;512.16;PVC;PVC
4988000;516.43;514.93;PVC;PVC
4990000;514.92;513.42;PVC;PVC
4992000;514.14;512.64;PVC;PVC
4994000;514.62;513.12;PVC;PVC
4996000;512.87;511.37;PVC;PVC
4998000;512.50;511.00;PVC;PVC
5000000;515.15;513.65;PVC;PVC
5002000;514.24;512.74;PVC;PVC
5004000;514.39;512.89;PVC;PVC
5006000;513.22;511.72;PVC;PVC
5008000;513.41;511.91;PVC;PVC
5010000;512.83;511.33;PVC;PVC
5012000;513.32;511.82;PVC;PVC
5014000;513.96;512.46;PVC;PVC
5016000;513.47;511.97;PVC;PVC
5018000;513.85;512.35;PVC;PVC
5020000;514.79;513.29;PVC;PVC
5022000;513.38;511.88;PVC;PVC
5024000;512.75;511.25;PVC;PVC
5026000;509.93;508.43;PVC;PVC
5028000;511.32;509.82;PVC;PVC
5030000;512.83;511.33;PVC;PVC
5032000;514.13;512.63;PVC;PVC
5034000;514.09;512.60;PVC;PVC
5036000;514.96;513.47;PVC;PVC
5038000;513.82;512.33;PVC;PVC
5040000;513.05;511.56;PVC;PVC
5042000;513.62;512.12;PVC;PVC
5044000;513.24;511.75;PVC;PVC
5046000;513.24;511.75;PVC;PVC
5048000;514.25;512.76;PVC;PVC
5050000;513.41;511.91;PVC;PVC
5052000;513.44;511.94;PVC;PVC
5054000;514.09;512.59;PVC;PVC
5056000;512.83;511.33;PVC;PVC
5058000;511.22;509.73;PVC;PVC
5060000;513.15;511.65;PVC;PVC
5062000;512.64;511.14;PVC;PVC
5064000;513.99;512.50;PVC;PVC
5066000;515.19;513.70;PVC;PVC
5068000;514.48;512.98;PVC;PVC
5070000;514.86;513.37;PVC;PVC
5072000;512.53;511.04;PVC;PVC
5074000;515.14;513.65;PVC;PVC
5076000;513.23;511.74;PVC;PVC
5078000;514.43;512.94;PVC;PVC
5080000;512.28;510.80;PVC;PVC
5082000;514.29;512.80;PVC;PVC
5084000;513.20;511.71;PVC;PVC
5086000;512.66;511.17;PVC;PVC
5088000;513.25;511.76;PVC;PVC
5090000;512.95;511.46;PVC;PVC
5092000;514.12;512.63;PVC;PVC
5094000;513.23;511.74;PVC;PVC
5096000;512.86;511.38;PVC;PVC
5098000;513.38;511.90;PVC;PVC
5100000;513.48;511.99;PVC;PVC
5102000;510.67;509.19;PVC;PVC
5104000;516.49;515.01;PVC;PVC
5106000;512.30;510.82;PVC;PVC
5108000;514.11;512.63;PVC;PVC
5110000;513.07;511.59;PVC;PVC
5112000;514.06;512.58;PVC;PVC
5114000;513.84;512.37;PVC;PVC
5116000;514.29;512.81;PVC;PVC
5118000;513.00;511.53;PVC;PVC
5120000;513.69;512.21;PVC;PVC
5122000;516.06;514.59;PVC;PVC
5124000;513.37;511.89;PVC;PVC
5126000;512.38;510.91;PVC;PVC
5128000;513.26;511.79;PVC;PVC
5130000;513.75;512.28;PVC;PVC
5132000;512.45;510.98;PVC;PVC
5134000;511.74;510.28;PVC;PVC
5136000;513.64;512.18;PVC;PVC
5138000;515.38;513.92;PVC;PVC
5140000;513.69;512.23;PVC;PVC
5142000;514.78;513.32;PVC;PVC
5144000;513.14;511.67;PVC;PVC
5146000;513.97;512.51;PVC;PVC
5148000;513.94;512.48;PVC;PVC
5150000;514.49;513.03;PVC;PVC
5152000;511.17;509.72;PVC;PVC
5154000;513.52;512.07;PVC;PVC
5156000;513.86;512.41;PVC;PVC
5158000;513.86;512.40;PVC;PVC
5160000;512.54;511.09;PVC;PVC
5162000;512.64;511.19;PVC;PVC
5164000;515.39;513.94;PVC;PVC
5166000;512.67;511.22;PVC;PVC
5168000;514.59;513.14;PVC;PVC
5170000;513.96;512.52;PVC;PVC
5172000;515.27;513.82;PVC;PVC
5174000;514.62;513.17;PVC;PVC
5176000;512.38;510.94;PVC;PVC
5178000;512.27;510.83;PVC;PVC
5180000;513.05;511.61;PVC;PVC
5182000;513.00;511.56;PVC;PVC
5184000;512.13;510.69;PVC;PVC
5186000;512.56;511.13;PVC;PVC
5188000;513.99;512.55;PVC;PVC
5190000;514.49;513.06;PVC;PVC
5192000;515.27;513.84;PVC;PVC
5194000;513.28;511.85;PVC;PVC
5196000;510.00;508.57;PVC;PVC
5198000;512.49;511.06;PVC;PVC
5200000;513.22;511.80;PVC;PVC
5202000;513.90;512.47;PVC;PVC
5204000;511.57;510.14;PVC;PVC
5206000;515.14;513.72;PVC;PVC
5208000;513.31;511.89;PVC;PVC
5210000;513.14;511.72;PVC;PVC
5212000;513.14;511.72;PVC;PVC
5214000;512.76;511.34;PVC;PVC
5216000;512.14;510.73;PVC;PVC
5218000;511.45;510.03;PVC;PVC
5220000;512.42;511.01;PVC;PVC
5222000;513.39;511.98;PVC;PVC
5224000;513.79;512.38;PVC;PVC
5226000;514.03;512.62;PVC;PVC
5228000;514.38;512.98;PVC;PVC
5230000;513.98;512.58;PVC;PVC
5232000;513.83;512.43;PVC;PVC
5234000;514.35;512.95;PVC;PVC
5236000;512.48;511.08;PVC;PVC
5238000;514.26;512.86;PVC;PVC
5240000;513.39;511.99;PVC;PVC
5242000;514.81;513.41;PVC;PVC
5244000;512.94;511.55;PVC;PVC
5246000;511.59;510.20;PVC;PVC
5248000;512.57;511.18;PVC;PVC
5250000;513.66;512.27;PVC;PVC
5252000;511.39;510.00;PVC;PVC
5254000;511.47;510.08;PVC;PVC
5256000;514.02;512.64;PVC;PVC
5258000;512.39;511.01;PVC;PVC
5260000;515.63;514.25;PVC;PVC
5262000;515.38;514.00;PVC;PVC
5264000;513.39;512.01;PVC;PVC
5266000;510.93;509.55;PVC;PVC
5268000;514.20;512.83;PVC;PVC
5270000;512.97;511.60;PVC;PVC
5272000;513.17;511.80;PVC;PVC
5274000;514.77;513.40;PVC;PVC
5276000;514.01;512.64;PVC;PVC
5278000;513.42;512.06;PVC;PVC
5280000;514.68;513.32;PVC;PVC
5282000;514.16;512.81;PVC;PVC
5284000;512.23;510.88;PVC;PVC
5286000;513.05;511.70;PVC;PVC
5288000;515.01;513.66;PVC;PVC
5290000;513.74;512.39;PVC;PVC
5292000;513.10;511.76;PVC;PVC
5294000;513.82;512.47;PVC;PVC
5296000;512.44;511.10;PVC;PVC
5298000;513.35;512.01;PVC;PVC
5300000;512.11;510.78;PVC;PVC
5302000;512.38;511.05;PVC;PVC
5304000;509.98;508.65;PVC;PVC
5306000;513.22;511.89;PVC;PVC
5308000;513.01;511.68;PVC;PVC
5310000;511.66;510.34;PVC;PVC
5312000;510.41;509.09;PVC;PVC
5314000;513.55;512.22;PVC;PVC
5316000;515.17;513.85;PVC;PVC
5318000;512.80;511.49;PVC;PVC
5320000;514.20;512.88;PVC;PVC
5322000;513.86;512.54;PVC;PVC
5324000;512.84;511.53;PVC;PVC
5326000;511.82;510.51;PVC;PVC
5328000;515.51;514.20;PVC;PVC
5330000;514.67;513.36;PVC;PVC
5332000;516.17;514.87;PVC;PVC
5334000;513.46;512.16;PVC;PVC
5336000;513.47;512.18;PVC;PVC
5338000;512.89;511.60;PVC;PVC
5340000;513.82;512.53;PVC;PVC
5342000;512.18;510.90;PVC;PVC
5344000;513.95;512.66;PVC;PVC
5346000;514.05;512.77;PVC;PVC
5348000;513.58;512.29;PVC;PVC
5350000;514.63;513.35;PVC;PVC
5352000;513.25;511.97;PVC;PVC
5354000;513.18;511.91;PVC;PVC
5356000;511.35;510.08;PVC;PVC
5358000;514.21;512.94;PVC;PVC
5360000;512.85;511.58;PVC;PVC
5362000;512.15;510.89;PVC;PVC
5364000;513.91;512.65;PVC;PVC
5366000;512.25;510.99;PVC;PVC
5368000;512.52;511.26;PVC;PVC
5370000;515.04;513.78;PVC;PVC
5372000;512.82;511.57;PVC;PVC
5374000;513.32;512.07;PVC;PVC
5376000;513.83;512.59;PVC;PVC
5378000;512.53;511.29;PVC;PVC
5380000;513.28;512.04;PVC;PVC
5382000;512.78;511.55;PVC;PVC
5384000;515.22;513.98;PVC;PVC
5386000;514.88;513.65;PVC;PVC
5388000;517.58;516.35;PVC;PVC
5390000;512.89;511.66;PVC;PVC
5392000;514.79;513.56;PVC;PVC
5394000;513.92;512.70;PVC;PVC
5396000;512.83;511.61;PVC;PVC
5398000;511.32;510.10;PVC;PVC
5400000;515.28;514.07;PVC;PVC
5402000;513.35;512.14;PVC;PVC
5404000;515.25;514.04;PVC;PVC
5406000;513.13;511.92;PVC;PVC
5408000;513.64;512.44;PVC;PVC
5410000;513.41;512.21;PVC;PVC
5412000;514.01;512.81;PVC;PVC
5414000;513.22;512.03;PVC;PVC
5416000;512.51;511.32;PVC;PVC
5418000;513.92;512.73;PVC;PVC
5420000;513.08;511.89;PVC;PVC
5422000;512.62;511.44;PVC;PVC
5424000;514.89;513.71;PVC;PVC
5426000;513.59;512.41;PVC;PVC
5428000;514.41;513.24;PVC;PVC
5430000;512.64;511.47;PVC;PVC
5432000;513.13;511.96;PVC;PVC
5434000;512.68;511.52;PVC;PVC
5436000;512.86;511.69;PVC;PVC
5438000;512.91;511.75;PVC;PVC
5440000;511.59;510.43;PVC;PVC
5442000;513.67;512.51;PVC;PVC
5444000;512.53;511.38;PVC;PVC
5446000;511.81;510.66;PVC;PVC
5448000;514.39;513.25;PVC;PVC
5450000;512.72;511.58;PVC;PVC
5452000;511.42;510.29;PVC;PVC
5454000;515.62;514.49;PVC;PVC
5456000;513.40;512.27;PVC;PVC
5458000;513.46;512.34;PVC;PVC
5460000;512.64;511.52;PVC;PVC
5462000;513.64;512.52;PVC;PVC
5464000;513.09;511.97;PVC;PVC
5466000;510.00;508.89;PVC;PVC
5468000;513.74;512.63;PVC;PVC
5470000;513.77;512.66;PVC;PVC
5472000;513.87;512.76;PVC;PVC
5474000;513.36;512.25;PVC;PVC
5476000;514.02;512.92;PVC;PVC
5478000;515.17;514.07;PVC;PVC
5480000;513.41;512.32;PVC;PVC
5482000;513.00;511.91;PVC;PVC
5484000;513.23;512.14;PVC;PVC
5486000;512.23;511.14;PVC;PVC
5488000;512.08;511.00;PVC;PVC
5490000;514.33;513.25;PVC;PVC
5492000;512.43;511.35;PVC;PVC
5494000;512.37;511.30;PVC;PVC
5496000;512.14;511.07;PVC;PVC
5498000;514.21;513.15;PVC;PVC
5500000;513.26;512.19;PVC;PVC
5502000;513.07;512.01;PVC;PVC
5504000;514.62;513.57;PVC;PVC
5506000;513.70;512.65;PVC;PVC
5508000;513.06;512.02;PVC;PVC
5510000;512.81;511.77;PVC;PVC
5512000;514.32;513.28;PVC;PVC
5514000;512.78;511.74;PVC;PVC
5516000;513.20;512.17;PVC;PVC
5518000;512.88;511.85;PVC;PVC
5520000;512.48;511.46;PVC;PVC
5522000;512.39;511.37;PVC;PVC
5524000;512.68;511.66;PVC;PVC
5526000;512.84;511.83;PVC;PVC
5528000;512.76;511.75;PVC;PVC
5530000;513.49;512.48;PVC;PVC
5532000;510.49;509.49;PVC;PVC
5534000;514.05;513.05;PVC;PVC
5536000;511.62;510.63;PVC;PVC
5538000;511.63;510.63;PVC;PVC
5540000;516.19;515.20;PVC;PVC
5542000;511.57;510.58;PVC;PVC
5544000;512.61;511.62;PVC;PVC
5546000;512.30;511.32;PVC;PVC
5548000;512.46;511.48;PVC;PVC
5550000;512.75;511.77;PVC;PVC
5552000;512.49;511.52;PVC;PVC
5554000;511.02;510.05;PVC;PVC
5556000;513.56;512.60;PVC;PVC
5558000;513.71;512.75;PVC;PVC
5560000;514.29;513.33;PVC;PVC
5562000;513.31;512.36;PVC;PVC
5564000;513.41;512.46;PVC;PVC
5566000;513.50;512.55;PVC;PVC
5568000;512.47;511.53;PVC;PVC
5570000;512.97;512.03;PVC;PVC
5572000;514.57;513.64;PVC;PVC
5574000;515.49;514.56;PVC;PVC
5576000;515.85;514.92;PVC;PVC
5578000;512.08;511.16;PVC;PVC
5580000;512.71;511.79;PVC;PVC
5582000;512.89;511.98;PVC;PVC
5584000;512.62;511.70;PVC;PVC
5586000;513.68;512.77;PVC;PVC
5588000;513.01;512.11;PVC;PVC
5590000;514.79;513.89;PVC;PVC
5592000;511.56;510.66;PVC;PVC
5594000;513.71;512.82;PVC;PVC
5596000;512.83;511.94;PVC;PVC
5598000;512.41;511.53;PVC;PVC
5600000;513.13;512.25;PVC;PVC
5602000;512.73;511.85;PVC;PVC
5604000;511.61;510.74;PVC;PVC
5606000;514.34;513.47;PVC;PVC
5608000;512.42;511.55;PVC;PVC
5610000;513.16;512.30;PVC;PVC
5612000;511.94;511.09;PVC;PVC
5614000;511.91;511.06;PVC;PVC
5616000;512.89;512.04;PVC;PVC
5618000;514.49;513.65;PVC;PVC
5620000;511.85;511.01;PVC;PVC
5622000;513.55;512.71;PVC;PVC
5624000;510.84;510.01;PVC;PVC
5626000;513.86;513.03;PVC;PVC
5628000;513.59;512.76;PVC;PVC
5630000;512.71;511.88;PVC;PVC
5632000;512.72;511.90;PVC;PVC
5634000;514.20;513.38;PVC;PVC
5636000;509.72;508.90;PVC;PVC
5638000;511.43;510.62;PVC;PVC
5640000;513.53;512.72;PVC;PVC
5642000;513.39;512.59;PVC;PVC
5644000;514.77;513.98;PVC;PVC
5646000;510.61;509.82;PVC;PVC
5648000;512.99;512.20;PVC;PVC
5650000;511.99;511.20;PVC;PVC
5652000;511.91;511.13;PVC;PVC
5654000;513.39;512.61;PVC;PVC
5656000;510.18;509.41;PVC;PVC
5658000;513.79;513.03;PVC;PVC
5660000;512.81;512.04;PVC;PVC
5662000;513.30;512.54;PVC;PVC
5664000;515.83;515.08;PVC;PVC
5666000;511.74;510.98;PVC;PVC
5668000;510.47;509.72;PVC;PVC
5670000;512.96;512.22;PVC;PVC
5672000;513.61;512.87;PVC;PVC
5674000;512.75;512.02;PVC;PVC
5676000;511.48;510.75;PVC;PVC
5678000;511.90;511.17;PVC;PVC
5680000;513.20;512.48;PVC;PVC
5682000;511.86;511.14;PVC;PVC
5684000;512.19;511.47;PVC;PVC
5686000;512.63;511.92;PVC;PVC
5688000;515.38;514.68;PVC;PVC
5690000;512.50;511.79;PVC;PVC
5692000;513.32;512.62;PVC;PVC
5694000;510.77;510.08;PVC;PVC
5696000;512.25;511.56;PVC;PVC
5698000;511.45;510.77;PVC;PVC
5700000;513.61;512.92;PVC;PVC
5702000;513.49;512.81;PVC;PVC
5704000;512.90;512.23;PVC;PVC
5706000;513.03;512.37;PVC;PVC
5708000;513.03;512.37;PVC;PVC
5710000;511.80;511.14;PVC;PVC
5712000;513.88;513.22;PVC;PVC
5714000;516.53;515.88;PVC;PVC
5716000;511.99;511.34;PVC;PVC
5718000;511.74;511.10;PVC;PVC
5720000;513.81;513.17;PVC;PVC
5722000;512.73;512.10;PVC;PVC
5724000;512.54;511.91;PVC;PVC
5726000;512.71;512.09;PVC;PVC
5728000;513.69;513.07;PVC;PVC
5730000;513.42;512.80;PVC;PVC
5732000;512.40;511.79;PVC;PVC
5734000;513.07;512.46;PVC;PVC
5736000;512.66;512.05;PVC;PVC
5738000;511.45;510.85;PVC;PVC
5740000;513.40;512.80;PVC;PVC
5742000;514.86;514.27;PVC;PVC
5744000;510.94;510.35;PVC;PVC
5746000;513.51;512.93;PVC;PVC
5748000;512.34;511.76;PVC;PVC
5750000;512.52;511.95;PVC;PVC
5752000;511.63;511.06;PVC;PVC
5754000;510.95;510.39;PVC;PVC
5756000;512.30;511.74;PVC;PVC
5758000;511.35;510.80;PVC;PVC
5760000;513.30;512.74;PVC;PVC
5762000;509.86;509.31;PVC;PVC
5764000;512.03;511.49;PVC;PVC
5766000;513.60;513.06;PVC;PVC
5768000;511.25;510.72;PVC;PVC
5770000;512.17;511.64;PVC;PVC
5772000;512.20;511.68;PVC;PVC
5774000;510.98;510.45;PVC;PVC
5776000;511.27;510.75;PVC;PVC
5778000;512.46;511.95;PVC;PVC
5780000;509.25;508.74;PVC;PVC
5782000;513.07;512.56;PVC;PVC
5784000;512.65;512.15;PVC;PVC
5786000;514.42;513.92;PVC;PVC
5788000;511.31;510.82;PVC;PVC
5790000;511.26;510.77;PVC;PVC
5792000;512.38;511.90;PVC;PVC
5794000;511.83;511.35;PVC;PVC
5796000;512.53;512.05;PVC;PVC
5798000;512.35;511.89;PVC;PVC
5800000;513.35;512.89;PVC;PVC
5802000;513.16;512.70;PVC;PVC
5804000;513.60;513.15;PVC;PVC
5806000;513.37;512.92;PVC;PVC
5808000;513.74;513.29;PVC;PVC
5810000;511.60;511.16;PVC;PVC
5812000;511.80;511.37;PVC;PVC
5814000;512.38;511.95;PVC;PVC
5816000;510.55;510.13;PVC;PVC
5818000;515.23;514.81;PVC;PVC
5820000;512.77;512.35;PVC;PVC
5822000;512.79;512.38;PVC;PVC
5824000;512.79;512.38;PVC;PVC
5826000;511.88;511.47;PVC;PVC
5828000;510.69;510.29;PVC;PVC
5830000;514.39;513.99;PVC;PVC
5832000;512.55;512.16;PVC;PVC
5834000;513.06;512.68;PVC;PVC
5836000;511.50;511.12;PVC;PVC
5838000;512.88;512.50;PVC;PVC
5840000;513.23;512.85;PVC;PVC
5842000;513.01;512.64;PVC;PVC
5844000;512.76;512.40;PVC;PVC
5846000;511.56;511.20;PVC;PVC
5848000;512.13;511.78;PVC;PVC
5850000;513.25;512.90;PVC;PVC
5852000;511.65;511.30;PVC;PVC
5854000;512.49;512.14;PVC;PVC
5856000;510.45;510.11;PVC;PVC
5858000;514.05;513.72;PVC;PVC
5860000;511.98;511.66;PVC;PVC
5862000;512.00;511.68;PVC;PVC
5864000;512.16;511.84;PVC;PVC
5866000;513.65;513.34;PVC;PVC
5868000;512.96;512.65;PVC;PVC
5870000;510.75;510.44;PVC;PVC
5872000;513.00;512.70;PVC;PVC
5874000;512.03;511.73;PVC;PVC
5876000;513.65;513.36;PVC;PVC
5878000;512.74;512.46;PVC;PVC
5880000;512.39;512.11;PVC;PVC
5882000;511.95;511.67;PVC;PVC
5884000;511.56;511.29;PVC;PVC
5886000;513.59;513.32;PVC;PVC
5888000;511.48;511.22;PVC;PVC
5890000;510.39;510.13;PVC;PVC
5892000;513.74;513.49;PVC;PVC
5894000;511.68;511.43;PVC;PVC
5896000;511.29;511.05;PVC;PVC
5898000;512.71;512.47;PVC;PVC
5900000;511.67;511.44;PVC;PVC
5902000;510.35;510.12;PVC;PVC
5904000;510.38;510.16;PVC;PVC
5906000;514.51;514.29;PVC;PVC
5908000;512.27;512.05;PVC;PVC
5910000;512.56;512.35;PVC;PVC
5912000;511.56;511.36;PVC;PVC
5914000;512.76;512.55;PVC;PVC
5916000;512.84;512.64;PVC;PVC
5918000;512.71;512.52;PVC;PVC
5920000;512.20;512.01;PVC;PVC
5922000;512.40;512.21;PVC;PVC
5924000;511.60;511.42;PVC;PVC
5926000;513.10;512.93;PVC;PVC
5928000;514.39;514.22;PVC;PVC
5930000;514.52;514.36;PVC;PVC
5932000;511.91;511.75;PVC;PVC
5934000;512.43;512.27;PVC;PVC
5936000;511.14;510.99;PVC;PVC
5938000;512.91;512.76;PVC;PVC
5940000;512.55;512.41;PVC;PVC
5942000;512.62;512.48;PVC;PVC
5944000;511.11;510.97;PVC;PVC
5946000;513.22;513.09;PVC;PVC
5948000;512.70;512.58;PVC;PVC
5950000;513.04;512.92;PVC;PVC
5952000;512.56;512.45;PVC;PVC
5954000;511.47;511.36;PVC;PVC
5956000;512.44;512.34;PVC;PVC
5958000;512.66;512.56;PVC;PVC
5960000;511.96;511.87;PVC;PVC
5962000;511.16;511.07;PVC;PVC
5964000;513.02;512.93;PVC;PVC
5966000;513.05;512.97;PVC;PVC
5968000;512.15;512.07;PVC;PVC
5970000;511.15;511.08;PVC;PVC
5972000;512.19;512.12;PVC;PVC
5974000;512.42;512.36;PVC;PVC
5976000;513.00;512.94;PVC;PVC
5978000;513.52;513.47;PVC;PVC
5980000;511.18;511.13;PVC;PVC
5982000;513.51;513.47;PVC;PVC
5984000;513.29;513.26;PVC;PVC
5986000;512.46;512.42;PVC;PVC
5988000;510.96;510.93;PVC;PVC
5990000;511.68;511.65;PVC;PVC
5992000;509.64;509.62;PVC;PVC
5994000;511.83;511.82;PVC;PVC
5996000;511.12;511.11;PVC;PVC
5998000;511.31;511.31;PVC;PVC
6000000;510.62;510.62;PVC;PVC
6002000;510.19;510.19;PVC;PVC
6004000;513.52;513.53;PVC;PVC
6006000;513.88;513.89;PVC;PVC
6008000;512.49;512.51;PVC;PVC
6010000;512.62;512.65;PVC;PVC
6012000;511.88;511.91;PVC;PVC
6014000;511.84;511.88;PVC;PVC
6016000;513.68;513.72;PVC;PVC
6018000;510.97;511.01;PVC;PVC
6020000;510.75;510.80;PVC;PVC
6022000;514.20;514.25;PVC;PVC
6024000;508.60;508.65;PVC;PVC
6026000;510.88;510.94;PVC;PVC
6028000;511.65;511.72;PVC;PVC
6030000;511.44;511.51;PVC;PVC
6032000;510.85;510.93;PVC;PVC
6034000;511.63;511.71;PVC;PVC
6036000;511.83;511.92;PVC;PVC
6038000;513.55;513.63;PVC;PVC
6040000;512.44;512.53;PVC;PVC
6042000;511.10;511.20;PVC;PVC
6044000;512.42;512.52;PVC;PVC
6046000;510.42;510.53;PVC;PVC
6048000;512.94;513.05;PVC;PVC
6050000;512.44;512.56;PVC;PVC
6052000;512.04;512.16;PVC;PVC
6054000;512.26;512.39;PVC;PVC
6056000;510.97;511.11;PVC;PVC
6058000;508.99;509.13;PVC;PVC
6060000;512.85;512.99;PVC;PVC
6062000;512.54;512.69;PVC;PVC
6064000;512.45;512.60;PVC;PVC
6066000;512.67;512.82;PVC;PVC
6068000;512.55;512.71;PVC;PVC
6070000;513.63;513.80;PVC;PVC
6072000;511.59;511.76;PVC;PVC
6074000;510.02;510.20;PVC;PVC
6076000;510.16;510.34;PVC;PVC
6078000;511.87;512.06;PVC;PVC
6080000;511.74;511.93;PVC;PVC
6082000;514.01;514.20;PVC;PVC
6084000;510.55;510.75;PVC;PVC
6086000;511.51;511.71;PVC;PVC
6088000;509.17;509.37;PVC;PVC
6090000;512.90;513.11;PVC;PVC
6092000;512.48;512.69;PVC;PVC
6094000;514.33;514.55;PVC;PVC
6096000;513.36;513.58;PVC;PVC
6098000;512.64;512.87;PVC;PVC
6100000;510.81;511.05;PVC;PVC
6102000;509.76;510.00;PVC;PVC
6104000;509.59;509.83;PVC;PVC
6106000;509.78;510.02;PVC;PVC
6108000;511.16;511.41;PVC;PVC
6110000;511.90;512.16;PVC;PVC
6112000;507.76;508.02;PVC;PVC
6114000;512.08;512.34;PVC;PVC
6116000;512.78;513.05;PVC;PVC
6118000;513.35;513.62;PVC;PVC
6120000;511.60;511.88;PVC;PVC
6122000;509.61;509.90;PVC;PVC
6124000;510.79;511.08;PVC;PVC
6126000;513.21;513.51;PVC;PVC
6128000;511.51;511.81;PVC;PVC
6130000;513.51;513.81;PVC;PVC
6132000;511.22;511.53;PVC;PVC
6134000;511.22;511.53;PVC;PVC
6136000;511.38;511.70;PVC;PVC
6138000;510.56;510.88;PVC;PVC
6140000;511.67;512.00;PVC;PVC
6142000;510.58;510.92;PVC;PVC
6144000;511.40;511.74;PVC;PVC
6146000;511.29;511.63;PVC;PVC
6148000;510.68;511.03;PVC;PVC
6150000;511.94;512.29;PVC;PVC
6152000;513.91;514.26;PVC;PVC
6154000;513.66;514.02;PVC;PVC
6156000;512.11;512.48;PVC;PVC
6158000;510.22;510.59;PVC;PVC
6160000;511.29;511.66;PVC;PVC
6162000;511.57;511.95;PVC;PVC
6164000;510.64;511.02;PVC;PVC
6166000;511.71;512.10;PVC;PVC
6168000;512.83;513.23;PVC;PVC
6170000;510.44;510.83;PVC;PVC
6172000;512.05;512.45;PVC;PVC
6174000;510.76;511.16;PVC;PVC
6176000;510.96;511.37;PVC;PVC
6178000;511.05;511.47;PVC;PVC
6180000;509.23;509.65;PVC;PVC
6182000;510.26;510.69;PVC;PVC
6184000;510.75;511.18;PVC;PVC
6186000;513.30;513.73;PVC;PVC
6188000;509.43;509.86;PVC;PVC
6190000;509.77;510.21;PVC;PVC
6192000;512.89;513.33;PVC;PVC
6194000;511.28;511.73;PVC;PVC
6196000;510.85;511.31;PVC;PVC
6198000;508.47;508.93;PVC;PVC
6200000;514.47;514.93;PVC;PVC
6202000;511.37;511.83;PVC;PVC
6204000;511.65;512.12;PVC;PVC
6206000;511.03;511.51;PVC;PVC
6208000;511.12;511.61;PVC;PVC
6210000;508.67;509.16;PVC;PVC
6212000;513.02;513.51;PVC;PVC
6214000;511.81;512.30;PVC;PVC
6216000;513.51;514.01;PVC;PVC
6218000;511.82;512.33;PVC;PVC
6220000;512.40;512.91;PVC;PVC
6222000;509.87;510.38;PVC;PVC
6224000;513.36;513.87;PVC;PVC
6226000;511.42;511.94;PVC;PVC
6228000;511.98;512.51;PVC;PVC
6230000;510.22;510.75;PVC;PVC
6232000;510.71;511.24;PVC;PVC
6234000;510.97;511.51;PVC;PVC
6236000;511.70;512.24;PVC;PVC
6238000;513.55;514.09;PVC;PVC
6240000;511.89;512.45;PVC;PVC
6242000;510.27;510.82;PVC;PVC
6244000;512.32;512.88;PVC;PVC
6246000;511.21;511.78;PVC;PVC
6248000;512.22;512.79;PVC;PVC
6250000;513.94;514.51;PVC;PVC
6252000;510.62;511.20;PVC;PVC
6254000;509.12;509.70;PVC;PVC
6256000;513.08;513.67;PVC;PVC
6258000;512.08;512.67;PVC;PVC
6260000;509.85;510.44;PVC;PVC
6262000;511.84;512.44;PVC;PVC
6264000;510.88;511.48;PVC;PVC
6266000;512.14;512.75;PVC;PVC
6268000;512.40;513.01;PVC;PVC
6270000;512.62;513.24;PVC;PVC
6272000;511.36;511.98;PVC;PVC
6274000;511.14;511.76;PVC;PVC
6276000;511.68;512.31;PVC;PVC
6278000;511.15;511.78;PVC;PVC
6280000;513.33;513.97;PVC;PVC
6282000;509.30;509.94;PVC;PVC
6284000;512.75;513.39;PVC;PVC
6286000;512.32;512.97;PVC;PVC
6288000;510.43;511.09;PVC;PVC
6290000;512.10;512.76;PVC;PVC
6292000;512.09;512.76;PVC;PVC
6294000;512.61;513.28;PVC;PVC
6296000;512.38;513.05;PVC;PVC
6298000;511.89;512.57;PVC;PVC
6300000;509.98;510.66;PVC;PVC
6302000;511.22;511.90;PVC;PVC
6304000;512.91;513.60;PVC;PVC
6306000;510.82;511.51;PVC;PVC
6308000;510.77;511.47;PVC;PVC
6310000;511.97;512.67;PVC;PVC
6312000;511.12;511.83;PVC;PVC
6314000;510.93;511.64;PVC;PVC
6316000;511.04;511.75;PVC;PVC
6318000;511.23;511.95;PVC;PVC
6320000;511.33;512.05;PVC;PVC
6322000;511.10;511.82;PVC;PVC
6324000;511.59;512.32;PVC;PVC
6326000;513.54;514.27;PVC;PVC
6328000;510.58;511.32;PVC;PVC
6330000;510.37;511.11;PVC;PVC
6332000;509.96;510.71;PVC;PVC
6334000;511.55;512.30;PVC;PVC
6336000;510.15;510.90;PVC;PVC
6338000;513.37;514.13;PVC;PVC
6340000;511.06;511.82;PVC;PVC
6342000;512.00;512.76;PVC;PVC
6344000;513.06;513.84;PVC;PVC
6346000;511.27;512.04;PVC;PVC
6348000;511.79;512.57;PVC;PVC
6350000;510.10;510.88;PVC;PVC
6352000;507.13;507.92;PVC;PVC
6354000;511.57;512.36;PVC;PVC
6356000;512.29;513.09;PVC;PVC
6358000;511.70;512.50;PVC;PVC
6360000;512.04;512.84;PVC;PVC
6362000;510.88;511.69;PVC;PVC
6364000;511.66;512.47;PVC;PVC
6366000;512.31;513.12;PVC;PVC
6368000;510.18;511.00;PVC;PVC
6370000;512.99;513.81;PVC;PVC
6372000;511.05;511.87;PVC;PVC
6374000;511.82;512.65;PVC;PVC
6376000;512.03;512.87;PVC;PVC
6378000;513.00;513.84;PVC;PVC
6380000;510.88;511.73;PVC;PVC
6382000;511.18;512.03;PVC;PVC
6384000;510.99;511.84;PVC;PVC
6386000;510.74;511.60;PVC;PVC
6388000;512.10;512.96;PVC;PVC
6390000;510.03;510.89;PVC;PVC
6392000;512.39;513.25;PVC;PVC
6394000;511.08;511.95;PVC;PVC
6396000;509.49;510.37;PVC;PVC
6398000;513.91;514.79;PVC;PVC
6400000;512.50;513.38;PVC;PVC
6402000;510.60;511.49;PVC;PVC
6404000;510.25;511.14;PVC;PVC
6406000;510.69;511.59;PVC;PVC
6408000;509.18;510.08;PVC;PVC
6410000;511.06;511.97;PVC;PVC
6412000;512.81;513.71;PVC;PVC
6414000;512.79;513.70;PVC;PVC
6416000;511.58;512.50;PVC;PVC
6418000;511.50;512.41;PVC;PVC
6420000;509.65;510.57;PVC;PVC
6422000;509.16;510.09;PVC;PVC
6424000;510.35;511.28;PVC;PVC
6426000;511.70;512.63;PVC;PVC
6428000;509.14;510.07;PVC;PVC
6430000;511.52;512.46;PVC;PVC
6432000;511.35;512.29;PVC;PVC
6434000;513.21;514.16;PVC;PVC
6436000;511.28;512.23;PVC;PVC
6438000;512.09;513.04;PVC;PVC
6440000;511.72;512.68;PVC;PVC
6442000;511.57;512.53;PVC;PVC
6444000;508.92;509.88;PVC;PVC
6446000;512.77;513.73;PVC;PVC
6448000;510.93;511.90;PVC;PVC
6450000;510.50;511.47;PVC;PVC
6452000;510.76;511.74;PVC;PVC
6454000;513.24;514.22;PVC;PVC
6456000;509.61;510.60;PVC;PVC
6458000;513.52;514.50;PVC;PVC
6460000;513.23;514.23;PVC;PVC
6462000;510.47;511.47;PVC;PVC
6464000;511.27;512.26;PVC;PVC
6466000;511.52;512.52;PVC;PVC
6468000;511.38;512.39;PVC;PVC
6470000;508.29;509.30;PVC;PVC
6472000;508.28;509.29;PVC;PVC
6474000;512.11;513.13;PVC;PVC
6476000;510.73;511.75;PVC;PVC
6478000;510.22;511.24;PVC;PVC
6480000;509.53;510.56;PVC;PVC
6482000;509.73;510.76;PVC;PVC
6484000;510.01;511.04;PVC;PVC
6486000;509.91;510.95;PVC;PVC
6488000;512.10;513.15;PVC;PVC
6490000;511.62;512.66;PVC;PVC
6492000;509.98;511.02;PVC;PVC
6494000;511.56;512.61;PVC;PVC
6496000;510.04;511.09;PVC;PVC
6498000;512.46;513.51;PVC;PVC
6500000;511.95;513.01;PVC;PVC
6502000;512.53;513.60;PVC;PVC
6504000;510.87;511.94;PVC;PVC
6506000;510.92;511.99;PVC;PVC
6508000;510.70;511.77;PVC;PVC
6510000;510.77;511.85;PVC;PVC
6512000;511.47;512.55;PVC;PVC
6514000;510.76;511.84;PVC;PVC
6516000;513.65;514.74;PVC;PVC
6518000;511.17;512.26;PVC;PVC
6520000;509.87;510.97;PVC;PVC
6522000;512.78;513.88;PVC;PVC
6524000;511.33;512.43;PVC;PVC
6526000;512.14;513.24;PVC;PVC
6528000;509.70;510.80;PVC;PVC
6530000;511.14;512.25;PVC;PVC
6532000;509.12;510.24;PVC;PVC
6534000;508.72;509.84;PVC;PVC
6536000;509.77;510.89;PVC;PVC
6538000;510.13;511.25;PVC;PVC
6540000;509.99;511.11;PVC;PVC
6542000;510.97;512.10;PVC;PVC
6544000;510.67;511.80;PVC;PVC
6546000;509.98;511.11;PVC;PVC
6548000;509.94;511.07;PVC;PVC
6550000;509.07;510.21;PVC;PVC
6552000;509.69;510.83;PVC;PVC
6554000;512.79;513.94;PVC;PVC
6556000;511.85;513.00;PVC;PVC
6558000;509.42;510.57;PVC;PVC
6560000;510.24;511.40;PVC;PVC
6562000;512.89;514.05;PVC;PVC
6564000;510.31;511.47;PVC;PVC
6566000;511.20;512.37;PVC;PVC
6568000;509.45;510.62;PVC;PVC
6570000;511.00;512.17;PVC;PVC
6572000;512.74;513.91;PVC;PVC
6574000;510.51;511.68;PVC;PVC
6576000;510.24;511.42;PVC;PVC
6578000;509.55;510.74;PVC;PVC
6580000;508.25;509.44;PVC;PVC
6582000;513.21;514.40;PVC;PVC
6584000;512.34;513.53;PVC;PVC
6586000;510.72;511.91;PVC;PVC
6588000;511.61;512.81;PVC;PVC
6590000;510.87;512.07;PVC;PVC
6592000;509.52;510.72;PVC;PVC
6594000;509.32;510.52;PVC;PVC
6596000;512.63;513.84;PVC;PVC
6598000;511.27;512.48;PVC;PVC
6600000;511.12;512.34;PVC;PVC
6602000;511.36;512.57;PVC;PVC
6604000;509.05;510.27;PVC;PVC
6606000;509.29;510.52;PVC;PVC
6608000;511.89;513.11;PVC;PVC
6610000;510.93;512.15;PVC;PVC
6612000;510.33;511.56;PVC;PVC
6614000;510.87;512.10;PVC;PVC
6616000;512.90;514.13;PVC;PVC
6618000;510.16;511.40;PVC;PVC
6620000;510.95;512.19;PVC;PVC
6622000;511.41;512.66;PVC;PVC
6624000;510.89;512.13;PVC;PVC
6626000;510.96;512.21;PVC;PVC
6628000;510.84;512.09;PVC;PVC
6630000;511.31;512.56;PVC;PVC
6632000;510.21;511.47;PVC;PVC
6634000;511.31;512.57;PVC;PVC
6636000;510.39;511.65;PVC;PVC
6638000;509.93;511.20;PVC;PVC
6640000;512.80;514.06;PVC;PVC
6642000;510.37;511.64;PVC;PVC
6644000;510.78;512.06;PVC;PVC
6646000;510.12;511.39;PVC;PVC
6648000;510.41;511.69;PVC;PVC
6650000;509.72;510.99;PVC;PVC
6652000;510.33;511.61;PVC;PVC
6654000;510.25;511.54;PVC;PVC
6656000;510.32;511.60;PVC;PVC
6658000;508.14;509.42;PVC;PVC
6660000;508.73;510.02;PVC;PVC
6662000;511.91;513.20;PVC;PVC
6664000;512.06;513.36;PVC;PVC
6666000;507.62;508.92;PVC;PVC
6668000;511.55;512.85;PVC;PVC
6670000;511.82;513.12;PVC;PVC
6672000;510.00;511.31;PVC;PVC
6674000;511.02;512.33;PVC;PVC
6676000;511.79;513.10;PVC;PVC
6678000;512.58;513.89;PVC;PVC
6680000;507.30;508.62;PVC;PVC
6682000;509.77;511.09;PVC;PVC
6684000;511.80;513.12;PVC;PVC
6686000;511.63;512.95;PVC;PVC
6688000;509.70;511.02;PVC;PVC
6690000;511.54;512.87;PVC;PVC
6692000;509.68;511.00;PVC;PVC
6694000;510.60;511.93;PVC;PVC
6696000;510.38;511.71;PVC;PVC
6698000;511.85;513.18;PVC;PVC
6700000;510.30;511.64;PVC;PVC
6702000;510.89;512.23;PVC;PVC
6704000;510.48;511.83;PVC;PVC
6706000;511.37;512.71;PVC;PVC
6708000;510.05;511.40;PVC;PVC
6710000;510.99;512.34;PVC;PVC
6712000;511.41;512.76;PVC;PVC
6714000;511.47;512.82;PVC;PVC
6716000;510.69;512.05;PVC;PVC
6718000;510.95;512.31;PVC;PVC
6720000;511.75;513.11;PVC;PVC
6722000;510.94;512.30;PVC;PVC
6724000;511.87;513.23;PVC;PVC
6726000;511.26;512.63;PVC;PVC
6728000;512.86;514.22;PVC;PVC
6730000;509.76;511.13;PVC;PVC
6732000;509.65;511.01;PVC;PVC
6734000;510.57;511.94;PVC;PVC
6736000;511.84;513.22;PVC;PVC
6738000;510.85;512.22;PVC;PVC
6740000;510.29;511.67;PVC;PVC
6742000;509.90;511.28;PVC;PVC
6744000;510.08;511.46;PVC;PVC
6746000;507.19;508.57;PVC;PVC
6748000;510.83;512.21;PVC;PVC
6750000;512.37;513.76;PVC;PVC
6752000;509.94;511.33;PVC;PVC
6754000;510.30;511.68;PVC;PVC
6756000;511.23;512.63;PVC;PVC
6758000;509.65;511.05;PVC;PVC
6760000;512.35;513.75;PVC;PVC
6762000;510.60;511.99;PVC;PVC
6764000;512.86;514.26;PVC;PVC
6766000;511.13;512.53;PVC;PVC
6768000;510.42;511.82;PVC;PVC
6770000;511.06;512.46;PVC;PVC
6772000;511.06;512.47;PVC;PVC
6774000;510.11;511.52;PVC;PVC
6776000;511.12;512.53;PVC;PVC
6778000;510.71;512.12;PVC;PVC
6780000;510.69;512.10;PVC;PVC
6782000;510.92;512.33;PVC;PVC
6784000;511.32;512.73;PVC;PVC
6786000;509.10;510.51;PVC;PVC
6788000;509.56;510.97;PVC;PVC
6790000;510.61;512.03;PVC;PVC
6792000;512.03;513.45;PVC;PVC
6794000;509.84;511.26;PVC;PVC
6796000;512.58;514.00;PVC;PVC
6798000;509.80;511.22;PVC;PVC
6800000;512.18;513.61;PVC;PVC
6802000;511.24;512.67;PVC;PVC
6804000;509.43;510.86;PVC;PVC
6806000;512.27;513.70;PVC;PVC
6808000;510.96;512.39;PVC;PVC
6810000;510.81;512.24;PVC;PVC
6812000;512.11;513.54;PVC;PVC
6814000;509.44;510.87;PVC;PVC
6816000;510.69;512.13;PVC;PVC
6818000;508.99;510.43;PVC;PVC
6820000;508.71;510.15;PVC;PVC
6822000;511.80;513.25;PVC;PVC
6824000;512.51;513.95;PVC;PVC
6826000;511.49;512.93;PVC;PVC
6828000;510.55;511.99;PVC;PVC
6830000;512.10;513.55;PVC;PVC
6832000;509.22;510.67;PVC;PVC
6834000;510.19;511.64;PVC;PVC
6836000;508.96;510.42;PVC;PVC
6838000;511.50;512.95;PVC;PVC
6840000;511.05;512.50;PVC;PVC
6842000;510.69;512.14;PVC;PVC
6844000;511.22;512.67;PVC;PVC
6846000;509.00;510.46;PVC;PVC
6848000;509.27;510.72;PVC;PVC
6850000;510.82;512.28;PVC;PVC
6852000;511.23;512.69;PVC;PVC
6854000;510.85;512.31;PVC;PVC
6856000;509.13;510.59;PVC;PVC
6858000;511.48;512.94;PVC;PVC
6860000;511.67;513.14;PVC;PVC
6862000;510.80;512.27;PVC;PVC
6864000;509.25;510.72;PVC;PVC
6866000;508.65;510.11;PVC;PVC
6868000;510.53;512.00;PVC;PVC
6870000;509.48;510.95;PVC;PVC
6872000;509.60;511.07;PVC;PVC
6874000;510.04;511.52;PVC;PVC
6876000;509.45;510.93;PVC;PVC
6878000;510.42;511.89;PVC;PVC
6880000;509.34;510.82;PVC;PVC
6882000;511.10;512.57;PVC;PVC
6884000;509.10;510.58;PVC;PVC
6886000;509.34;510.82;PVC;PVC
6888000;511.45;512.93;PVC;PVC
6890000;511.13;512.61;PVC;PVC
6892000;509.95;511.43;PVC;PVC
6894000;510.87;512.35;PVC;PVC
6896000;510.76;512.24;PVC;PVC
6898000;508.94;510.42;PVC;PVC
6900000;510.27;511.75;PVC;PVC
6902000;512.00;513.48;PVC;PVC
6904000;508.56;510.04;PVC;PVC
6906000;510.44;511.93;PVC;PVC
6908000;512.85;514.33;PVC;PVC
6910000;509.85;511.33;PVC;PVC
6912000;509.95;511.44;PVC;PVC
6914000;508.38;509.86;PVC;PVC
6916000;511.60;513.09;PVC;PVC
6918000;511.74;513.23;PVC;PVC
6920000;508.97;510.45;PVC;PVC
6922000;510.98;512.47;PVC;PVC
6924000;511.68;513.17;PVC;PVC
6926000;510.08;511.57;PVC;PVC
6928000;511.82;513.31;PVC;PVC
6930000;510.86;512.35;PVC;PVC
6932000;510.18;511.67;PVC;PVC
6934000;510.23;511.72;PVC;PVC
6936000;509.89;511.38;PVC;PVC
6938000;510.93;512.42;PVC;PVC
6940000;509.68;511.18;PVC;PVC
6942000;509.51;511.01;PVC;PVC
6944000;510.01;511.51;PVC;PVC
6946000;510.48;511.97;PVC;PVC
6948000;509.25;510.74;PVC;PVC
6950000;511.01;512.50;PVC;PVC
6952000;508.75;510.24;PVC;PVC
6954000;510.33;511.83;PVC;PVC
6956000;510.59;512.08;PVC;PVC
6958000;510.83;512.33;PVC;PVC
6960000;509.29;510.79;PVC;PVC
6962000;511.26;512.75;PVC;PVC
6964000;508.84;510.33;PVC;PVC
6966000;510.76;512.26;PVC;PVC
6968000;512.12;513.62;PVC;PVC
6970000;510.36;511.86;PVC;PVC
6972000;510.43;511.92;PVC;PVC
6974000;510.44;511.94;PVC;PVC
6976000;509.98;511.48;PVC;PVC
6978000;507.88;509.38;PVC;PVC
6980000;509.98;511.48;PVC;PVC
6982000;509.49;510.99;PVC;PVC
6984000;511.78;513.28;PVC;PVC
6986000;511.85;513.35;PVC;PVC
6988000;512.05;513.55;PVC;PVC
6990000;510.15;511.65;PVC;PVC
6992000;511.01;512.51;PVC;PVC
6994000;511.03;512.53;PVC;PVC
6996000;509.67;511.17;PVC;PVC
6998000;509.86;511.36;PVC;PVC
7000000;511.15;512.65;PVC;PVC
7002000;510.65;512.15;PVC;PVC
7004000;510.88;512.38;PVC;PVC
7006000;510.76;512.26;PVC;PVC
7008000;512.25;513.75;PVC;PVC
7010000;512.22;513.72;PVC;PVC
7012000;508.79;510.29;PVC;PVC
7014000;509.69;511.19;PVC;PVC
7016000;509.71;511.21;PVC;PVC
7018000;510.76;512.26;PVC;PVC
7020000;511.11;512.61;PVC;PVC
7022000;511.57;513.07;PVC;PVC
7024000;512.24;513.74;PVC;PVC
7026000;511.68;513.18;PVC;PVC
7028000;512.00;513.50;PVC;PVC
7030000;510.77;512.26;PVC;PVC
7032000;510.54;512.03;PVC;PVC
7034000;510.07;511.56;PVC;PVC
7036000;509.02;510.52;PVC;PVC
7038000;510.74;512.24;PVC;PVC
7040000;512.79;514.29;PVC;PVC
7042000;509.43;510.93;PVC;PVC
7044000;509.00;510.50;PVC;PVC
7046000;511.31;512.81;PVC;PVC
7048000;510.36;511.85;PVC;PVC
7050000;511.25;512.74;PVC;PVC
7052000;513.01;514.50;PVC;PVC
7054000;508.53;510.03;PVC;PVC
7056000;511.80;513.29;PVC;PVC
7058000;511.93;513.42;PVC;PVC
7060000;511.55;513.04;PVC;PVC
7062000;512.64;514.13;PVC;PVC
7064000;511.78;513.27;PVC;PVC
7066000;509.28;510.77;PVC;PVC
7068000;511.00;512.49;PVC;PVC
7070000;510.15;511.64;PVC;PVC
7072000;510.99;512.48;PVC;PVC
7074000;509.66;511.15;PVC;PVC
7076000;510.02;511.51;PVC;PVC
7078000;511.94;513.42;PVC;PVC
7080000;511.33;512.82;PVC;PVC
7082000;510.96;512.45;PVC;PVC
7084000;510.60;512.09;PVC;PVC
7086000;510.29;511.77;PVC;PVC
7088000;510.09;511.57;PVC;PVC
7090000;507.57;509.05;PVC;PVC
7092000;511.33;512.82;PVC;PVC
7094000;511.79;513.27;PVC;PVC
7096000;511.03;512.51;PVC;PVC
7098000;511.33;512.82;PVC;PVC
7100000;512.67;514.16;PVC;PVC
7102000;509.62;511.10;PVC;PVC
7104000;508.54;510.02;PVC;PVC
7106000;510.42;511.90;PVC;PVC
7108000;509.94;511.42;PVC;PVC
7110000;509.34;510.82;PVC;PVC
7112000;509.82;511.30;PVC;PVC
7114000;511.21;512.69;PVC;PVC
7116000;511.51;512.98;PVC;PVC
7118000;511.26;512.74;PVC;PVC
7120000;509.02;510.49;PVC;PVC
7122000;509.32;510.79;PVC;PVC
7124000;509.99;511.46;PVC;PVC
7126000;511.09;512.56;PVC;PVC
7128000;508.89;510.36;PVC;PVC
7130000;508.76;510.23;PVC;PVC
7132000;511.85;513.31;PVC;PVC
7134000;510.48;511.95;PVC;PVC
7136000;509.87;511.34;PVC;PVC
7138000;510.05;511.51;PVC;PVC
7140000;510.38;511.84;PVC;PVC
7142000;510.96;512.42;PVC;PVC
7144000;512.38;513.84;PVC;PVC
7146000;512.65;514.11;PVC;PVC
7148000;510.76;512.21;PVC;PVC
7150000;509.79;511.25;PVC;PVC
7152000;510.27;511.72;PVC;PVC
7154000;510.31;511.77;PVC;PVC
7156000;511.91;513.37;PVC;PVC
7158000;510.45;511.90;PVC;PVC
7160000;507.38;508.83;PVC;PVC
7162000;511.61;513.06;PVC;PVC
7164000;509.83;511.28;PVC;PVC
7166000;511.01;512.46;PVC;PVC
7168000;510.13;511.58;PVC;PVC
7170000;511.16;512.61;PVC;PVC
7172000;511.72;513.17;PVC;PVC
7174000;510.15;511.59;PVC;PVC
7176000;509.63;511.07;PVC;PVC
7178000;510.74;512.18;PVC;PVC
7180000;509.49;510.93;PVC;PVC
7182000;509.63;511.07;PVC;PVC
7184000;509.69;511.12;PVC;PVC
7186000;510.68;512.12;PVC;PVC
7188000;511.51;512.94;PVC;PVC
7190000;510.62;512.05;PVC;PVC
7192000;510.82;512.26;PVC;PVC
7194000;511.12;512.55;PVC;PVC
7196000;511.37;512.80;PVC;PVC
7198000;510.88;512.30;PVC;PVC
7200000;509.43;510.86;PVC;PVC
7202000;511.14;512.57;PVC;PVC
7204000;511.21;512.63;PVC;PVC
7206000;511.48;512.90;PVC;PVC
7208000;512.90;514.32;PVC;PVC
7210000;511.78;513.20;PVC;PVC
7212000;511.54;512.96;PVC;PVC
7214000;510.04;511.45;PVC;PVC
7216000;512.56;513.97;PVC;PVC
7218000;510.78;512.20;PVC;PVC
7220000;511.94;513.35;PVC;PVC
7222000;509.51;510.92;PVC;PVC
7224000;510.65;512.06;PVC;PVC
7226000;511.09;512.50;PVC;PVC
7228000;510.70;512.10;PVC;PVC
7230000;509.39;510.80;PVC;PVC
7232000;511.92;513.33;PVC;PVC
7234000;511.14;512.54;PVC;PVC
7236000;511.66;513.06;PVC;PVC
7238000;512.23;513.63;PVC;PVC
7240000;510.62;512.02;PVC;PVC
7242000;512.77;514.17;PVC;PVC
7244000;511.71;513.10;PVC;PVC
7246000;513.04;514.43;PVC;PVC
7248000;509.48;510.87;PVC;PVC
7250000;512.14;513.52;PVC;PVC
7252000;512.20;513.59;PVC;PVC
7254000;510.56;511.95;PVC;PVC
7256000;511.78;513.16;PVC;PVC
7258000;508.94;510.32;PVC;PVC
7260000;510.93;512.30;PVC;PVC
7262000;507.68;509.05;PVC;PVC
7264000;510.32;511.69;PVC;PVC
7266000;508.03;509.40;PVC;PVC
7268000;512.48;513.85;PVC;PVC
7270000;513.66;515.03;PVC;PVC
7272000;511.85;513.22;PVC;PVC
7274000;510.81;512.17;PVC;PVC
7276000;512.33;513.69;PVC;PVC
7278000;510.10;511.46;PVC;PVC
7280000;512.72;514.08;PVC;PVC
7282000;510.55;511.91;PVC;PVC
7284000;510.88;512.23;PVC;PVC
7286000;510.85;512.20;PVC;PVC
7288000;510.97;512.32;PVC;PVC
7290000;510.41;511.76;PVC;PVC
7292000;510.79;512.14;PVC;PVC
7294000;510.86;512.21;PVC;PVC
7296000;511.38;512.72;PVC;PVC
7298000;511.28;512.62;PVC;PVC
7300000;512.64;513.98;PVC;PVC
7302000;510.30;511.63;PVC;PVC
7304000;510.97;512.30;PVC;PVC
7306000;510.44;511.77;PVC;PVC
7308000;510.12;511.45;PVC;PVC
7310000;510.62;511.95;PVC;PVC
7312000;510.02;511.34;PVC;PVC
7314000;510.72;512.04;PVC;PVC
7316000;507.86;509.18;PVC;PVC
7318000;510.09;511.40;PVC;PVC
7320000;514.28;515.60;PVC;PVC
7322000;511.76;513.07;PVC;PVC
7324000;509.78;511.09;PVC;PVC
7326000;511.92;513.22;PVC;PVC
7328000;511.21;512.52;PVC;PVC
7330000;510.92;512.22;PVC;PVC
7332000;509.22;510.52;PVC;PVC
7334000;509.13;510.43;PVC;PVC
7336000;511.13;512.42;PVC;PVC
7338000;511.68;512.97;PVC;PVC
7340000;509.88;511.17;PVC;PVC
7342000;510.37;511.66;PVC;PVC
7344000;511.66;512.95;PVC;PVC
7346000;509.17;510.45;PVC;PVC
7348000;511.43;512.71;PVC;PVC
7350000;510.38;511.66;PVC;PVC
7352000;511.31;512.59;PVC;PVC
7354000;510.47;511.74;PVC;PVC
7356000;510.57;511.84;PVC;PVC
7358000;510.89;512.16;PVC;PVC
7360000;511.40;512.67;PVC;PVC
7362000;507.81;509.07;PVC;PVC
7364000;512.48;513.74;PVC;PVC
7366000;511.55;512.81;PVC;PVC
7368000;512.96;514.21;PVC;PVC
7370000;510.87;512.12;PVC;PVC
7372000;509.86;511.11;PVC;PVC
7374000;510.66;511.91;PVC;PVC
7376000;511.83;513.07;PVC;PVC
7378000;512.15;513.39;PVC;PVC
7380000;512.14;513.38;PVC;PVC
7382000;508.17;509.41;PVC;PVC
7384000;511.53;512.77;PVC;PVC
7386000;510.81;512.05;PVC;PVC
7388000;512.58;513.81;PVC;PVC
7390000;511.75;512.98;PVC;PVC
7392000;508.60;509.82;PVC;PVC
7394000;510.79;512.01;PVC;PVC
7396000;511.57;512.78;PVC;PVC
7398000;510.98;512.19;PVC;PVC
7400000;510.26;511.47;PVC;PVC
7402000;509.51;510.72;PVC;PVC
7404000;508.93;510.14;PVC;PVC
7406000;512.46;513.67;PVC;PVC
7408000;509.86;511.06;PVC;PVC
7410000;512.22;513.42;PVC;PVC
7412000;511.73;512.93;PVC;PVC
7414000;511.24;512.44;PVC;PVC
7416000;511.60;512.79;PVC;PVC
7418000;512.91;514.10;PVC;PVC
7420000;509.82;511.01;PVC;PVC
7422000;511.66;512.84;PVC;PVC
7424000;511.33;512.51;PVC;PVC
7426000;511.57;512.75;PVC;PVC
7428000;512.04;513.21;PVC;PVC
7430000;509.70;510.87;PVC;PVC
7432000;508.30;509.47;PVC;PVC
7434000;511.40;512.56;PVC;PVC
7436000;511.88;513.04;PVC;PVC
7438000;508.59;509.75;PVC;PVC
7440000;509.37;510.53;PVC;PVC
7442000;509.87;511.02;PVC;PVC
7444000;509.35;510.50;PVC;PVC
7446000;511.12;512.27;PVC;PVC
7448000;511.04;512.18;PVC;PVC
7450000;511.07;512.21;PVC;PVC
7452000;512.43;513.57;PVC;PVC
7454000;512.00;513.14;PVC;PVC
7456000;511.34;512.47;PVC;PVC
7458000;510.64;511.77;PVC;PVC
7460000;511.15;512.27;PVC;PVC
7462000;510.15;511.27;PVC;PVC
7464000;514.06;515.18;PVC;PVC
7466000;511.61;512.72;PVC;PVC
7468000;511.40;512.51;PVC;PVC
7470000;510.95;512.06;PVC;PVC
7472000;511.24;512.34;PVC;PVC
7474000;509.08;510.18;PVC;PVC
7476000;510.18;511.28;PVC;PVC
7478000;510.84;511.93;PVC;PVC
7480000;510.68;511.77;PVC;PVC
7482000;509.68;510.77;PVC;PVC
7484000;509.26;510.35;PVC;PVC
7486000;509.58;510.66;PVC;PVC
7488000;511.92;513.00;PVC;PVC
7490000;513.29;514.37;PVC;PVC
7492000;512.56;513.63;PVC;PVC
7494000;509.55;510.62;PVC;PVC
7496000;509.77;510.84;PVC;PVC
7498000;512.70;513.76;PVC;PVC
7500000;511.01;512.07;PVC;PVC
7502000;510.30;511.35;PVC;PVC
7504000;511.48;512.53;PVC;PVC
7506000;509.67;510.72;PVC;PVC
7508000;512.77;513.81;PVC;PVC
7510000;509.96;511.01;PVC;PVC
7512000;511.59;512.63;PVC;PVC
7514000;510.20;511.24;PVC;PVC
7516000;512.01;513.05;PVC;PVC
7518000;511.99;513.02;PVC;PVC
7520000;511.37;512.40;PVC;PVC
7522000;510.88;511.91;PVC;PVC
7524000;509.99;511.01;PVC;PVC
7526000;510.93;511.95;PVC;PVC
7528000;512.61;513.62;PVC;PVC
7530000;510.76;511.77;PVC;PVC
7532000;511.02;512.02;PVC;PVC
7534000;510.74;511.75;PVC;PVC
7536000;512.91;513.91;PVC;PVC
7538000;515.04;516.04;PVC;PVC
7540000;512.09;513.09;PVC;PVC
7542000;510.46;511.45;PVC;PVC
7544000;510.54;511.53;PVC;PVC
7546000;509.99;510.98;PVC;PVC
7548000;510.18;511.16;PVC;PVC
7550000;511.14;512.11;PVC;PVC
7552000;510.72;511.69;PVC;PVC
7554000;510.43;511.39;PVC;PVC
7556000;511.44;512.40;PVC;PVC
7558000;511.30;512.26;PVC;PVC
7560000;512.95;513.90;PVC;PVC
7562000;511.64;512.59;PVC;PVC
7564000;510.42;511.37;PVC;PVC
7566000;509.54;510.48;PVC;PVC
7568000;511.00;511.94;PVC;PVC
7570000;509.56;510.50;PVC;PVC
7572000;511.66;512.60;PVC;PVC
7574000;511.40;512.33;PVC;PVC
7576000;510.39;511.32;PVC;PVC
7578000;510.53;511.45;PVC;PVC
7580000;511.98;512.90;PVC;PVC
7582000;511.36;512.28;PVC;PVC
7584000;508.96;509.87;PVC;PVC
7586000;510.30;511.21;PVC;PVC
7588000;511.16;512.07;PVC;PVC
7590000;510.91;511.81;PVC;PVC
7592000;513.17;514.07;PVC;PVC
7594000;510.39;511.28;PVC;PVC
7596000;511.20;512.09;PVC;PVC
7598000;510.35;511.23;PVC;PVC
7600000;510.62;511.50;PVC;PVC
7602000;508.71;509.59;PVC;PVC
7604000;511.24;512.12;PVC;PVC
7606000;512.70;513.57;PVC;PVC
7608000;511.67;512.53;PVC;PVC
7610000;511.63;512.49;PVC;PVC
7612000;511.01;511.87;PVC;PVC
7614000;513.18;514.04;PVC;PVC
7616000;510.40;511.25;PVC;PVC
7618000;511.37;512.22;PVC;PVC
7620000;512.02;512.86;PVC;PVC
7622000;512.88;513.72;PVC;PVC
7624000;511.62;512.45;PVC;PVC
7626000;513.70;514.53;PVC;PVC
7628000;511.47;512.30;PVC;PVC
7630000;512.81;513.63;PVC;PVC
7632000;509.58;510.40;PVC;PVC
7634000;512.91;513.73;PVC;PVC
7636000;513.44;514.25;PVC;PVC
7638000;512.48;513.28;PVC;PVC
7640000;511.01;511.82;PVC;PVC
7642000;511.32;512.12;PVC;PVC
7644000;510.08;510.87;PVC;PVC
7646000;510.58;511.38;PVC;PVC
7648000;509.82;510.61;PVC;PVC
7650000;512.08;512.86;PVC;PVC
7652000;510.71;511.49;PVC;PVC
7654000;511.45;512.23;PVC;PVC
7656000;512.92;513.69;PVC;PVC
7658000;511.62;512.39;PVC;PVC
7660000;513.17;513.94;PVC;PVC
7662000;510.93;511.69;PVC;PVC
7664000;510.26;511.02;PVC;PVC
7666000;510.65;511.40;PVC;PVC
7668000;511.54;512.29;PVC;PVC
7670000;511.21;511.95;PVC;PVC
7672000;512.21;512.95;PVC;PVC
7674000;513.38;514.12;PVC;PVC
7676000;511.63;512.36;PVC;PVC
7678000;511.26;511.98;PVC;PVC
7680000;511.69;512.42;PVC;PVC
7682000;511.27;511.98;PVC;PVC
7684000;511.02;511.74;PVC;PVC
7686000;511.80;512.51;PVC;PVC
7688000;507.81;508.52;PVC;PVC
7690000;512.60;513.31;PVC;PVC
7692000;510.84;511.54;PVC;PVC
7694000;510.23;510.92;PVC;PVC
7696000;510.76;511.45;PVC;PVC
7698000;511.21;511.89;PVC;PVC
7700000;511.10;511.78;PVC;PVC
7702000;510.41;511.09;PVC;PVC
7704000;512.69;513.37;PVC;PVC
7706000;511.48;512.15;PVC;PVC
7708000;512.04;512.70;PVC;PVC
7710000;512.27;512.93;PVC;PVC
7712000;511.64;512.29;PVC;PVC
7714000;511.85;512.50;PVC;PVC
7716000;510.71;511.35;PVC;PVC
7718000;513.63;514.27;PVC;PVC
7720000;512.04;512.68;PVC;PVC
7722000;513.25;513.88;PVC;PVC
7724000;510.61;511.24;PVC;PVC
7726000;513.58;514.20;PVC;PVC
7728000;512.59;513.21;PVC;PVC
7730000;512.22;512.84;PVC;PVC
7732000;511.40;512.01;PVC;PVC
7734000;511.85;512.46;PVC;PVC
7736000;514.32;514.92;PVC;PVC
7738000;513.11;513.71;PVC;PVC
7740000;509.69;510.29;PVC;PVC
7742000;511.57;512.16;PVC;PVC
7744000;511.91;512.50;PVC;PVC
7746000;510.89;511.48;PVC;PVC
7748000;511.90;512.48;PVC;PVC
7750000;512.89;513.47;PVC;PVC
7752000;511.75;512.32;PVC;PVC
7754000;510.35;510.92;PVC;PVC
7756000;510.94;511.50;PVC;PVC
7758000;510.73;511.28;PVC;PVC
7760000;514.70;515.25;PVC;PVC
7762000;511.98;512.53;PVC;PVC
7764000;512.09;512.63;PVC;PVC
7766000;511.15;511.69;PVC;PVC
7768000;512.83;513.36;PVC;PVC
7770000;512.41;512.94;PVC;PVC
7772000;513.43;513.95;PVC;PVC
7774000;513.29;513.81;PVC;PVC
7776000;512.24;512.76;PVC;PVC
7778000;511.05;511.56;PVC;PVC
7780000;511.37;511.88;PVC;PVC
7782000;510.72;511.23;PVC;PVC
7784000;512.87;513.37;PVC;PVC
7786000;510.76;511.26;PVC;PVC
7788000;513.20;513.69;PVC;PVC
7790000;508.76;509.24;PVC;PVC
7792000;509.54;510.02;PVC;PVC
7794000;511.10;511.58;PVC;PVC
7796000;511.33;511.81;PVC;PVC
7798000;510.12;510.59;PVC;PVC
7800000;511.76;512.23;PVC;PVC
7802000;509.05;509.51;PVC;PVC
7804000;511.77;512.23;PVC;PVC
7806000;512.56;513.01;PVC;PVC
7808000;511.12;511.56;PVC;PVC
7810000;512.48;512.92;PVC;PVC
7812000;511.91;512.35;PVC;PVC
7814000;512.64;513.07;PVC;PVC
7816000;513.74;514.17;PVC;PVC
7818000;512.79;513.22;PVC;PVC
7820000;508.81;509.23;PVC;PVC
7822000;512.25;512.67;PVC;PVC
7824000;511.10;511.51;PVC;PVC
7826000;511.14;511.54;PVC;PVC
7828000;511.27;511.67;PVC;PVC
7830000;510.28;510.68;PVC;PVC
7832000;512.92;513.31;PVC;PVC
7834000;512.99;513.38;PVC;PVC
7836000;511.87;512.25;PVC;PVC
7838000;510.93;511.31;PVC;PVC
7840000;512.14;512.51;PVC;PVC
7842000;510.78;511.14;PVC;PVC
7844000;513.50;513.87;PVC;PVC
7846000;512.70;513.06;PVC;PVC
7848000;511.60;511.95;PVC;PVC
7850000;514.60;514.95;PVC;PVC
7852000;510.66;511.00;PVC;PVC
7854000;512.99;513.33;PVC;PVC
7856000;513.21;513.55;PVC;PVC
7858000;511.54;511.87;PVC;PVC
7860000;511.43;511.76;PVC;PVC
7862000;510.37;510.69;PVC;PVC
7864000;512.94;513.26;PVC;PVC
7866000;509.68;510.00;PVC;PVC
7868000;510.91;511.22;PVC;PVC
7870000;507.80;508.11;PVC;PVC
7872000;513.00;513.30;PVC;PVC
7874000;512.48;512.78;PVC;PVC
7876000;510.72;511.01;PVC;PVC
7878000;512.73;513.02;PVC;PVC
7880000;512.41;512.69;PVC;PVC
7882000;510.81;511.08;PVC;PVC
7884000;512.17;512.44;PVC;PVC
7886000;513.41;513.68;PVC;PVC
7888000;510.42;510.68;PVC;PVC
7890000;509.60;509.86;PVC;PVC
7892000;510.10;510.36;PVC;PVC
7894000;512.33;512.58;PVC;PVC
7896000;510.70;510.94;PVC;PVC
7898000;509.65;509.89;PVC;PVC
7900000;510.26;510.49;PVC;PVC
7902000;513.79;514.02;PVC;PVC
7904000;510.17;510.40;PVC;PVC
7906000;511.25;511.47;PVC;PVC
7908000;511.73;511.94;PVC;PVC
7910000;510.98;511.19;PVC;PVC
7912000;511.29;511.50;PVC;PVC
7914000;511.83;512.03;PVC;PVC
7916000;511.37;511.56;PVC;PVC
7918000;512.55;512.75;PVC;PVC
7920000;512.82;513.00;PVC;PVC
7922000;509.46;509.65;PVC;PVC
7924000;512.11;512.29;PVC;PVC
7926000;510.64;510.81;PVC;PVC
7928000;511.85;512.02;PVC;PVC
7930000;511.32;511.48;PVC;PVC
7932000;511.32;511.48;PVC;PVC
7934000;511.53;511.68;PVC;PVC
7936000;512.32;512.47;PVC;PVC
7938000;512.96;513.11;PVC;PVC
7940000;512.19;512.33;PVC;PVC
7942000;512.96;513.10;PVC;PVC
7944000;508.91;509.05;PVC;PVC
7946000;513.89;514.02;PVC;PVC
7948000;511.13;511.25;PVC;PVC
7950000;511.02;511.14;PVC;PVC
7952000;513.24;513.35;PVC;PVC
7954000;512.19;512.30;PVC;PVC
7956000;511.04;511.14;PVC;PVC
7958000;511.26;511.36;PVC;PVC
7960000;511.48;511.57;PVC;PVC
7962000;511.97;512.06;PVC;PVC
7964000;512.76;512.84;PVC;PVC
7966000;508.85;508.93;PVC;PVC
7968000;509.50;509.58;PVC;PVC
7970000;511.19;511.26;PVC;PVC
7972000;513.22;513.29;PVC;PVC
7974000;514.58;514.64;PVC;PVC
7976000;510.98;511.04;PVC;PVC
7978000;512.71;512.77;PVC;PVC
7980000;511.59;511.64;PVC;PVC
7982000;511.05;511.10;PVC;PVC
7984000;513.88;513.91;PVC;PVC
7986000;512.33;512.36;PVC;PVC
7988000;512.37;512.40;PVC;PVC
7990000;512.89;512.91;PVC;PVC
7992000;512.50;512.52;PVC;PVC
7994000;510.12;510.14;PVC;PVC
7996000;512.80;512.81;PVC;PVC
7998000;512.51;512.52;PVC;PVC
8000000;510.93;510.93;PVC;PVC
8002000;512.76;512.75;PVC;PVC
8004000;511.65;511.64;PVC;PVC
8006000;513.33;513.32;PVC;PVC
8008000;511.33;511.31;PVC;PVC
8010000;512.21;512.18;PVC;PVC
8012000;511.16;511.14;PVC;PVC
8014000;512.81;512.78;PVC;PVC
8016000;511.11;511.07;PVC;PVC
8018000;511.71;511.67;PVC;PVC
8020000;512.50;512.45;PVC;PVC
8022000;513.03;512.98;PVC;PVC
8024000;511.61;511.56;PVC;PVC
8026000;512.83;512.77;PVC;PVC
8028000;511.15;511.09;PVC;PVC
8030000;510.95;510.88;PVC;PVC
8032000;512.50;512.42;PVC;PVC
8034000;512.18;512.10;PVC;PVC
8036000;513.49;513.40;PVC;PVC
8038000;511.83;511.74;PVC;PVC
8040000;511.98;511.89;PVC;PVC
8042000;511.80;511.70;PVC;PVC
8044000;512.70;512.60;PVC;PVC
8046000;514.38;514.27;PVC;PVC
8048000;513.33;513.22;PVC;PVC
8050000;511.76;511.65;PVC;PVC
8052000;513.15;513.03;PVC;PVC
8054000;512.56;512.43;PVC;PVC
8056000;513.71;513.57;PVC;PVC
8058000;511.63;511.49;PVC;PVC
8060000;511.05;510.91;PVC;PVC
8062000;512.09;511.95;PVC;PVC
8064000;511.68;511.53;PVC;PVC
8066000;513.22;513.06;PVC;PVC
8068000;512.21;512.05;PVC;PVC
8070000;513.57;513.40;PVC;PVC
8072000;510.03;509.86;PVC;PVC
8074000;511.06;510.88;PVC;PVC
8076000;513.08;512.91;PVC;PVC
8078000;513.10;512.92;PVC;PVC
8080000;511.90;511.71;PVC;PVC
8082000;513.82;513.62;PVC;PVC
8084000;512.16;511.97;PVC;PVC
8086000;511.33;511.12;PVC;PVC
8088000;512.68;512.47;PVC;PVC
8090000;511.98;511.77;PVC;PVC
8092000;512.76;512.55;PVC;PVC
8094000;510.28;510.06;PVC;PVC
8096000;513.06;512.83;PVC;PVC
8098000;513.29;513.06;PVC;PVC
8100000;511.86;511.62;PVC;PVC
8102000;512.07;511.83;PVC;PVC
8104000;512.42;512.18;PVC;PVC
8106000;510.04;509.79;PVC;PVC
8108000;514.18;513.93;PVC;PVC
8110000;510.75;510.49;PVC;PVC
8112000;513.92;513.66;PVC;PVC
8114000;511.99;511.73;PVC;PVC
8116000;509.47;509.19;PVC;PVC
8118000;510.37;510.10;PVC;PVC
8120000;512.01;511.73;PVC;PVC
8122000;513.27;512.99;PVC;PVC
8124000;511.60;511.31;PVC;PVC
8126000;511.73;511.44;PVC;PVC
8128000;514.76;514.46;PVC;PVC
8130000;510.76;510.46;PVC;PVC
8132000;511.50;511.19;PVC;PVC
8134000;514.24;513.93;PVC;PVC
8136000;509.40;509.08;PVC;PVC
8138000;510.86;510.54;PVC;PVC
8140000;513.00;512.67;PVC;PVC
8142000;513.02;512.69;PVC;PVC
8144000;513.35;513.01;PVC;PVC
8146000;511.80;511.46;PVC;PVC
8148000;511.37;511.02;PVC;PVC
8150000;512.17;511.82;PVC;PVC
8152000;513.95;513.59;PVC;PVC
8154000;510.42;510.06;PVC;PVC
8156000;512.32;511.96;PVC;PVC
8158000;513.01;512.64;PVC;PVC
8160000;510.11;509.74;PVC;PVC
8162000;513.58;513.20;PVC;PVC
8164000;513.97;513.59;PVC;PVC
8166000;512.24;511.85;PVC;PVC
8168000;512.54;512.14;PVC;PVC
8170000;511.17;510.78;PVC;PVC
8172000;512.22;511.82;PVC;PVC
8174000;513.50;513.09;PVC;PVC
8176000;513.38;512.97;PVC;PVC
8178000;510.23;509.81;PVC;PVC
8180000;509.41;508.99;PVC;PVC
8182000;511.90;511.47;PVC;PVC
8184000;511.02;510.59;PVC;PVC
8186000;512.53;512.10;PVC;PVC
8188000;513.15;512.71;PVC;PVC
8190000;511.03;510.59;PVC;PVC
8192000;511.99;511.55;PVC;PVC
8194000;512.54;512.09;PVC;PVC
8196000;513.80;513.34;PVC;PVC
8198000;512.31;511.85;PVC;PVC
8200000;510.69;510.23;PVC;PVC
8202000;511.43;510.96;PVC;PVC
8204000;512.29;511.81;PVC;PVC
8206000;514.44;513.96;PVC;PVC
8208000;512.14;511.66;PVC;PVC
8210000;511.42;510.94;PVC;PVC
8212000;513.78;513.29;PVC;PVC
8214000;512.94;512.44;PVC;PVC
8216000;511.69;511.19;PVC;PVC
8218000;511.18;510.67;PVC;PVC
8220000;510.87;510.37;PVC;PVC
8222000;510.57;510.05;PVC;PVC
8224000;513.14;512.62;PVC;PVC
8226000;514.25;513.73;PVC;PVC
8228000;512.05;511.53;PVC;PVC
8230000;512.81;512.28;PVC;PVC
8232000;513.40;512.86;PVC;PVC
8234000;511.40;510.86;PVC;PVC
8236000;514.48;513.94;PVC;PVC
8238000;512.91;512.36;PVC;PVC
8240000;512.94;512.39;PVC;PVC
8242000;511.89;511.33;PVC;PVC
8244000;513.15;512.59;PVC;PVC
8246000;512.57;512.00;PVC;PVC
8248000;511.28;510.71;PVC;PVC
8250000;513.11;512.53;PVC;PVC
8252000;511.66;511.08;PVC;PVC
8254000;512.97;512.39;PVC;PVC
8256000;512.42;511.83;PVC;PVC
8258000;513.80;513.21;PVC;PVC
8260000;512.77;512.17;PVC;PVC
8262000;512.60;512.00;PVC;PVC
8264000;513.28;512.68;PVC;PVC
8266000;511.71;511.10;PVC;PVC
8268000;512.08;511.47;PVC;PVC
8270000;511.39;510.78;PVC;PVC
8272000;511.87;511.25;PVC;PVC
8274000;513.59;512.96;PVC;PVC
8276000;512.03;511.40;PVC;PVC
8278000;512.78;512.15;PVC;PVC
8280000;512.70;512.06;PVC;PVC
8282000;514.18;513.54;PVC;PVC
8284000;511.44;510.80;PVC;PVC
8286000;512.44;511.79;PVC;PVC
8288000;512.42;511.77;PVC;PVC
8290000;516.50;515.84;PVC;PVC
8292000;513.93;513.27;PVC;PVC
8294000;513.13;512.47;PVC;PVC
8296000;513.59;512.92;PVC;PVC
8298000;512.20;511.52;PVC;PVC
8300000;511.87;511.19;PVC;PVC
8302000;512.78;512.10;PVC;PVC
8304000;512.15;511.46;PVC;PVC
8306000;512.68;511.99;PVC;PVC
8308000;512.40;511.71;PVC;PVC
8310000;513.15;512.45;PVC;PVC
8312000;510.43;509.72;PVC;PVC
8314000;512.98;512.27;PVC;PVC
8316000;513.62;512.90;PVC;PVC
8318000;510.89;510.17;PVC;PVC
8320000;513.79;513.07;PVC;PVC
8322000;513.88;513.15;PVC;PVC
8324000;511.07;510.34;PVC;PVC
8326000;513.38;512.65;PVC;PVC
8328000;513.59;512.85;PVC;PVC
8330000;511.04;510.30;PVC;PVC
8332000;513.30;512.56;PVC;PVC
8334000;513.97;513.22;PVC;PVC
8336000;512.15;511.39;PVC;PVC
8338000;513.74;512.98;PVC;PVC
8340000;514.09;513.32;PVC;PVC
8342000;511.97;511.20;PVC;PVC
8344000;511.49;510.72;PVC;PVC
8346000;513.90;513.12;PVC;PVC
8348000;513.16;512.38;PVC;PVC
8350000;513.36;512.57;PVC;PVC
8352000;511.65;510.86;PVC;PVC
8354000;513.58;512.79;PVC;PVC
8356000;512.66;511.86;PVC;PVC
8358000;512.64;511.84;PVC;PVC
8360000;510.54;509.74;PVC;PVC
8362000;513.26;512.45;PVC;PVC
8364000;512.50;511.69;PVC;PVC
8366000;512.40;511.58;PVC;PVC
8368000;509.77;508.96;PVC;PVC
8370000;512.52;511.69;PVC;PVC
8372000;512.10;511.27;PVC;PVC
8374000;512.46;511.63;PVC;PVC
8376000;513.84;513.00;PVC;PVC
8378000;513.58;512.74;PVC;PVC
8380000;512.06;511.22;PVC;PVC
8382000;515.12;514.28;PVC;PVC
8384000;514.48;513.62;PVC;PVC
8386000;512.62;511.77;PVC;PVC
8388000;513.07;512.21;PVC;PVC
8390000;514.86;514.00;PVC;PVC
8392000;513.68;512.82;PVC;PVC
8394000;513.08;512.21;PVC;PVC
8396000;512.69;511.82;PVC;PVC
8398000;512.30;511.42;PVC;PVC
8400000;510.66;509.78;PVC;PVC
8402000;513.01;512.12;PVC;PVC
8404000;513.87;512.98;PVC;PVC
8406000;514.05;513.16;PVC;PVC
8408000;513.26;512.36;PVC;PVC
8410000;512.35;511.45;PVC;PVC
8412000;512.99;512.08;PVC;PVC
8414000;512.93;512.02;PVC;PVC
8416000;512.06;511.15;PVC;PVC
8418000;511.41;510.50;PVC;PVC
8420000;512.80;511.88;PVC;PVC
8422000;512.61;511.69;PVC;PVC
8424000;512.98;512.05;PVC;PVC
8426000;514.57;513.64;PVC;PVC
8428000;512.59;511.65;PVC;PVC
8430000;512.74;511.81;PVC;PVC
8432000;514.37;513.43;PVC;PVC
8434000;513.87;512.93;PVC;PVC
8436000;511.22;510.28;PVC;PVC
8438000;510.59;509.64;PVC;PVC
8440000;510.96;510.00;PVC;PVC
8442000;511.97;511.01;PVC;PVC
8444000;513.37;512.40;PVC;PVC
8446000;512.86;511.89;PVC;PVC
8448000;512.39;511.42;PVC;PVC
8450000;513.37;512.39;PVC;PVC
8452000;511.85;510.88;PVC;PVC
8454000;513.07;512.09;PVC;PVC
8456000;512.74;511.75;PVC;PVC
8458000;509.80;508.81;PVC;PVC
8460000;513.42;512.43;PVC;PVC
8462000;511.89;510.90;PVC;PVC
8464000;512.81;511.81;PVC;PVC
8466000;512.75;511.75;PVC;PVC
8468000;514.54;513.53;PVC;PVC
8470000;512.21;511.20;PVC;PVC
8472000;511.33;510.31;PVC;PVC
8474000;513.90;512.89;PVC;PVC
8476000;512.87;511.85;PVC;PVC
8478000;515.68;514.65;PVC;PVC
8480000;514.61;513.58;PVC;PVC
8482000;512.75;511.72;PVC;PVC
8484000;513.77;512.73;PVC;PVC
8486000;513.04;512.00;PVC;PVC
8488000;511.87;510.83;PVC;PVC
8490000;511.53;510.48;PVC;PVC
8492000;512.55;511.50;PVC;PVC
8494000;513.31;512.26;PVC;PVC
8496000;513.02;511.97;PVC;PVC
8498000;514.29;513.23;PVC;PVC
8500000;515.56;514.50;PVC;PVC
8502000;513.24;512.18;PVC;PVC
8504000;513.59;512.52;PVC;PVC
8506000;512.61;511.54;PVC;PVC
8508000;515.72;514.64;PVC;PVC
8510000;510.54;509.46;PVC;PVC
8512000;513.45;512.37;PVC;PVC
8514000;514.13;513.05;PVC;PVC
8516000;513.95;512.87;PVC;PVC
8518000;512.01;510.92;PVC;PVC
8520000;513.28;512.18;PVC;PVC
8522000;512.42;511.33;PVC;PVC
8524000;513.75;512.65;PVC;PVC
8526000;514.57;513.46;PVC;PVC
8528000;513.85;512.74;PVC;PVC
8530000;512.92;511.81;PVC;PVC
8532000;512.11;510.99;PVC;PVC
8534000;511.66;510.54;PVC;PVC
8536000;512.25;511.13;PVC;PVC
8538000;513.23;512.11;PVC;PVC
8540000;513.66;512.54;PVC;PVC
8542000;512.41;511.28;PVC;PVC
8544000;512.47;511.34;PVC;PVC
8546000;513.86;512.73;PVC;PVC
8548000;514.38;513.25;PVC;PVC
8550000;512.00;510.86;PVC;PVC
8552000;513.31;512.16;PVC;PVC
8554000;512.78;511.64;PVC;PVC
8556000;513.75;512.60;PVC;PVC
8558000;513.63;512.47;PVC;PVC
8560000;513.18;512.03;PVC;PVC
8562000;513.34;512.18;PVC;PVC
8564000;513.31;512.15;PVC;PVC
8566000;514.60;513.44;PVC;PVC
8568000;513.69;512.53;PVC;PVC
8570000;511.44;510.27;PVC;PVC
8572000;513.48;512.31;PVC;PVC
8574000;513.54;512.36;PVC;PVC
8576000;513.95;512.77;PVC;PVC
8578000;512.91;511.73;PVC;PVC
8580000;511.27;510.09;PVC;PVC
8582000;513.69;512.51;PVC;PVC
8584000;514.49;513.30;PVC;PVC
8586000;512.68;511.49;PVC;PVC
8588000;513.50;512.30;PVC;PVC
8590000;512.54;511.34;PVC;PVC
8592000;511.93;510.73;PVC;PVC
8594000;514.12;512.91;PVC;PVC
8596000;514.69;513.48;PVC;PVC
8598000;512.93;511.72;PVC;PVC
8600000;513.00;511.79;PVC;PVC
8602000;513.76;512.55;PVC;PVC
8604000;514.51;513.29;PVC;PVC
8606000;513.31;512.09;PVC;PVC
8608000;515.46;514.24;PVC;PVC
8610000;511.83;510.61;PVC;PVC
8612000;512.99;511.76;PVC;PVC
8614000;515.04;513.81;PVC;PVC
8616000;511.76;510.52;PVC;PVC
8618000;515.23;514.00;PVC;PVC
8620000;512.49;511.25;PVC;PVC
8622000;512.78;511.54;PVC;PVC
8624000;512.12;510.88;PVC;PVC
8626000;511.61;510.36;PVC;PVC
8628000;513.76;512.51;PVC;PVC
8630000;511.83;510.58;PVC;PVC
8632000;513.68;512.42;PVC;PVC
8634000;512.64;511.38;PVC;PVC
8636000;513.69;512.43;PVC;PVC
8638000;515.70;514.44;PVC;PVC
8640000;511.40;510.14;PVC;PVC
8642000;515.09;513.82;PVC;PVC
8644000;514.06;512.79;PVC;PVC
8646000;514.89;513.61;PVC;PVC
8648000;513.03;511.75;PVC;PVC
8650000;514.90;513.62;PVC;PVC
8652000;512.79;511.51;PVC;PVC
8654000;512.74;511.45;PVC;PVC
8656000;513.63;512.35;PVC;PVC
8658000;512.06;510.77;PVC;PVC
8660000;515.33;514.04;PVC;PVC
8662000;510.90;509.61;PVC;PVC
8664000;513.21;511.91;PVC;PVC
8666000;513.19;511.89;PVC;PVC
8668000;513.63;512.33;PVC;PVC
8670000;513.36;512.06;PVC;PVC
8672000;512.82;511.51;PVC;PVC
8674000;514.83;513.52;PVC;PVC
8676000;514.61;513.30;PVC;PVC
8678000;512.59;511.28;PVC;PVC
8680000;516.61;515.29;PVC;PVC
8682000;512.75;511.43;PVC;PVC
8684000;511.38;510.06;PVC;PVC
8686000;511.95;510.63;PVC;PVC
8688000;513.36;512.03;PVC;PVC
8690000;515.32;514.00;PVC;PVC
8692000;512.91;511.58;PVC;PVC
8694000;514.09;512.76;PVC;PVC
8696000;511.72;510.38;PVC;PVC
8698000;514.49;513.16;PVC;PVC
8700000;514.96;513.62;PVC;PVC
8702000;511.08;509.74;PVC;PVC
8704000;513.98;512.64;PVC;PVC
8706000;515.84;514.50;PVC;PVC
8708000;511.57;510.23;PVC;PVC
8710000;514.28;512.93;PVC;PVC
8712000;514.16;512.81;PVC;PVC
8714000;514.07;512.72;PVC;PVC
8716000;514.34;512.99;PVC;PVC
8718000;512.23;510.87;PVC;PVC
8720000;513.24;511.88;PVC;PVC
8722000;513.98;512.62;PVC;PVC
8724000;513.00;511.64;PVC;PVC
8726000;511.52;510.16;PVC;PVC
8728000;514.27;512.91;PVC;PVC
8730000;513.73;512.37;PVC;PVC
8732000;514.41;513.04;PVC;PVC
8734000;513.39;512.02;PVC;PVC
8736000;511.46;510.09;PVC;PVC
8738000;512.53;511.15;PVC;PVC
8740000;514.35;512.98;PVC;PVC
8742000;513.88;512.51;PVC;PVC
8744000;512.87;511.49;PVC;PVC
8746000;513.52;512.14;PVC;PVC
8748000;512.16;510.78;PVC;PVC
8750000;513.22;511.84;PVC;PVC
8752000;514.87;513.48;PVC;PVC
8754000;513.08;511.69;PVC;PVC
8756000;512.32;510.93;PVC;PVC
8758000;514.40;513.01;PVC;PVC
8760000;512.54;511.14;PVC;PVC
8762000;516.08;514.68;PVC;PVC
8764000;514.22;512.82;PVC;PVC
8766000;513.54;512.14;PVC;PVC
8768000;513.74;512.34;PVC;PVC
8770000;513.77;512.37;PVC;PVC
8772000;513.74;512.34;PVC;PVC
8774000;512.19;510.78;PVC;PVC
8776000;513.52;512.11;PVC;PVC
8778000;513.79;512.38;PVC;PVC
8780000;510.96;509.55;PVC;PVC
8782000;511.98;510.56;PVC;PVC
8784000;512.30;510.89;PVC;PVC
8786000;512.23;510.81;PVC;PVC
8788000;512.14;510.73;PVC;PVC
8790000;516.69;515.27;PVC;PVC
8792000;514.91;513.49;PVC;PVC
8794000;512.82;511.40;PVC;PVC
8796000;513.50;512.07;PVC;PVC
8798000;512.79;511.37;PVC;PVC
8800000;514.75;513.33;PVC;PVC
8802000;512.16;510.74;PVC;PVC
8804000;513.20;511.77;PVC;PVC
8806000;513.62;512.18;PVC;PVC
8808000;514.51;513.08;PVC;PVC
8810000;514.35;512.91;PVC;PVC
8812000;514.22;512.79;PVC;PVC
8814000;514.67;513.24;PVC;PVC
8816000;515.08;513.64;PVC;PVC
8818000;512.78;511.34;PVC;PVC
8820000;515.56;514.11;PVC;PVC
8822000;513.65;512.21;PVC;PVC
8824000;513.29;511.85;PVC;PVC
8826000;511.71;510.26;PVC;PVC
8828000;513.97;512.52;PVC;PVC
8830000;512.93;511.48;PVC;PVC
8832000;512.68;511.23;PVC;PVC
8834000;514.21;512.76;PVC;PVC
8836000;511.82;510.37;PVC;PVC
8838000;512.62;511.16;PVC;PVC
8840000;512.77;511.32;PVC;PVC
8842000;514.69;513.23;PVC;PVC
8844000;515.70;514.25;PVC;PVC
8846000;514.80;513.34;PVC;PVC
8848000;514.16;512.70;PVC;PVC
8850000;513.00;511.54;PVC;PVC
8852000;513.44;511.98;PVC;PVC
8854000;512.53;511.07;PVC;PVC
8856000;514.54;513.08;PVC;PVC
8858000;514.37;512.91;PVC;PVC
8860000;515.22;513.76;PVC;PVC
8862000;512.82;511.35;PVC;PVC
8864000;514.53;513.06;PVC;PVC
8866000;511.78;510.31;PVC;PVC
8868000;513.87;512.40;PVC;PVC
8870000;514.45;512.98;PVC;PVC
8872000;513.84;512.37;PVC;PVC
8874000;514.55;513.08;PVC;PVC
8876000;512.03;510.56;PVC;PVC
8878000;512.94;511.47;PVC;PVC
8880000;513.09;511.62;PVC;PVC
8882000;515.51;514.03;PVC;PVC
8884000;513.66;512.19;PVC;PVC
8886000;513.45;511.97;PVC;PVC
8888000;514.71;513.23;PVC;PVC
8890000;512.29;510.81;PVC;PVC
8892000;513.49;512.02;PVC;PVC
8894000;512.28;510.80;PVC;PVC
8896000;512.08;510.60;PVC;PVC
8898000;512.93;511.45;PVC;PVC
8900000;515.11;513.63;PVC;PVC
8902000;513.77;512.29;PVC;PVC
8904000;513.61;512.13;PVC;PVC
8906000;512.62;511.13;PVC;PVC
8908000;511.02;509.54;PVC;PVC
8910000;511.61;510.12;PVC;PVC
8912000;514.57;513.09;PVC;PVC
8914000;513.40;511.91;PVC;PVC
8916000;515.44;513.95;PVC;PVC
8918000;514.51;513.02;PVC;PVC
8920000;513.73;512.24;PVC;PVC
8922000;512.76;511.27;PVC;PVC
8924000;514.04;512.55;PVC;PVC
8926000;511.68;510.19;PVC;PVC
8928000;511.53;510.04;PVC;PVC
8930000;512.91;511.42;PVC;PVC
8932000;514.03;512.54;PVC;PVC
8934000;514.61;513.12;PVC;PVC
8936000;514.66;513.17;PVC;PVC
8938000;513.95;512.46;PVC;PVC
8940000;513.70;512.20;PVC;PVC
8942000;515.44;513.95;PVC;PVC
8944000;511.97;510.48;PVC;PVC
8946000;513.81;512.32;PVC;PVC
8948000;512.73;511.23;PVC;PVC
8950000;513.23;511.73;PVC;PVC
8952000;514.02;512.52;PVC;PVC
8954000;514.06;512.56;PVC;PVC
8956000;513.08;511.58;PVC;PVC
8958000;512.95;511.45;PVC;PVC
8960000;513.00;511.50;PVC;PVC
8962000;512.56;511.07;PVC;PVC
8964000;513.78;512.28;PVC;PVC
8966000;514.68;513.18;PVC;PVC
8968000;513.24;511.74;PVC;PVC
8970000;515.62;514.12;PVC;PVC
8972000;513.66;512.16;PVC;PVC
8974000;512.74;511.24;PVC;PVC
8976000;513.42;511.92;PVC;PVC
8978000;513.67;512.17;PVC;PVC
8980000;513.23;511.73;PVC;PVC
8982000;513.13;511.63;PVC;PVC
8984000;512.56;511.06;PVC;PVC
8986000;513.97;512.47;PVC;PVC
8988000;514.24;512.74;PVC;PVC
8990000;513.17;511.67;PVC;PVC
8992000;515.33;513.83;PVC;PVC
8994000;513.54;512.04;PVC;PVC
8996000;513.44;511.94;PVC;PVC
8998000;511.93;510.43;PVC;PVC
9000000;512.51;511.01;PVC;PVC
9002000;514.59;513.09;PVC;PVC
9004000;510.18;508.68;PVC;PVC
9006000;512.30;510.80;PVC;PVC
9008000;511.67;510.17;PVC;PVC
9010000;515.45;513.95;PVC;PVC
9012000;515.52;514.02;PVC;PVC
9014000;514.04;512.54;PVC;PVC
9016000;514.06;512.56;PVC;PVC
9018000;514.07;512.57;PVC;PVC
9020000;512.44;510.94;PVC;PVC
9022000;514.02;512.52;PVC;PVC
9024000;513.77;512.27;PVC;PVC
9026000;515.06;513.56;PVC;PVC
9028000;512.67;511.17;PVC;PVC
9030000;514.34;512.84;PVC;PVC
9032000;515.71;514.21;PVC;PVC
9034000;512.92;511.42;PVC;PVC
9036000;514.50;513.00;PVC;PVC
9038000;513.81;512.31;PVC;PVC
9040000;514.15;512.65;PVC;PVC
9042000;515.25;513.75;PVC;PVC
9044000;515.01;513.52;PVC;PVC
9046000;511.70;510.21;PVC;PVC
9048000;511.89;510.40;PVC;PVC
9050000;513.27;511.77;PVC;PVC
9052000;512.90;511.41;PVC;PVC
9054000;513.75;512.26;PVC;PVC
9056000;513.12;511.62;PVC;PVC
9058000;513.46;511.96;PVC;PVC
9060000;514.02;512.52;PVC;PVC
9062000;513.89;512.39;PVC;PVC
9064000;511.77;510.28;PVC;PVC
9066000;512.57;511.07;PVC;PVC
9068000;514.44;512.95;PVC;PVC
9070000;511.77;510.28;PVC;PVC
9072000;517.02;515.53;PVC;PVC
9074000;514.42;512.93;PVC;PVC
9076000;513.37;511.88;PVC;PVC
9078000;512.53;511.05;PVC;PVC
9080000;513.15;511.66;PVC;PVC
9082000;513.48;511.99;PVC;PVC
9084000;514.17;512.68;PVC;PVC
9086000;511.48;509.99;PVC;PVC
9088000;512.81;511.32;PVC;PVC
9090000;514.31;512.83;PVC;PVC
9092000;513.34;511.86;PVC;PVC
9094000;513.50;512.02;PVC;PVC
9096000;513.07;511.59;PVC;PVC
9098000;513.56;512.08;PVC;PVC
9100000;514.33;512.84;PVC;PVC
9102000;512.34;510.85;PVC;PVC
9104000;513.68;512.20;PVC;PVC
9106000;514.21;512.73;PVC;PVC
9108000;513.00;511.53;PVC;PVC
9110000;515.18;513.71;PVC;PVC
9112000;513.63;512.15;PVC;PVC
9114000;511.75;510.27;PVC;PVC
9116000;513.60;512.13;PVC;PVC
9118000;514.50;513.03;PVC;PVC
9120000;514.26;512.79;PVC;PVC
9122000;516.02;514.55;PVC;PVC
9124000;512.70;511.23;PVC;PVC
9126000;513.72;512.25;PVC;PVC
9128000;514.43;512.96;PVC;PVC
9130000;514.00;512.53;PVC;PVC
9132000;511.91;510.44;PVC;PVC
9134000;512.49;511.03;PVC;PVC
9136000;513.20;511.73;PVC;PVC
9138000;512.70;511.23;PVC;PVC
9140000;513.46;512.00;PVC;PVC
9142000;513.86;512.39;PVC;PVC
9144000;514.51;513.05;PVC;PVC
9146000;513.10;511.64;PVC;PVC
9148000;513.08;511.62;PVC;PVC
9150000;511.39;509.93;PVC;PVC
9152000;512.43;510.98;PVC;PVC
9154000;514.15;512.69;PVC;PVC
9156000;513.10;511.64;PVC;PVC
9158000;513.53;512.08;PVC;PVC
9160000;509.32;507.87;PVC;PVC
9162000;513.71;512.26;PVC;PVC
9164000;515.28;513.83;PVC;PVC
9166000;513.69;512.24;PVC;PVC
9168000;513.80;512.35;PVC;PVC
9170000;514.54;513.09;PVC;PVC
9172000;512.69;511.25;PVC;PVC
9174000;512.88;511.44;PVC;PVC
9176000;513.39;511.95;PVC;PVC
9178000;512.42;510.98;PVC;PVC
9180000;513.49;512.05;PVC;PVC
9182000;513.85;512.41;PVC;PVC
9184000;512.92;511.48;PVC;PVC
9186000;512.64;511.20;PVC;PVC
9188000;513.79;512.35;PVC;PVC
9190000;512.59;511.16;PVC;PVC
9192000;512.33;510.90;PVC;PVC
9194000;511.77;510.33;PVC;PVC
9196000;513.12;511.69;PVC;PVC
9198000;513.19;511.76;PVC;PVC
9200000;513.34;511.92;PVC;PVC
9202000;511.83;510.40;PVC;PVC
9204000;514.42;513.00;PVC;PVC
9206000;515.14;513.72;PVC;PVC
9208000;510.80;509.38;PVC;PVC
9210000;513.19;511.77;PVC;PVC
9212000;513.25;511.83;PVC;PVC
9214000;513.57;512.16;PVC;PVC
9216000;511.24;509.82;PVC;PVC
9218000;512.99;511.57;PVC;PVC
9220000;514.59;513.18;PVC;PVC
9222000;513.19;511.78;PVC;PVC
9224000;511.47;510.06;PVC;PVC
9226000;514.07;512.67;PVC;PVC
9228000;513.59;512.18;PVC;PVC
9230000;514.90;513.49;PVC;PVC
9232000;513.75;512.35;PVC;PVC
9234000;511.94;510.54;PVC;PVC
9236000;513.94;512.54;PVC;PVC
9238000;513.90;512.50;PVC;PVC
9240000;514.79;513.40;PVC;PVC
9242000;515.29;513.90;PVC;PVC
9244000;512.80;511.41;PVC;PVC
9246000;515.04;513.65;PVC;PVC
9248000;512.92;511.53;PVC;PVC
9250000;515.16;513.77;PVC;PVC
9252000;513.40;512.02;PVC;PVC
9254000;514.45;513.07;PVC;PVC
9256000;511.34;509.96;PVC;PVC
9258000;512.88;511.50;PVC;PVC
9260000;513.16;511.79;PVC;PVC
9262000;513.13;511.76;PVC;PVC
9264000;511.95;510.58;PVC;PVC
9266000;513.49;512.12;PVC;PVC
9268000;513.49;512.12;PVC;PVC
9270000;512.85;511.49;PVC;PVC
9272000;515.43;514.07;PVC;PVC
9274000;514.84;513.47;PVC;PVC
9276000;512.21;510.85;PVC;PVC
9278000;512.63;511.27;PVC;PVC
9280000;511.46;510.10;PVC;PVC
9282000;514.27;512.92;PVC;PVC
9284000;514.98;513.62;PVC;PVC
9286000;510.74;509.39;PVC;PVC
9288000;514.51;513.16;PVC;PVC
9290000;512.78;511.43;PVC;PVC
9292000;514.71;513.37;PVC;PVC
9294000;513.08;511.74;PVC;PVC
9296000;512.87;511.53;PVC;PVC
9298000;514.28;512.94;PVC;PVC
9300000;514.51;513.17;PVC;PVC
9302000;514.38;513.04;PVC;PVC
9304000;515.30;513.97;PVC;PVC
9306000;514.42;513.09;PVC;PVC
9308000;511.61;510.28;PVC;PVC
9310000;513.43;512.10;PVC;PVC
9312000;513.92;512.59;PVC;PVC
9314000;511.83;510.51;PVC;PVC
9316000;514.05;512.73;PVC;PVC
9318000;513.20;511.88;PVC;PVC
9320000;513.30;511.99;PVC;PVC
9322000;512.42;511.11;PVC;PVC
9324000;514.05;512.74;PVC;PVC
9326000;513.81;512.50;PVC;PVC
9328000;512.02;510.72;PVC;PVC
9330000;512.80;511.50;PVC;PVC
9332000;511.60;510.30;PVC;PVC
9334000;514.58;513.28;PVC;PVC
9336000;514.37;513.07;PVC;PVC
9338000;513.05;511.76;PVC;PVC
9340000;513.62;512.33;PVC;PVC
9342000;512.83;511.54;PVC;PVC
9344000;512.40;511.11;PVC;PVC
9346000;514.37;513.08;PVC;PVC
9348000;513.83;512.55;PVC;PVC
9350000;512.07;510.79;PVC;PVC
9352000;514.46;513.19;PVC;PVC
9354000;513.77;512.49;PVC;PVC
9356000;512.01;510.74;PVC;PVC
9358000;512.23;510.96;PVC;PVC
9360000;513.70;512.43;PVC;PVC
9362000;515.52;514.26;PVC;PVC
9364000;513.46;512.19;PVC;PVC
9366000;513.29;512.03;PVC;PVC
9368000;513.22;511.96;PVC;PVC
9370000;512.50;511.25;PVC;PVC
9372000;514.66;513.41;PVC;PVC
9374000;512.86;511.62;PVC;PVC
9376000;511.43;510.18;PVC;PVC
9378000;511.68;510.44;PVC;PVC
9380000;513.44;512.20;PVC;PVC
9382000;512.06;510.82;PVC;PVC
9384000;514.57;513.34;PVC;PVC
9386000;513.79;512.56;PVC;PVC
9388000;512.60;511.37;PVC;PVC
9390000;511.61;510.38;PVC;PVC
9392000;511.66;510.44;PVC;PVC
9394000;513.28;512.06;PVC;PVC
9396000;514.31;513.09;PVC;PVC
9398000;514.56;513.35;PVC;PVC
9400000;512.95;511.74;PVC;PVC
9402000;513.92;512.70;PVC;PVC
9404000;514.05;512.84;PVC;PVC
9406000;512.94;511.74;PVC;PVC
9408000;513.71;512.50;PVC;PVC
9410000;512.56;511.36;PVC;PVC
9412000;512.53;511.33;PVC;PVC
9414000;513.99;512.80;PVC;PVC
9416000;514.55;513.35;PVC;PVC
9418000;511.91;510.72;PVC;PVC
9420000;511.96;510.78;PVC;PVC
9422000;511.77;510.59;PVC;PVC
9424000;512.16;510.98;PVC;PVC
9426000;512.42;511.24;PVC;PVC
9428000;511.00;509.83;PVC;PVC
9430000;512.46;511.29;PVC;PVC
9432000;513.64;512.47;PVC;PVC
9434000;512.80;511.64;PVC;PVC
9436000;513.01;511.85;PVC;PVC
9438000;512.11;510.95;PVC;PVC
9440000;512.68;511.53;PVC;PVC
9442000;513.56;512.41;PVC;PVC
9444000;514.08;512.93;PVC;PVC
9446000;514.28;513.13;PVC;PVC
9448000;512.67;511.52;PVC;PVC
9450000;514.45;513.31;PVC;PVC
9452000;513.25;512.12;PVC;PVC
9454000;512.48;511.34;PVC;PVC
9456000;513.63;512.50;PVC;PVC
9458000;513.10;511.97;PVC;PVC
9460000;511.55;510.42;PVC;PVC
9462000;514.59;513.47;PVC;PVC
9464000;512.62;511.50;PVC;PVC
9466000;513.96;512.84;PVC;PVC
9468000;511.61;510.50;PVC;PVC
9470000;513.72;512.61;PVC;PVC
9472000;513.47;512.37;PVC;PVC
9474000;512.06;510.95;PVC;PVC
9476000;511.56;510.46;PVC;PVC
9478000;513.48;512.38;PVC;PVC
9480000;512.80;511.71;PVC;PVC
9482000;513.70;512.61;PVC;PVC
9484000;513.19;512.11;PVC;PVC
9486000;510.74;509.65;PVC;PVC
9488000;513.06;511.98;PVC;PVC
9490000;513.50;512.42;PVC;PVC
9492000;513.72;512.65;PVC;PVC
9494000;514.57;513.50;PVC;PVC
9496000;514.86;513.79;PVC;PVC
9498000;512.30;511.24;PVC;PVC
9500000;513.51;512.45;PVC;PVC
9502000;514.81;513.75;PVC;PVC
9504000;512.46;511.41;PVC;PVC
9506000;512.03;510.98;PVC;PVC
9508000;513.95;512.91;PVC;PVC
9510000;513.36;512.32;PVC;PVC
9512000;512.57;511.53;PVC;PVC
9514000;512.52;511.49;PVC;PVC
9516000;512.05;511.02;PVC;PVC
9518000;513.80;512.76;PVC;PVC
9520000;512.40;511.37;PVC;PVC
9522000;513.04;512.02;PVC;PVC
9524000;513.51;512.49;PVC;PVC
9526000;513.74;512.72;PVC;PVC
9528000;513.28;512.27;PVC;PVC
9530000;513.84;512.83;PVC;PVC
9532000;511.22;510.21;PVC;PVC
9534000;513.01;512.01;PVC;PVC
9536000;514.14;513.14;PVC;PVC
9538000;513.97;512.98;PVC;PVC
9540000;513.77;512.78;PVC;PVC
9542000;514.76;513.77;PVC;PVC
9544000;511.95;510.96;PVC;PVC
9546000;513.04;512.06;PVC;PVC
9548000;511.35;510.37;PVC;PVC
9550000;513.58;512.61;PVC;PVC
9552000;512.82;511.85;PVC;PVC
9554000;513.47;512.50;PVC;PVC
9556000;513.17;512.21;PVC;PVC
9558000;514.05;513.09;PVC;PVC
9560000;511.99;511.03;PVC;PVC
9562000;513.38;512.43;PVC;PVC
9564000;512.84;511.89;PVC;PVC
9566000;513.49;512.54;PVC;PVC
9568000;513.33;512.39;PVC;PVC
9570000;512.07;511.13;PVC;PVC
9572000;512.91;511.97;PVC;PVC
9574000;512.81;511.88;PVC;PVC
9576000;512.43;511.50;PVC;PVC
9578000;510.92;510.00;PVC;PVC
9580000;515.71;514.79;PVC;PVC
9582000;513.38;512.47;PVC;PVC
9584000;512.73;511.82;PVC;PVC
9586000;512.83;511.92;PVC;PVC
9588000;513.10;512.19;PVC;PVC
9590000;514.03;513.13;PVC;PVC
9592000;511.88;510.98;PVC;PVC
9594000;513.51;512.62;PVC;PVC
9596000;513.17;512.29;PVC;PVC
9598000;515.34;514.45;PVC;PVC
9600000;513.22;512.34;PVC;PVC
9602000;511.28;510.40;PVC;PVC
9604000;512.15;511.28;PVC;PVC
9606000;513.37;512.50;PVC;PVC
9608000;513.27;512.41;PVC;PVC
9610000;512.04;511.18;PVC;PVC
9612000;513.26;512.40;PVC;PVC
9614000;510.39;509.54;PVC;PVC
9616000;514.09;513.24;PVC;PVC
9618000;511.93;511.08;PVC;PVC
9620000;512.92;512.07;PVC;PVC
9622000;513.21;512.37;PVC;PVC
9624000;512.00;511.17;PVC;PVC
9626000;514.49;513.66;PVC;PVC
9628000;513.63;512.80;PVC;PVC
9630000;514.47;513.64;PVC;PVC
9632000;512.84;512.02;PVC;PVC
9634000;511.89;511.08;PVC;PVC
9636000;511.38;510.57;PVC;PVC
9638000;512.50;511.69;PVC;PVC
9640000;511.30;510.49;PVC;PVC
9642000;511.53;510.73;PVC;PVC
9644000;511.67;510.88;PVC;PVC
9646000;513.15;512.36;PVC;PVC
9648000;511.89;511.10;PVC;PVC
9650000;511.46;510.68;PVC;PVC
9652000;509.86;509.08;PVC;PVC
9654000;513.02;512.24;PVC;PVC
9656000;513.38;512.61;PVC;PVC
9658000;512.18;511.42;PVC;PVC
9660000;511.95;511.19;PVC;PVC
9662000;513.15;512.39;PVC;PVC
9664000;511.94;511.18;PVC;PVC
9666000;512.31;511.56;PVC;PVC
9668000;512.80;512.05;PVC;PVC
9670000;512.06;511.32;PVC;PVC
9672000;510.60;509.86;PVC;PVC
9674000;510.29;509.56;PVC;PVC
9676000;512.81;512.08;PVC;PVC
9678000;513.48;512.75;PVC;PVC
9680000;514.50;513.78;PVC;PVC
9682000;513.10;512.38;PVC;PVC
9684000;513.41;512.69;PVC;PVC
9686000;513.34;512.63;PVC;PVC
9688000;514.13;513.42;PVC;PVC
9690000;513.97;513.27;PVC;PVC
9692000;511.51;510.82;PVC;PVC
9694000;512.79;512.09;PVC;PVC
9696000;512.42;511.73;PVC;PVC
9698000;510.52;509.83;PVC;PVC
9700000;512.67;511.99;PVC;PVC
9702000;510.85;510.17;PVC;PVC
9704000;511.55;510.88;PVC;PVC
9706000;513.77;513.11;PVC;PVC
9708000;512.42;511.75;PVC;PVC
9710000;511.80;511.14;PVC;PVC
9712000;514.28;513.63;PVC;PVC
9714000;512.55;511.90;PVC;PVC
9716000;513.05;512.41;PVC;PVC
9718000;512.14;511.50;PVC;PVC
9720000;513.32;512.68;PVC;PVC
9722000;512.61;511.98;PVC;PVC
9724000;514.46;513.83;PVC;PVC
9726000;513.74;513.11;PVC;PVC
9728000;511.95;511.33;PVC;PVC
9730000;512.60;511.99;PVC;PVC
9732000;514.11;513.50;PVC;PVC
9734000;513.12;512.51;PVC;PVC
9736000;513.11;512.51;PVC;PVC
9738000;511.07;510.47;PVC;PVC
9740000;509.68;509.08;PVC;PVC
9742000;513.20;512.61;PVC;PVC
9744000;512.47;511.88;PVC;PVC
9746000;511.83;511.24;PVC;PVC
9748000;512.92;512.34;PVC;PVC
9750000;514.67;514.10;PVC;PVC
9752000;511.61;511.04;PVC;PVC
9754000;514.35;513.78;PVC;PVC
9756000;512.53;511.97;PVC;PVC
9758000;511.99;511.43;PVC;PVC
9760000;512.10;511.55;PVC;PVC
9762000;512.86;512.31;PVC;PVC
9764000;515.36;514.82;PVC;PVC
9766000;514.29;513.75;PVC;PVC
9768000;509.40;508.86;PVC;PVC
9770000;514.16;513.63;PVC;PVC
9772000;512.61;512.08;PVC;PVC
9774000;511.66;511.14;PVC;PVC
9776000;514.09;513.57;PVC;PVC
9778000;512.69;512.18;PVC;PVC
9780000;512.42;511.91;PVC;PVC
9782000;514.62;514.12;PVC;PVC
9784000;512.52;512.02;PVC;PVC
9786000;511.97;511.47;PVC;PVC
9788000;513.13;512.64;PVC;PVC
9790000;511.00;510.51;PVC;PVC
9792000;512.13;511.65;PVC;PVC
9794000;515.00;514.52;PVC;PVC
9796000;513.23;512.75;PVC;PVC
9798000;512.33;511.86;PVC;PVC
9800000;510.71;510.25;PVC;PVC
9802000;514.33;513.87;PVC;PVC
9804000;511.08;510.63;PVC;PVC
9806000;511.09;510.64;PVC;PVC
9808000;512.43;511.99;PVC;PVC
9810000;510.61;510.17;PVC;PVC
9812000;511.76;511.33;PVC;PVC
9814000;513.11;512.67;PVC;PVC
9816000;512.17;511.74;PVC;PVC
9818000;511.95;511.53;PVC;PVC
9820000;513.18;512.76;PVC;PVC
9822000;514.48;514.07;PVC;PVC
9824000;513.43;513.02;PVC;PVC
9826000;511.99;511.59;PVC;PVC
9828000;512.93;512.53;PVC;PVC
9830000;510.91;510.51;PVC;PVC
9832000;513.26;512.86;PVC;PVC
9834000;512.21;511.83;PVC;PVC
9836000;511.73;511.35;PVC;PVC
9838000;510.60;510.22;PVC;PVC
9840000;510.98;510.60;PVC;PVC
9842000;513.46;513.10;PVC;PVC
9844000;511.10;510.74;PVC;PVC
9846000;513.83;513.47;PVC;PVC
9848000;512.51;512.16;PVC;PVC
9850000;512.37;512.02;PVC;PVC
9852000;511.05;510.71;PVC;PVC
9854000;513.05;512.71;PVC;PVC
9856000;512.80;512.46;PVC;PVC
9858000;512.39;512.06;PVC;PVC
9860000;512.42;512.09;PVC;PVC
9862000;512.41;512.09;PVC;PVC
9864000;511.49;511.17;PVC;PVC
9866000;512.69;512.38;PVC;PVC
9868000;512.17;511.86;PVC;PVC
9870000;514.42;514.11;PVC;PVC
9872000;509.69;509.39;PVC;PVC
9874000;512.77;512.47;PVC;PVC
9876000;512.06;511.77;PVC;PVC
9878000;510.73;510.45;PVC;PVC
9880000;515.04;514.76;PVC;PVC
9882000;514.62;514.35;PVC;PVC
9884000;513.07;512.80;PVC;PVC
9886000;513.07;512.80;PVC;PVC
9888000;512.02;511.75;PVC;PVC
9890000;512.97;512.71;PVC;PVC
9892000;513.62;513.36;PVC;PVC
9894000;510.01;509.76;PVC;PVC
9896000;512.13;511.89;PVC;PVC
9898000;512.22;511.98;PVC;PVC
9900000;512.97;512.73;PVC;PVC
9902000;513.76;513.53;PVC;PVC
9904000;512.12;511.89;PVC;PVC
9906000;511.23;511.01;PVC;PVC
9908000;512.98;512.76;PVC;PVC
9910000;512.32;512.11;PVC;PVC
9912000;508.57;508.37;PVC;PVC
9914000;511.79;511.59;PVC;PVC
9916000;511.12;510.92;PVC;PVC
9918000;513.03;512.84;PVC;PVC
9920000;512.39;512.20;PVC;PVC
9922000;513.23;513.04;PVC;PVC
9924000;511.92;511.75;PVC;PVC
9926000;511.56;511.39;PVC;PVC
9928000;510.79;510.62;PVC;PVC
9930000;513.30;513.14;PVC;PVC
9932000;513.46;513.30;PVC;PVC
9934000;513.43;513.28;PVC;PVC
9936000;511.52;511.37;PVC;PVC
9938000;512.06;511.91;PVC;PVC
9940000;511.95;511.81;PVC;PVC
9942000;511.15;511.02;PVC;PVC
9944000;512.58;512.44;PVC;PVC
9946000;511.03;510.90;PVC;PVC
9948000;512.74;512.61;PVC;PVC
9950000;511.90;511.78;PVC;PVC
9952000;510.30;510.18;PVC;PVC
9954000;512.68;512.57;PVC;PVC
9956000;509.55;509.44;PVC;PVC
9958000;513.52;513.42;PVC;PVC
9960000;512.95;512.86;PVC;PVC
9962000;511.93;511.85;PVC;PVC
9964000;511.40;511.31;PVC;PVC
9966000;512.07;511.99;PVC;PVC
9968000;514.59;514.52;PVC;PVC
9970000;509.79;509.72;PVC;PVC
9972000;511.59;511.52;PVC;PVC
9974000;511.84;511.78;PVC;PVC
9976000;512.35;512.29;PVC;PVC
9978000;512.53;512.48;PVC;PVC
9980000;513.73;513.68;PVC;PVC
9982000;513.06;513.01;PVC;PVC
9984000;512.67;512.64;PVC;PVC
9986000;510.65;510.62;PVC;PVC
9988000;515.75;515.73;PVC;PVC
9990000;512.85;512.83;PVC;PVC
9992000;512.58;512.56;PVC;PVC
9994000;511.69;511.68;PVC;PVC
9996000;513.07;513.06;PVC;PVC
9998000;511.37;511.37;PVC;PVC
