timestamp_us;raw_adc;filtered_val;rhythm;class_code
0;515.73;515.73;AFIB;AFIB
2000;515.00;515.00;AFIB;AFIB
4000;512.89;512.88;AFIB;AFIB
6000;512.89;512.86;AFIB;AFIB
8000;512.78;512.75;AFIB;AFIB
10000;512.16;512.12;AFIB;AFIB
12000;513.81;513.77;AFIB;AFIB
14000;514.16;514.11;AFIB;AFIB
16000;508.33;508.27;AFIB;AFIB
18000;513.94;513.87;AFIB;AFIB
20000;507.84;507.76;AFIB;AFIB
22000;514.86;514.77;AFIB;AFIB
24000;513.76;513.67;AFIB;AFIB
26000;511.99;511.89;AFIB;AFIB
28000;510.14;510.03;AFIB;AFIB
30000;510.54;510.42;AFIB;AFIB
32000;515.42;515.29;AFIB;AFIB
34000;514.44;514.31;AFIB;AFIB
36000;511.73;511.59;AFIB;AFIB
38000;514.15;514.00;AFIB;AFIB
40000;514.04;513.89;AFIB;AFIB
42000;513.48;513.32;AFIB;AFIB
44000;510.76;510.59;AFIB;AFIB
46000;507.97;507.79;AFIB;AFIB
48000;512.65;512.46;AFIB;AFIB
50000;517.19;516.99;AFIB;AFIB
52000;515.92;515.72;AFIB;AFIB
54000;511.41;511.20;AFIB;AFIB
56000;512.65;512.44;AFIB;AFIB
58000;515.30;515.07;AFIB;AFIB
60000;513.43;513.20;AFIB;AFIB
62000;507.48;507.24;AFIB;AFIB
64000;508.07;507.82;AFIB;AFIB
66000;514.10;513.85;AFIB;AFIB
68000;513.01;512.74;AFIB;AFIB
70000;512.45;512.17;AFIB;AFIB
72000;510.23;509.94;AFIB;AFIB
74000;513.33;513.04;AFIB;AFIB
76000;513.26;512.96;AFIB;AFIB
78000;509.57;509.26;AFIB;AFIB
80000;510.62;510.30;AFIB;AFIB
82000;515.78;515.46;AFIB;AFIB
84000;513.55;513.22;AFIB;AFIB
86000;513.05;512.71;AFIB;AFIB
88000;511.21;510.86;AFIB;AFIB
90000;511.69;511.34;AFIB;AFIB
92000;513.66;513.30;AFIB;AFIB
94000;511.31;510.95;AFIB;AFIB
96000;511.30;510.93;AFIB;AFIB
98000;514.31;513.92;AFIB;AFIB
100000;515.95;515.56;AFIB;AFIB
102000;512.71;512.31;AFIB;AFIB
104000;515.62;515.21;AFIB;AFIB
106000;513.73;513.32;AFIB;AFIB
108000;513.56;513.14;AFIB;AFIB
110000;510.76;510.33;AFIB;AFIB
112000;516.82;516.38;AFIB;AFIB
114000;510.66;510.21;AFIB;AFIB
116000;512.79;512.34;AFIB;AFIB
118000;514.29;513.83;AFIB;AFIB
120000;513.11;512.64;AFIB;AFIB
122000;511.43;510.95;AFIB;AFIB
124000;511.88;511.40;AFIB;AFIB
126000;511.67;511.18;AFIB;AFIB
128000;512.08;511.58;AFIB;AFIB
130000;511.88;511.37;AFIB;AFIB
132000;509.71;509.20;AFIB;AFIB
134000;508.08;507.56;AFIB;AFIB
136000;513.55;513.02;AFIB;AFIB
138000;512.07;511.53;AFIB;AFIB
140000;514.77;514.22;AFIB;AFIB
142000;512.45;511.90;AFIB;AFIB
144000;511.95;511.39;AFIB;AFIB
146000;510.39;509.82;AFIB;AFIB
148000;515.45;514.87;AFIB;AFIB
150000;511.66;511.08;AFIB;AFIB
152000;517.18;516.58;AFIB;AFIB
154000;512.94;512.34;AFIB;AFIB
156000;512.22;511.61;AFIB;AFIB
158000;510.23;509.62;AFIB;AFIB
160000;517.17;516.55;AFIB;AFIB
162000;511.93;511.30;AFIB;AFIB
164000;511.32;510.69;AFIB;AFIB
166000;514.96;514.32;AFIB;AFIB
168000;510.16;509.51;AFIB;AFIB
170000;515.57;514.91;AFIB;AFIB
172000;515.45;514.78;AFIB;AFIB
174000;515.58;514.91;AFIB;AFIB
176000;519.20;518.52;AFIB;AFIB
178000;510.78;510.09;AFIB;AFIB
180000;516.25;515.56;AFIB;AFIB
182000;515.28;514.57;AFIB;AFIB
184000;515.82;515.10;AFIB;AFIB
186000;515.98;515.26;AFIB;AFIB
188000;514.87;514.14;AFIB;AFIB
190000;511.97;511.24;AFIB;AFIB
192000;510.70;509.96;AFIB;AFIB
194000;512.68;511.93;AFIB;AFIB
196000;512.68;511.92;AFIB;AFIB
198000;509.93;509.17;AFIB;AFIB
200000;511.60;510.83;AFIB;AFIB
202000;512.62;511.84;AFIB;AFIB
204000;517.39;516.60;AFIB;AFIB
206000;516.70;515.90;AFIB;AFIB
208000;510.93;510.13;AFIB;AFIB
210000;510.64;509.83;AFIB;AFIB
212000;515.75;514.94;AFIB;AFIB
214000;511.45;510.62;AFIB;AFIB
216000;511.11;510.28;AFIB;AFIB
218000;515.11;514.27;AFIB;AFIB
220000;508.96;508.11;AFIB;AFIB
222000;508.86;508.00;AFIB;AFIB
224000;509.90;509.04;AFIB;AFIB
226000;514.55;513.68;AFIB;AFIB
228000;509.67;508.80;AFIB;AFIB
230000;512.40;511.52;AFIB;AFIB
232000;517.46;516.57;AFIB;AFIB
234000;510.57;509.67;AFIB;AFIB
236000;514.78;513.87;AFIB;AFIB
238000;513.24;512.32;AFIB;AFIB
240000;513.21;512.29;AFIB;AFIB
242000;518.71;517.78;AFIB;AFIB
244000;514.22;513.29;AFIB;AFIB
246000;510.76;509.81;AFIB;AFIB
248000;509.19;508.24;AFIB;AFIB
250000;506.96;506.00;AFIB;AFIB
252000;515.00;514.03;AFIB;AFIB
254000;515.13;514.16;AFIB;AFIB
256000;513.05;512.07;AFIB;AFIB
258000;515.66;514.67;AFIB;AFIB
260000;512.88;511.89;AFIB;AFIB
262000;517.43;516.43;AFIB;AFIB
264000;512.73;511.72;AFIB;AFIB
266000;517.27;516.25;AFIB;AFIB
268000;513.35;512.32;AFIB;AFIB
270000;513.90;512.87;AFIB;AFIB
272000;514.13;513.10;AFIB;AFIB
274000;518.65;517.60;AFIB;AFIB
276000;512.48;511.43;AFIB;AFIB
278000;516.87;515.81;AFIB;AFIB
280000;515.01;513.95;AFIB;AFIB
282000;514.89;513.81;AFIB;AFIB
284000;511.97;510.89;AFIB;AFIB
286000;511.72;510.63;AFIB;AFIB
288000;511.90;510.80;AFIB;AFIB
290000;512.87;511.77;AFIB;AFIB
292000;513.14;512.03;AFIB;AFIB
294000;512.92;511.80;AFIB;AFIB
296000;512.79;511.67;AFIB;AFIB
298000;509.64;508.51;AFIB;AFIB
300000;514.33;513.20;AFIB;AFIB
302000;511.39;510.24;AFIB;AFIB
304000;510.20;509.05;AFIB;AFIB
306000;512.64;511.48;AFIB;AFIB
308000;510.14;508.97;AFIB;AFIB
310000;517.67;516.50;AFIB;AFIB
312000;512.10;510.92;AFIB;AFIB
314000;515.66;514.47;AFIB;AFIB
316000;515.95;514.75;AFIB;AFIB
318000;515.39;514.20;AFIB;AFIB
320000;515.21;514.01;AFIB;AFIB
322000;510.24;509.02;AFIB;AFIB
324000;518.17;516.95;AFIB;AFIB
326000;512.94;511.71;AFIB;AFIB
328000;519.10;517.87;AFIB;AFIB
330000;516.04;514.80;AFIB;AFIB
332000;510.64;509.39;AFIB;AFIB
334000;512.33;511.08;AFIB;AFIB
336000;514.68;513.42;AFIB;AFIB
338000;512.78;511.51;AFIB;AFIB
340000;513.41;512.14;AFIB;AFIB
342000;514.94;513.66;AFIB;AFIB
344000;515.98;514.69;AFIB;AFIB
346000;514.43;513.13;AFIB;AFIB
348000;513.49;512.19;AFIB;AFIB
350000;514.16;512.85;AFIB;AFIB
352000;516.99;515.68;AFIB;AFIB
354000;517.34;516.02;AFIB;AFIB
356000;513.60;512.27;AFIB;AFIB
358000;512.20;510.87;AFIB;AFIB
360000;513.76;512.42;AFIB;AFIB
362000;514.54;513.19;AFIB;AFIB
364000;511.19;509.84;AFIB;AFIB
366000;512.18;510.83;AFIB;AFIB
368000;516.73;515.36;AFIB;AFIB
370000;517.14;515.77;AFIB;AFIB
372000;513.98;512.60;AFIB;AFIB
374000;508.90;507.51;AFIB;AFIB
376000;512.81;511.41;AFIB;AFIB
378000;512.38;510.98;AFIB;AFIB
380000;513.91;512.50;AFIB;AFIB
382000;512.55;511.13;AFIB;AFIB
384000;518.10;516.68;AFIB;AFIB
386000;515.34;513.92;AFIB;AFIB
388000;514.54;513.11;AFIB;AFIB
390000;514.35;512.92;AFIB;AFIB
392000;512.99;511.55;AFIB;AFIB
394000;515.33;513.88;AFIB;AFIB
396000;510.26;508.80;AFIB;AFIB
398000;517.73;516.27;AFIB;AFIB
400000;515.52;514.05;AFIB;AFIB
402000;511.93;510.45;AFIB;AFIB
404000;509.47;507.98;AFIB;AFIB
406000;509.10;507.61;AFIB;AFIB
408000;510.30;508.80;AFIB;AFIB
410000;517.35;515.85;AFIB;AFIB
412000;512.64;511.13;AFIB;AFIB
414000;515.41;513.90;AFIB;AFIB
416000;514.12;512.60;AFIB;AFIB
418000;515.75;514.22;AFIB;AFIB
420000;517.62;516.09;AFIB;AFIB
422000;513.66;512.12;AFIB;AFIB
424000;516.23;514.68;AFIB;AFIB
426000;513.42;511.87;AFIB;AFIB
428000;512.35;510.79;AFIB;AFIB
430000;512.18;510.62;AFIB;AFIB
432000;513.67;512.10;AFIB;AFIB
434000;515.24;513.66;AFIB;AFIB
436000;513.19;511.61;AFIB;AFIB
438000;510.74;509.15;AFIB;AFIB
440000;514.22;512.62;AFIB;AFIB
442000;513.72;512.12;AFIB;AFIB
444000;514.80;513.20;AFIB;AFIB
446000;514.02;512.41;AFIB;AFIB
448000;510.89;509.27;AFIB;AFIB
450000;517.81;516.18;AFIB;AFIB
452000;511.15;509.52;AFIB;AFIB
454000;511.74;510.11;AFIB;AFIB
456000;515.01;513.37;AFIB;AFIB
458000;516.80;515.15;AFIB;AFIB
460000;511.71;510.06;AFIB;AFIB
462000;515.74;514.08;AFIB;AFIB
464000;515.61;513.94;AFIB;AFIB
466000;510.81;509.14;AFIB;AFIB
468000;514.17;512.49;AFIB;AFIB
470000;512.97;511.29;AFIB;AFIB
472000;512.83;511.14;AFIB;AFIB
474000;516.17;514.48;AFIB;AFIB
476000;514.13;512.43;AFIB;AFIB
478000;512.59;510.89;AFIB;AFIB
480000;511.56;509.85;AFIB;AFIB
482000;514.04;512.32;AFIB;AFIB
484000;508.61;506.89;AFIB;AFIB
486000;508.90;507.18;AFIB;AFIB
488000;511.86;510.13;AFIB;AFIB
490000;514.21;512.47;AFIB;AFIB
492000;515.25;513.50;AFIB;AFIB
494000;517.44;515.69;AFIB;AFIB
496000;513.62;511.86;AFIB;AFIB
498000;515.11;513.35;AFIB;AFIB
500000;512.84;511.07;AFIB;AFIB
502000;516.91;515.14;AFIB;AFIB
504000;515.30;513.52;AFIB;AFIB
506000;513.59;511.81;AFIB;AFIB
508000;511.38;509.59;AFIB;AFIB
510000;513.49;511.69;AFIB;AFIB
512000;514.24;512.43;AFIB;AFIB
514000;514.55;512.74;AFIB;AFIB
516000;511.74;509.93;AFIB;AFIB
518000;512.85;511.03;AFIB;AFIB
520000;514.94;513.11;AFIB;AFIB
522000;510.60;508.77;AFIB;AFIB
524000;518.27;516.44;AFIB;AFIB
526000;513.58;511.74;AFIB;AFIB
528000;511.22;509.38;AFIB;AFIB
530000;517.05;515.21;AFIB;AFIB
532000;513.14;511.29;AFIB;AFIB
534000;511.92;510.06;AFIB;AFIB
536000;512.10;510.24;AFIB;AFIB
538000;511.71;509.84;AFIB;AFIB
540000;510.51;508.64;AFIB;AFIB
542000;519.23;517.35;AFIB;AFIB
544000;513.05;511.17;AFIB;AFIB
546000;515.88;513.99;AFIB;AFIB
548000;513.85;511.96;AFIB;AFIB
550000;514.13;512.23;AFIB;AFIB
552000;515.86;513.96;AFIB;AFIB
554000;513.85;511.94;AFIB;AFIB
556000;515.54;513.62;AFIB;AFIB
558000;515.57;513.65;AFIB;AFIB
560000;516.42;514.49;AFIB;AFIB
562000;515.83;513.90;AFIB;AFIB
564000;518.63;516.69;AFIB;AFIB
566000;514.18;512.24;AFIB;AFIB
568000;515.11;513.16;AFIB;AFIB
570000;515.86;513.91;AFIB;AFIB
572000;514.56;512.60;AFIB;AFIB
574000;513.41;511.45;AFIB;AFIB
576000;513.17;511.20;AFIB;AFIB
578000;511.10;509.13;AFIB;AFIB
580000;514.20;512.23;AFIB;AFIB
582000;516.22;514.24;AFIB;AFIB
584000;518.44;516.46;AFIB;AFIB
586000;510.82;508.83;AFIB;AFIB
588000;514.18;512.18;AFIB;AFIB
590000;514.30;512.30;AFIB;AFIB
592000;516.26;514.26;AFIB;AFIB
594000;515.41;513.40;AFIB;AFIB
596000;513.84;511.82;AFIB;AFIB
598000;512.97;510.95;AFIB;AFIB
600000;513.82;511.80;AFIB;AFIB
602000;519.35;517.32;AFIB;AFIB
604000;516.63;514.60;AFIB;AFIB
606000;515.71;513.67;AFIB;AFIB
608000;513.92;511.88;AFIB;AFIB
610000;513.98;511.93;AFIB;AFIB
612000;511.47;509.42;AFIB;AFIB
614000;512.86;510.81;AFIB;AFIB
616000;514.74;512.69;AFIB;AFIB
618000;515.55;513.49;AFIB;AFIB
620000;515.92;513.85;AFIB;AFIB
622000;515.41;513.34;AFIB;AFIB
624000;514.81;512.74;AFIB;AFIB
626000;514.07;511.99;AFIB;AFIB
628000;514.33;512.24;AFIB;AFIB
630000;515.80;513.71;AFIB;AFIB
632000;512.89;510.80;AFIB;AFIB
634000;517.09;514.99;AFIB;AFIB
636000;515.52;513.41;AFIB;AFIB
638000;512.46;510.35;AFIB;AFIB
640000;514.80;512.69;AFIB;AFIB
642000;516.94;514.82;AFIB;AFIB
644000;510.76;508.64;AFIB;AFIB
646000;516.46;514.33;AFIB;AFIB
648000;511.25;509.12;AFIB;AFIB
650000;513.17;511.04;AFIB;AFIB
652000;514.80;512.66;AFIB;AFIB
654000;513.70;511.56;AFIB;AFIB
656000;512.22;510.07;AFIB;AFIB
658000;514.05;511.90;AFIB;AFIB
660000;514.79;512.64;AFIB;AFIB
662000;509.84;507.69;AFIB;AFIB
664000;513.31;511.15;AFIB;AFIB
666000;513.32;511.16;AFIB;AFIB
668000;515.55;513.38;AFIB;AFIB
670000;519.03;516.86;AFIB;AFIB
672000;511.62;509.44;AFIB;AFIB
674000;516.23;514.05;AFIB;AFIB
676000;509.90;507.72;AFIB;AFIB
678000;513.14;510.96;AFIB;AFIB
680000;513.80;511.61;AFIB;AFIB
682000;518.00;515.80;AFIB;AFIB
684000;514.28;512.08;AFIB;AFIB
686000;514.20;512.00;AFIB;AFIB
688000;512.22;510.02;AFIB;AFIB
690000;516.35;514.14;AFIB;AFIB
692000;513.89;511.68;AFIB;AFIB
694000;513.23;511.01;AFIB;AFIB
696000;514.39;512.17;AFIB;AFIB
698000;515.15;512.93;AFIB;AFIB
700000;515.15;512.93;AFIB;AFIB
702000;513.70;511.47;AFIB;AFIB
704000;515.23;513.00;AFIB;AFIB
706000;510.30;508.06;AFIB;AFIB
708000;513.70;511.46;AFIB;AFIB
710000;512.38;510.13;AFIB;AFIB
712000;518.04;515.79;AFIB;AFIB
714000;513.80;511.54;AFIB;AFIB
716000;509.73;507.47;AFIB;AFIB
718000;514.63;512.37;AFIB;AFIB
720000;515.06;512.80;AFIB;AFIB
722000;513.36;511.10;AFIB;AFIB
724000;514.65;512.38;AFIB;AFIB
726000;515.18;512.91;AFIB;AFIB
728000;512.61;510.34;AFIB;AFIB
730000;513.52;511.24;AFIB;AFIB
732000;513.73;511.45;AFIB;AFIB
734000;514.09;511.81;AFIB;AFIB
736000;513.42;511.13;AFIB;AFIB
738000;511.40;509.11;AFIB;AFIB
740000;513.67;511.37;AFIB;AFIB
742000;510.60;508.30;AFIB;AFIB
744000;515.82;513.52;AFIB;AFIB
746000;517.96;515.65;AFIB;AFIB
748000;513.53;511.23;AFIB;AFIB
750000;517.00;514.69;AFIB;AFIB
752000;516.32;514.00;AFIB;AFIB
754000;511.05;508.74;AFIB;AFIB
756000;513.59;511.28;AFIB;AFIB
758000;507.96;505.64;AFIB;AFIB
760000;516.35;514.03;AFIB;AFIB
762000;517.74;515.41;AFIB;AFIB
764000;513.45;511.12;AFIB;AFIB
766000;512.91;510.58;AFIB;AFIB
768000;514.08;511.75;AFIB;AFIB
770000;514.80;512.47;AFIB;AFIB
772000;510.47;508.13;AFIB;AFIB
774000;512.44;510.10;AFIB;AFIB
776000;513.13;510.78;AFIB;AFIB
778000;513.33;510.98;AFIB;AFIB
780000;512.07;509.72;AFIB;AFIB
782000;514.80;512.45;AFIB;AFIB
784000;518.54;516.18;AFIB;AFIB
786000;513.20;510.84;AFIB;AFIB
788000;512.10;509.74;AFIB;AFIB
790000;517.94;515.57;AFIB;AFIB
792000;514.62;512.25;AFIB;AFIB
794000;509.71;507.34;AFIB;AFIB
796000;517.26;514.89;AFIB;AFIB
798000;513.60;511.23;AFIB;AFIB
800000;512.85;510.47;AFIB;AFIB
802000;513.75;511.37;AFIB;AFIB
804000;515.97;513.59;AFIB;AFIB
806000;512.77;510.38;AFIB;AFIB
808000;514.89;512.51;AFIB;AFIB
810000;516.05;513.67;AFIB;AFIB
812000;515.91;513.52;AFIB;AFIB
814000;514.35;511.95;AFIB;AFIB
816000;513.59;511.19;AFIB;AFIB
818000;507.99;505.59;AFIB;AFIB
820000;515.75;513.35;AFIB;AFIB
822000;515.06;512.65;AFIB;AFIB
824000;515.98;513.58;AFIB;AFIB
826000;514.25;511.85;AFIB;AFIB
828000;513.22;510.81;AFIB;AFIB
830000;516.20;513.79;AFIB;AFIB
832000;512.12;509.71;AFIB;AFIB
834000;517.50;515.08;AFIB;AFIB
836000;514.16;511.74;AFIB;AFIB
838000;512.82;510.40;AFIB;AFIB
840000;514.60;512.17;AFIB;AFIB
842000;517.68;515.25;AFIB;AFIB
844000;512.01;509.59;AFIB;AFIB
846000;517.50;515.07;AFIB;AFIB
848000;517.26;514.83;AFIB;AFIB
850000;512.72;510.29;AFIB;AFIB
852000;513.72;511.29;AFIB;AFIB
854000;511.14;508.70;AFIB;AFIB
856000;514.59;512.16;AFIB;AFIB
858000;508.18;505.74;AFIB;AFIB
860000;511.56;509.12;AFIB;AFIB
862000;511.30;508.86;AFIB;AFIB
864000;513.48;511.03;AFIB;AFIB
866000;512.23;509.79;AFIB;AFIB
868000;515.47;513.02;AFIB;AFIB
870000;514.85;512.41;AFIB;AFIB
872000;514.10;511.65;AFIB;AFIB
874000;515.91;513.46;AFIB;AFIB
876000;511.98;509.53;AFIB;AFIB
878000;518.55;516.10;AFIB;AFIB
880000;514.12;511.67;AFIB;AFIB
882000;516.01;513.56;AFIB;AFIB
884000;515.19;512.73;AFIB;AFIB
886000;517.66;515.20;AFIB;AFIB
888000;516.06;513.60;AFIB;AFIB
890000;512.40;509.94;AFIB;AFIB
892000;514.04;511.58;AFIB;AFIB
894000;515.26;512.80;AFIB;AFIB
896000;516.86;514.39;AFIB;AFIB
898000;512.06;509.60;AFIB;AFIB
900000;517.67;515.20;AFIB;AFIB
902000;511.45;508.98;AFIB;AFIB
904000;513.66;511.19;AFIB;AFIB
906000;516.14;513.66;AFIB;AFIB
908000;512.99;510.52;AFIB;AFIB
910000;514.44;511.97;AFIB;AFIB
912000;512.25;509.77;AFIB;AFIB
914000;514.18;511.70;AFIB;AFIB
916000;512.48;510.00;AFIB;AFIB
918000;507.99;505.51;AFIB;AFIB
920000;518.48;516.00;AFIB;AFIB
922000;512.68;510.20;AFIB;AFIB
924000;511.17;508.69;AFIB;AFIB
926000;516.17;513.69;AFIB;AFIB
928000;515.31;512.83;AFIB;AFIB
930000;512.09;509.61;AFIB;AFIB
932000;513.56;511.07;AFIB;AFIB
934000;513.39;510.91;AFIB;AFIB
936000;515.42;512.93;AFIB;AFIB
938000;511.47;508.98;AFIB;AFIB
940000;515.70;513.21;AFIB;AFIB
942000;514.28;511.79;AFIB;AFIB
944000;516.36;513.87;AFIB;AFIB
946000;514.19;511.70;AFIB;AFIB
948000;516.35;513.86;AFIB;AFIB
950000;514.73;512.24;AFIB;AFIB
952000;516.21;513.72;AFIB;AFIB
954000;517.05;514.56;AFIB;AFIB
956000;512.69;510.20;AFIB;AFIB
958000;512.30;509.81;AFIB;AFIB
960000;515.90;513.41;AFIB;AFIB
962000;517.34;514.84;AFIB;AFIB
964000;515.42;512.92;AFIB;AFIB
966000;516.83;514.33;AFIB;AFIB
968000;511.26;508.76;AFIB;AFIB
970000;513.87;511.38;AFIB;AFIB
972000;514.15;511.65;AFIB;AFIB
974000;517.22;514.72;AFIB;AFIB
976000;512.49;509.99;AFIB;AFIB
978000;511.30;508.80;AFIB;AFIB
980000;519.91;517.41;AFIB;AFIB
982000;515.44;512.94;AFIB;AFIB
984000;514.66;512.16;AFIB;AFIB
986000;512.52;510.02;AFIB;AFIB
988000;519.08;516.58;AFIB;AFIB
990000;513.96;511.46;AFIB;AFIB
992000;516.22;513.72;AFIB;AFIB
994000;518.72;516.22;AFIB;AFIB
996000;514.27;511.77;AFIB;AFIB
998000;519.55;517.05;AFIB;AFIB
1000000;513.94;511.44;AFIB;AFIB
1002000;509.28;506.78;AFIB;AFIB
1004000;516.10;513.60;AFIB;AFIB
1006000;515.27;512.77;AFIB;AFIB
1008000;516.31;513.81;AFIB;AFIB
1010000;514.33;511.83;AFIB;AFIB
1012000;515.33;512.83;AFIB;AFIB
1014000;514.85;512.35;AFIB;AFIB
1016000;516.58;514.08;AFIB;AFIB
1018000;514.62;512.12;AFIB;AFIB
1020000;520.00;517.50;AFIB;AFIB
1022000;517.71;515.22;AFIB;AFIB
1024000;512.12;509.62;AFIB;AFIB
1026000;515.21;512.71;AFIB;AFIB
1028000;515.20;512.70;AFIB;AFIB
1030000;514.56;512.06;AFIB;AFIB
1032000;512.46;509.97;AFIB;AFIB
1034000;518.05;515.56;AFIB;AFIB
1036000;514.52;512.02;AFIB;AFIB
1038000;511.85;509.36;AFIB;AFIB
1040000;511.57;509.07;AFIB;AFIB
1042000;518.23;515.74;AFIB;AFIB
1044000;518.39;515.90;AFIB;AFIB
1046000;511.30;508.80;AFIB;AFIB
1048000;510.65;508.16;AFIB;AFIB
1050000;519.48;516.99;AFIB;AFIB
1052000;515.32;512.83;AFIB;AFIB
1054000;513.99;511.50;AFIB;AFIB
1056000;516.01;513.52;AFIB;AFIB
1058000;511.88;509.39;AFIB;AFIB
1060000;516.22;513.73;AFIB;AFIB
1062000;512.69;510.20;AFIB;AFIB
1064000;512.59;510.10;AFIB;AFIB
1066000;515.47;512.98;AFIB;AFIB
1068000;517.11;514.62;AFIB;AFIB
1070000;511.12;508.63;AFIB;AFIB
1072000;512.13;509.65;AFIB;AFIB
1074000;513.43;510.94;AFIB;AFIB
1076000;514.02;511.53;AFIB;AFIB
1078000;515.51;513.03;AFIB;AFIB
1080000;511.69;509.21;AFIB;AFIB
1082000;513.81;511.33;AFIB;AFIB
1084000;514.76;512.28;AFIB;AFIB
1086000;517.12;514.64;AFIB;AFIB
1088000;513.07;510.59;AFIB;AFIB
1090000;515.20;512.73;AFIB;AFIB
1092000;515.36;512.88;AFIB;AFIB
1094000;516.67;514.19;AFIB;AFIB
1096000;512.75;510.27;AFIB;AFIB
1098000;514.58;512.11;AFIB;AFIB
1100000;511.17;508.70;AFIB;AFIB
1102000;512.72;510.25;AFIB;AFIB
1104000;517.87;515.41;AFIB;AFIB
1106000;512.35;509.89;AFIB;AFIB
1108000;516.67;514.20;AFIB;AFIB
1110000;515.20;512.74;AFIB;AFIB
1112000;515.37;512.91;AFIB;AFIB
1114000;513.62;511.16;AFIB;AFIB
1116000;516.39;513.94;AFIB;AFIB
1118000;513.53;511.08;AFIB;AFIB
1120000;512.46;510.00;AFIB;AFIB
1122000;515.65;513.20;AFIB;AFIB
1124000;516.28;513.83;AFIB;AFIB
1126000;515.47;513.02;AFIB;AFIB
1128000;515.78;513.33;AFIB;AFIB
1130000;515.03;512.58;AFIB;AFIB
1132000;517.34;514.89;AFIB;AFIB
1134000;514.83;512.38;AFIB;AFIB
1136000;511.03;508.59;AFIB;AFIB
1138000;511.23;508.79;AFIB;AFIB
1140000;516.40;513.96;AFIB;AFIB
1142000;515.36;512.92;AFIB;AFIB
1144000;514.65;512.21;AFIB;AFIB
1146000;513.84;511.40;AFIB;AFIB
1148000;506.35;503.92;AFIB;AFIB
1150000;515.37;512.94;AFIB;AFIB
1152000;513.08;510.65;AFIB;AFIB
1154000;511.13;508.71;AFIB;AFIB
1156000;516.61;514.19;AFIB;AFIB
1158000;513.29;510.86;AFIB;AFIB
1160000;513.33;510.91;AFIB;AFIB
1162000;515.91;513.49;AFIB;AFIB
1164000;515.45;513.03;AFIB;AFIB
1166000;513.50;511.09;AFIB;AFIB
1168000;513.32;510.90;AFIB;AFIB
1170000;513.39;510.97;AFIB;AFIB
1172000;514.35;511.94;AFIB;AFIB
1174000;513.18;510.77;AFIB;AFIB
1176000;512.98;510.57;AFIB;AFIB
1178000;517.05;514.64;AFIB;AFIB
1180000;512.08;509.68;AFIB;AFIB
1182000;516.88;514.48;AFIB;AFIB
1184000;511.38;508.99;AFIB;AFIB
1186000;512.76;510.37;AFIB;AFIB
1188000;515.98;513.59;AFIB;AFIB
1190000;512.24;509.85;AFIB;AFIB
1192000;515.86;513.47;AFIB;AFIB
1194000;511.53;509.15;AFIB;AFIB
1196000;514.74;512.36;AFIB;AFIB
1198000;514.60;512.22;AFIB;AFIB
1200000;512.30;509.92;AFIB;AFIB
1202000;517.14;514.76;AFIB;AFIB
1204000;512.86;510.49;AFIB;AFIB
1206000;516.89;514.52;AFIB;AFIB
1208000;518.84;516.48;AFIB;AFIB
1210000;513.03;510.67;AFIB;AFIB
1212000;513.28;510.92;AFIB;AFIB
1214000;514.56;512.20;AFIB;AFIB
1216000;515.76;513.40;AFIB;AFIB
1218000;511.98;509.62;AFIB;AFIB
1220000;514.94;512.59;AFIB;AFIB
1222000;513.28;510.93;AFIB;AFIB
1224000;511.86;509.52;AFIB;AFIB
1226000;510.88;508.54;AFIB;AFIB
1228000;510.96;508.62;AFIB;AFIB
1230000;516.69;514.35;AFIB;AFIB
1232000;514.84;512.51;AFIB;AFIB
1234000;516.32;513.98;AFIB;AFIB
1236000;512.39;510.06;AFIB;AFIB
1238000;515.16;512.83;AFIB;AFIB
1240000;515.13;512.81;AFIB;AFIB
1242000;517.37;515.05;AFIB;AFIB
1244000;515.99;513.67;AFIB;AFIB
1246000;516.81;514.50;AFIB;AFIB
1248000;510.25;507.94;AFIB;AFIB
1250000;514.80;512.49;AFIB;AFIB
1252000;512.18;509.87;AFIB;AFIB
1254000;513.94;511.64;AFIB;AFIB
1256000;512.39;510.09;AFIB;AFIB
1258000;514.90;512.60;AFIB;AFIB
1260000;514.24;511.95;AFIB;AFIB
1262000;515.60;513.31;AFIB;AFIB
1264000;519.81;517.53;AFIB;AFIB
1266000;509.97;507.68;AFIB;AFIB
1268000;515.23;512.94;AFIB;AFIB
1270000;512.90;510.63;AFIB;AFIB
1272000;515.75;513.48;AFIB;AFIB
1274000;511.09;508.82;AFIB;AFIB
1276000;509.16;506.89;AFIB;AFIB
1278000;513.41;511.15;AFIB;AFIB
1280000;515.70;513.43;AFIB;AFIB
1282000;515.32;513.07;AFIB;AFIB
1284000;515.50;513.25;AFIB;AFIB
1286000;514.56;512.31;AFIB;AFIB
1288000;511.59;509.34;AFIB;AFIB
1290000;516.04;513.80;AFIB;AFIB
1292000;516.68;514.44;AFIB;AFIB
1294000;513.76;511.52;AFIB;AFIB
1296000;512.97;510.73;AFIB;AFIB
1298000;510.09;507.86;AFIB;AFIB
1300000;515.72;513.49;AFIB;AFIB
1302000;515.09;512.86;AFIB;AFIB
1304000;510.61;508.39;AFIB;AFIB
1306000;510.55;508.34;AFIB;AFIB
1308000;512.53;510.32;AFIB;AFIB
1310000;515.73;513.52;AFIB;AFIB
1312000;520.37;518.16;AFIB;AFIB
1314000;515.01;512.81;AFIB;AFIB
1316000;510.79;508.59;AFIB;AFIB
1318000;516.50;514.30;AFIB;AFIB
1320000;515.76;513.57;AFIB;AFIB
1322000;512.99;510.81;AFIB;AFIB
1324000;515.94;513.76;AFIB;AFIB
1326000;513.96;511.78;AFIB;AFIB
1328000;517.08;514.90;AFIB;AFIB
1330000;513.44;511.27;AFIB;AFIB
1332000;515.19;513.02;AFIB;AFIB
1334000;515.77;513.60;AFIB;AFIB
1336000;515.81;513.65;AFIB;AFIB
1338000;514.59;512.44;AFIB;AFIB
1340000;515.61;513.46;AFIB;AFIB
1342000;512.82;510.67;AFIB;AFIB
1344000;515.23;513.08;AFIB;AFIB
1346000;514.95;512.81;AFIB;AFIB
1348000;512.20;510.07;AFIB;AFIB
1350000;516.27;514.14;AFIB;AFIB
1352000;511.83;509.71;AFIB;AFIB
1354000;515.54;513.42;AFIB;AFIB
1356000;512.37;510.25;AFIB;AFIB
1358000;514.66;512.55;AFIB;AFIB
1360000;511.46;509.35;AFIB;AFIB
1362000;517.51;515.40;AFIB;AFIB
1364000;511.70;509.59;AFIB;AFIB
1366000;517.84;515.74;AFIB;AFIB
1368000;513.15;511.06;AFIB;AFIB
1370000;513.11;511.02;AFIB;AFIB
1372000;511.71;509.62;AFIB;AFIB
1374000;512.04;509.96;AFIB;AFIB
1376000;511.08;509.01;AFIB;AFIB
1378000;513.01;510.93;AFIB;AFIB
1380000;513.50;511.43;AFIB;AFIB
1382000;511.99;509.92;AFIB;AFIB
1384000;514.98;512.92;AFIB;AFIB
1386000;511.71;509.65;AFIB;AFIB
1388000;518.83;516.78;AFIB;AFIB
1390000;515.38;513.33;AFIB;AFIB
1392000;512.89;510.85;AFIB;AFIB
1394000;517.87;515.83;AFIB;AFIB
1396000;516.44;514.41;AFIB;AFIB
1398000;511.93;509.90;AFIB;AFIB
1400000;514.67;512.65;AFIB;AFIB
1402000;515.10;513.08;AFIB;AFIB
1404000;512.69;510.67;AFIB;AFIB
1406000;510.33;508.33;AFIB;AFIB
1408000;513.75;511.75;AFIB;AFIB
1410000;511.61;509.61;AFIB;AFIB
1412000;511.96;509.97;AFIB;AFIB
1414000;513.27;511.28;AFIB;AFIB
1416000;515.17;513.18;AFIB;AFIB
1418000;512.32;510.34;AFIB;AFIB
1420000;511.04;509.07;AFIB;AFIB
1422000;511.68;509.71;AFIB;AFIB
1424000;511.78;509.82;AFIB;AFIB
1426000;515.32;513.36;AFIB;AFIB
1428000;511.47;509.51;AFIB;AFIB
1430000;516.74;514.79;AFIB;AFIB
1432000;513.95;512.00;AFIB;AFIB
1434000;516.50;514.56;AFIB;AFIB
1436000;514.35;512.41;AFIB;AFIB
1438000;517.25;515.32;AFIB;AFIB
1440000;511.42;509.49;AFIB;AFIB
1442000;513.80;511.88;AFIB;AFIB
1444000;513.98;512.06;AFIB;AFIB
1446000;511.68;509.76;AFIB;AFIB
1448000;514.64;512.74;AFIB;AFIB
1450000;515.66;513.75;AFIB;AFIB
1452000;514.65;512.75;AFIB;AFIB
1454000;513.03;511.14;AFIB;AFIB
1456000;512.14;510.25;AFIB;AFIB
1458000;516.35;514.47;AFIB;AFIB
1460000;513.87;511.99;AFIB;AFIB
1462000;511.00;509.13;AFIB;AFIB
1464000;513.38;511.51;AFIB;AFIB
1466000;513.53;511.67;AFIB;AFIB
1468000;510.26;508.40;AFIB;AFIB
1470000;511.77;509.92;AFIB;AFIB
1472000;514.18;512.34;AFIB;AFIB
1474000;517.11;515.28;AFIB;AFIB
1476000;516.30;514.47;AFIB;AFIB
1478000;514.21;512.39;AFIB;AFIB
1480000;521.00;519.17;AFIB;AFIB
1482000;512.16;510.35;AFIB;AFIB
1484000;511.53;509.72;AFIB;AFIB
1486000;517.26;515.45;AFIB;AFIB
1488000;516.16;514.36;AFIB;AFIB
1490000;515.54;513.74;AFIB;AFIB
1492000;519.38;517.59;AFIB;AFIB
1494000;514.10;512.32;AFIB;AFIB
1496000;515.54;513.76;AFIB;AFIB
1498000;511.56;509.79;AFIB;AFIB
1500000;511.12;509.35;AFIB;AFIB
1502000;516.31;514.55;AFIB;AFIB
1504000;511.13;509.37;AFIB;AFIB
1506000;513.46;511.71;AFIB;AFIB
1508000;513.26;511.51;AFIB;AFIB
1510000;513.94;512.20;AFIB;AFIB
1512000;514.54;512.81;AFIB;AFIB
1514000;516.50;514.77;AFIB;AFIB
1516000;513.63;511.90;AFIB;AFIB
1518000;514.76;513.04;AFIB;AFIB
1520000;515.20;513.49;AFIB;AFIB
1522000;509.83;508.13;AFIB;AFIB
1524000;513.01;511.31;AFIB;AFIB
1526000;514.31;512.62;AFIB;AFIB
1528000;512.77;511.08;AFIB;AFIB
1530000;514.09;512.41;AFIB;AFIB
1532000;515.64;513.97;AFIB;AFIB
1534000;515.49;513.81;AFIB;AFIB
1536000;509.19;507.53;AFIB;AFIB
1538000;512.95;511.30;AFIB;AFIB
1540000;504.75;503.09;AFIB;AFIB
1542000;512.71;511.07;AFIB;AFIB
1544000;513.79;512.15;AFIB;AFIB
1546000;517.62;515.99;AFIB;AFIB
1548000;517.96;516.33;AFIB;AFIB
1550000;510.64;509.02;AFIB;AFIB
1552000;514.71;513.09;AFIB;AFIB
1554000;514.89;513.28;AFIB;AFIB
1556000;513.58;511.97;AFIB;AFIB
1558000;510.55;508.95;AFIB;AFIB
1560000;514.49;512.90;AFIB;AFIB
1562000;514.43;512.84;AFIB;AFIB
1564000;506.32;504.74;AFIB;AFIB
1566000;510.89;509.31;AFIB;AFIB
1568000;511.65;510.08;AFIB;AFIB
1570000;513.82;512.25;AFIB;AFIB
1572000;508.47;506.92;AFIB;AFIB
1574000;512.55;511.00;AFIB;AFIB
1576000;515.03;513.49;AFIB;AFIB
1578000;512.26;510.72;AFIB;AFIB
1580000;515.01;513.48;AFIB;AFIB
1582000;514.56;513.03;AFIB;AFIB
1584000;510.20;508.69;AFIB;AFIB
1586000;516.04;514.53;AFIB;AFIB
1588000;513.70;512.20;AFIB;AFIB
1590000;512.80;511.30;AFIB;AFIB
1592000;509.01;507.51;AFIB;AFIB
1594000;512.31;510.82;AFIB;AFIB
1596000;512.75;511.26;AFIB;AFIB
1598000;511.15;509.68;AFIB;AFIB
1600000;510.56;509.09;AFIB;AFIB
1602000;513.65;512.19;AFIB;AFIB
1604000;508.64;507.18;AFIB;AFIB
1606000;511.08;509.63;AFIB;AFIB
1608000;513.20;511.76;AFIB;AFIB
1610000;514.62;513.18;AFIB;AFIB
1612000;514.52;513.09;AFIB;AFIB
1614000;512.54;511.12;AFIB;AFIB
1616000;507.15;505.73;AFIB;AFIB
1618000;510.66;509.25;AFIB;AFIB
1620000;518.93;517.53;AFIB;AFIB
1622000;513.48;512.08;AFIB;AFIB
1624000;512.16;510.76;AFIB;AFIB
1626000;513.81;512.43;AFIB;AFIB
1628000;512.02;510.64;AFIB;AFIB
1630000;510.33;508.96;AFIB;AFIB
1632000;516.14;514.78;AFIB;AFIB
1634000;514.62;513.26;AFIB;AFIB
1636000;512.25;510.90;AFIB;AFIB
1638000;508.54;507.19;AFIB;AFIB
1640000;513.09;511.75;AFIB;AFIB
1642000;512.57;511.24;AFIB;AFIB
1644000;515.26;513.93;AFIB;AFIB
1646000;513.53;512.21;AFIB;AFIB
1648000;510.84;509.53;AFIB;AFIB
1650000;511.32;510.02;AFIB;AFIB
1652000;513.44;512.14;AFIB;AFIB
1654000;513.04;511.75;AFIB;AFIB
1656000;506.74;505.45;AFIB;AFIB
1658000;515.57;514.29;AFIB;AFIB
1660000;514.54;513.27;AFIB;AFIB
1662000;516.61;515.35;AFIB;AFIB
1664000;511.85;510.59;AFIB;AFIB
1666000;516.21;514.96;AFIB;AFIB
1668000;511.89;510.64;AFIB;AFIB
1670000;517.42;516.18;AFIB;AFIB
1672000;509.02;507.78;AFIB;AFIB
1674000;515.34;514.11;AFIB;AFIB
1676000;514.44;513.23;AFIB;AFIB
1678000;508.84;507.63;AFIB;AFIB
1680000;513.48;512.28;AFIB;AFIB
1682000;515.87;514.67;AFIB;AFIB
1684000;512.16;510.97;AFIB;AFIB
1686000;510.60;509.42;AFIB;AFIB
1688000;517.05;515.88;AFIB;AFIB
1690000;510.66;509.49;AFIB;AFIB
1692000;510.41;509.25;AFIB;AFIB
1694000;509.97;508.81;AFIB;AFIB
1696000;509.28;508.13;AFIB;AFIB
1698000;513.14;512.00;AFIB;AFIB
1700000;511.51;510.38;AFIB;AFIB
1702000;513.35;512.22;AFIB;AFIB
1704000;509.51;508.39;AFIB;AFIB
1706000;514.01;512.89;AFIB;AFIB
1708000;513.00;511.89;AFIB;AFIB
1710000;514.69;513.59;AFIB;AFIB
1712000;511.44;510.35;AFIB;AFIB
1714000;511.94;510.86;AFIB;AFIB
1716000;513.16;512.08;AFIB;AFIB
1718000;508.92;507.85;AFIB;AFIB
1720000;515.45;514.38;AFIB;AFIB
1722000;511.25;510.19;AFIB;AFIB
1724000;517.39;516.34;AFIB;AFIB
1726000;510.89;509.85;AFIB;AFIB
1728000;511.73;510.69;AFIB;AFIB
1730000;513.70;512.67;AFIB;AFIB
1732000;513.66;512.64;AFIB;AFIB
1734000;514.67;513.65;AFIB;AFIB
1736000;511.70;510.69;AFIB;AFIB
1738000;512.83;511.83;AFIB;AFIB
1740000;510.55;509.55;AFIB;AFIB
1742000;515.52;514.53;AFIB;AFIB
1744000;511.22;510.25;AFIB;AFIB
1746000;512.97;512.00;AFIB;AFIB
1748000;510.97;510.00;AFIB;AFIB
1750000;513.14;512.19;AFIB;AFIB
1752000;514.56;513.62;AFIB;AFIB
1754000;510.45;509.51;AFIB;AFIB
1756000;512.79;511.86;AFIB;AFIB
1758000;510.49;509.57;AFIB;AFIB
1760000;513.18;512.26;AFIB;AFIB
1762000;513.71;512.80;AFIB;AFIB
1764000;509.60;508.69;AFIB;AFIB
1766000;517.51;516.61;AFIB;AFIB
1768000;512.48;511.59;AFIB;AFIB
1770000;515.32;514.44;AFIB;AFIB
1772000;511.55;510.67;AFIB;AFIB
1774000;510.80;509.93;AFIB;AFIB
1776000;513.10;512.24;AFIB;AFIB
1778000;508.07;507.21;AFIB;AFIB
1780000;514.49;513.64;AFIB;AFIB
1782000;512.23;511.39;AFIB;AFIB
1784000;511.34;510.51;AFIB;AFIB
1786000;508.28;507.45;AFIB;AFIB
1788000;513.32;512.50;AFIB;AFIB
1790000;509.23;508.42;AFIB;AFIB
1792000;515.15;514.34;AFIB;AFIB
1794000;512.27;511.48;AFIB;AFIB
1796000;515.93;515.15;AFIB;AFIB
1798000;510.35;509.57;AFIB;AFIB
1800000;512.04;511.27;AFIB;AFIB
1802000;511.32;510.56;AFIB;AFIB
1804000;514.58;513.82;AFIB;AFIB
1806000;513.82;513.07;AFIB;AFIB
1808000;514.45;513.70;AFIB;AFIB
1810000;515.06;514.33;AFIB;AFIB
1812000;514.82;514.09;AFIB;AFIB
1814000;511.69;510.97;AFIB;AFIB
1816000;514.29;513.58;AFIB;AFIB
1818000;516.24;515.53;AFIB;AFIB
1820000;513.35;512.65;AFIB;AFIB
1822000;511.84;511.15;AFIB;AFIB
1824000;515.38;514.69;AFIB;AFIB
1826000;511.35;510.68;AFIB;AFIB
1828000;513.35;512.68;AFIB;AFIB
1830000;513.87;513.21;AFIB;AFIB
1832000;514.86;514.21;AFIB;AFIB
1834000;517.85;517.21;AFIB;AFIB
1836000;510.85;510.22;AFIB;AFIB
1838000;512.49;511.86;AFIB;AFIB
1840000;512.96;512.34;AFIB;AFIB
1842000;507.30;506.69;AFIB;AFIB
1844000;512.54;511.94;AFIB;AFIB
1846000;506.68;506.08;AFIB;AFIB
1848000;511.96;511.37;AFIB;AFIB
1850000;513.11;512.52;AFIB;AFIB
1852000;513.11;512.53;AFIB;AFIB
1854000;511.20;510.63;AFIB;AFIB
1856000;513.71;513.15;AFIB;AFIB
1858000;513.08;512.53;AFIB;AFIB
1860000;510.15;509.60;AFIB;AFIB
1862000;510.62;510.08;AFIB;AFIB
1864000;517.72;517.19;AFIB;AFIB
1866000;512.07;511.54;AFIB;AFIB
1868000;514.60;514.08;AFIB;AFIB
1870000;511.61;511.10;AFIB;AFIB
1872000;514.25;513.75;AFIB;AFIB
1874000;512.02;511.52;AFIB;AFIB
1876000;514.81;514.33;AFIB;AFIB
1878000;512.49;512.01;AFIB;AFIB
1880000;513.03;512.56;AFIB;AFIB
1882000;511.11;510.65;AFIB;AFIB
1884000;514.22;513.76;AFIB;AFIB
1886000;510.56;510.12;AFIB;AFIB
1888000;513.21;512.77;AFIB;AFIB
1890000;513.52;513.09;AFIB;AFIB
1892000;516.16;515.74;AFIB;AFIB
1894000;509.61;509.20;AFIB;AFIB
1896000;511.40;511.00;AFIB;AFIB
1898000;513.17;512.77;AFIB;AFIB
1900000;515.74;515.34;AFIB;AFIB
1902000;509.76;509.38;AFIB;AFIB
1904000;516.76;516.39;AFIB;AFIB
1906000;514.17;513.80;AFIB;AFIB
1908000;509.81;509.45;AFIB;AFIB
1910000;509.14;508.79;AFIB;AFIB
1912000;515.61;515.26;AFIB;AFIB
1914000;510.74;510.41;AFIB;AFIB
1916000;515.71;515.39;AFIB;AFIB
1918000;511.86;511.54;AFIB;AFIB
1920000;515.71;515.40;AFIB;AFIB
1922000;513.82;513.51;AFIB;AFIB
1924000;510.63;510.33;AFIB;AFIB
1926000;510.56;510.27;AFIB;AFIB
1928000;514.30;514.01;AFIB;AFIB
1930000;505.03;504.76;AFIB;AFIB
1932000;508.88;508.61;AFIB;AFIB
1934000;514.04;513.78;AFIB;AFIB
1936000;510.69;510.44;AFIB;AFIB
1938000;516.34;516.10;AFIB;AFIB
1940000;506.37;506.13;AFIB;AFIB
1942000;509.88;509.65;AFIB;AFIB
1944000;516.67;516.45;AFIB;AFIB
1946000;511.92;511.71;AFIB;AFIB
1948000;514.94;514.74;AFIB;AFIB
1950000;508.51;508.31;AFIB;AFIB
1952000;513.00;512.81;AFIB;AFIB
1954000;511.61;511.43;AFIB;AFIB
1956000;513.62;513.45;AFIB;AFIB
1958000;510.99;510.83;AFIB;AFIB
1960000;511.39;511.24;AFIB;AFIB
1962000;514.64;514.49;AFIB;AFIB
1964000;510.53;510.39;AFIB;AFIB
1966000;513.93;513.80;AFIB;AFIB
1968000;511.49;511.37;AFIB;AFIB
1970000;512.87;512.75;AFIB;AFIB
1972000;509.40;509.29;AFIB;AFIB
1974000;513.54;513.43;AFIB;AFIB
1976000;510.35;510.26;AFIB;AFIB
1978000;511.43;511.35;AFIB;AFIB
1980000;513.20;513.12;AFIB;AFIB
1982000;516.67;516.60;AFIB;AFIB
1984000;511.64;511.58;AFIB;AFIB
1986000;516.27;516.21;AFIB;AFIB
1988000;513.18;513.13;AFIB;AFIB
1990000;510.11;510.07;AFIB;AFIB
1992000;512.62;512.59;AFIB;AFIB
1994000;512.10;512.07;AFIB;AFIB
1996000;509.35;509.34;AFIB;AFIB
1998000;510.33;510.32;AFIB;AFIB
2000000;509.51;509.51;AFIB;AFIB
2002000;506.11;506.12;AFIB;AFIB
2004000;512.54;512.56;AFIB;AFIB
2006000;513.39;513.41;AFIB;AFIB
2008000;510.86;510.89;AFIB;AFIB
2010000;511.81;511.85;AFIB;AFIB
2012000;510.66;510.71;AFIB;AFIB
2014000;518.13;518.18;AFIB;AFIB
2016000;514.26;514.32;AFIB;AFIB
2018000;511.88;511.95;AFIB;AFIB
2020000;510.99;511.06;AFIB;AFIB
2022000;511.13;511.21;AFIB;AFIB
2024000;511.48;511.58;AFIB;AFIB
2026000;508.60;508.70;AFIB;AFIB
2028000;509.42;509.53;AFIB;AFIB
2030000;511.97;512.09;AFIB;AFIB
2032000;509.56;509.69;AFIB;AFIB
2034000;510.15;510.29;AFIB;AFIB
2036000;512.45;512.59;AFIB;AFIB
2038000;509.48;509.63;AFIB;AFIB
2040000;510.74;510.90;AFIB;AFIB
2042000;511.57;511.73;AFIB;AFIB
2044000;512.13;512.30;AFIB;AFIB
2046000;513.98;514.16;AFIB;AFIB
2048000;509.66;509.85;AFIB;AFIB
2050000;511.59;511.79;AFIB;AFIB
2052000;514.42;514.63;AFIB;AFIB
2054000;509.50;509.71;AFIB;AFIB
2056000;511.85;512.07;AFIB;AFIB
2058000;511.79;512.02;AFIB;AFIB
2060000;511.51;511.75;AFIB;AFIB
2062000;512.09;512.34;AFIB;AFIB
2064000;515.77;516.02;AFIB;AFIB
2066000;513.95;514.21;AFIB;AFIB
2068000;513.67;513.94;AFIB;AFIB
2070000;512.32;512.59;AFIB;AFIB
2072000;510.32;510.61;AFIB;AFIB
2074000;515.85;516.14;AFIB;AFIB
2076000;511.72;512.02;AFIB;AFIB
2078000;511.69;511.99;AFIB;AFIB
2080000;515.17;515.48;AFIB;AFIB
2082000;508.63;508.95;AFIB;AFIB
2084000;514.19;514.52;AFIB;AFIB
2086000;511.56;511.90;AFIB;AFIB
2088000;514.20;514.54;AFIB;AFIB
2090000;514.43;514.78;AFIB;AFIB
2092000;513.56;513.92;AFIB;AFIB
2094000;511.87;512.24;AFIB;AFIB
2096000;513.65;514.03;AFIB;AFIB
2098000;511.47;511.85;AFIB;AFIB
2100000;515.01;515.40;AFIB;AFIB
2102000;513.92;514.32;AFIB;AFIB
2104000;511.40;511.81;AFIB;AFIB
2106000;515.16;515.57;AFIB;AFIB
2108000;515.30;515.72;AFIB;AFIB
2110000;509.74;510.16;AFIB;AFIB
2112000;513.37;513.80;AFIB;AFIB
2114000;513.27;513.71;AFIB;AFIB
2116000;511.09;511.54;AFIB;AFIB
2118000;515.80;516.26;AFIB;AFIB
2120000;512.34;512.81;AFIB;AFIB
2122000;516.34;516.81;AFIB;AFIB
2124000;516.73;517.21;AFIB;AFIB
2126000;510.26;510.75;AFIB;AFIB
2128000;511.01;511.51;AFIB;AFIB
2130000;509.68;510.18;AFIB;AFIB
2132000;513.80;514.32;AFIB;AFIB
2134000;507.72;508.25;AFIB;AFIB
2136000;509.84;510.37;AFIB;AFIB
2138000;510.67;511.21;AFIB;AFIB
2140000;509.65;510.19;AFIB;AFIB
2142000;513.77;514.32;AFIB;AFIB
2144000;511.06;511.62;AFIB;AFIB
2146000;508.63;509.20;AFIB;AFIB
2148000;516.02;516.60;AFIB;AFIB
2150000;509.47;510.05;AFIB;AFIB
2152000;507.27;507.86;AFIB;AFIB
2154000;512.44;513.04;AFIB;AFIB
2156000;512.01;512.61;AFIB;AFIB
2158000;508.87;509.48;AFIB;AFIB
2160000;513.28;513.90;AFIB;AFIB
2162000;515.38;516.01;AFIB;AFIB
2164000;509.64;510.28;AFIB;AFIB
2166000;512.79;513.43;AFIB;AFIB
2168000;515.07;515.72;AFIB;AFIB
2170000;511.32;511.98;AFIB;AFIB
2172000;513.80;514.47;AFIB;AFIB
2174000;509.86;510.53;AFIB;AFIB
2176000;510.12;510.81;AFIB;AFIB
2178000;512.97;513.66;AFIB;AFIB
2180000;511.23;511.93;AFIB;AFIB
2182000;514.32;515.03;AFIB;AFIB
2184000;512.05;512.76;AFIB;AFIB
2186000;513.22;513.94;AFIB;AFIB
2188000;509.04;509.76;AFIB;AFIB
2190000;513.23;513.97;AFIB;AFIB
2192000;508.97;509.72;AFIB;AFIB
2194000;511.85;512.60;AFIB;AFIB
2196000;512.91;513.66;AFIB;AFIB
2198000;513.04;513.81;AFIB;AFIB
2200000;513.71;514.48;AFIB;AFIB
2202000;510.87;511.65;AFIB;AFIB
2204000;512.65;513.44;AFIB;AFIB
2206000;510.61;511.41;AFIB;AFIB
2208000;510.24;511.04;AFIB;AFIB
2210000;512.47;513.28;AFIB;AFIB
2212000;512.15;512.96;AFIB;AFIB
2214000;510.84;511.66;AFIB;AFIB
2216000;510.32;511.15;AFIB;AFIB
2218000;512.07;512.90;AFIB;AFIB
2220000;513.77;514.62;AFIB;AFIB
2222000;504.83;505.68;AFIB;AFIB
2224000;513.57;514.43;AFIB;AFIB
2226000;512.50;513.37;AFIB;AFIB
2228000;510.05;510.92;AFIB;AFIB
2230000;508.92;509.80;AFIB;AFIB
2232000;511.67;512.56;AFIB;AFIB
2234000;512.78;513.68;AFIB;AFIB
2236000;510.49;511.39;AFIB;AFIB
2238000;510.24;511.15;AFIB;AFIB
2240000;510.36;511.28;AFIB;AFIB
2242000;508.16;509.09;AFIB;AFIB
2244000;507.54;508.47;AFIB;AFIB
2246000;512.18;513.12;AFIB;AFIB
2248000;507.91;508.86;AFIB;AFIB
2250000;513.69;514.65;AFIB;AFIB
2252000;513.42;514.38;AFIB;AFIB
2254000;511.76;512.73;AFIB;AFIB
2256000;508.92;509.90;AFIB;AFIB
2258000;507.27;508.25;AFIB;AFIB
2260000;510.92;511.92;AFIB;AFIB
2262000;511.16;512.16;AFIB;AFIB
2264000;512.51;513.51;AFIB;AFIB
2266000;506.65;507.67;AFIB;AFIB
2268000;516.47;517.49;AFIB;AFIB
2270000;507.25;508.28;AFIB;AFIB
2272000;511.24;512.27;AFIB;AFIB
2274000;509.71;510.75;AFIB;AFIB
2276000;511.37;512.42;AFIB;AFIB
2278000;510.37;511.43;AFIB;AFIB
2280000;510.14;511.21;AFIB;AFIB
2282000;508.29;509.36;AFIB;AFIB
2284000;510.39;511.47;AFIB;AFIB
2286000;512.64;513.73;AFIB;AFIB
2288000;509.36;510.45;AFIB;AFIB
2290000;513.89;514.99;AFIB;AFIB
2292000;510.63;511.74;AFIB;AFIB
2294000;509.73;510.84;AFIB;AFIB
2296000;509.51;510.63;AFIB;AFIB
2298000;507.77;508.89;AFIB;AFIB
2300000;512.63;513.76;AFIB;AFIB
2302000;512.26;513.41;AFIB;AFIB
2304000;514.25;515.40;AFIB;AFIB
2306000;510.02;511.18;AFIB;AFIB
2308000;510.25;511.42;AFIB;AFIB
2310000;511.90;513.07;AFIB;AFIB
2312000;507.29;508.47;AFIB;AFIB
2314000;509.85;511.04;AFIB;AFIB
2316000;510.98;512.17;AFIB;AFIB
2318000;511.46;512.65;AFIB;AFIB
2320000;507.80;509.00;AFIB;AFIB
2322000;509.80;511.01;AFIB;AFIB
2324000;513.33;514.55;AFIB;AFIB
2326000;510.21;511.44;AFIB;AFIB
2328000;511.38;512.61;AFIB;AFIB
2330000;511.43;512.67;AFIB;AFIB
2332000;508.84;510.08;AFIB;AFIB
2334000;512.50;513.75;AFIB;AFIB
2336000;510.14;511.40;AFIB;AFIB
2338000;512.67;513.93;AFIB;AFIB
2340000;513.21;514.48;AFIB;AFIB
2342000;512.36;513.64;AFIB;AFIB
2344000;513.62;514.90;AFIB;AFIB
2346000;510.50;511.79;AFIB;AFIB
2348000;508.12;509.42;AFIB;AFIB
2350000;509.28;510.59;AFIB;AFIB
2352000;509.71;511.02;AFIB;AFIB
2354000;508.99;510.31;AFIB;AFIB
2356000;509.11;510.44;AFIB;AFIB
2358000;508.93;510.26;AFIB;AFIB
2360000;507.79;509.13;AFIB;AFIB
2362000;507.78;509.13;AFIB;AFIB
2364000;512.78;514.14;AFIB;AFIB
2366000;512.07;513.43;AFIB;AFIB
2368000;509.67;511.04;AFIB;AFIB
2370000;510.74;512.11;AFIB;AFIB
2372000;513.16;514.54;AFIB;AFIB
2374000;508.79;510.18;AFIB;AFIB
2376000;507.17;508.56;AFIB;AFIB
2378000;510.83;512.23;AFIB;AFIB
2380000;508.66;510.07;AFIB;AFIB
2382000;511.54;512.95;AFIB;AFIB
2384000;509.41;510.83;AFIB;AFIB
2386000;507.32;508.74;AFIB;AFIB
2388000;511.83;513.26;AFIB;AFIB
2390000;508.35;509.79;AFIB;AFIB
2392000;512.74;514.18;AFIB;AFIB
2394000;512.67;514.12;AFIB;AFIB
2396000;512.57;514.02;AFIB;AFIB
2398000;510.08;511.54;AFIB;AFIB
2400000;508.07;509.54;AFIB;AFIB
2402000;510.08;511.56;AFIB;AFIB
2404000;509.07;510.56;AFIB;AFIB
2406000;515.96;517.45;AFIB;AFIB
2408000;509.49;510.98;AFIB;AFIB
2410000;507.03;508.53;AFIB;AFIB
2412000;510.11;511.62;AFIB;AFIB
2414000;512.49;514.00;AFIB;AFIB
2416000;512.62;514.14;AFIB;AFIB
2418000;512.35;513.87;AFIB;AFIB
2420000;512.44;513.97;AFIB;AFIB
2422000;512.58;514.12;AFIB;AFIB
2424000;510.43;511.97;AFIB;AFIB
2426000;509.40;510.95;AFIB;AFIB
2428000;513.56;515.12;AFIB;AFIB
2430000;509.47;511.03;AFIB;AFIB
2432000;512.31;513.88;AFIB;AFIB
2434000;508.31;509.88;AFIB;AFIB
2436000;512.94;514.53;AFIB;AFIB
2438000;511.11;512.70;AFIB;AFIB
2440000;512.21;513.80;AFIB;AFIB
2442000;512.19;513.79;AFIB;AFIB
2444000;509.69;511.30;AFIB;AFIB
2446000;507.83;509.44;AFIB;AFIB
2448000;510.34;511.96;AFIB;AFIB
2450000;507.98;509.60;AFIB;AFIB
2452000;512.00;513.63;AFIB;AFIB
2454000;509.13;510.76;AFIB;AFIB
2456000;511.14;512.78;AFIB;AFIB
2458000;513.66;515.31;AFIB;AFIB
2460000;507.93;509.58;AFIB;AFIB
2462000;514.18;515.83;AFIB;AFIB
2464000;513.32;514.98;AFIB;AFIB
2466000;507.88;509.55;AFIB;AFIB
2468000;507.37;509.05;AFIB;AFIB
2470000;508.30;509.99;AFIB;AFIB
2472000;510.79;512.48;AFIB;AFIB
2474000;508.86;510.56;AFIB;AFIB
2476000;510.67;512.37;AFIB;AFIB
2478000;512.93;514.63;AFIB;AFIB
2480000;507.99;509.70;AFIB;AFIB
2482000;508.78;510.49;AFIB;AFIB
2484000;511.57;513.29;AFIB;AFIB
2486000;512.16;513.89;AFIB;AFIB
2488000;511.74;513.48;AFIB;AFIB
2490000;510.84;512.58;AFIB;AFIB
2492000;510.89;512.64;AFIB;AFIB
2494000;509.61;511.36;AFIB;AFIB
2496000;510.79;512.54;AFIB;AFIB
2498000;508.86;510.63;AFIB;AFIB
2500000;509.46;511.22;AFIB;AFIB
2502000;510.16;511.93;AFIB;AFIB
2504000;510.94;512.72;AFIB;AFIB
2506000;508.21;510.00;AFIB;AFIB
2508000;514.06;515.85;AFIB;AFIB
2510000;512.60;514.40;AFIB;AFIB
2512000;507.59;509.39;AFIB;AFIB
2514000;511.74;513.55;AFIB;AFIB
2516000;510.60;512.42;AFIB;AFIB
2518000;512.33;514.15;AFIB;AFIB
2520000;509.44;511.26;AFIB;AFIB
2522000;511.22;513.05;AFIB;AFIB
2524000;512.60;514.43;AFIB;AFIB
2526000;509.39;511.23;AFIB;AFIB
2528000;506.79;508.64;AFIB;AFIB
2530000;509.58;511.43;AFIB;AFIB
2532000;510.47;512.33;AFIB;AFIB
2534000;510.31;512.17;AFIB;AFIB
2536000;509.26;511.12;AFIB;AFIB
2538000;510.44;512.31;AFIB;AFIB
2540000;509.24;511.12;AFIB;AFIB
2542000;511.53;513.41;AFIB;AFIB
2544000;511.05;512.94;AFIB;AFIB
2546000;507.81;509.70;AFIB;AFIB
2548000;508.22;510.12;AFIB;AFIB
2550000;509.54;511.44;AFIB;AFIB
2552000;511.26;513.17;AFIB;AFIB
2554000;510.95;512.86;AFIB;AFIB
2556000;507.06;508.98;AFIB;AFIB
2558000;511.48;513.40;AFIB;AFIB
2560000;511.20;513.13;AFIB;AFIB
2562000;509.04;510.97;AFIB;AFIB
2564000;508.38;510.31;AFIB;AFIB
2566000;510.50;512.44;AFIB;AFIB
2568000;512.40;514.34;AFIB;AFIB
2570000;513.73;515.68;AFIB;AFIB
2572000;509.07;511.03;AFIB;AFIB
2574000;513.49;515.46;AFIB;AFIB
2576000;507.99;509.96;AFIB;AFIB
2578000;505.74;507.71;AFIB;AFIB
2580000;511.05;513.03;AFIB;AFIB
2582000;509.52;511.50;AFIB;AFIB
2584000;514.40;516.38;AFIB;AFIB
2586000;508.10;510.09;AFIB;AFIB
2588000;509.57;511.56;AFIB;AFIB
2590000;511.77;513.77;AFIB;AFIB
2592000;512.35;514.35;AFIB;AFIB
2594000;511.50;513.51;AFIB;AFIB
2596000;513.46;515.47;AFIB;AFIB
2598000;510.04;512.06;AFIB;AFIB
2600000;514.65;516.67;AFIB;AFIB
2602000;510.72;512.75;AFIB;AFIB
2604000;510.35;512.38;AFIB;AFIB
2606000;512.95;514.98;AFIB;AFIB
2608000;509.29;511.33;AFIB;AFIB
2610000;513.61;515.66;AFIB;AFIB
2612000;508.99;511.04;AFIB;AFIB
2614000;512.97;515.03;AFIB;AFIB
2616000;508.84;510.90;AFIB;AFIB
2618000;508.98;511.04;AFIB;AFIB
2620000;511.15;513.22;AFIB;AFIB
2622000;508.06;510.13;AFIB;AFIB
2624000;510.41;512.49;AFIB;AFIB
2626000;510.02;512.10;AFIB;AFIB
2628000;504.61;506.70;AFIB;AFIB
2630000;511.91;514.00;AFIB;AFIB
2632000;511.09;513.18;AFIB;AFIB
2634000;511.34;513.44;AFIB;AFIB
2636000;509.54;511.65;AFIB;AFIB
2638000;511.70;513.81;AFIB;AFIB
2640000;511.95;514.06;AFIB;AFIB
2642000;507.87;509.98;AFIB;AFIB
2644000;512.83;514.95;AFIB;AFIB
2646000;515.90;518.02;AFIB;AFIB
2648000;506.41;508.53;AFIB;AFIB
2650000;509.23;511.36;AFIB;AFIB
2652000;511.24;513.38;AFIB;AFIB
2654000;510.40;512.54;AFIB;AFIB
2656000;512.58;514.72;AFIB;AFIB
2658000;510.29;512.44;AFIB;AFIB
2660000;505.35;507.50;AFIB;AFIB
2662000;512.13;514.28;AFIB;AFIB
2664000;510.14;512.30;AFIB;AFIB
2666000;510.10;512.27;AFIB;AFIB
2668000;507.47;509.64;AFIB;AFIB
2670000;510.02;512.20;AFIB;AFIB
2672000;514.01;516.18;AFIB;AFIB
2674000;505.26;507.44;AFIB;AFIB
2676000;512.21;514.39;AFIB;AFIB
2678000;514.72;516.91;AFIB;AFIB
2680000;508.47;510.66;AFIB;AFIB
2682000;509.03;511.22;AFIB;AFIB
2684000;512.79;514.99;AFIB;AFIB
2686000;507.84;510.04;AFIB;AFIB
2688000;507.24;509.44;AFIB;AFIB
2690000;508.00;510.21;AFIB;AFIB
2692000;512.60;514.82;AFIB;AFIB
2694000;509.22;511.43;AFIB;AFIB
2696000;508.62;510.84;AFIB;AFIB
2698000;508.15;510.37;AFIB;AFIB
2700000;506.88;509.11;AFIB;AFIB
2702000;510.40;512.63;AFIB;AFIB
2704000;512.91;515.14;AFIB;AFIB
2706000;512.47;514.71;AFIB;AFIB
2708000;509.34;511.58;AFIB;AFIB
2710000;507.23;509.48;AFIB;AFIB
2712000;509.84;512.08;AFIB;AFIB
2714000;512.32;514.57;AFIB;AFIB
2716000;510.99;513.24;AFIB;AFIB
2718000;507.80;510.06;AFIB;AFIB
2720000;510.57;512.83;AFIB;AFIB
2722000;513.50;515.77;AFIB;AFIB
2724000;509.84;512.11;AFIB;AFIB
2726000;509.80;512.07;AFIB;AFIB
2728000;509.13;511.41;AFIB;AFIB
2730000;509.59;511.87;AFIB;AFIB
2732000;506.13;508.41;AFIB;AFIB
2734000;508.66;510.95;AFIB;AFIB
2736000;510.84;513.13;AFIB;AFIB
2738000;511.08;513.37;AFIB;AFIB
2740000;512.08;514.37;AFIB;AFIB
2742000;506.42;508.72;AFIB;AFIB
2744000;505.97;508.27;AFIB;AFIB
2746000;506.82;509.12;AFIB;AFIB
2748000;512.54;514.85;AFIB;AFIB
2750000;509.96;512.27;AFIB;AFIB
2752000;510.57;512.88;AFIB;AFIB
2754000;511.21;513.52;AFIB;AFIB
2756000;506.38;508.70;AFIB;AFIB
2758000;511.32;513.64;AFIB;AFIB
2760000;508.01;510.33;AFIB;AFIB
2762000;513.18;515.50;AFIB;AFIB
2764000;507.69;510.02;AFIB;AFIB
2766000;511.71;514.04;AFIB;AFIB
2768000;507.45;509.79;AFIB;AFIB
2770000;505.59;507.93;AFIB;AFIB
2772000;508.01;510.35;AFIB;AFIB
2774000;512.65;514.99;AFIB;AFIB
2776000;508.61;510.96;AFIB;AFIB
2778000;514.96;517.31;AFIB;AFIB
2780000;509.94;512.30;AFIB;AFIB
2782000;508.01;510.37;AFIB;AFIB
2784000;507.47;509.82;AFIB;AFIB
2786000;514.81;517.17;AFIB;AFIB
2788000;511.01;513.38;AFIB;AFIB
2790000;509.62;511.99;AFIB;AFIB
2792000;512.61;514.97;AFIB;AFIB
2794000;508.43;510.80;AFIB;AFIB
2796000;511.46;513.83;AFIB;AFIB
2798000;509.77;512.14;AFIB;AFIB
2800000;510.05;512.43;AFIB;AFIB
2802000;507.12;509.50;AFIB;AFIB
2804000;513.86;516.24;AFIB;AFIB
2806000;510.79;513.17;AFIB;AFIB
2808000;509.44;511.83;AFIB;AFIB
2810000;509.07;511.46;AFIB;AFIB
2812000;514.42;516.81;AFIB;AFIB
2814000;507.91;510.31;AFIB;AFIB
2816000;507.73;510.12;AFIB;AFIB
2818000;507.76;510.16;AFIB;AFIB
2820000;511.54;513.94;AFIB;AFIB
2822000;510.42;512.82;AFIB;AFIB
2824000;509.36;511.77;AFIB;AFIB
2826000;507.26;509.66;AFIB;AFIB
2828000;511.08;513.49;AFIB;AFIB
2830000;509.67;512.08;AFIB;AFIB
2832000;512.55;514.96;AFIB;AFIB
2834000;506.36;508.78;AFIB;AFIB
2836000;510.49;512.90;AFIB;AFIB
2838000;507.53;509.95;AFIB;AFIB
2840000;511.31;513.74;AFIB;AFIB
2842000;512.43;514.85;AFIB;AFIB
2844000;506.62;509.05;AFIB;AFIB
2846000;507.95;510.38;AFIB;AFIB
2848000;504.11;506.54;AFIB;AFIB
2850000;508.14;510.57;AFIB;AFIB
2852000;505.69;508.13;AFIB;AFIB
2854000;507.92;510.35;AFIB;AFIB
2856000;510.15;512.58;AFIB;AFIB
2858000;513.19;515.63;AFIB;AFIB
2860000;511.68;514.12;AFIB;AFIB
2862000;511.11;513.56;AFIB;AFIB
2864000;510.65;513.09;AFIB;AFIB
2866000;510.58;513.03;AFIB;AFIB
2868000;512.95;515.39;AFIB;AFIB
2870000;511.33;513.78;AFIB;AFIB
2872000;505.61;508.06;AFIB;AFIB
2874000;512.50;514.95;AFIB;AFIB
2876000;510.49;512.95;AFIB;AFIB
2878000;509.46;511.91;AFIB;AFIB
2880000;508.92;511.37;AFIB;AFIB
2882000;512.77;515.23;AFIB;AFIB
2884000;506.53;508.99;AFIB;AFIB
2886000;514.70;517.16;AFIB;AFIB
2888000;509.25;511.71;AFIB;AFIB
2890000;506.07;508.54;AFIB;AFIB
2892000;508.70;511.16;AFIB;AFIB
2894000;509.00;511.47;AFIB;AFIB
2896000;508.73;511.20;AFIB;AFIB
2898000;510.66;513.13;AFIB;AFIB
2900000;510.12;512.59;AFIB;AFIB
2902000;514.14;516.61;AFIB;AFIB
2904000;512.14;514.61;AFIB;AFIB
2906000;507.92;510.40;AFIB;AFIB
2908000;510.47;512.94;AFIB;AFIB
2910000;510.42;512.89;AFIB;AFIB
2912000;511.37;513.85;AFIB;AFIB
2914000;510.58;513.06;AFIB;AFIB
2916000;508.72;511.20;AFIB;AFIB
2918000;506.17;508.65;AFIB;AFIB
2920000;505.95;508.43;AFIB;AFIB
2922000;510.20;512.69;AFIB;AFIB
2924000;511.29;513.77;AFIB;AFIB
2926000;510.99;513.47;AFIB;AFIB
2928000;511.66;514.14;AFIB;AFIB
2930000;510.62;513.11;AFIB;AFIB
2932000;509.06;511.55;AFIB;AFIB
2934000;506.25;508.73;AFIB;AFIB
2936000;506.86;509.35;AFIB;AFIB
2938000;512.21;514.70;AFIB;AFIB
2940000;512.51;515.00;AFIB;AFIB
2942000;509.69;512.18;AFIB;AFIB
2944000;506.74;509.23;AFIB;AFIB
2946000;508.41;510.90;AFIB;AFIB
2948000;513.13;515.62;AFIB;AFIB
2950000;509.15;511.64;AFIB;AFIB
2952000;512.36;514.85;AFIB;AFIB
2954000;511.85;514.35;AFIB;AFIB
2956000;509.24;511.74;AFIB;AFIB
2958000;509.05;511.54;AFIB;AFIB
2960000;507.72;510.21;AFIB;AFIB
2962000;515.01;517.51;AFIB;AFIB
2964000;511.28;513.78;AFIB;AFIB
2966000;508.27;510.76;AFIB;AFIB
2968000;508.57;511.07;AFIB;AFIB
2970000;511.55;514.05;AFIB;AFIB
2972000;508.58;511.08;AFIB;AFIB
2974000;508.47;510.96;AFIB;AFIB
2976000;515.29;517.78;AFIB;AFIB
2978000;505.35;507.85;AFIB;AFIB
2980000;510.61;513.10;AFIB;AFIB
2982000;508.98;511.48;AFIB;AFIB
2984000;513.44;515.94;AFIB;AFIB
2986000;506.85;509.35;AFIB;AFIB
2988000;507.37;509.87;AFIB;AFIB
2990000;514.16;516.66;AFIB;AFIB
2992000;510.28;512.78;AFIB;AFIB
2994000;511.36;513.86;AFIB;AFIB
2996000;511.73;514.23;AFIB;AFIB
2998000;508.02;510.52;AFIB;AFIB
3000000;512.42;514.92;AFIB;AFIB
3002000;509.73;512.23;AFIB;AFIB
3004000;510.01;512.51;AFIB;AFIB
3006000;505.60;508.10;AFIB;AFIB
3008000;510.30;512.80;AFIB;AFIB
3010000;507.73;510.23;AFIB;AFIB
3012000;509.38;511.88;AFIB;AFIB
3014000;510.87;513.37;AFIB;AFIB
3016000;508.52;511.02;AFIB;AFIB
3018000;511.05;513.55;AFIB;AFIB
3020000;505.43;507.92;AFIB;AFIB
3022000;508.29;510.79;AFIB;AFIB
3024000;510.86;513.35;AFIB;AFIB
3026000;512.21;514.71;AFIB;AFIB
3028000;509.45;511.95;AFIB;AFIB
3030000;508.38;510.87;AFIB;AFIB
3032000;510.23;512.73;AFIB;AFIB
3034000;508.29;510.78;AFIB;AFIB
3036000;508.02;510.52;AFIB;AFIB
3038000;511.39;513.88;AFIB;AFIB
3040000;509.96;512.46;AFIB;AFIB
3042000;504.66;507.15;AFIB;AFIB
3044000;508.50;510.99;AFIB;AFIB
3046000;507.51;510.01;AFIB;AFIB
3048000;508.48;510.98;AFIB;AFIB
3050000;512.08;514.57;AFIB;AFIB
3052000;508.14;510.63;AFIB;AFIB
3054000;508.90;511.39;AFIB;AFIB
3056000;507.56;510.05;AFIB;AFIB
3058000;511.02;513.51;AFIB;AFIB
3060000;509.70;512.19;AFIB;AFIB
3062000;508.51;511.00;AFIB;AFIB
3064000;508.24;510.73;AFIB;AFIB
3066000;513.78;516.27;AFIB;AFIB
3068000;508.99;511.47;AFIB;AFIB
3070000;510.03;512.52;AFIB;AFIB
3072000;507.48;509.96;AFIB;AFIB
3074000;512.95;515.43;AFIB;AFIB
3076000;508.08;510.57;AFIB;AFIB
3078000;509.45;511.93;AFIB;AFIB
3080000;512.69;515.17;AFIB;AFIB
3082000;506.97;509.45;AFIB;AFIB
3084000;512.26;514.74;AFIB;AFIB
3086000;507.55;510.03;AFIB;AFIB
3088000;505.48;507.96;AFIB;AFIB
3090000;506.11;508.58;AFIB;AFIB
3092000;504.63;507.10;AFIB;AFIB
3094000;504.81;507.28;AFIB;AFIB
3096000;511.17;513.64;AFIB;AFIB
3098000;507.16;509.63;AFIB;AFIB
3100000;513.69;516.16;AFIB;AFIB
3102000;511.52;513.99;AFIB;AFIB
3104000;507.76;510.22;AFIB;AFIB
3106000;507.91;510.37;AFIB;AFIB
3108000;507.39;509.86;AFIB;AFIB
3110000;505.56;508.02;AFIB;AFIB
3112000;507.47;509.93;AFIB;AFIB
3114000;510.81;513.27;AFIB;AFIB
3116000;508.42;510.88;AFIB;AFIB
3118000;508.22;510.68;AFIB;AFIB
3120000;511.04;513.49;AFIB;AFIB
3122000;508.88;511.33;AFIB;AFIB
3124000;505.95;508.40;AFIB;AFIB
3126000;506.78;509.23;AFIB;AFIB
3128000;508.42;510.87;AFIB;AFIB
3130000;509.09;511.54;AFIB;AFIB
3132000;511.41;513.86;AFIB;AFIB
3134000;514.53;516.97;AFIB;AFIB
3136000;509.14;511.58;AFIB;AFIB
3138000;505.35;507.80;AFIB;AFIB
3140000;510.31;512.75;AFIB;AFIB
3142000;510.27;512.71;AFIB;AFIB
3144000;508.43;510.87;AFIB;AFIB
3146000;509.21;511.64;AFIB;AFIB
3148000;511.42;513.86;AFIB;AFIB
3150000;509.53;511.96;AFIB;AFIB
3152000;510.75;513.18;AFIB;AFIB
3154000;505.80;508.22;AFIB;AFIB
3156000;507.94;510.37;AFIB;AFIB
3158000;508.01;510.43;AFIB;AFIB
3160000;509.15;511.57;AFIB;AFIB
3162000;507.19;509.61;AFIB;AFIB
3164000;509.45;511.87;AFIB;AFIB
3166000;512.21;514.62;AFIB;AFIB
3168000;509.24;511.66;AFIB;AFIB
3170000;509.44;511.85;AFIB;AFIB
3172000;507.84;510.25;AFIB;AFIB
3174000;507.55;509.96;AFIB;AFIB
3176000;512.57;514.98;AFIB;AFIB
3178000;502.92;505.32;AFIB;AFIB
3180000;505.04;507.44;AFIB;AFIB
3182000;510.80;513.20;AFIB;AFIB
3184000;509.88;512.27;AFIB;AFIB
3186000;511.24;513.63;AFIB;AFIB
3188000;509.49;511.89;AFIB;AFIB
3190000;509.55;511.93;AFIB;AFIB
3192000;507.26;509.65;AFIB;AFIB
3194000;509.03;511.42;AFIB;AFIB
3196000;505.64;508.03;AFIB;AFIB
3198000;510.12;512.50;AFIB;AFIB
3200000;510.57;512.94;AFIB;AFIB
3202000;510.66;513.04;AFIB;AFIB
3204000;508.87;511.24;AFIB;AFIB
3206000;507.27;509.64;AFIB;AFIB
3208000;510.62;512.99;AFIB;AFIB
3210000;509.92;512.28;AFIB;AFIB
3212000;507.37;509.73;AFIB;AFIB
3214000;508.21;510.57;AFIB;AFIB
3216000;508.71;511.06;AFIB;AFIB
3218000;505.13;507.48;AFIB;AFIB
3220000;506.87;509.22;AFIB;AFIB
3222000;508.11;510.46;AFIB;AFIB
3224000;511.01;513.36;AFIB;AFIB
3226000;508.28;510.62;AFIB;AFIB
3228000;508.53;510.87;AFIB;AFIB
3230000;509.28;511.62;AFIB;AFIB
3232000;508.31;510.65;AFIB;AFIB
3234000;510.62;512.95;AFIB;AFIB
3236000;513.01;515.34;AFIB;AFIB
3238000;514.42;516.75;AFIB;AFIB
3240000;509.85;512.17;AFIB;AFIB
3242000;512.49;514.81;AFIB;AFIB
3244000;512.57;514.89;AFIB;AFIB
3246000;510.76;513.07;AFIB;AFIB
3248000;511.10;513.42;AFIB;AFIB
3250000;510.20;512.51;AFIB;AFIB
3252000;512.22;514.53;AFIB;AFIB
3254000;510.20;512.50;AFIB;AFIB
3256000;509.70;512.00;AFIB;AFIB
3258000;505.77;508.07;AFIB;AFIB
3260000;509.43;511.73;AFIB;AFIB
3262000;506.22;508.51;AFIB;AFIB
3264000;514.81;517.10;AFIB;AFIB
3266000;507.84;510.12;AFIB;AFIB
3268000;506.12;508.41;AFIB;AFIB
3270000;509.10;511.37;AFIB;AFIB
3272000;512.47;514.75;AFIB;AFIB
3274000;510.69;512.96;AFIB;AFIB
3276000;508.94;511.21;AFIB;AFIB
3278000;508.09;510.36;AFIB;AFIB
3280000;506.77;509.04;AFIB;AFIB
3282000;506.98;509.24;AFIB;AFIB
3284000;507.09;509.34;AFIB;AFIB
3286000;511.53;513.78;AFIB;AFIB
3288000;513.72;515.97;AFIB;AFIB
3290000;510.68;512.92;AFIB;AFIB
3292000;511.25;513.49;AFIB;AFIB
3294000;506.23;508.47;AFIB;AFIB
3296000;511.96;514.20;AFIB;AFIB
3298000;512.77;515.00;AFIB;AFIB
3300000;506.50;508.73;AFIB;AFIB
3302000;509.56;511.78;AFIB;AFIB
3304000;505.19;507.41;AFIB;AFIB
3306000;509.02;511.24;AFIB;AFIB
3308000;511.04;513.26;AFIB;AFIB
3310000;509.78;511.99;AFIB;AFIB
3312000;513.13;515.34;AFIB;AFIB
3314000;509.66;511.86;AFIB;AFIB
3316000;507.15;509.35;AFIB;AFIB
3318000;509.55;511.75;AFIB;AFIB
3320000;510.03;512.22;AFIB;AFIB
3322000;509.56;511.74;AFIB;AFIB
3324000;511.46;513.65;AFIB;AFIB
3326000;509.93;512.11;AFIB;AFIB
3328000;511.56;513.74;AFIB;AFIB
3330000;511.83;514.00;AFIB;AFIB
3332000;511.28;513.45;AFIB;AFIB
3334000;509.94;512.10;AFIB;AFIB
3336000;506.62;508.78;AFIB;AFIB
3338000;508.70;510.85;AFIB;AFIB
3340000;508.31;510.46;AFIB;AFIB
3342000;509.24;511.39;AFIB;AFIB
3344000;505.89;508.03;AFIB;AFIB
3346000;508.98;511.12;AFIB;AFIB
3348000;505.22;507.36;AFIB;AFIB
3350000;510.99;513.12;AFIB;AFIB
3352000;514.69;516.82;AFIB;AFIB
3354000;506.57;508.70;AFIB;AFIB
3356000;506.29;508.41;AFIB;AFIB
3358000;506.61;508.73;AFIB;AFIB
3360000;513.10;515.21;AFIB;AFIB
3362000;507.66;509.77;AFIB;AFIB
3364000;511.96;514.06;AFIB;AFIB
3366000;509.91;512.01;AFIB;AFIB
3368000;507.47;509.56;AFIB;AFIB
3370000;509.58;511.67;AFIB;AFIB
3372000;507.97;510.06;AFIB;AFIB
3374000;510.60;512.68;AFIB;AFIB
3376000;511.10;513.18;AFIB;AFIB
3378000;513.72;515.79;AFIB;AFIB
3380000;508.19;510.26;AFIB;AFIB
3382000;512.05;514.12;AFIB;AFIB
3384000;510.83;512.89;AFIB;AFIB
3386000;506.20;508.26;AFIB;AFIB
3388000;510.39;512.44;AFIB;AFIB
3390000;508.87;510.91;AFIB;AFIB
3392000;511.99;514.03;AFIB;AFIB
3394000;509.74;511.78;AFIB;AFIB
3396000;513.73;515.76;AFIB;AFIB
3398000;509.08;511.11;AFIB;AFIB
3400000;514.57;516.59;AFIB;AFIB
3402000;507.81;509.83;AFIB;AFIB
3404000;509.73;511.74;AFIB;AFIB
3406000;509.49;511.50;AFIB;AFIB
3408000;507.28;509.28;AFIB;AFIB
3410000;514.46;516.46;AFIB;AFIB
3412000;513.53;515.52;AFIB;AFIB
3414000;508.13;510.12;AFIB;AFIB
3416000;510.95;512.94;AFIB;AFIB
3418000;512.15;514.13;AFIB;AFIB
3420000;506.30;508.27;AFIB;AFIB
3422000;510.57;512.54;AFIB;AFIB
3424000;512.59;514.56;AFIB;AFIB
3426000;507.46;509.42;AFIB;AFIB
3428000;511.76;513.71;AFIB;AFIB
3430000;510.67;512.62;AFIB;AFIB
3432000;511.63;513.58;AFIB;AFIB
3434000;513.43;515.37;AFIB;AFIB
3436000;507.32;509.26;AFIB;AFIB
3438000;508.08;510.01;AFIB;AFIB
3440000;518.58;520.51;AFIB;AFIB
3442000;511.26;513.18;AFIB;AFIB
3444000;509.30;511.22;AFIB;AFIB
3446000;504.95;506.86;AFIB;AFIB
3448000;509.67;511.58;AFIB;AFIB
3450000;509.69;511.59;AFIB;AFIB
3452000;506.46;508.35;AFIB;AFIB
3454000;509.01;510.90;AFIB;AFIB
3456000;509.15;511.04;AFIB;AFIB
3458000;508.79;510.67;AFIB;AFIB
3460000;507.46;509.34;AFIB;AFIB
3462000;510.52;512.39;AFIB;AFIB
3464000;509.74;511.60;AFIB;AFIB
3466000;508.42;510.28;AFIB;AFIB
3468000;510.27;512.13;AFIB;AFIB
3470000;510.87;512.72;AFIB;AFIB
3472000;510.78;512.63;AFIB;AFIB
3474000;510.14;511.98;AFIB;AFIB
3476000;512.09;513.93;AFIB;AFIB
3478000;513.27;515.09;AFIB;AFIB
3480000;511.72;513.54;AFIB;AFIB
3482000;508.34;510.16;AFIB;AFIB
3484000;505.03;506.84;AFIB;AFIB
3486000;510.94;512.75;AFIB;AFIB
3488000;512.11;513.91;AFIB;AFIB
3490000;506.61;508.40;AFIB;AFIB
3492000;507.73;509.52;AFIB;AFIB
3494000;513.68;515.46;AFIB;AFIB
3496000;508.81;510.58;AFIB;AFIB
3498000;507.34;509.11;AFIB;AFIB
3500000;512.34;514.11;AFIB;AFIB
3502000;510.71;512.47;AFIB;AFIB
3504000;508.31;510.07;AFIB;AFIB
3506000;507.49;509.24;AFIB;AFIB
3508000;510.89;512.64;AFIB;AFIB
3510000;508.19;509.93;AFIB;AFIB
3512000;506.94;508.67;AFIB;AFIB
3514000;512.10;513.83;AFIB;AFIB
3516000;514.57;516.29;AFIB;AFIB
3518000;511.23;512.94;AFIB;AFIB
3520000;510.37;512.08;AFIB;AFIB
3522000;513.09;514.80;AFIB;AFIB
3524000;512.44;514.14;AFIB;AFIB
3526000;511.82;513.51;AFIB;AFIB
3528000;511.47;513.16;AFIB;AFIB
3530000;514.18;515.86;AFIB;AFIB
3532000;509.85;511.53;AFIB;AFIB
3534000;511.31;512.98;AFIB;AFIB
3536000;510.62;512.28;AFIB;AFIB
3538000;509.95;511.61;AFIB;AFIB
3540000;513.95;515.60;AFIB;AFIB
3542000;513.40;515.04;AFIB;AFIB
3544000;512.09;513.73;AFIB;AFIB
3546000;511.71;513.35;AFIB;AFIB
3548000;515.52;517.15;AFIB;AFIB
3550000;504.60;506.22;AFIB;AFIB
3552000;510.77;512.39;AFIB;AFIB
3554000;513.83;515.44;AFIB;AFIB
3556000;507.75;509.35;AFIB;AFIB
3558000;507.84;509.44;AFIB;AFIB
3560000;509.69;511.28;AFIB;AFIB
3562000;511.75;513.33;AFIB;AFIB
3564000;515.14;516.72;AFIB;AFIB
3566000;509.99;511.56;AFIB;AFIB
3568000;504.22;505.79;AFIB;AFIB
3570000;506.40;507.96;AFIB;AFIB
3572000;517.31;518.86;AFIB;AFIB
3574000;511.85;513.40;AFIB;AFIB
3576000;508.78;510.33;AFIB;AFIB
3578000;511.41;512.94;AFIB;AFIB
3580000;508.67;510.21;AFIB;AFIB
3582000;511.23;512.75;AFIB;AFIB
3584000;504.93;506.45;AFIB;AFIB
3586000;504.86;506.38;AFIB;AFIB
3588000;511.58;513.09;AFIB;AFIB
3590000;514.23;515.73;AFIB;AFIB
3592000;510.74;512.23;AFIB;AFIB
3594000;507.10;508.59;AFIB;AFIB
3596000;507.40;508.88;AFIB;AFIB
3598000;509.57;511.04;AFIB;AFIB
3600000;513.94;515.40;AFIB;AFIB
3602000;511.75;513.21;AFIB;AFIB
3604000;514.20;515.66;AFIB;AFIB
3606000;513.16;514.61;AFIB;AFIB
3608000;511.78;513.23;AFIB;AFIB
3610000;513.28;514.72;AFIB;AFIB
3612000;509.13;510.56;AFIB;AFIB
3614000;512.71;514.13;AFIB;AFIB
3616000;512.95;514.36;AFIB;AFIB
3618000;511.98;513.39;AFIB;AFIB
3620000;510.18;511.59;AFIB;AFIB
3622000;512.47;513.86;AFIB;AFIB
3624000;512.01;513.41;AFIB;AFIB
3626000;509.30;510.69;AFIB;AFIB
3628000;512.44;513.82;AFIB;AFIB
3630000;515.42;516.79;AFIB;AFIB
3632000;513.39;514.76;AFIB;AFIB
3634000;512.13;513.49;AFIB;AFIB
3636000;510.51;511.86;AFIB;AFIB
3638000;511.71;513.06;AFIB;AFIB
3640000;511.97;513.31;AFIB;AFIB
3642000;507.26;508.59;AFIB;AFIB
3644000;507.15;508.48;AFIB;AFIB
3646000;512.81;514.13;AFIB;AFIB
3648000;506.58;507.89;AFIB;AFIB
3650000;509.77;511.08;AFIB;AFIB
3652000;511.19;512.49;AFIB;AFIB
3654000;515.95;517.24;AFIB;AFIB
3656000;513.95;515.23;AFIB;AFIB
3658000;509.11;510.39;AFIB;AFIB
3660000;509.05;510.32;AFIB;AFIB
3662000;508.58;509.85;AFIB;AFIB
3664000;511.64;512.90;AFIB;AFIB
3666000;511.26;512.52;AFIB;AFIB
3668000;514.98;516.22;AFIB;AFIB
3670000;510.00;511.24;AFIB;AFIB
3672000;509.15;510.38;AFIB;AFIB
3674000;508.25;509.48;AFIB;AFIB
3676000;512.32;513.54;AFIB;AFIB
3678000;513.29;514.50;AFIB;AFIB
3680000;513.99;515.20;AFIB;AFIB
3682000;511.97;513.17;AFIB;AFIB
3684000;513.17;514.36;AFIB;AFIB
3686000;510.46;511.65;AFIB;AFIB
3688000;510.28;511.46;AFIB;AFIB
3690000;509.28;510.45;AFIB;AFIB
3692000;505.21;506.38;AFIB;AFIB
3694000;511.89;513.05;AFIB;AFIB
3696000;509.44;510.59;AFIB;AFIB
3698000;513.86;515.00;AFIB;AFIB
3700000;512.28;513.42;AFIB;AFIB
3702000;512.56;513.69;AFIB;AFIB
3704000;517.15;518.27;AFIB;AFIB
3706000;509.42;510.54;AFIB;AFIB
3708000;511.67;512.78;AFIB;AFIB
3710000;512.66;513.76;AFIB;AFIB
3712000;511.16;512.25;AFIB;AFIB
3714000;513.90;514.99;AFIB;AFIB
3716000;509.29;510.37;AFIB;AFIB
3718000;511.21;512.28;AFIB;AFIB
3720000;510.57;511.64;AFIB;AFIB
3722000;512.26;513.32;AFIB;AFIB
3724000;511.19;512.24;AFIB;AFIB
3726000;510.18;511.22;AFIB;AFIB
3728000;508.51;509.54;AFIB;AFIB
3730000;515.14;516.17;AFIB;AFIB
3732000;509.53;510.55;AFIB;AFIB
3734000;512.16;513.17;AFIB;AFIB
3736000;511.40;512.41;AFIB;AFIB
3738000;508.83;509.83;AFIB;AFIB
3740000;507.58;508.57;AFIB;AFIB
3742000;511.85;512.83;AFIB;AFIB
3744000;506.87;507.85;AFIB;AFIB
3746000;510.21;511.18;AFIB;AFIB
3748000;512.81;513.77;AFIB;AFIB
3750000;505.83;506.79;AFIB;AFIB
3752000;513.30;514.25;AFIB;AFIB
3754000;508.92;509.86;AFIB;AFIB
3756000;513.04;513.97;AFIB;AFIB
3758000;511.24;512.16;AFIB;AFIB
3760000;510.56;511.48;AFIB;AFIB
3762000;513.60;514.52;AFIB;AFIB
3764000;510.03;510.94;AFIB;AFIB
3766000;510.30;511.20;AFIB;AFIB
3768000;515.14;516.03;AFIB;AFIB
3770000;513.49;514.37;AFIB;AFIB
3772000;509.51;510.39;AFIB;AFIB
3774000;505.95;506.82;AFIB;AFIB
3776000;509.71;510.57;AFIB;AFIB
3778000;515.72;516.57;AFIB;AFIB
3780000;514.64;515.48;AFIB;AFIB
3782000;509.83;510.67;AFIB;AFIB
3784000;514.42;515.25;AFIB;AFIB
3786000;509.35;510.17;AFIB;AFIB
3788000;511.27;512.09;AFIB;AFIB
3790000;512.81;513.62;AFIB;AFIB
3792000;513.00;513.80;AFIB;AFIB
3794000;515.59;516.39;AFIB;AFIB
3796000;508.82;509.60;AFIB;AFIB
3798000;511.78;512.56;AFIB;AFIB
3800000;511.81;512.58;AFIB;AFIB
3802000;506.62;507.39;AFIB;AFIB
3804000;513.74;514.49;AFIB;AFIB
3806000;508.79;509.54;AFIB;AFIB
3808000;509.88;510.62;AFIB;AFIB
3810000;511.87;512.61;AFIB;AFIB
3812000;511.22;511.95;AFIB;AFIB
3814000;513.36;514.08;AFIB;AFIB
3816000;508.04;508.75;AFIB;AFIB
3818000;511.26;511.97;AFIB;AFIB
3820000;509.48;510.18;AFIB;AFIB
3822000;513.62;514.31;AFIB;AFIB
3824000;511.49;512.18;AFIB;AFIB
3826000;509.47;510.14;AFIB;AFIB
3828000;512.01;512.67;AFIB;AFIB
3830000;509.77;510.43;AFIB;AFIB
3832000;511.93;512.58;AFIB;AFIB
3834000;510.44;511.09;AFIB;AFIB
3836000;510.27;510.91;AFIB;AFIB
3838000;511.24;511.87;AFIB;AFIB
3840000;511.27;511.89;AFIB;AFIB
3842000;513.00;513.62;AFIB;AFIB
3844000;512.56;513.16;AFIB;AFIB
3846000;510.01;510.61;AFIB;AFIB
3848000;509.82;510.41;AFIB;AFIB
3850000;509.77;510.35;AFIB;AFIB
3852000;514.98;515.55;AFIB;AFIB
3854000;515.21;515.78;AFIB;AFIB
3856000;514.18;514.74;AFIB;AFIB
3858000;507.71;508.26;AFIB;AFIB
3860000;508.63;509.17;AFIB;AFIB
3862000;512.69;513.23;AFIB;AFIB
3864000;511.48;512.01;AFIB;AFIB
3866000;511.98;512.50;AFIB;AFIB
3868000;510.44;510.95;AFIB;AFIB
3870000;511.07;511.58;AFIB;AFIB
3872000;511.13;511.63;AFIB;AFIB
3874000;511.80;512.29;AFIB;AFIB
3876000;511.78;512.27;AFIB;AFIB
3878000;506.82;507.29;AFIB;AFIB
3880000;509.67;510.14;AFIB;AFIB
3882000;509.94;510.40;AFIB;AFIB
3884000;515.41;515.86;AFIB;AFIB
3886000;512.12;512.56;AFIB;AFIB
3888000;513.43;513.86;AFIB;AFIB
3890000;509.33;509.76;AFIB;AFIB
3892000;508.83;509.25;AFIB;AFIB
3894000;512.68;513.10;AFIB;AFIB
3896000;513.28;513.69;AFIB;AFIB
3898000;514.09;514.49;AFIB;AFIB
3900000;510.91;511.30;AFIB;AFIB
3902000;511.41;511.80;AFIB;AFIB
3904000;511.31;511.68;AFIB;AFIB
3906000;511.70;512.07;AFIB;AFIB
3908000;511.62;511.98;AFIB;AFIB
3910000;511.35;511.70;AFIB;AFIB
3912000;511.57;511.91;AFIB;AFIB
3914000;515.69;516.03;AFIB;AFIB
3916000;513.90;514.23;AFIB;AFIB
3918000;512.72;513.04;AFIB;AFIB
3920000;513.53;513.84;AFIB;AFIB
3922000;509.93;510.24;AFIB;AFIB
3924000;514.63;514.92;AFIB;AFIB
3926000;512.22;512.51;AFIB;AFIB
3928000;511.71;512.00;AFIB;AFIB
3930000;510.90;511.17;AFIB;AFIB
3932000;515.10;515.37;AFIB;AFIB
3934000;514.18;514.44;AFIB;AFIB
3936000;511.66;511.91;AFIB;AFIB
3938000;510.05;510.30;AFIB;AFIB
3940000;509.91;510.15;AFIB;AFIB
3942000;511.54;511.77;AFIB;AFIB
3944000;509.71;509.93;AFIB;AFIB
3946000;515.70;515.92;AFIB;AFIB
3948000;512.16;512.36;AFIB;AFIB
3950000;511.34;511.53;AFIB;AFIB
3952000;512.50;512.69;AFIB;AFIB
3954000;513.58;513.76;AFIB;AFIB
3956000;510.55;510.72;AFIB;AFIB
3958000;511.87;512.04;AFIB;AFIB
3960000;512.46;512.61;AFIB;AFIB
3962000;512.75;512.90;AFIB;AFIB
3964000;510.00;510.14;AFIB;AFIB
3966000;511.21;511.34;AFIB;AFIB
3968000;510.05;510.17;AFIB;AFIB
3970000;512.16;512.28;AFIB;AFIB
3972000;510.35;510.46;AFIB;AFIB
3974000;514.84;514.94;AFIB;AFIB
3976000;513.03;513.12;AFIB;AFIB
3978000;514.51;514.60;AFIB;AFIB
3980000;514.36;514.44;AFIB;AFIB
3982000;510.28;510.35;AFIB;AFIB
3984000;510.61;510.67;AFIB;AFIB
3986000;513.03;513.08;AFIB;AFIB
3988000;513.15;513.20;AFIB;AFIB
3990000;513.17;513.20;AFIB;AFIB
3992000;511.32;511.35;AFIB;AFIB
3994000;511.47;511.49;AFIB;AFIB
3996000;511.97;511.98;AFIB;AFIB
3998000;514.32;514.32;AFIB;AFIB
4000000;509.00;509.00;AFIB;AFIB
4002000;509.88;509.87;AFIB;AFIB
4004000;510.84;510.82;AFIB;AFIB
4006000;508.62;508.60;AFIB;AFIB
4008000;511.71;511.68;AFIB;AFIB
4010000;514.61;514.57;AFIB;AFIB
4012000;514.71;514.66;AFIB;AFIB
4014000;507.61;507.55;AFIB;AFIB
4016000;512.36;512.30;AFIB;AFIB
4018000;510.89;510.82;AFIB;AFIB
4020000;510.25;510.17;AFIB;AFIB
4022000;509.37;509.28;AFIB;AFIB
4024000;512.95;512.86;AFIB;AFIB
4026000;511.13;511.03;AFIB;AFIB
4028000;510.68;510.57;AFIB;AFIB
4030000;514.32;514.20;AFIB;AFIB
4032000;512.34;512.21;AFIB;AFIB
4034000;511.65;511.52;AFIB;AFIB
4036000;514.43;514.28;AFIB;AFIB
4038000;509.10;508.95;AFIB;AFIB
4040000;517.46;517.31;AFIB;AFIB
4042000;510.52;510.36;AFIB;AFIB
4044000;510.20;510.03;AFIB;AFIB
4046000;511.36;511.18;AFIB;AFIB
4048000;513.63;513.44;AFIB;AFIB
4050000;513.76;513.57;AFIB;AFIB
4052000;511.39;511.19;AFIB;AFIB
4054000;508.30;508.09;AFIB;AFIB
4056000;513.42;513.20;AFIB;AFIB
4058000;512.35;512.13;AFIB;AFIB
4060000;514.53;514.29;AFIB;AFIB
4062000;509.87;509.63;AFIB;AFIB
4064000;517.35;517.10;AFIB;AFIB
4066000;511.41;511.15;AFIB;AFIB
4068000;512.95;512.68;AFIB;AFIB
4070000;513.94;513.66;AFIB;AFIB
4072000;514.48;514.20;AFIB;AFIB
4074000;513.94;513.65;AFIB;AFIB
4076000;512.55;512.26;AFIB;AFIB
4078000;513.65;513.34;AFIB;AFIB
4080000;513.59;513.27;AFIB;AFIB
4082000;516.80;516.48;AFIB;AFIB
4084000;515.31;514.98;AFIB;AFIB
4086000;509.24;508.90;AFIB;AFIB
4088000;511.07;510.73;AFIB;AFIB
4090000;514.44;514.09;AFIB;AFIB
4092000;511.29;510.93;AFIB;AFIB
4094000;510.98;510.61;AFIB;AFIB
4096000;512.89;512.52;AFIB;AFIB
4098000;512.98;512.59;AFIB;AFIB
4100000;508.36;507.97;AFIB;AFIB
4102000;509.63;509.23;AFIB;AFIB
4104000;511.83;511.42;AFIB;AFIB
4106000;514.90;514.48;AFIB;AFIB
4108000;515.40;514.98;AFIB;AFIB
4110000;511.72;511.29;AFIB;AFIB
4112000;512.06;511.62;AFIB;AFIB
4114000;512.32;511.88;AFIB;AFIB
4116000;508.66;508.21;AFIB;AFIB
4118000;514.08;513.62;AFIB;AFIB
4120000;508.72;508.25;AFIB;AFIB
4122000;514.01;513.53;AFIB;AFIB
4124000;512.25;511.77;AFIB;AFIB
4126000;512.07;511.58;AFIB;AFIB
4128000;512.05;511.56;AFIB;AFIB
4130000;511.95;511.44;AFIB;AFIB
4132000;515.99;515.47;AFIB;AFIB
4134000;515.31;514.79;AFIB;AFIB
4136000;510.30;509.77;AFIB;AFIB
4138000;507.87;507.33;AFIB;AFIB
4140000;514.40;513.86;AFIB;AFIB
4142000;515.97;515.42;AFIB;AFIB
4144000;510.86;510.30;AFIB;AFIB
4146000;515.42;514.86;AFIB;AFIB
4148000;514.85;514.28;AFIB;AFIB
4150000;513.37;512.79;AFIB;AFIB
4152000;512.67;512.07;AFIB;AFIB
4154000;513.53;512.93;AFIB;AFIB
4156000;509.27;508.66;AFIB;AFIB
4158000;510.79;510.17;AFIB;AFIB
4160000;510.15;509.53;AFIB;AFIB
4162000;513.00;512.37;AFIB;AFIB
4164000;511.00;510.36;AFIB;AFIB
4166000;511.09;510.45;AFIB;AFIB
4168000;508.55;507.89;AFIB;AFIB
4170000;513.30;512.64;AFIB;AFIB
4172000;512.30;511.64;AFIB;AFIB
4174000;510.46;509.78;AFIB;AFIB
4176000;512.38;511.70;AFIB;AFIB
4178000;513.99;513.30;AFIB;AFIB
4180000;514.54;513.85;AFIB;AFIB
4182000;512.86;512.16;AFIB;AFIB
4184000;513.08;512.37;AFIB;AFIB
4186000;509.36;508.64;AFIB;AFIB
4188000;511.55;510.82;AFIB;AFIB
4190000;512.70;511.96;AFIB;AFIB
4192000;510.54;509.80;AFIB;AFIB
4194000;511.74;510.99;AFIB;AFIB
4196000;512.01;511.25;AFIB;AFIB
4198000;510.92;510.16;AFIB;AFIB
4200000;514.07;513.30;AFIB;AFIB
4202000;513.38;512.60;AFIB;AFIB
4204000;511.19;510.40;AFIB;AFIB
4206000;516.72;515.93;AFIB;AFIB
4208000;510.92;510.12;AFIB;AFIB
4210000;514.69;513.88;AFIB;AFIB
4212000;514.75;513.93;AFIB;AFIB
4214000;511.75;510.92;AFIB;AFIB
4216000;510.25;509.42;AFIB;AFIB
4218000;509.74;508.91;AFIB;AFIB
4220000;512.09;511.25;AFIB;AFIB
4222000;510.12;509.26;AFIB;AFIB
4224000;512.74;511.88;AFIB;AFIB
4226000;514.65;513.78;AFIB;AFIB
4228000;509.98;509.10;AFIB;AFIB
4230000;509.15;508.27;AFIB;AFIB
4232000;515.58;514.69;AFIB;AFIB
4234000;510.03;509.13;AFIB;AFIB
4236000;511.06;510.15;AFIB;AFIB
4238000;516.97;516.06;AFIB;AFIB
4240000;511.31;510.39;AFIB;AFIB
4242000;513.42;512.49;AFIB;AFIB
4244000;516.23;515.30;AFIB;AFIB
4246000;512.01;511.07;AFIB;AFIB
4248000;511.81;510.86;AFIB;AFIB
4250000;515.66;514.71;AFIB;AFIB
4252000;507.79;506.82;AFIB;AFIB
4254000;510.74;509.77;AFIB;AFIB
4256000;519.64;518.67;AFIB;AFIB
4258000;508.44;507.45;AFIB;AFIB
4260000;509.43;508.44;AFIB;AFIB
4262000;510.11;509.11;AFIB;AFIB
4264000;516.79;515.79;AFIB;AFIB
4266000;516.58;515.56;AFIB;AFIB
4268000;511.23;510.21;AFIB;AFIB
4270000;510.66;509.63;AFIB;AFIB
4272000;512.13;511.10;AFIB;AFIB
4274000;513.95;512.91;AFIB;AFIB
4276000;514.70;513.65;AFIB;AFIB
4278000;510.19;509.13;AFIB;AFIB
4280000;517.92;516.85;AFIB;AFIB
4282000;515.51;514.44;AFIB;AFIB
4284000;507.87;506.80;AFIB;AFIB
4286000;512.17;511.08;AFIB;AFIB
4288000;510.96;509.87;AFIB;AFIB
4290000;509.53;508.43;AFIB;AFIB
4292000;510.09;508.99;AFIB;AFIB
4294000;515.13;514.01;AFIB;AFIB
4296000;514.00;512.88;AFIB;AFIB
4298000;513.84;512.71;AFIB;AFIB
4300000;511.29;510.15;AFIB;AFIB
4302000;510.20;509.06;AFIB;AFIB
4304000;515.12;513.97;AFIB;AFIB
4306000;507.90;506.74;AFIB;AFIB
4308000;512.17;511.00;AFIB;AFIB
4310000;510.00;508.83;AFIB;AFIB
4312000;517.53;516.35;AFIB;AFIB
4314000;511.50;510.32;AFIB;AFIB
4316000;512.35;511.16;AFIB;AFIB
4318000;513.15;511.95;AFIB;AFIB
4320000;512.18;510.97;AFIB;AFIB
4322000;509.86;508.65;AFIB;AFIB
4324000;516.24;515.02;AFIB;AFIB
4326000;513.84;512.61;AFIB;AFIB
4328000;511.85;510.61;AFIB;AFIB
4330000;510.18;508.94;AFIB;AFIB
4332000;512.69;511.44;AFIB;AFIB
4334000;515.98;514.73;AFIB;AFIB
4336000;513.83;512.57;AFIB;AFIB
4338000;510.70;509.43;AFIB;AFIB
4340000;516.89;515.62;AFIB;AFIB
4342000;515.91;514.63;AFIB;AFIB
4344000;512.13;510.85;AFIB;AFIB
4346000;515.84;514.55;AFIB;AFIB
4348000;512.72;511.42;AFIB;AFIB
4350000;514.34;513.04;AFIB;AFIB
4352000;514.33;513.02;AFIB;AFIB
4354000;512.24;510.92;AFIB;AFIB
4356000;514.16;512.84;AFIB;AFIB
4358000;512.53;511.20;AFIB;AFIB
4360000;513.17;511.83;AFIB;AFIB
4362000;508.26;506.92;AFIB;AFIB
4364000;511.86;510.51;AFIB;AFIB
4366000;516.17;514.81;AFIB;AFIB
4368000;515.06;513.70;AFIB;AFIB
4370000;511.92;510.55;AFIB;AFIB
4372000;515.08;513.70;AFIB;AFIB
4374000;509.72;508.34;AFIB;AFIB
4376000;509.74;508.34;AFIB;AFIB
4378000;509.67;508.27;AFIB;AFIB
4380000;514.76;513.36;AFIB;AFIB
4382000;513.26;511.85;AFIB;AFIB
4384000;513.35;511.93;AFIB;AFIB
4386000;511.81;510.39;AFIB;AFIB
4388000;512.05;510.61;AFIB;AFIB
4390000;509.10;507.67;AFIB;AFIB
4392000;507.56;506.11;AFIB;AFIB
4394000;512.41;510.96;AFIB;AFIB
4396000;514.37;512.91;AFIB;AFIB
4398000;510.07;508.60;AFIB;AFIB
4400000;511.97;510.50;AFIB;AFIB
4402000;513.95;512.47;AFIB;AFIB
4404000;513.54;512.06;AFIB;AFIB
4406000;517.34;515.85;AFIB;AFIB
4408000;512.15;510.65;AFIB;AFIB
4410000;513.92;512.42;AFIB;AFIB
4412000;515.47;513.96;AFIB;AFIB
4414000;513.06;511.55;AFIB;AFIB
4416000;514.99;513.47;AFIB;AFIB
4418000;514.59;513.07;AFIB;AFIB
4420000;515.42;513.89;AFIB;AFIB
4422000;516.24;514.70;AFIB;AFIB
4424000;511.91;510.37;AFIB;AFIB
4426000;514.23;512.68;AFIB;AFIB
4428000;512.53;510.97;AFIB;AFIB
4430000;512.86;511.29;AFIB;AFIB
4432000;513.89;512.32;AFIB;AFIB
4434000;513.82;512.24;AFIB;AFIB
4436000;515.19;513.61;AFIB;AFIB
4438000;515.56;513.97;AFIB;AFIB
4440000;515.41;513.82;AFIB;AFIB
4442000;511.51;509.91;AFIB;AFIB
4444000;511.76;510.15;AFIB;AFIB
4446000;512.96;511.35;AFIB;AFIB
4448000;515.09;513.48;AFIB;AFIB
4450000;513.43;511.81;AFIB;AFIB
4452000;514.32;512.70;AFIB;AFIB
4454000;511.16;509.53;AFIB;AFIB
4456000;511.61;509.97;AFIB;AFIB
4458000;515.14;513.49;AFIB;AFIB
4460000;510.13;508.48;AFIB;AFIB
4462000;512.75;511.09;AFIB;AFIB
4464000;506.15;504.48;AFIB;AFIB
4466000;509.16;507.49;AFIB;AFIB
4468000;514.87;513.19;AFIB;AFIB
4470000;514.66;512.98;AFIB;AFIB
4472000;514.56;512.87;AFIB;AFIB
4474000;515.85;514.15;AFIB;AFIB
4476000;511.83;510.13;AFIB;AFIB
4478000;512.58;510.87;AFIB;AFIB
4480000;512.34;510.63;AFIB;AFIB
4482000;512.01;510.29;AFIB;AFIB
4484000;515.38;513.66;AFIB;AFIB
4486000;512.31;510.58;AFIB;AFIB
4488000;516.30;514.57;AFIB;AFIB
4490000;513.11;511.37;AFIB;AFIB
4492000;512.43;510.68;AFIB;AFIB
4494000;515.36;513.61;AFIB;AFIB
4496000;513.90;512.15;AFIB;AFIB
4498000;518.22;516.45;AFIB;AFIB
4500000;510.18;508.41;AFIB;AFIB
4502000;512.71;510.94;AFIB;AFIB
4504000;512.17;510.39;AFIB;AFIB
4506000;509.78;508.00;AFIB;AFIB
4508000;514.93;513.14;AFIB;AFIB
4510000;510.93;509.13;AFIB;AFIB
4512000;513.88;512.08;AFIB;AFIB
4514000;516.93;515.13;AFIB;AFIB
4516000;514.51;512.69;AFIB;AFIB
4518000;513.53;511.71;AFIB;AFIB
4520000;515.11;513.29;AFIB;AFIB
4522000;512.40;510.57;AFIB;AFIB
4524000;515.53;513.70;AFIB;AFIB
4526000;515.90;514.06;AFIB;AFIB
4528000;511.75;509.90;AFIB;AFIB
4530000;512.71;510.86;AFIB;AFIB
4532000;513.57;511.72;AFIB;AFIB
4534000;511.35;509.49;AFIB;AFIB
4536000;514.07;512.20;AFIB;AFIB
4538000;516.44;514.57;AFIB;AFIB
4540000;512.61;510.73;AFIB;AFIB
4542000;518.16;516.28;AFIB;AFIB
4544000;513.21;511.33;AFIB;AFIB
4546000;513.83;511.94;AFIB;AFIB
4548000;515.26;513.36;AFIB;AFIB
4550000;515.14;513.24;AFIB;AFIB
4552000;516.82;514.91;AFIB;AFIB
4554000;511.65;509.74;AFIB;AFIB
4556000;514.58;512.66;AFIB;AFIB
4558000;515.01;513.09;AFIB;AFIB
4560000;519.50;517.58;AFIB;AFIB
4562000;516.37;514.44;AFIB;AFIB
4564000;518.46;516.53;AFIB;AFIB
4566000;515.98;514.04;AFIB;AFIB
4568000;513.93;511.98;AFIB;AFIB
4570000;513.00;511.05;AFIB;AFIB
4572000;515.72;513.76;AFIB;AFIB
4574000;514.87;512.91;AFIB;AFIB
4576000;516.48;514.52;AFIB;AFIB
4578000;513.37;511.40;AFIB;AFIB
4580000;514.63;512.65;AFIB;AFIB
4582000;510.93;508.95;AFIB;AFIB
4584000;518.39;516.40;AFIB;AFIB
4586000;516.63;514.64;AFIB;AFIB
4588000;515.50;513.50;AFIB;AFIB
4590000;513.64;511.64;AFIB;AFIB
4592000;515.26;513.26;AFIB;AFIB
4594000;514.22;512.21;AFIB;AFIB
4596000;516.74;514.73;AFIB;AFIB
4598000;515.90;513.88;AFIB;AFIB
4600000;514.66;512.64;AFIB;AFIB
4602000;512.48;510.45;AFIB;AFIB
4604000;512.38;510.35;AFIB;AFIB
4606000;512.90;510.86;AFIB;AFIB
4608000;513.94;511.90;AFIB;AFIB
4610000;516.82;514.78;AFIB;AFIB
4612000;512.65;510.60;AFIB;AFIB
4614000;515.47;513.41;AFIB;AFIB
4616000;517.80;515.74;AFIB;AFIB
4618000;515.26;513.20;AFIB;AFIB
4620000;517.53;515.46;AFIB;AFIB
4622000;517.59;515.52;AFIB;AFIB
4624000;512.33;510.25;AFIB;AFIB
4626000;515.70;513.61;AFIB;AFIB
4628000;512.19;510.11;AFIB;AFIB
4630000;513.77;511.68;AFIB;AFIB
4632000;512.48;510.38;AFIB;AFIB
4634000;514.83;512.74;AFIB;AFIB
4636000;511.48;509.38;AFIB;AFIB
4638000;516.04;513.94;AFIB;AFIB
4640000;514.40;512.29;AFIB;AFIB
4642000;513.96;511.85;AFIB;AFIB
4644000;514.86;512.74;AFIB;AFIB
4646000;517.58;515.46;AFIB;AFIB
4648000;516.13;514.01;AFIB;AFIB
4650000;515.76;513.63;AFIB;AFIB
4652000;509.53;507.39;AFIB;AFIB
4654000;516.13;513.99;AFIB;AFIB
4656000;512.99;510.85;AFIB;AFIB
4658000;516.78;514.63;AFIB;AFIB
4660000;516.22;514.07;AFIB;AFIB
4662000;511.82;509.66;AFIB;AFIB
4664000;508.30;506.14;AFIB;AFIB
4666000;513.13;510.96;AFIB;AFIB
4668000;516.85;514.68;AFIB;AFIB
4670000;514.73;512.56;AFIB;AFIB
4672000;512.01;509.83;AFIB;AFIB
4674000;515.21;513.03;AFIB;AFIB
4676000;514.05;511.87;AFIB;AFIB
4678000;519.06;516.87;AFIB;AFIB
4680000;512.02;509.83;AFIB;AFIB
4682000;514.58;512.39;AFIB;AFIB
4684000;514.53;512.33;AFIB;AFIB
4686000;513.49;511.29;AFIB;AFIB
4688000;517.42;515.22;AFIB;AFIB
4690000;512.69;510.48;AFIB;AFIB
4692000;515.87;513.66;AFIB;AFIB
4694000;518.28;516.06;AFIB;AFIB
4696000;511.03;508.81;AFIB;AFIB
4698000;515.53;513.31;AFIB;AFIB
4700000;514.35;512.13;AFIB;AFIB
4702000;515.32;513.08;AFIB;AFIB
4704000;513.42;511.18;AFIB;AFIB
4706000;515.31;513.07;AFIB;AFIB
4708000;514.26;512.01;AFIB;AFIB
4710000;511.43;509.19;AFIB;AFIB
4712000;516.21;513.97;AFIB;AFIB
4714000;514.23;511.98;AFIB;AFIB
4716000;514.22;511.97;AFIB;AFIB
4718000;509.74;507.48;AFIB;AFIB
4720000;514.39;512.13;AFIB;AFIB
4722000;515.69;513.43;AFIB;AFIB
4724000;514.79;512.52;AFIB;AFIB
4726000;515.57;513.30;AFIB;AFIB
4728000;512.65;510.38;AFIB;AFIB
4730000;513.12;510.84;AFIB;AFIB
4732000;510.75;508.47;AFIB;AFIB
4734000;512.48;510.19;AFIB;AFIB
4736000;515.43;513.14;AFIB;AFIB
4738000;514.02;511.73;AFIB;AFIB
4740000;515.98;513.68;AFIB;AFIB
4742000;512.56;510.26;AFIB;AFIB
4744000;514.00;511.70;AFIB;AFIB
4746000;512.60;510.30;AFIB;AFIB
4748000;514.00;511.69;AFIB;AFIB
4750000;515.49;513.18;AFIB;AFIB
4752000;513.41;511.10;AFIB;AFIB
4754000;514.69;512.37;AFIB;AFIB
4756000;515.71;513.39;AFIB;AFIB
4758000;509.77;507.44;AFIB;AFIB
4760000;511.00;508.68;AFIB;AFIB
4762000;511.43;509.11;AFIB;AFIB
4764000;516.60;514.27;AFIB;AFIB
4766000;520.62;518.28;AFIB;AFIB
4768000;517.01;514.67;AFIB;AFIB
4770000;512.92;510.58;AFIB;AFIB
4772000;514.15;511.81;AFIB;AFIB
4774000;514.84;512.50;AFIB;AFIB
4776000;513.78;511.44;AFIB;AFIB
4778000;514.13;511.78;AFIB;AFIB
4780000;510.38;508.03;AFIB;AFIB
4782000;518.00;515.65;AFIB;AFIB
4784000;516.39;514.03;AFIB;AFIB
4786000;517.55;515.19;AFIB;AFIB
4788000;514.97;512.61;AFIB;AFIB
4790000;511.01;508.65;AFIB;AFIB
4792000;514.10;511.73;AFIB;AFIB
4794000;513.94;511.57;AFIB;AFIB
4796000;516.52;514.14;AFIB;AFIB
4798000;512.91;510.54;AFIB;AFIB
4800000;516.11;513.73;AFIB;AFIB
4802000;516.78;514.40;AFIB;AFIB
4804000;515.80;513.42;AFIB;AFIB
4806000;514.84;512.46;AFIB;AFIB
4808000;511.27;508.88;AFIB;AFIB
4810000;517.91;515.52;AFIB;AFIB
4812000;513.02;510.63;AFIB;AFIB
4814000;519.60;517.21;AFIB;AFIB
4816000;516.55;514.16;AFIB;AFIB
4818000;517.41;515.01;AFIB;AFIB
4820000;511.82;509.42;AFIB;AFIB
4822000;515.24;512.84;AFIB;AFIB
4824000;511.34;508.93;AFIB;AFIB
4826000;515.17;512.77;AFIB;AFIB
4828000;513.76;511.35;AFIB;AFIB
4830000;514.77;512.36;AFIB;AFIB
4832000;515.92;513.51;AFIB;AFIB
4834000;510.20;507.78;AFIB;AFIB
4836000;511.01;508.59;AFIB;AFIB
4838000;511.32;508.90;AFIB;AFIB
4840000;512.90;510.48;AFIB;AFIB
4842000;517.27;514.85;AFIB;AFIB
4844000;516.94;514.51;AFIB;AFIB
4846000;513.55;511.12;AFIB;AFIB
4848000;511.20;508.77;AFIB;AFIB
4850000;511.45;509.02;AFIB;AFIB
4852000;515.34;512.91;AFIB;AFIB
4854000;510.35;507.91;AFIB;AFIB
4856000;514.68;512.25;AFIB;AFIB
4858000;513.36;510.92;AFIB;AFIB
4860000;512.66;510.22;AFIB;AFIB
4862000;515.68;513.24;AFIB;AFIB
4864000;515.73;513.29;AFIB;AFIB
4866000;512.09;509.65;AFIB;AFIB
4868000;515.02;512.58;AFIB;AFIB
4870000;512.88;510.43;AFIB;AFIB
4872000;510.35;507.90;AFIB;AFIB
4874000;514.22;511.77;AFIB;AFIB
4876000;513.93;511.48;AFIB;AFIB
4878000;514.09;511.64;AFIB;AFIB
4880000;511.36;508.91;AFIB;AFIB
4882000;515.30;512.85;AFIB;AFIB
4884000;511.62;509.17;AFIB;AFIB
4886000;516.22;513.76;AFIB;AFIB
4888000;515.90;513.44;AFIB;AFIB
4890000;519.22;516.76;AFIB;AFIB
4892000;514.73;512.27;AFIB;AFIB
4894000;515.34;512.87;AFIB;AFIB
4896000;513.98;511.52;AFIB;AFIB
4898000;516.77;514.30;AFIB;AFIB
4900000;511.74;509.27;AFIB;AFIB
4902000;514.05;511.58;AFIB;AFIB
4904000;507.30;504.83;AFIB;AFIB
4906000;515.37;512.89;AFIB;AFIB
4908000;512.21;509.74;AFIB;AFIB
4910000;515.26;512.79;AFIB;AFIB
4912000;512.07;509.60;AFIB;AFIB
4914000;517.06;514.58;AFIB;AFIB
4916000;514.48;512.01;AFIB;AFIB
4918000;515.79;513.31;AFIB;AFIB
4920000;515.60;513.11;AFIB;AFIB
4922000;515.05;512.57;AFIB;AFIB
4924000;515.65;513.17;AFIB;AFIB
4926000;512.14;509.66;AFIB;AFIB
4928000;511.29;508.81;AFIB;AFIB
4930000;512.21;509.72;AFIB;AFIB
4932000;514.09;511.60;AFIB;AFIB
4934000;514.50;512.01;AFIB;AFIB
4936000;513.28;510.79;AFIB;AFIB
4938000;515.35;512.86;AFIB;AFIB
4940000;513.22;510.73;AFIB;AFIB
4942000;514.40;511.91;AFIB;AFIB
4944000;511.43;508.94;AFIB;AFIB
4946000;511.53;509.04;AFIB;AFIB
4948000;515.42;512.93;AFIB;AFIB
4950000;516.08;513.58;AFIB;AFIB
4952000;515.60;513.11;AFIB;AFIB
4954000;512.95;510.45;AFIB;AFIB
4956000;512.87;510.38;AFIB;AFIB
4958000;515.27;512.78;AFIB;AFIB
4960000;514.39;511.89;AFIB;AFIB
4962000;516.09;513.60;AFIB;AFIB
4964000;514.21;511.71;AFIB;AFIB
4966000;512.26;509.76;AFIB;AFIB
4968000;516.31;513.81;AFIB;AFIB
4970000;513.93;511.43;AFIB;AFIB
4972000;515.89;513.39;AFIB;AFIB
4974000;514.57;512.07;AFIB;AFIB
4976000;514.57;512.07;AFIB;AFIB
4978000;514.14;511.64;AFIB;AFIB
4980000;518.90;516.40;AFIB;AFIB
4982000;514.84;512.34;AFIB;AFIB
4984000;516.45;513.95;AFIB;AFIB
4986000;516.17;513.67;AFIB;AFIB
4988000;512.55;510.05;AFIB;AFIB
4990000;511.62;509.12;AFIB;AFIB
4992000;515.29;512.79;AFIB;AFIB
4994000;516.36;513.86;AFIB;AFIB
4996000;512.80;510.30;AFIB;AFIB
4998000;517.02;514.52;AFIB;AFIB
5000000;511.55;509.05;AFIB;AFIB
5002000;511.91;509.41;AFIB;AFIB
5004000;518.61;516.11;AFIB;AFIB
5006000;514.00;511.50;AFIB;AFIB
5008000;513.31;510.81;AFIB;AFIB
5010000;515.94;513.44;AFIB;AFIB
5012000;516.25;513.75;AFIB;AFIB
5014000;513.73;511.23;AFIB;AFIB
5016000;517.03;514.53;AFIB;AFIB
5018000;516.52;514.02;AFIB;AFIB
5020000;512.16;509.67;AFIB;AFIB
5022000;515.75;513.25;AFIB;AFIB
5024000;516.05;513.55;AFIB;AFIB
5026000;514.03;511.53;AFIB;AFIB
5028000;513.67;511.17;AFIB;AFIB
5030000;515.52;513.03;AFIB;AFIB
5032000;517.25;514.76;AFIB;AFIB
5034000;515.93;513.43;AFIB;AFIB
5036000;513.44;510.94;AFIB;AFIB
5038000;515.39;512.90;AFIB;AFIB
5040000;511.70;509.21;AFIB;AFIB
5042000;513.68;511.18;AFIB;AFIB
5044000;515.24;512.74;AFIB;AFIB
5046000;516.22;513.72;AFIB;AFIB
5048000;514.09;511.59;AFIB;AFIB
5050000;513.45;510.95;AFIB;AFIB
5052000;515.68;513.19;AFIB;AFIB
5054000;513.22;510.73;AFIB;AFIB
5056000;516.64;514.15;AFIB;AFIB
5058000;515.52;513.03;AFIB;AFIB
5060000;513.92;511.43;AFIB;AFIB
5062000;513.59;511.10;AFIB;AFIB
5064000;515.79;513.30;AFIB;AFIB
5066000;516.93;514.44;AFIB;AFIB
5068000;513.37;510.88;AFIB;AFIB
5070000;517.06;514.58;AFIB;AFIB
5072000;518.44;515.95;AFIB;AFIB
5074000;516.24;513.76;AFIB;AFIB
5076000;514.06;511.58;AFIB;AFIB
5078000;515.62;513.14;AFIB;AFIB
5080000;512.83;510.35;AFIB;AFIB
5082000;517.78;515.30;AFIB;AFIB
5084000;516.20;513.72;AFIB;AFIB
5086000;516.19;513.71;AFIB;AFIB
5088000;512.52;510.05;AFIB;AFIB
5090000;514.90;512.42;AFIB;AFIB
5092000;508.75;506.28;AFIB;AFIB
5094000;512.92;510.45;AFIB;AFIB
5096000;517.61;515.14;AFIB;AFIB
5098000;518.52;516.05;AFIB;AFIB
5100000;516.07;513.60;AFIB;AFIB
5102000;514.41;511.94;AFIB;AFIB
5104000;516.04;513.58;AFIB;AFIB
5106000;511.43;508.96;AFIB;AFIB
5108000;514.17;511.70;AFIB;AFIB
5110000;510.98;508.52;AFIB;AFIB
5112000;516.70;514.24;AFIB;AFIB
5114000;513.83;511.37;AFIB;AFIB
5116000;512.26;509.80;AFIB;AFIB
5118000;515.61;513.15;AFIB;AFIB
5120000;511.45;508.99;AFIB;AFIB
5122000;515.49;513.03;AFIB;AFIB
5124000;510.76;508.31;AFIB;AFIB
5126000;509.29;506.84;AFIB;AFIB
5128000;515.60;513.15;AFIB;AFIB
5130000;514.05;511.60;AFIB;AFIB
5132000;518.06;515.61;AFIB;AFIB
5134000;510.68;508.23;AFIB;AFIB
5136000;513.94;511.49;AFIB;AFIB
5138000;512.64;510.20;AFIB;AFIB
5140000;513.23;510.79;AFIB;AFIB
5142000;511.40;508.96;AFIB;AFIB
5144000;515.08;512.64;AFIB;AFIB
5146000;512.18;509.74;AFIB;AFIB
5148000;516.62;514.19;AFIB;AFIB
5150000;515.15;512.72;AFIB;AFIB
5152000;515.21;512.78;AFIB;AFIB
5154000;518.47;516.04;AFIB;AFIB
5156000;515.44;513.01;AFIB;AFIB
5158000;512.61;510.19;AFIB;AFIB
5160000;512.71;510.29;AFIB;AFIB
5162000;511.90;509.48;AFIB;AFIB
5164000;516.75;514.34;AFIB;AFIB
5166000;513.88;511.47;AFIB;AFIB
5168000;514.42;512.01;AFIB;AFIB
5170000;512.95;510.53;AFIB;AFIB
5172000;512.62;510.21;AFIB;AFIB
5174000;512.20;509.79;AFIB;AFIB
5176000;514.06;511.65;AFIB;AFIB
5178000;515.87;513.47;AFIB;AFIB
5180000;510.61;508.21;AFIB;AFIB
5182000;512.84;510.44;AFIB;AFIB
5184000;514.91;512.51;AFIB;AFIB
5186000;514.49;512.10;AFIB;AFIB
5188000;511.97;509.58;AFIB;AFIB
5190000;513.46;511.07;AFIB;AFIB
5192000;515.04;512.65;AFIB;AFIB
5194000;514.88;512.50;AFIB;AFIB
5196000;514.90;512.52;AFIB;AFIB
5198000;517.13;514.75;AFIB;AFIB
5200000;517.07;514.70;AFIB;AFIB
5202000;513.79;511.42;AFIB;AFIB
5204000;514.90;512.53;AFIB;AFIB
5206000;513.06;510.69;AFIB;AFIB
5208000;511.98;509.61;AFIB;AFIB
5210000;510.32;507.96;AFIB;AFIB
5212000;516.77;514.40;AFIB;AFIB
5214000;516.73;514.37;AFIB;AFIB
5216000;514.96;512.61;AFIB;AFIB
5218000;515.84;513.48;AFIB;AFIB
5220000;513.99;511.64;AFIB;AFIB
5222000;516.80;514.45;AFIB;AFIB
5224000;517.27;514.92;AFIB;AFIB
5226000;513.56;511.21;AFIB;AFIB
5228000;517.99;515.65;AFIB;AFIB
5230000;513.41;511.07;AFIB;AFIB
5232000;514.82;512.48;AFIB;AFIB
5234000;514.06;511.73;AFIB;AFIB
5236000;515.41;513.08;AFIB;AFIB
5238000;513.15;510.82;AFIB;AFIB
5240000;515.20;512.88;AFIB;AFIB
5242000;513.68;511.36;AFIB;AFIB
5244000;513.35;511.03;AFIB;AFIB
5246000;513.85;511.54;AFIB;AFIB
5248000;517.90;515.59;AFIB;AFIB
5250000;515.40;513.09;AFIB;AFIB
5252000;510.68;508.38;AFIB;AFIB
5254000;512.74;510.44;AFIB;AFIB
5256000;514.22;511.92;AFIB;AFIB
5258000;512.58;510.28;AFIB;AFIB
5260000;511.80;509.50;AFIB;AFIB
5262000;513.41;511.11;AFIB;AFIB
5264000;511.11;508.82;AFIB;AFIB
5266000;511.48;509.20;AFIB;AFIB
5268000;512.99;510.71;AFIB;AFIB
5270000;514.22;511.94;AFIB;AFIB
5272000;512.60;510.32;AFIB;AFIB
5274000;514.70;512.43;AFIB;AFIB
5276000;515.27;513.01;AFIB;AFIB
5278000;514.04;511.77;AFIB;AFIB
5280000;515.06;512.80;AFIB;AFIB
5282000;513.15;510.89;AFIB;AFIB
5284000;512.94;510.68;AFIB;AFIB
5286000;513.37;511.11;AFIB;AFIB
5288000;512.39;510.14;AFIB;AFIB
5290000;515.49;513.24;AFIB;AFIB
5292000;511.39;509.15;AFIB;AFIB
5294000;514.25;512.01;AFIB;AFIB
5296000;516.25;514.02;AFIB;AFIB
5298000;513.42;511.19;AFIB;AFIB
5300000;515.10;512.87;AFIB;AFIB
5302000;516.28;514.06;AFIB;AFIB
5304000;514.14;511.92;AFIB;AFIB
5306000;517.35;515.14;AFIB;AFIB
5308000;513.48;511.27;AFIB;AFIB
5310000;513.47;511.26;AFIB;AFIB
5312000;515.80;513.60;AFIB;AFIB
5314000;516.33;514.13;AFIB;AFIB
5316000;513.36;511.16;AFIB;AFIB
5318000;513.30;511.10;AFIB;AFIB
5320000;514.86;512.67;AFIB;AFIB
5322000;513.79;511.60;AFIB;AFIB
5324000;513.25;511.06;AFIB;AFIB
5326000;510.27;508.09;AFIB;AFIB
5328000;510.35;508.17;AFIB;AFIB
5330000;517.21;515.04;AFIB;AFIB
5332000;513.80;511.64;AFIB;AFIB
5334000;511.84;509.68;AFIB;AFIB
5336000;514.10;511.94;AFIB;AFIB
5338000;512.83;510.67;AFIB;AFIB
5340000;510.33;508.17;AFIB;AFIB
5342000;519.42;517.28;AFIB;AFIB
5344000;512.16;510.02;AFIB;AFIB
5346000;519.54;517.40;AFIB;AFIB
5348000;512.96;510.82;AFIB;AFIB
5350000;512.01;509.87;AFIB;AFIB
5352000;514.33;512.20;AFIB;AFIB
5354000;514.57;512.45;AFIB;AFIB
5356000;515.59;513.47;AFIB;AFIB
5358000;514.86;512.75;AFIB;AFIB
5360000;512.64;510.52;AFIB;AFIB
5362000;511.16;509.05;AFIB;AFIB
5364000;513.93;511.83;AFIB;AFIB
5366000;512.73;510.63;AFIB;AFIB
5368000;512.11;510.02;AFIB;AFIB
5370000;513.88;511.79;AFIB;AFIB
5372000;515.70;513.62;AFIB;AFIB
5374000;512.90;510.82;AFIB;AFIB
5376000;510.48;508.40;AFIB;AFIB
5378000;511.37;509.29;AFIB;AFIB
5380000;515.94;513.87;AFIB;AFIB
5382000;516.26;514.19;AFIB;AFIB
5384000;511.46;509.40;AFIB;AFIB
5386000;514.15;512.10;AFIB;AFIB
5388000;513.67;511.62;AFIB;AFIB
5390000;511.67;509.63;AFIB;AFIB
5392000;516.34;514.29;AFIB;AFIB
5394000;513.79;511.76;AFIB;AFIB
5396000;508.75;506.71;AFIB;AFIB
5398000;511.82;509.79;AFIB;AFIB
5400000;514.55;512.53;AFIB;AFIB
5402000;516.65;514.64;AFIB;AFIB
5404000;513.39;511.38;AFIB;AFIB
5406000;518.51;516.50;AFIB;AFIB
5408000;513.60;511.60;AFIB;AFIB
5410000;510.08;508.08;AFIB;AFIB
5412000;515.75;513.76;AFIB;AFIB
5414000;515.40;513.41;AFIB;AFIB
5416000;514.85;512.87;AFIB;AFIB
5418000;516.62;514.64;AFIB;AFIB
5420000;514.29;512.32;AFIB;AFIB
5422000;513.33;511.36;AFIB;AFIB
5424000;511.20;509.23;AFIB;AFIB
5426000;512.95;510.99;AFIB;AFIB
5428000;511.19;509.24;AFIB;AFIB
5430000;514.76;512.81;AFIB;AFIB
5432000;512.40;510.45;AFIB;AFIB
5434000;515.55;513.61;AFIB;AFIB
5436000;514.65;512.71;AFIB;AFIB
5438000;513.01;511.08;AFIB;AFIB
5440000;516.39;514.46;AFIB;AFIB
5442000;512.16;510.24;AFIB;AFIB
5444000;512.27;510.35;AFIB;AFIB
5446000;514.63;512.72;AFIB;AFIB
5448000;509.03;507.13;AFIB;AFIB
5450000;514.29;512.38;AFIB;AFIB
5452000;517.92;516.03;AFIB;AFIB
5454000;511.17;509.28;AFIB;AFIB
5456000;512.05;510.16;AFIB;AFIB
5458000;514.89;513.01;AFIB;AFIB
5460000;514.26;512.39;AFIB;AFIB
5462000;510.67;508.80;AFIB;AFIB
5464000;513.84;511.98;AFIB;AFIB
5466000;511.62;509.76;AFIB;AFIB
5468000;516.52;514.66;AFIB;AFIB
5470000;515.87;514.02;AFIB;AFIB
5472000;515.05;513.20;AFIB;AFIB
5474000;506.20;504.36;AFIB;AFIB
5476000;514.84;513.01;AFIB;AFIB
5478000;513.70;511.87;AFIB;AFIB
5480000;513.71;511.89;AFIB;AFIB
5482000;514.11;512.30;AFIB;AFIB
5484000;513.57;511.76;AFIB;AFIB
5486000;512.09;510.28;AFIB;AFIB
5488000;513.32;511.52;AFIB;AFIB
5490000;516.48;514.69;AFIB;AFIB
5492000;510.11;508.32;AFIB;AFIB
5494000;511.39;509.61;AFIB;AFIB
5496000;515.11;513.34;AFIB;AFIB
5498000;509.13;507.35;AFIB;AFIB
5500000;513.55;511.78;AFIB;AFIB
5502000;513.57;511.81;AFIB;AFIB
5504000;514.59;512.84;AFIB;AFIB
5506000;517.57;515.82;AFIB;AFIB
5508000;513.57;511.82;AFIB;AFIB
5510000;512.84;511.10;AFIB;AFIB
5512000;518.11;516.37;AFIB;AFIB
5514000;513.84;512.12;AFIB;AFIB
5516000;521.15;519.43;AFIB;AFIB
5518000;517.15;515.44;AFIB;AFIB
5520000;513.69;511.98;AFIB;AFIB
5522000;511.81;510.10;AFIB;AFIB
5524000;510.15;508.45;AFIB;AFIB
5526000;513.51;511.81;AFIB;AFIB
5528000;516.61;514.92;AFIB;AFIB
5530000;511.43;509.74;AFIB;AFIB
5532000;513.90;512.22;AFIB;AFIB
5534000;510.14;508.47;AFIB;AFIB
5536000;512.22;510.55;AFIB;AFIB
5538000;515.05;513.39;AFIB;AFIB
5540000;511.90;510.25;AFIB;AFIB
5542000;511.93;510.29;AFIB;AFIB
5544000;516.55;514.91;AFIB;AFIB
5546000;513.26;511.63;AFIB;AFIB
5548000;513.88;512.25;AFIB;AFIB
5550000;513.21;511.58;AFIB;AFIB
5552000;509.88;508.27;AFIB;AFIB
5554000;510.97;509.35;AFIB;AFIB
5556000;512.29;510.68;AFIB;AFIB
5558000;511.62;510.02;AFIB;AFIB
5560000;513.82;512.23;AFIB;AFIB
5562000;513.49;511.90;AFIB;AFIB
5564000;512.49;510.91;AFIB;AFIB
5566000;510.17;508.60;AFIB;AFIB
5568000;513.13;511.56;AFIB;AFIB
5570000;515.80;514.23;AFIB;AFIB
5572000;516.36;514.80;AFIB;AFIB
5574000;511.89;510.34;AFIB;AFIB
5576000;517.04;515.50;AFIB;AFIB
5578000;515.41;513.87;AFIB;AFIB
5580000;512.88;511.35;AFIB;AFIB
5582000;515.39;513.86;AFIB;AFIB
5584000;509.69;508.17;AFIB;AFIB
5586000;513.60;512.09;AFIB;AFIB
5588000;511.38;509.87;AFIB;AFIB
5590000;515.36;513.86;AFIB;AFIB
5592000;511.63;510.14;AFIB;AFIB
5594000;515.25;513.76;AFIB;AFIB
5596000;516.52;515.04;AFIB;AFIB
5598000;516.15;514.68;AFIB;AFIB
5600000;508.78;507.31;AFIB;AFIB
5602000;514.41;512.94;AFIB;AFIB
5604000;515.22;513.76;AFIB;AFIB
5606000;510.26;508.81;AFIB;AFIB
5608000;513.44;512.00;AFIB;AFIB
5610000;516.10;514.67;AFIB;AFIB
5612000;515.17;513.74;AFIB;AFIB
5614000;512.57;511.14;AFIB;AFIB
5616000;510.52;509.10;AFIB;AFIB
5618000;513.35;511.94;AFIB;AFIB
5620000;509.54;508.14;AFIB;AFIB
5622000;513.33;511.93;AFIB;AFIB
5624000;510.71;509.32;AFIB;AFIB
5626000;511.93;510.54;AFIB;AFIB
5628000;515.88;514.50;AFIB;AFIB
5630000;511.03;509.66;AFIB;AFIB
5632000;515.70;514.34;AFIB;AFIB
5634000;515.02;513.66;AFIB;AFIB
5636000;514.43;513.08;AFIB;AFIB
5638000;515.90;514.55;AFIB;AFIB
5640000;512.42;511.08;AFIB;AFIB
5642000;514.69;513.36;AFIB;AFIB
5644000;510.64;509.31;AFIB;AFIB
5646000;517.20;515.88;AFIB;AFIB
5648000;513.16;511.84;AFIB;AFIB
5650000;516.26;514.95;AFIB;AFIB
5652000;513.94;512.65;AFIB;AFIB
5654000;513.18;511.89;AFIB;AFIB
5656000;515.21;513.92;AFIB;AFIB
5658000;513.37;512.10;AFIB;AFIB
5660000;517.51;516.24;AFIB;AFIB
5662000;514.65;513.39;AFIB;AFIB
5664000;518.59;517.33;AFIB;AFIB
5666000;511.13;509.88;AFIB;AFIB
5668000;512.69;511.45;AFIB;AFIB
5670000;515.72;514.48;AFIB;AFIB
5672000;510.09;508.86;AFIB;AFIB
5674000;513.42;512.20;AFIB;AFIB
5676000;513.41;512.19;AFIB;AFIB
5678000;512.53;511.32;AFIB;AFIB
5680000;509.61;508.41;AFIB;AFIB
5682000;513.91;512.71;AFIB;AFIB
5684000;511.45;510.26;AFIB;AFIB
5686000;508.00;506.82;AFIB;AFIB
5688000;512.56;511.38;AFIB;AFIB
5690000;513.12;511.95;AFIB;AFIB
5692000;508.83;507.67;AFIB;AFIB
5694000;510.90;509.74;AFIB;AFIB
5696000;513.86;512.71;AFIB;AFIB
5698000;511.92;510.78;AFIB;AFIB
5700000;510.33;509.19;AFIB;AFIB
5702000;514.03;512.90;AFIB;AFIB
5704000;515.39;514.26;AFIB;AFIB
5706000;513.88;512.76;AFIB;AFIB
5708000;511.76;510.65;AFIB;AFIB
5710000;515.38;514.28;AFIB;AFIB
5712000;515.40;514.31;AFIB;AFIB
5714000;511.48;510.40;AFIB;AFIB
5716000;510.10;509.02;AFIB;AFIB
5718000;513.80;512.73;AFIB;AFIB
5720000;512.86;511.80;AFIB;AFIB
5722000;513.85;512.80;AFIB;AFIB
5724000;512.34;511.29;AFIB;AFIB
5726000;514.83;513.79;AFIB;AFIB
5728000;512.57;511.53;AFIB;AFIB
5730000;512.37;511.34;AFIB;AFIB
5732000;510.14;509.12;AFIB;AFIB
5734000;512.70;511.69;AFIB;AFIB
5736000;513.53;512.53;AFIB;AFIB
5738000;509.58;508.58;AFIB;AFIB
5740000;515.83;514.84;AFIB;AFIB
5742000;509.79;508.80;AFIB;AFIB
5744000;512.84;511.86;AFIB;AFIB
5746000;513.24;512.27;AFIB;AFIB
5748000;512.56;511.59;AFIB;AFIB
5750000;511.37;510.41;AFIB;AFIB
5752000;511.46;510.51;AFIB;AFIB
5754000;513.58;512.64;AFIB;AFIB
5756000;516.15;515.22;AFIB;AFIB
5758000;514.60;513.67;AFIB;AFIB
5760000;511.53;510.61;AFIB;AFIB
5762000;514.24;513.33;AFIB;AFIB
5764000;513.14;512.24;AFIB;AFIB
5766000;513.62;512.72;AFIB;AFIB
5768000;513.13;512.24;AFIB;AFIB
5770000;512.99;512.10;AFIB;AFIB
5772000;514.03;513.16;AFIB;AFIB
5774000;509.98;509.11;AFIB;AFIB
5776000;512.23;511.37;AFIB;AFIB
5778000;510.78;509.93;AFIB;AFIB
5780000;511.97;511.12;AFIB;AFIB
5782000;510.79;509.95;AFIB;AFIB
5784000;513.62;512.79;AFIB;AFIB
5786000;513.26;512.44;AFIB;AFIB
5788000;508.72;507.90;AFIB;AFIB
5790000;510.54;509.73;AFIB;AFIB
5792000;514.51;513.71;AFIB;AFIB
5794000;511.39;510.59;AFIB;AFIB
5796000;509.95;509.17;AFIB;AFIB
5798000;511.97;511.19;AFIB;AFIB
5800000;513.94;513.17;AFIB;AFIB
5802000;516.75;515.99;AFIB;AFIB
5804000;513.74;512.98;AFIB;AFIB
5806000;512.80;512.05;AFIB;AFIB
5808000;513.88;513.14;AFIB;AFIB
5810000;510.30;509.56;AFIB;AFIB
5812000;510.78;510.05;AFIB;AFIB
5814000;515.10;514.38;AFIB;AFIB
5816000;511.66;510.95;AFIB;AFIB
5818000;511.76;511.06;AFIB;AFIB
5820000;510.05;509.35;AFIB;AFIB
5822000;513.28;512.59;AFIB;AFIB
5824000;508.24;507.55;AFIB;AFIB
5826000;511.21;510.54;AFIB;AFIB
5828000;516.09;515.42;AFIB;AFIB
5830000;513.49;512.83;AFIB;AFIB
5832000;512.80;512.15;AFIB;AFIB
5834000;510.32;509.67;AFIB;AFIB
5836000;516.22;515.58;AFIB;AFIB
5838000;510.95;510.32;AFIB;AFIB
5840000;514.67;514.05;AFIB;AFIB
5842000;514.17;513.56;AFIB;AFIB
5844000;513.41;512.81;AFIB;AFIB
5846000;511.92;511.32;AFIB;AFIB
5848000;514.92;514.33;AFIB;AFIB
5850000;509.87;509.29;AFIB;AFIB
5852000;510.88;510.30;AFIB;AFIB
5854000;511.96;511.39;AFIB;AFIB
5856000;513.98;513.42;AFIB;AFIB
5858000;512.13;511.57;AFIB;AFIB
5860000;512.82;512.27;AFIB;AFIB
5862000;511.07;510.53;AFIB;AFIB
5864000;515.55;515.02;AFIB;AFIB
5866000;513.66;513.14;AFIB;AFIB
5868000;515.69;515.17;AFIB;AFIB
5870000;509.34;508.83;AFIB;AFIB
5872000;512.24;511.74;AFIB;AFIB
5874000;510.80;510.31;AFIB;AFIB
5876000;511.38;510.89;AFIB;AFIB
5878000;513.03;512.56;AFIB;AFIB
5880000;513.19;512.72;AFIB;AFIB
5882000;513.58;513.12;AFIB;AFIB
5884000;512.02;511.56;AFIB;AFIB
5886000;515.77;515.33;AFIB;AFIB
5888000;513.57;513.13;AFIB;AFIB
5890000;512.97;512.54;AFIB;AFIB
5892000;518.28;517.86;AFIB;AFIB
5894000;511.26;510.84;AFIB;AFIB
5896000;509.01;508.60;AFIB;AFIB
5898000;516.21;515.81;AFIB;AFIB
5900000;515.04;514.65;AFIB;AFIB
5902000;512.17;511.79;AFIB;AFIB
5904000;508.07;507.70;AFIB;AFIB
5906000;511.86;511.49;AFIB;AFIB
5908000;507.52;507.16;AFIB;AFIB
5910000;512.22;511.87;AFIB;AFIB
5912000;510.49;510.14;AFIB;AFIB
5914000;512.20;511.87;AFIB;AFIB
5916000;515.25;514.92;AFIB;AFIB
5918000;511.78;511.46;AFIB;AFIB
5920000;517.61;517.30;AFIB;AFIB
5922000;509.08;508.77;AFIB;AFIB
5924000;509.65;509.36;AFIB;AFIB
5926000;510.12;509.83;AFIB;AFIB
5928000;506.15;505.86;AFIB;AFIB
5930000;513.42;513.14;AFIB;AFIB
5932000;508.81;508.55;AFIB;AFIB
5934000;512.31;512.05;AFIB;AFIB
5936000;511.27;511.02;AFIB;AFIB
5938000;513.47;513.23;AFIB;AFIB
5940000;511.10;510.87;AFIB;AFIB
5942000;514.41;514.19;AFIB;AFIB
5944000;514.97;514.75;AFIB;AFIB
5946000;512.88;512.67;AFIB;AFIB
5948000;512.00;511.79;AFIB;AFIB
5950000;512.61;512.41;AFIB;AFIB
5952000;515.12;514.93;AFIB;AFIB
5954000;513.04;512.86;AFIB;AFIB
5956000;512.07;511.89;AFIB;AFIB
5958000;514.87;514.71;AFIB;AFIB
5960000;513.50;513.35;AFIB;AFIB
5962000;515.41;515.26;AFIB;AFIB
5964000;510.51;510.36;AFIB;AFIB
5966000;511.56;511.43;AFIB;AFIB
5968000;513.76;513.63;AFIB;AFIB
5970000;513.34;513.22;AFIB;AFIB
5972000;516.45;516.34;AFIB;AFIB
5974000;515.07;514.96;AFIB;AFIB
5976000;512.02;511.93;AFIB;AFIB
5978000;513.03;512.94;AFIB;AFIB
5980000;512.46;512.38;AFIB;AFIB
5982000;515.86;515.79;AFIB;AFIB
5984000;514.50;514.43;AFIB;AFIB
5986000;510.17;510.11;AFIB;AFIB
5988000;513.95;513.90;AFIB;AFIB
5990000;514.33;514.29;AFIB;AFIB
5992000;509.02;508.99;AFIB;AFIB
5994000;506.79;506.77;AFIB;AFIB
5996000;510.88;510.86;AFIB;AFIB
5998000;509.28;509.27;AFIB;AFIB
6000000;506.73;506.73;AFIB;AFIB
6002000;506.92;506.93;AFIB;AFIB
6004000;511.58;511.60;AFIB;AFIB
6006000;511.94;511.97;AFIB;AFIB
6008000;510.00;510.03;AFIB;AFIB
6010000;512.44;512.48;AFIB;AFIB
6012000;505.67;505.71;AFIB;AFIB
6014000;513.75;513.81;AFIB;AFIB
6016000;509.26;509.32;AFIB;AFIB
6018000;510.89;510.96;AFIB;AFIB
6020000;506.63;506.71;AFIB;AFIB
6022000;510.38;510.46;AFIB;AFIB
6024000;515.04;515.14;AFIB;AFIB
6026000;512.96;513.06;AFIB;AFIB
6028000;513.65;513.76;AFIB;AFIB
6030000;516.70;516.82;AFIB;AFIB
6032000;507.23;507.36;AFIB;AFIB
6034000;511.52;511.65;AFIB;AFIB
6036000;506.72;506.86;AFIB;AFIB
6038000;513.04;513.19;AFIB;AFIB
6040000;512.81;512.97;AFIB;AFIB
6042000;507.74;507.90;AFIB;AFIB
6044000;510.30;510.47;AFIB;AFIB
6046000;507.26;507.44;AFIB;AFIB
6048000;515.14;515.33;AFIB;AFIB
6050000;509.63;509.83;AFIB;AFIB
6052000;515.05;515.26;AFIB;AFIB
6054000;511.85;512.07;AFIB;AFIB
6056000;512.60;512.82;AFIB;AFIB
6058000;512.48;512.71;AFIB;AFIB
6060000;511.53;511.76;AFIB;AFIB
6062000;509.80;510.04;AFIB;AFIB
6064000;510.64;510.89;AFIB;AFIB
6066000;509.24;509.50;AFIB;AFIB
6068000;508.11;508.37;AFIB;AFIB
6070000;510.49;510.77;AFIB;AFIB
6072000;508.55;508.83;AFIB;AFIB
6074000;513.51;513.80;AFIB;AFIB
6076000;513.52;513.82;AFIB;AFIB
6078000;511.93;512.23;AFIB;AFIB
6080000;511.71;512.02;AFIB;AFIB
6082000;512.56;512.88;AFIB;AFIB
6084000;512.20;512.53;AFIB;AFIB
6086000;509.30;509.64;AFIB;AFIB
6088000;510.91;511.26;AFIB;AFIB
6090000;508.61;508.96;AFIB;AFIB
6092000;515.11;515.47;AFIB;AFIB
6094000;514.06;514.42;AFIB;AFIB
6096000;513.70;514.07;AFIB;AFIB
6098000;508.15;508.54;AFIB;AFIB
6100000;512.95;513.34;AFIB;AFIB
6102000;510.90;511.30;AFIB;AFIB
6104000;509.70;510.11;AFIB;AFIB
6106000;510.95;511.37;AFIB;AFIB
6108000;508.28;508.70;AFIB;AFIB
6110000;509.12;509.55;AFIB;AFIB
6112000;508.57;509.01;AFIB;AFIB
6114000;509.85;510.30;AFIB;AFIB
6116000;511.18;511.63;AFIB;AFIB
6118000;512.06;512.52;AFIB;AFIB
6120000;513.66;514.12;AFIB;AFIB
6122000;514.01;514.49;AFIB;AFIB
6124000;511.92;512.41;AFIB;AFIB
6126000;504.82;505.31;AFIB;AFIB
6128000;509.55;510.05;AFIB;AFIB
6130000;510.59;511.10;AFIB;AFIB
6132000;512.58;513.09;AFIB;AFIB
6134000;509.68;510.21;AFIB;AFIB
6136000;509.73;510.26;AFIB;AFIB
6138000;515.69;516.23;AFIB;AFIB
6140000;514.87;515.42;AFIB;AFIB
6142000;510.02;510.58;AFIB;AFIB
6144000;513.14;513.70;AFIB;AFIB
6146000;510.76;511.33;AFIB;AFIB
6148000;511.36;511.94;AFIB;AFIB
6150000;509.21;509.79;AFIB;AFIB
6152000;511.79;512.38;AFIB;AFIB
6154000;515.40;516.00;AFIB;AFIB
6156000;511.58;512.19;AFIB;AFIB
6158000;511.46;512.07;AFIB;AFIB
6160000;511.32;511.94;AFIB;AFIB
6162000;515.27;515.90;AFIB;AFIB
6164000;513.30;513.94;AFIB;AFIB
6166000;510.77;511.42;AFIB;AFIB
6168000;510.79;511.45;AFIB;AFIB
6170000;508.38;509.04;AFIB;AFIB
6172000;508.10;508.77;AFIB;AFIB
6174000;512.86;513.53;AFIB;AFIB
6176000;511.49;512.17;AFIB;AFIB
6178000;512.11;512.80;AFIB;AFIB
6180000;509.58;510.28;AFIB;AFIB
6182000;512.89;513.60;AFIB;AFIB
6184000;514.95;515.66;AFIB;AFIB
6186000;507.01;507.73;AFIB;AFIB
6188000;510.45;511.18;AFIB;AFIB
6190000;510.86;511.60;AFIB;AFIB
6192000;510.44;511.18;AFIB;AFIB
6194000;509.71;510.46;AFIB;AFIB
6196000;512.57;513.33;AFIB;AFIB
6198000;512.21;512.97;AFIB;AFIB
6200000;510.77;511.55;AFIB;AFIB
6202000;509.18;509.96;AFIB;AFIB
6204000;515.88;516.67;AFIB;AFIB
6206000;508.99;509.79;AFIB;AFIB
6208000;511.74;512.54;AFIB;AFIB
6210000;515.21;516.02;AFIB;AFIB
6212000;512.25;513.07;AFIB;AFIB
6214000;512.97;513.79;AFIB;AFIB
6216000;511.87;512.70;AFIB;AFIB
6218000;510.11;510.95;AFIB;AFIB
6220000;509.44;510.28;AFIB;AFIB
6222000;509.98;510.83;AFIB;AFIB
6224000;512.66;513.53;AFIB;AFIB
6226000;509.84;510.71;AFIB;AFIB
6228000;512.54;513.42;AFIB;AFIB
6230000;508.16;509.05;AFIB;AFIB
6232000;506.56;507.45;AFIB;AFIB
6234000;512.21;513.11;AFIB;AFIB
6236000;515.87;516.78;AFIB;AFIB
6238000;511.00;511.92;AFIB;AFIB
6240000;512.84;513.76;AFIB;AFIB
6242000;506.97;507.90;AFIB;AFIB
6244000;508.10;509.03;AFIB;AFIB
6246000;512.28;513.22;AFIB;AFIB
6248000;510.32;511.27;AFIB;AFIB
6250000;513.03;513.98;AFIB;AFIB
6252000;506.12;507.09;AFIB;AFIB
6254000;510.33;511.30;AFIB;AFIB
6256000;510.06;511.04;AFIB;AFIB
6258000;509.93;510.92;AFIB;AFIB
6260000;513.10;514.10;AFIB;AFIB
6262000;511.65;512.65;AFIB;AFIB
6264000;510.56;511.57;AFIB;AFIB
6266000;507.55;508.57;AFIB;AFIB
6268000;509.30;510.33;AFIB;AFIB
6270000;512.17;513.20;AFIB;AFIB
6272000;511.46;512.50;AFIB;AFIB
6274000;507.59;508.63;AFIB;AFIB
6276000;508.70;509.75;AFIB;AFIB
6278000;508.07;509.13;AFIB;AFIB
6280000;513.42;514.48;AFIB;AFIB
6282000;503.29;504.36;AFIB;AFIB
6284000;512.51;513.59;AFIB;AFIB
6286000;510.85;511.93;AFIB;AFIB
6288000;514.11;515.20;AFIB;AFIB
6290000;513.70;514.80;AFIB;AFIB
6292000;510.21;511.32;AFIB;AFIB
6294000;510.30;511.41;AFIB;AFIB
6296000;510.12;511.24;AFIB;AFIB
6298000;511.55;512.68;AFIB;AFIB
6300000;513.16;514.30;AFIB;AFIB
6302000;507.59;508.73;AFIB;AFIB
6304000;513.08;514.23;AFIB;AFIB
6306000;509.75;510.90;AFIB;AFIB
6308000;512.68;513.85;AFIB;AFIB
6310000;513.06;514.23;AFIB;AFIB
6312000;507.74;508.92;AFIB;AFIB
6314000;514.15;515.33;AFIB;AFIB
6316000;516.18;517.37;AFIB;AFIB
6318000;511.30;512.50;AFIB;AFIB
6320000;509.34;510.55;AFIB;AFIB
6322000;510.67;511.88;AFIB;AFIB
6324000;507.89;509.11;AFIB;AFIB
6326000;509.70;510.92;AFIB;AFIB
6328000;511.17;512.40;AFIB;AFIB
6330000;513.31;514.55;AFIB;AFIB
6332000;515.40;516.65;AFIB;AFIB
6334000;513.57;514.82;AFIB;AFIB
6336000;510.16;511.42;AFIB;AFIB
6338000;509.99;511.26;AFIB;AFIB
6340000;509.68;510.95;AFIB;AFIB
6342000;512.14;513.42;AFIB;AFIB
6344000;511.90;513.18;AFIB;AFIB
6346000;511.67;512.96;AFIB;AFIB
6348000;508.31;509.61;AFIB;AFIB
6350000;505.05;506.36;AFIB;AFIB
6352000;507.94;509.26;AFIB;AFIB
6354000;510.87;512.19;AFIB;AFIB
6356000;510.79;512.12;AFIB;AFIB
6358000;509.19;510.53;AFIB;AFIB
6360000;506.39;507.72;AFIB;AFIB
6362000;511.65;513.00;AFIB;AFIB
6364000;513.43;514.78;AFIB;AFIB
6366000;508.72;510.08;AFIB;AFIB
6368000;508.76;510.12;AFIB;AFIB
6370000;509.34;510.71;AFIB;AFIB
6372000;514.21;515.59;AFIB;AFIB
6374000;510.10;511.49;AFIB;AFIB
6376000;512.41;513.80;AFIB;AFIB
6378000;510.89;512.29;AFIB;AFIB
6380000;509.32;510.73;AFIB;AFIB
6382000;512.27;513.69;AFIB;AFIB
6384000;512.20;513.62;AFIB;AFIB
6386000;506.23;507.66;AFIB;AFIB
6388000;510.64;512.07;AFIB;AFIB
6390000;510.78;512.22;AFIB;AFIB
6392000;508.57;510.01;AFIB;AFIB
6394000;516.29;517.74;AFIB;AFIB
6396000;510.65;512.11;AFIB;AFIB
6398000;508.21;509.68;AFIB;AFIB
6400000;509.96;511.43;AFIB;AFIB
6402000;516.20;517.68;AFIB;AFIB
6404000;507.67;509.15;AFIB;AFIB
6406000;506.67;508.16;AFIB;AFIB
6408000;510.81;512.31;AFIB;AFIB
6410000;507.02;508.52;AFIB;AFIB
6412000;511.86;513.37;AFIB;AFIB
6414000;510.92;512.43;AFIB;AFIB
6416000;508.48;510.00;AFIB;AFIB
6418000;512.79;514.32;AFIB;AFIB
6420000;513.54;515.07;AFIB;AFIB
6422000;510.36;511.90;AFIB;AFIB
6424000;506.10;507.64;AFIB;AFIB
6426000;507.24;508.79;AFIB;AFIB
6428000;510.28;511.84;AFIB;AFIB
6430000;512.64;514.20;AFIB;AFIB
6432000;506.59;508.16;AFIB;AFIB
6434000;509.96;511.54;AFIB;AFIB
6436000;509.12;510.70;AFIB;AFIB
6438000;512.80;514.39;AFIB;AFIB
6440000;508.46;510.05;AFIB;AFIB
6442000;509.58;511.18;AFIB;AFIB
6444000;507.44;509.04;AFIB;AFIB
6446000;508.35;509.96;AFIB;AFIB
6448000;508.80;510.42;AFIB;AFIB
6450000;513.04;514.66;AFIB;AFIB
6452000;510.79;512.42;AFIB;AFIB
6454000;513.90;515.53;AFIB;AFIB
6456000;508.37;510.01;AFIB;AFIB
6458000;510.55;512.19;AFIB;AFIB
6460000;510.45;512.10;AFIB;AFIB
6462000;509.49;511.15;AFIB;AFIB
6464000;509.59;511.25;AFIB;AFIB
6466000;515.46;517.13;AFIB;AFIB
6468000;506.33;508.01;AFIB;AFIB
6470000;507.14;508.82;AFIB;AFIB
6472000;512.93;514.62;AFIB;AFIB
6474000;510.65;512.35;AFIB;AFIB
6476000;512.69;514.39;AFIB;AFIB
6478000;508.27;509.98;AFIB;AFIB
6480000;511.52;513.23;AFIB;AFIB
6482000;510.18;511.89;AFIB;AFIB
6484000;510.63;512.35;AFIB;AFIB
6486000;512.51;514.24;AFIB;AFIB
6488000;509.28;511.01;AFIB;AFIB
6490000;509.01;510.75;AFIB;AFIB
6492000;510.34;512.08;AFIB;AFIB
6494000;510.22;511.98;AFIB;AFIB
6496000;512.80;514.55;AFIB;AFIB
6498000;510.13;511.89;AFIB;AFIB
6500000;509.25;511.02;AFIB;AFIB
6502000;509.62;511.39;AFIB;AFIB
6504000;512.58;514.36;AFIB;AFIB
6506000;511.57;513.35;AFIB;AFIB
6508000;512.11;513.90;AFIB;AFIB
6510000;509.83;511.63;AFIB;AFIB
6512000;505.11;506.91;AFIB;AFIB
6514000;508.97;510.77;AFIB;AFIB
6516000;508.48;510.29;AFIB;AFIB
6518000;508.04;509.86;AFIB;AFIB
6520000;509.89;511.71;AFIB;AFIB
6522000;511.36;513.19;AFIB;AFIB
6524000;513.01;514.84;AFIB;AFIB
6526000;509.65;511.49;AFIB;AFIB
6528000;511.09;512.94;AFIB;AFIB
6530000;509.72;511.57;AFIB;AFIB
6532000;509.76;511.62;AFIB;AFIB
6534000;514.19;516.04;AFIB;AFIB
6536000;507.55;509.41;AFIB;AFIB
6538000;510.47;512.34;AFIB;AFIB
6540000;510.28;512.15;AFIB;AFIB
6542000;511.35;513.23;AFIB;AFIB
6544000;506.47;508.36;AFIB;AFIB
6546000;509.83;511.72;AFIB;AFIB
6548000;515.01;516.91;AFIB;AFIB
6550000;507.97;509.87;AFIB;AFIB
6552000;508.59;510.50;AFIB;AFIB
6554000;508.59;510.50;AFIB;AFIB
6556000;509.54;511.45;AFIB;AFIB
6558000;510.99;512.91;AFIB;AFIB
6560000;507.01;508.94;AFIB;AFIB
6562000;508.13;510.06;AFIB;AFIB
6564000;508.52;510.46;AFIB;AFIB
6566000;508.09;510.03;AFIB;AFIB
6568000;511.23;513.17;AFIB;AFIB
6570000;513.26;515.21;AFIB;AFIB
6572000;507.20;509.16;AFIB;AFIB
6574000;509.54;511.50;AFIB;AFIB
6576000;513.15;515.12;AFIB;AFIB
6578000;509.50;511.47;AFIB;AFIB
6580000;507.92;509.90;AFIB;AFIB
6582000;509.40;511.38;AFIB;AFIB
6584000;509.64;511.62;AFIB;AFIB
6586000;512.16;514.15;AFIB;AFIB
6588000;511.00;513.00;AFIB;AFIB
6590000;511.43;513.43;AFIB;AFIB
6592000;506.20;508.21;AFIB;AFIB
6594000;506.04;508.05;AFIB;AFIB
6596000;508.98;511.00;AFIB;AFIB
6598000;512.27;514.29;AFIB;AFIB
6600000;511.67;513.70;AFIB;AFIB
6602000;508.47;510.50;AFIB;AFIB
6604000;513.33;515.36;AFIB;AFIB
6606000;510.98;513.02;AFIB;AFIB
6608000;508.81;510.85;AFIB;AFIB
6610000;508.58;510.62;AFIB;AFIB
6612000;511.96;514.01;AFIB;AFIB
6614000;507.37;509.43;AFIB;AFIB
6616000;508.28;510.34;AFIB;AFIB
6618000;510.86;512.92;AFIB;AFIB
6620000;511.63;513.70;AFIB;AFIB
6622000;509.30;511.37;AFIB;AFIB
6624000;509.17;511.25;AFIB;AFIB
6626000;509.39;511.47;AFIB;AFIB
6628000;515.22;517.31;AFIB;AFIB
6630000;507.25;509.34;AFIB;AFIB
6632000;510.04;512.14;AFIB;AFIB
6634000;509.51;511.61;AFIB;AFIB
6636000;510.47;512.57;AFIB;AFIB
6638000;510.24;512.35;AFIB;AFIB
6640000;506.64;508.75;AFIB;AFIB
6642000;508.53;510.64;AFIB;AFIB
6644000;510.96;513.08;AFIB;AFIB
6646000;513.15;515.27;AFIB;AFIB
6648000;508.38;510.51;AFIB;AFIB
6650000;511.01;513.14;AFIB;AFIB
6652000;508.00;510.14;AFIB;AFIB
6654000;506.32;508.46;AFIB;AFIB
6656000;507.61;509.75;AFIB;AFIB
6658000;506.87;509.02;AFIB;AFIB
6660000;508.97;511.13;AFIB;AFIB
6662000;509.76;511.92;AFIB;AFIB
6664000;507.66;509.82;AFIB;AFIB
6666000;506.93;509.10;AFIB;AFIB
6668000;508.65;510.82;AFIB;AFIB
6670000;512.78;514.95;AFIB;AFIB
6672000;510.94;513.12;AFIB;AFIB
6674000;509.72;511.90;AFIB;AFIB
6676000;508.50;510.68;AFIB;AFIB
6678000;512.70;514.88;AFIB;AFIB
6680000;507.47;509.66;AFIB;AFIB
6682000;507.64;509.84;AFIB;AFIB
6684000;508.79;510.99;AFIB;AFIB
6686000;507.38;509.59;AFIB;AFIB
6688000;507.27;509.48;AFIB;AFIB
6690000;511.31;513.52;AFIB;AFIB
6692000;508.52;510.73;AFIB;AFIB
6694000;510.02;512.23;AFIB;AFIB
6696000;513.47;515.69;AFIB;AFIB
6698000;507.56;509.78;AFIB;AFIB
6700000;508.00;510.22;AFIB;AFIB
6702000;510.02;512.25;AFIB;AFIB
6704000;514.55;516.79;AFIB;AFIB
6706000;516.33;518.57;AFIB;AFIB
6708000;514.71;516.95;AFIB;AFIB
6710000;509.01;511.26;AFIB;AFIB
6712000;506.55;508.80;AFIB;AFIB
6714000;510.43;512.68;AFIB;AFIB
6716000;507.28;509.54;AFIB;AFIB
6718000;507.62;509.87;AFIB;AFIB
6720000;512.32;514.58;AFIB;AFIB
6722000;511.36;513.62;AFIB;AFIB
6724000;509.78;512.05;AFIB;AFIB
6726000;508.09;510.36;AFIB;AFIB
6728000;511.86;514.13;AFIB;AFIB
6730000;507.07;509.35;AFIB;AFIB
6732000;509.08;511.36;AFIB;AFIB
6734000;511.24;513.53;AFIB;AFIB
6736000;511.73;514.02;AFIB;AFIB
6738000;510.05;512.34;AFIB;AFIB
6740000;510.93;513.23;AFIB;AFIB
6742000;509.92;512.22;AFIB;AFIB
6744000;504.07;506.37;AFIB;AFIB
6746000;507.26;509.56;AFIB;AFIB
6748000;510.89;513.19;AFIB;AFIB
6750000;512.12;514.43;AFIB;AFIB
6752000;504.37;506.69;AFIB;AFIB
6754000;510.33;512.64;AFIB;AFIB
6756000;510.50;512.82;AFIB;AFIB
6758000;505.95;508.28;AFIB;AFIB
6760000;508.75;511.08;AFIB;AFIB
6762000;506.71;509.04;AFIB;AFIB
6764000;506.46;508.79;AFIB;AFIB
6766000;509.91;512.24;AFIB;AFIB
6768000;510.95;513.29;AFIB;AFIB
6770000;511.03;513.37;AFIB;AFIB
6772000;509.68;512.02;AFIB;AFIB
6774000;512.07;514.42;AFIB;AFIB
6776000;513.64;515.99;AFIB;AFIB
6778000;509.57;511.92;AFIB;AFIB
6780000;508.23;510.58;AFIB;AFIB
6782000;509.24;511.59;AFIB;AFIB
6784000;509.25;511.61;AFIB;AFIB
6786000;508.79;511.15;AFIB;AFIB
6788000;506.95;509.31;AFIB;AFIB
6790000;511.56;513.93;AFIB;AFIB
6792000;506.18;508.55;AFIB;AFIB
6794000;511.33;513.70;AFIB;AFIB
6796000;508.54;510.91;AFIB;AFIB
6798000;510.14;512.52;AFIB;AFIB
6800000;513.01;515.39;AFIB;AFIB
6802000;511.64;514.02;AFIB;AFIB
6804000;505.86;508.24;AFIB;AFIB
6806000;509.32;511.70;AFIB;AFIB
6808000;512.88;515.27;AFIB;AFIB
6810000;504.21;506.60;AFIB;AFIB
6812000;508.98;511.37;AFIB;AFIB
6814000;509.76;512.16;AFIB;AFIB
6816000;514.19;516.58;AFIB;AFIB
6818000;507.63;510.02;AFIB;AFIB
6820000;507.38;509.79;AFIB;AFIB
6822000;506.55;508.96;AFIB;AFIB
6824000;509.15;511.56;AFIB;AFIB
6826000;507.14;509.55;AFIB;AFIB
6828000;512.13;514.54;AFIB;AFIB
6830000;506.79;509.20;AFIB;AFIB
6832000;512.83;515.25;AFIB;AFIB
6834000;508.89;511.30;AFIB;AFIB
6836000;507.51;509.92;AFIB;AFIB
6838000;508.45;510.87;AFIB;AFIB
6840000;510.95;513.37;AFIB;AFIB
6842000;507.03;509.46;AFIB;AFIB
6844000;508.47;510.90;AFIB;AFIB
6846000;507.90;510.32;AFIB;AFIB
6848000;507.38;509.81;AFIB;AFIB
6850000;505.72;508.15;AFIB;AFIB
6852000;508.28;510.71;AFIB;AFIB
6854000;508.35;510.78;AFIB;AFIB
6856000;509.24;511.68;AFIB;AFIB
6858000;511.53;513.97;AFIB;AFIB
6860000;511.57;514.01;AFIB;AFIB
6862000;508.84;511.28;AFIB;AFIB
6864000;507.25;509.69;AFIB;AFIB
6866000;508.30;510.75;AFIB;AFIB
6868000;508.99;511.43;AFIB;AFIB
6870000;512.16;514.61;AFIB;AFIB
6872000;512.53;514.98;AFIB;AFIB
6874000;509.05;511.50;AFIB;AFIB
6876000;510.11;512.56;AFIB;AFIB
6878000;508.36;510.81;AFIB;AFIB
6880000;510.61;513.06;AFIB;AFIB
6882000;513.14;515.60;AFIB;AFIB
6884000;510.54;513.00;AFIB;AFIB
6886000;511.58;514.04;AFIB;AFIB
6888000;508.18;510.64;AFIB;AFIB
6890000;512.80;515.26;AFIB;AFIB
6892000;512.74;515.20;AFIB;AFIB
6894000;506.67;509.13;AFIB;AFIB
6896000;508.57;511.04;AFIB;AFIB
6898000;511.62;514.09;AFIB;AFIB
6900000;508.69;511.16;AFIB;AFIB
6902000;511.91;514.38;AFIB;AFIB
6904000;508.54;511.01;AFIB;AFIB
6906000;508.10;510.57;AFIB;AFIB
6908000;502.10;504.57;AFIB;AFIB
6910000;510.42;512.89;AFIB;AFIB
6912000;507.97;510.45;AFIB;AFIB
6914000;508.72;511.20;AFIB;AFIB
6916000;510.08;512.56;AFIB;AFIB
6918000;516.62;519.10;AFIB;AFIB
6920000;512.60;515.08;AFIB;AFIB
6922000;509.63;512.11;AFIB;AFIB
6924000;508.73;511.21;AFIB;AFIB
6926000;514.71;517.20;AFIB;AFIB
6928000;506.89;509.37;AFIB;AFIB
6930000;506.35;508.83;AFIB;AFIB
6932000;509.24;511.72;AFIB;AFIB
6934000;509.50;511.99;AFIB;AFIB
6936000;508.57;511.06;AFIB;AFIB
6938000;511.67;514.16;AFIB;AFIB
6940000;505.16;507.65;AFIB;AFIB
6942000;510.55;513.04;AFIB;AFIB
6944000;511.11;513.60;AFIB;AFIB
6946000;512.60;515.10;AFIB;AFIB
6948000;504.78;507.27;AFIB;AFIB
6950000;508.57;511.06;AFIB;AFIB
6952000;510.45;512.94;AFIB;AFIB
6954000;511.45;513.95;AFIB;AFIB
6956000;508.38;510.87;AFIB;AFIB
6958000;514.43;516.92;AFIB;AFIB
6960000;509.99;512.49;AFIB;AFIB
6962000;510.49;512.98;AFIB;AFIB
6964000;509.25;511.74;AFIB;AFIB
6966000;508.97;511.47;AFIB;AFIB
6968000;507.42;509.92;AFIB;AFIB
6970000;510.62;513.12;AFIB;AFIB
6972000;509.35;511.85;AFIB;AFIB
6974000;506.23;508.73;AFIB;AFIB
6976000;507.64;510.14;AFIB;AFIB
6978000;513.18;515.68;AFIB;AFIB
6980000;508.18;510.67;AFIB;AFIB
6982000;508.29;510.79;AFIB;AFIB
6984000;512.96;515.46;AFIB;AFIB
6986000;512.01;514.51;AFIB;AFIB
6988000;508.38;510.88;AFIB;AFIB
6990000;509.05;511.55;AFIB;AFIB
6992000;507.23;509.73;AFIB;AFIB
6994000;515.90;518.40;AFIB;AFIB
6996000;510.85;513.35;AFIB;AFIB
6998000;507.35;509.85;AFIB;AFIB
7000000;507.23;509.73;AFIB;AFIB
7002000;510.75;513.25;AFIB;AFIB
7004000;509.42;511.92;AFIB;AFIB
7006000;514.20;516.70;AFIB;AFIB
7008000;510.59;513.09;AFIB;AFIB
7010000;506.88;509.38;AFIB;AFIB
7012000;506.71;509.21;AFIB;AFIB
7014000;509.06;511.56;AFIB;AFIB
7016000;509.36;511.86;AFIB;AFIB
7018000;507.89;510.39;AFIB;AFIB
7020000;506.69;509.19;AFIB;AFIB
7022000;508.45;510.94;AFIB;AFIB
7024000;510.57;513.06;AFIB;AFIB
7026000;506.01;508.50;AFIB;AFIB
7028000;510.76;513.26;AFIB;AFIB
7030000;503.14;505.64;AFIB;AFIB
7032000;512.74;515.23;AFIB;AFIB
7034000;509.85;512.35;AFIB;AFIB
7036000;509.29;511.79;AFIB;AFIB
7038000;513.26;515.76;AFIB;AFIB
7040000;512.49;514.99;AFIB;AFIB
7042000;509.69;512.19;AFIB;AFIB
7044000;509.50;512.00;AFIB;AFIB
7046000;507.36;509.85;AFIB;AFIB
7048000;511.18;513.68;AFIB;AFIB
7050000;510.50;512.99;AFIB;AFIB
7052000;505.74;508.23;AFIB;AFIB
7054000;508.92;511.41;AFIB;AFIB
7056000;506.28;508.77;AFIB;AFIB
7058000;511.50;513.99;AFIB;AFIB
7060000;510.92;513.41;AFIB;AFIB
7062000;512.98;515.47;AFIB;AFIB
7064000;509.54;512.03;AFIB;AFIB
7066000;506.35;508.84;AFIB;AFIB
7068000;508.26;510.75;AFIB;AFIB
7070000;509.98;512.47;AFIB;AFIB
7072000;510.44;512.93;AFIB;AFIB
7074000;509.20;511.68;AFIB;AFIB
7076000;511.34;513.82;AFIB;AFIB
7078000;507.83;510.31;AFIB;AFIB
7080000;509.89;512.37;AFIB;AFIB
7082000;509.38;511.86;AFIB;AFIB
7084000;513.12;515.59;AFIB;AFIB
7086000;511.91;514.38;AFIB;AFIB
7088000;509.41;511.89;AFIB;AFIB
7090000;510.09;512.57;AFIB;AFIB
7092000;511.48;513.95;AFIB;AFIB
7094000;506.57;509.04;AFIB;AFIB
7096000;511.33;513.80;AFIB;AFIB
7098000;507.94;510.41;AFIB;AFIB
7100000;507.54;510.01;AFIB;AFIB
7102000;504.94;507.41;AFIB;AFIB
7104000;511.50;513.97;AFIB;AFIB
7106000;508.80;511.26;AFIB;AFIB
7108000;508.25;510.72;AFIB;AFIB
7110000;506.06;508.53;AFIB;AFIB
7112000;508.47;510.93;AFIB;AFIB
7114000;508.38;510.84;AFIB;AFIB
7116000;510.48;512.93;AFIB;AFIB
7118000;508.72;511.18;AFIB;AFIB
7120000;508.04;510.49;AFIB;AFIB
7122000;507.41;509.86;AFIB;AFIB
7124000;508.65;511.10;AFIB;AFIB
7126000;513.10;515.55;AFIB;AFIB
7128000;506.08;508.53;AFIB;AFIB
7130000;509.11;511.56;AFIB;AFIB
7132000;507.65;510.09;AFIB;AFIB
7134000;510.93;513.38;AFIB;AFIB
7136000;511.01;513.45;AFIB;AFIB
7138000;508.63;511.08;AFIB;AFIB
7140000;506.83;509.27;AFIB;AFIB
7142000;508.86;511.30;AFIB;AFIB
7144000;509.44;511.88;AFIB;AFIB
7146000;512.33;514.76;AFIB;AFIB
7148000;505.54;507.98;AFIB;AFIB
7150000;513.58;516.01;AFIB;AFIB
7152000;511.32;513.75;AFIB;AFIB
7154000;507.46;509.89;AFIB;AFIB
7156000;506.08;508.51;AFIB;AFIB
7158000;505.80;508.22;AFIB;AFIB
7160000;507.71;510.13;AFIB;AFIB
7162000;508.53;510.95;AFIB;AFIB
7164000;508.25;510.66;AFIB;AFIB
7166000;511.99;514.40;AFIB;AFIB
7168000;509.78;512.20;AFIB;AFIB
7170000;503.42;505.83;AFIB;AFIB
7172000;510.99;513.40;AFIB;AFIB
7174000;509.13;511.54;AFIB;AFIB
7176000;512.64;515.05;AFIB;AFIB
7178000;509.21;511.62;AFIB;AFIB
7180000;509.40;511.80;AFIB;AFIB
7182000;506.61;509.00;AFIB;AFIB
7184000;508.55;510.95;AFIB;AFIB
7186000;509.02;511.42;AFIB;AFIB
7188000;506.63;509.02;AFIB;AFIB
7190000;509.07;511.46;AFIB;AFIB
7192000;507.64;510.03;AFIB;AFIB
7194000;509.23;511.62;AFIB;AFIB
7196000;510.77;513.15;AFIB;AFIB
7198000;506.72;509.10;AFIB;AFIB
7200000;511.29;513.67;AFIB;AFIB
7202000;506.76;509.13;AFIB;AFIB
7204000;507.21;509.58;AFIB;AFIB
7206000;512.45;514.82;AFIB;AFIB
7208000;509.32;511.69;AFIB;AFIB
7210000;512.50;514.86;AFIB;AFIB
7212000;507.46;509.82;AFIB;AFIB
7214000;505.43;507.79;AFIB;AFIB
7216000;511.47;513.83;AFIB;AFIB
7218000;508.77;511.13;AFIB;AFIB
7220000;509.72;512.07;AFIB;AFIB
7222000;507.86;510.21;AFIB;AFIB
7224000;507.08;509.43;AFIB;AFIB
7226000;513.32;515.66;AFIB;AFIB
7228000;512.12;514.46;AFIB;AFIB
7230000;505.66;507.99;AFIB;AFIB
7232000;505.63;507.96;AFIB;AFIB
7234000;507.61;509.94;AFIB;AFIB
7236000;510.88;513.21;AFIB;AFIB
7238000;507.08;509.41;AFIB;AFIB
7240000;509.13;511.46;AFIB;AFIB
7242000;512.88;515.21;AFIB;AFIB
7244000;511.45;513.77;AFIB;AFIB
7246000;510.17;512.49;AFIB;AFIB
7248000;511.72;514.03;AFIB;AFIB
7250000;509.61;511.92;AFIB;AFIB
7252000;510.49;512.80;AFIB;AFIB
7254000;508.79;511.10;AFIB;AFIB
7256000;507.64;509.94;AFIB;AFIB
7258000;508.66;510.96;AFIB;AFIB
7260000;508.01;510.31;AFIB;AFIB
7262000;514.21;516.50;AFIB;AFIB
7264000;507.31;509.60;AFIB;AFIB
7266000;506.84;509.12;AFIB;AFIB
7268000;505.49;507.78;AFIB;AFIB
7270000;510.32;512.60;AFIB;AFIB
7272000;508.38;510.66;AFIB;AFIB
7274000;512.73;515.00;AFIB;AFIB
7276000;512.68;514.95;AFIB;AFIB
7278000;510.98;513.24;AFIB;AFIB
7280000;507.86;510.12;AFIB;AFIB
7282000;507.91;510.17;AFIB;AFIB
7284000;506.22;508.47;AFIB;AFIB
7286000;512.02;514.28;AFIB;AFIB
7288000;514.16;516.41;AFIB;AFIB
7290000;512.19;514.44;AFIB;AFIB
7292000;512.13;514.37;AFIB;AFIB
7294000;512.16;514.39;AFIB;AFIB
7296000;504.82;507.05;AFIB;AFIB
7298000;505.94;508.17;AFIB;AFIB
7300000;506.15;508.37;AFIB;AFIB
7302000;510.97;513.20;AFIB;AFIB
7304000;509.98;512.20;AFIB;AFIB
7306000;513.28;515.50;AFIB;AFIB
7308000;507.47;509.68;AFIB;AFIB
7310000;509.27;511.48;AFIB;AFIB
7312000;509.23;511.43;AFIB;AFIB
7314000;506.34;508.54;AFIB;AFIB
7316000;510.10;512.30;AFIB;AFIB
7318000;512.22;514.42;AFIB;AFIB
7320000;504.64;506.83;AFIB;AFIB
7322000;505.93;508.11;AFIB;AFIB
7324000;512.37;514.55;AFIB;AFIB
7326000;509.01;511.19;AFIB;AFIB
7328000;506.52;508.69;AFIB;AFIB
7330000;509.32;511.49;AFIB;AFIB
7332000;508.62;510.79;AFIB;AFIB
7334000;508.83;510.99;AFIB;AFIB
7336000;509.92;512.08;AFIB;AFIB
7338000;513.14;515.30;AFIB;AFIB
7340000;508.52;510.67;AFIB;AFIB
7342000;511.99;514.14;AFIB;AFIB
7344000;509.57;511.71;AFIB;AFIB
7346000;508.34;510.48;AFIB;AFIB
7348000;514.03;516.16;AFIB;AFIB
7350000;508.92;511.05;AFIB;AFIB
7352000;511.80;513.92;AFIB;AFIB
7354000;514.11;516.23;AFIB;AFIB
7356000;508.48;510.60;AFIB;AFIB
7358000;513.84;515.95;AFIB;AFIB
7360000;511.55;513.66;AFIB;AFIB
7362000;508.21;510.32;AFIB;AFIB
7364000;507.13;509.23;AFIB;AFIB
7366000;505.89;507.99;AFIB;AFIB
7368000;512.82;514.91;AFIB;AFIB
7370000;511.30;513.39;AFIB;AFIB
7372000;508.64;510.73;AFIB;AFIB
7374000;505.65;507.73;AFIB;AFIB
7376000;512.48;514.55;AFIB;AFIB
7378000;511.08;513.15;AFIB;AFIB
7380000;508.05;510.11;AFIB;AFIB
7382000;507.45;509.51;AFIB;AFIB
7384000;505.38;507.44;AFIB;AFIB
7386000;510.96;513.02;AFIB;AFIB
7388000;510.07;512.12;AFIB;AFIB
7390000;510.51;512.56;AFIB;AFIB
7392000;511.01;513.05;AFIB;AFIB
7394000;506.78;508.82;AFIB;AFIB
7396000;511.99;514.03;AFIB;AFIB
7398000;513.57;515.60;AFIB;AFIB
7400000;510.75;512.77;AFIB;AFIB
7402000;510.03;512.04;AFIB;AFIB
7404000;509.81;511.83;AFIB;AFIB
7406000;508.92;510.93;AFIB;AFIB
7408000;515.65;517.65;AFIB;AFIB
7410000;509.01;511.01;AFIB;AFIB
7412000;510.22;512.21;AFIB;AFIB
7414000;514.07;516.06;AFIB;AFIB
7416000;511.17;513.16;AFIB;AFIB
7418000;506.55;508.53;AFIB;AFIB
7420000;508.11;510.09;AFIB;AFIB
7422000;512.42;514.39;AFIB;AFIB
7424000;508.67;510.64;AFIB;AFIB
7426000;512.21;514.17;AFIB;AFIB
7428000;509.16;511.12;AFIB;AFIB
7430000;510.02;511.97;AFIB;AFIB
7432000;511.21;513.16;AFIB;AFIB
7434000;503.81;505.75;AFIB;AFIB
7436000;508.80;510.73;AFIB;AFIB
7438000;506.13;508.06;AFIB;AFIB
7440000;510.11;512.03;AFIB;AFIB
7442000;510.90;512.82;AFIB;AFIB
7444000;508.44;510.36;AFIB;AFIB
7446000;507.96;509.87;AFIB;AFIB
7448000;507.69;509.59;AFIB;AFIB
7450000;508.01;509.91;AFIB;AFIB
7452000;513.43;515.33;AFIB;AFIB
7454000;512.33;514.22;AFIB;AFIB
7456000;511.99;513.87;AFIB;AFIB
7458000;508.84;510.72;AFIB;AFIB
7460000;507.04;508.91;AFIB;AFIB
7462000;514.07;515.94;AFIB;AFIB
7464000;510.62;512.49;AFIB;AFIB
7466000;512.22;514.08;AFIB;AFIB
7468000;511.79;513.65;AFIB;AFIB
7470000;510.94;512.79;AFIB;AFIB
7472000;509.96;511.80;AFIB;AFIB
7474000;504.94;506.78;AFIB;AFIB
7476000;505.04;506.87;AFIB;AFIB
7478000;512.04;513.87;AFIB;AFIB
7480000;509.36;511.18;AFIB;AFIB
7482000;506.40;508.22;AFIB;AFIB
7484000;513.13;514.94;AFIB;AFIB
7486000;510.28;512.09;AFIB;AFIB
7488000;513.74;515.54;AFIB;AFIB
7490000;510.64;512.44;AFIB;AFIB
7492000;506.03;507.82;AFIB;AFIB
7494000;510.04;511.83;AFIB;AFIB
7496000;515.73;517.51;AFIB;AFIB
7498000;508.01;509.79;AFIB;AFIB
7500000;511.11;512.87;AFIB;AFIB
7502000;510.71;512.47;AFIB;AFIB
7504000;510.31;512.06;AFIB;AFIB
7506000;505.70;507.45;AFIB;AFIB
7508000;506.27;508.01;AFIB;AFIB
7510000;512.92;514.66;AFIB;AFIB
7512000;513.35;515.09;AFIB;AFIB
7514000;513.37;515.10;AFIB;AFIB
7516000;511.68;513.40;AFIB;AFIB
7518000;509.44;511.16;AFIB;AFIB
7520000;507.73;509.44;AFIB;AFIB
7522000;509.15;510.86;AFIB;AFIB
7524000;508.95;510.65;AFIB;AFIB
7526000;510.87;512.56;AFIB;AFIB
7528000;503.24;504.92;AFIB;AFIB
7530000;508.02;509.70;AFIB;AFIB
7532000;512.75;514.43;AFIB;AFIB
7534000;510.74;512.41;AFIB;AFIB
7536000;507.45;509.12;AFIB;AFIB
7538000;511.08;512.74;AFIB;AFIB
7540000;511.61;513.26;AFIB;AFIB
7542000;510.24;511.89;AFIB;AFIB
7544000;510.87;512.51;AFIB;AFIB
7546000;508.16;509.80;AFIB;AFIB
7548000;511.53;513.16;AFIB;AFIB
7550000;511.37;512.99;AFIB;AFIB
7552000;508.26;509.88;AFIB;AFIB
7554000;506.37;507.98;AFIB;AFIB
7556000;513.54;515.15;AFIB;AFIB
7558000;505.87;507.46;AFIB;AFIB
7560000;511.39;512.98;AFIB;AFIB
7562000;511.26;512.85;AFIB;AFIB
7564000;512.19;513.77;AFIB;AFIB
7566000;511.48;513.06;AFIB;AFIB
7568000;509.27;510.84;AFIB;AFIB
7570000;512.60;514.16;AFIB;AFIB
7572000;506.16;507.71;AFIB;AFIB
7574000;511.10;512.65;AFIB;AFIB
7576000;507.14;508.68;AFIB;AFIB
7578000;507.81;509.35;AFIB;AFIB
7580000;514.05;515.58;AFIB;AFIB
7582000;510.10;511.63;AFIB;AFIB
7584000;508.44;509.96;AFIB;AFIB
7586000;507.31;508.82;AFIB;AFIB
7588000;507.38;508.89;AFIB;AFIB
7590000;513.83;515.33;AFIB;AFIB
7592000;509.80;511.30;AFIB;AFIB
7594000;508.74;510.23;AFIB;AFIB
7596000;512.44;513.93;AFIB;AFIB
7598000;509.34;510.82;AFIB;AFIB
7600000;512.85;514.32;AFIB;AFIB
7602000;508.47;509.93;AFIB;AFIB
7604000;513.69;515.15;AFIB;AFIB
7606000;508.47;509.93;AFIB;AFIB
7608000;508.08;509.52;AFIB;AFIB
7610000;508.62;510.06;AFIB;AFIB
7612000;509.40;510.84;AFIB;AFIB
7614000;510.10;511.53;AFIB;AFIB
7616000;512.54;513.96;AFIB;AFIB
7618000;506.58;507.99;AFIB;AFIB
7620000;509.25;510.66;AFIB;AFIB
7622000;507.71;509.11;AFIB;AFIB
7624000;510.10;511.49;AFIB;AFIB
7626000;513.74;515.13;AFIB;AFIB
7628000;509.14;510.52;AFIB;AFIB
7630000;515.03;516.41;AFIB;AFIB
7632000;510.42;511.79;AFIB;AFIB
7634000;514.19;515.55;AFIB;AFIB
7636000;512.06;513.41;AFIB;AFIB
7638000;510.68;512.03;AFIB;AFIB
7640000;511.41;512.75;AFIB;AFIB
7642000;511.37;512.71;AFIB;AFIB
7644000;511.93;513.25;AFIB;AFIB
7646000;513.89;515.21;AFIB;AFIB
7648000;511.82;513.13;AFIB;AFIB
7650000;511.83;513.14;AFIB;AFIB
7652000;513.96;515.26;AFIB;AFIB
7654000;508.11;509.40;AFIB;AFIB
7656000;512.61;513.90;AFIB;AFIB
7658000;510.05;511.33;AFIB;AFIB
7660000;508.65;509.93;AFIB;AFIB
7662000;509.96;511.22;AFIB;AFIB
7664000;510.67;511.93;AFIB;AFIB
7666000;508.49;509.74;AFIB;AFIB
7668000;508.59;509.84;AFIB;AFIB
7670000;508.67;509.91;AFIB;AFIB
7672000;511.57;512.80;AFIB;AFIB
7674000;509.40;510.62;AFIB;AFIB
7676000;508.43;509.65;AFIB;AFIB
7678000;513.23;514.44;AFIB;AFIB
7680000;506.15;507.36;AFIB;AFIB
7682000;511.36;512.56;AFIB;AFIB
7684000;508.00;509.19;AFIB;AFIB
7686000;509.46;510.64;AFIB;AFIB
7688000;510.09;511.26;AFIB;AFIB
7690000;511.54;512.71;AFIB;AFIB
7692000;515.28;516.44;AFIB;AFIB
7694000;505.80;506.96;AFIB;AFIB
7696000;511.80;512.95;AFIB;AFIB
7698000;511.20;512.34;AFIB;AFIB
7700000;510.64;511.78;AFIB;AFIB
7702000;510.29;511.42;AFIB;AFIB
7704000;513.12;514.24;AFIB;AFIB
7706000;512.68;513.80;AFIB;AFIB
7708000;514.44;515.55;AFIB;AFIB
7710000;508.43;509.53;AFIB;AFIB
7712000;512.49;513.58;AFIB;AFIB
7714000;513.00;514.09;AFIB;AFIB
7716000;513.49;514.57;AFIB;AFIB
7718000;514.24;515.31;AFIB;AFIB
7720000;512.56;513.63;AFIB;AFIB
7722000;515.26;516.32;AFIB;AFIB
7724000;507.73;508.78;AFIB;AFIB
7726000;510.08;511.13;AFIB;AFIB
7728000;514.96;516.00;AFIB;AFIB
7730000;511.77;512.80;AFIB;AFIB
7732000;511.16;512.19;AFIB;AFIB
7734000;506.60;507.62;AFIB;AFIB
7736000;511.99;513.00;AFIB;AFIB
7738000;512.50;513.50;AFIB;AFIB
7740000;507.54;508.53;AFIB;AFIB
7742000;509.97;510.95;AFIB;AFIB
7744000;509.31;510.29;AFIB;AFIB
7746000;517.13;518.10;AFIB;AFIB
7748000;510.36;511.32;AFIB;AFIB
7750000;510.56;511.51;AFIB;AFIB
7752000;512.79;513.74;AFIB;AFIB
7754000;513.52;514.46;AFIB;AFIB
7756000;509.37;510.31;AFIB;AFIB
7758000;509.44;510.37;AFIB;AFIB
7760000;511.71;512.63;AFIB;AFIB
7762000;510.20;511.11;AFIB;AFIB
7764000;512.79;513.69;AFIB;AFIB
7766000;508.91;509.81;AFIB;AFIB
7768000;511.26;512.16;AFIB;AFIB
7770000;510.26;511.14;AFIB;AFIB
7772000;514.19;515.07;AFIB;AFIB
7774000;507.55;508.42;AFIB;AFIB
7776000;511.17;512.03;AFIB;AFIB
7778000;508.94;509.79;AFIB;AFIB
7780000;509.41;510.26;AFIB;AFIB
7782000;514.18;515.02;AFIB;AFIB
7784000;511.09;511.92;AFIB;AFIB
7786000;511.12;511.95;AFIB;AFIB
7788000;508.71;509.52;AFIB;AFIB
7790000;514.08;514.89;AFIB;AFIB
7792000;511.52;512.32;AFIB;AFIB
7794000;513.68;514.47;AFIB;AFIB
7796000;512.90;513.68;AFIB;AFIB
7798000;511.54;512.32;AFIB;AFIB
7800000;510.94;511.72;AFIB;AFIB
7802000;511.92;512.68;AFIB;AFIB
7804000;507.35;508.11;AFIB;AFIB
7806000;512.71;513.46;AFIB;AFIB
7808000;514.18;514.93;AFIB;AFIB
7810000;511.65;512.38;AFIB;AFIB
7812000;516.02;516.75;AFIB;AFIB
7814000;509.65;510.37;AFIB;AFIB
7816000;510.44;511.15;AFIB;AFIB
7818000;512.78;513.48;AFIB;AFIB
7820000;509.42;510.12;AFIB;AFIB
7822000;506.31;507.00;AFIB;AFIB
7824000;509.07;509.75;AFIB;AFIB
7826000;505.20;505.88;AFIB;AFIB
7828000;508.43;509.10;AFIB;AFIB
7830000;512.74;513.40;AFIB;AFIB
7832000;513.35;514.00;AFIB;AFIB
7834000;514.47;515.11;AFIB;AFIB
7836000;516.43;517.07;AFIB;AFIB
7838000;512.25;512.88;AFIB;AFIB
7840000;512.55;513.17;AFIB;AFIB
7842000;507.33;507.94;AFIB;AFIB
7844000;509.21;509.82;AFIB;AFIB
7846000;512.91;513.51;AFIB;AFIB
7848000;513.35;513.94;AFIB;AFIB
7850000;512.92;513.51;AFIB;AFIB
7852000;514.33;514.91;AFIB;AFIB
7854000;509.91;510.48;AFIB;AFIB
7856000;511.94;512.51;AFIB;AFIB
7858000;510.88;511.43;AFIB;AFIB
7860000;511.64;512.19;AFIB;AFIB
7862000;512.56;513.09;AFIB;AFIB
7864000;516.49;517.02;AFIB;AFIB
7866000;512.60;513.12;AFIB;AFIB
7868000;508.75;509.26;AFIB;AFIB
7870000;511.33;511.84;AFIB;AFIB
7872000;508.84;509.34;AFIB;AFIB
7874000;508.05;508.55;AFIB;AFIB
7876000;510.34;510.82;AFIB;AFIB
7878000;510.21;510.68;AFIB;AFIB
7880000;511.91;512.38;AFIB;AFIB
7882000;512.15;512.61;AFIB;AFIB
7884000;508.92;509.38;AFIB;AFIB
7886000;510.48;510.93;AFIB;AFIB
7888000;510.21;510.65;AFIB;AFIB
7890000;510.35;510.78;AFIB;AFIB
7892000;510.90;511.32;AFIB;AFIB
7894000;511.95;512.36;AFIB;AFIB
7896000;508.32;508.73;AFIB;AFIB
7898000;511.47;511.87;AFIB;AFIB
7900000;510.26;510.65;AFIB;AFIB
7902000;511.21;511.60;AFIB;AFIB
7904000;510.93;511.30;AFIB;AFIB
7906000;513.06;513.43;AFIB;AFIB
7908000;514.26;514.62;AFIB;AFIB
7910000;510.44;510.80;AFIB;AFIB
7912000;513.78;514.12;AFIB;AFIB
7914000;512.15;512.49;AFIB;AFIB
7916000;513.92;514.25;AFIB;AFIB
7918000;507.67;507.99;AFIB;AFIB
7920000;510.99;511.31;AFIB;AFIB
7922000;512.32;512.63;AFIB;AFIB
7924000;514.85;515.14;AFIB;AFIB
7926000;513.13;513.42;AFIB;AFIB
7928000;512.39;512.67;AFIB;AFIB
7930000;514.73;515.00;AFIB;AFIB
7932000;509.94;510.21;AFIB;AFIB
7934000;511.98;512.24;AFIB;AFIB
7936000;512.40;512.65;AFIB;AFIB
7938000;510.49;510.73;AFIB;AFIB
7940000;509.43;509.66;AFIB;AFIB
7942000;510.53;510.76;AFIB;AFIB
7944000;511.48;511.70;AFIB;AFIB
7946000;514.84;515.05;AFIB;AFIB
7948000;514.25;514.45;AFIB;AFIB
7950000;510.62;510.81;AFIB;AFIB
7952000;513.17;513.36;AFIB;AFIB
7954000;509.98;510.16;AFIB;AFIB
7956000;505.49;505.66;AFIB;AFIB
7958000;510.84;511.01;AFIB;AFIB
7960000;513.16;513.32;AFIB;AFIB
7962000;509.30;509.45;AFIB;AFIB
7964000;510.11;510.25;AFIB;AFIB
7966000;511.90;512.03;AFIB;AFIB
7968000;514.03;514.15;AFIB;AFIB
7970000;515.86;515.97;AFIB;AFIB
7972000;512.79;512.90;AFIB;AFIB
7974000;511.76;511.86;AFIB;AFIB
7976000;512.72;512.81;AFIB;AFIB
7978000;514.19;514.27;AFIB;AFIB
7980000;512.02;512.10;AFIB;AFIB
7982000;511.82;511.89;AFIB;AFIB
7984000;515.80;515.86;AFIB;AFIB
7986000;512.44;512.50;AFIB;AFIB
7988000;513.76;513.81;AFIB;AFIB
7990000;515.81;515.84;AFIB;AFIB
7992000;509.84;509.87;AFIB;AFIB
7994000;513.27;513.30;AFIB;AFIB
7996000;512.99;513.01;AFIB;AFIB
7998000;514.45;514.46;AFIB;AFIB
8000000;513.40;513.40;AFIB;AFIB
8002000;510.07;510.06;AFIB;AFIB
8004000;509.65;509.63;AFIB;AFIB
8006000;509.92;509.89;AFIB;AFIB
8008000;513.67;513.64;AFIB;AFIB
8010000;509.33;509.29;AFIB;AFIB
8012000;511.11;511.07;AFIB;AFIB
8014000;510.14;510.08;AFIB;AFIB
8016000;515.10;515.04;AFIB;AFIB
8018000;515.85;515.78;AFIB;AFIB
8020000;513.22;513.14;AFIB;AFIB
8022000;508.95;508.87;AFIB;AFIB
8024000;511.71;511.62;AFIB;AFIB
8026000;513.04;512.93;AFIB;AFIB
8028000;511.17;511.06;AFIB;AFIB
8030000;510.34;510.22;AFIB;AFIB
8032000;509.44;509.32;AFIB;AFIB
8034000;510.93;510.80;AFIB;AFIB
8036000;512.83;512.69;AFIB;AFIB
8038000;515.15;515.00;AFIB;AFIB
8040000;513.51;513.35;AFIB;AFIB
8042000;513.23;513.06;AFIB;AFIB
8044000;515.82;515.64;AFIB;AFIB
8046000;509.42;509.24;AFIB;AFIB
8048000;513.91;513.72;AFIB;AFIB
8050000;514.61;514.41;AFIB;AFIB
8052000;513.92;513.72;AFIB;AFIB
8054000;510.86;510.64;AFIB;AFIB
8056000;514.51;514.29;AFIB;AFIB
8058000;517.30;517.08;AFIB;AFIB
8060000;511.47;511.24;AFIB;AFIB
8062000;513.63;513.38;AFIB;AFIB
8064000;511.39;511.14;AFIB;AFIB
8066000;510.98;510.72;AFIB;AFIB
8068000;511.89;511.62;AFIB;AFIB
8070000;511.64;511.36;AFIB;AFIB
8072000;511.64;511.36;AFIB;AFIB
8074000;507.83;507.54;AFIB;AFIB
8076000;512.94;512.64;AFIB;AFIB
8078000;510.80;510.49;AFIB;AFIB
8080000;511.49;511.18;AFIB;AFIB
8082000;509.98;509.66;AFIB;AFIB
8084000;512.46;512.13;AFIB;AFIB
8086000;512.16;511.83;AFIB;AFIB
8088000;514.62;514.28;AFIB;AFIB
8090000;511.63;511.28;AFIB;AFIB
8092000;511.53;511.17;AFIB;AFIB
8094000;509.72;509.35;AFIB;AFIB
8096000;508.47;508.10;AFIB;AFIB
8098000;513.05;512.67;AFIB;AFIB
8100000;512.92;512.53;AFIB;AFIB
8102000;509.98;509.58;AFIB;AFIB
8104000;513.31;512.91;AFIB;AFIB
8106000;513.40;512.98;AFIB;AFIB
8108000;511.24;510.82;AFIB;AFIB
8110000;514.06;513.63;AFIB;AFIB
8112000;515.83;515.39;AFIB;AFIB
8114000;511.60;511.16;AFIB;AFIB
8116000;510.94;510.48;AFIB;AFIB
8118000;509.95;509.49;AFIB;AFIB
8120000;515.09;514.62;AFIB;AFIB
8122000;510.38;509.91;AFIB;AFIB
8124000;511.10;510.61;AFIB;AFIB
8126000;511.50;511.01;AFIB;AFIB
8128000;515.08;514.59;AFIB;AFIB
8130000;513.17;512.67;AFIB;AFIB
8132000;511.81;511.30;AFIB;AFIB
8134000;511.87;511.35;AFIB;AFIB
8136000;508.57;508.04;AFIB;AFIB
8138000;516.84;516.30;AFIB;AFIB
8140000;512.21;511.67;AFIB;AFIB
8142000;510.36;509.81;AFIB;AFIB
8144000;516.98;516.42;AFIB;AFIB
8146000;509.12;508.55;AFIB;AFIB
8148000;513.16;512.58;AFIB;AFIB
8150000;512.22;511.63;AFIB;AFIB
8152000;509.59;509.00;AFIB;AFIB
8154000;514.01;513.41;AFIB;AFIB
8156000;508.27;507.67;AFIB;AFIB
8158000;515.30;514.69;AFIB;AFIB
8160000;513.75;513.12;AFIB;AFIB
8162000;509.40;508.78;AFIB;AFIB
8164000;511.75;511.11;AFIB;AFIB
8166000;515.31;514.67;AFIB;AFIB
8168000;510.01;509.35;AFIB;AFIB
8170000;513.40;512.74;AFIB;AFIB
8172000;510.70;510.03;AFIB;AFIB
8174000;516.56;515.88;AFIB;AFIB
8176000;514.22;513.54;AFIB;AFIB
8178000;513.92;513.23;AFIB;AFIB
8180000;511.03;510.33;AFIB;AFIB
8182000;513.61;512.91;AFIB;AFIB
8184000;509.22;508.50;AFIB;AFIB
8186000;519.39;518.67;AFIB;AFIB
8188000;511.05;510.32;AFIB;AFIB
8190000;513.56;512.83;AFIB;AFIB
8192000;510.93;510.19;AFIB;AFIB
8194000;509.39;508.64;AFIB;AFIB
8196000;516.99;516.23;AFIB;AFIB
8198000;510.42;509.65;AFIB;AFIB
8200000;513.13;512.36;AFIB;AFIB
8202000;508.65;507.87;AFIB;AFIB
8204000;515.48;514.69;AFIB;AFIB
8206000;510.91;510.11;AFIB;AFIB
8208000;514.53;513.73;AFIB;AFIB
8210000;512.94;512.13;AFIB;AFIB
8212000;510.66;509.85;AFIB;AFIB
8214000;512.17;511.35;AFIB;AFIB
8216000;512.36;511.53;AFIB;AFIB
8218000;512.40;511.56;AFIB;AFIB
8220000;517.22;516.37;AFIB;AFIB
8222000;515.30;514.44;AFIB;AFIB
8224000;512.19;511.33;AFIB;AFIB
8226000;513.09;512.22;AFIB;AFIB
8228000;513.03;512.16;AFIB;AFIB
8230000;511.24;510.36;AFIB;AFIB
8232000;511.54;510.65;AFIB;AFIB
8234000;510.23;509.33;AFIB;AFIB
8236000;511.73;510.83;AFIB;AFIB
8238000;511.88;510.97;AFIB;AFIB
8240000;513.88;512.96;AFIB;AFIB
8242000;512.39;511.46;AFIB;AFIB
8244000;514.68;513.74;AFIB;AFIB
8246000;512.05;511.11;AFIB;AFIB
8248000;513.76;512.81;AFIB;AFIB
8250000;511.17;510.21;AFIB;AFIB
8252000;515.71;514.74;AFIB;AFIB
8254000;511.63;510.66;AFIB;AFIB
8256000;511.90;510.93;AFIB;AFIB
8258000;512.81;511.83;AFIB;AFIB
8260000;509.97;508.98;AFIB;AFIB
8262000;511.88;510.88;AFIB;AFIB
8264000;514.23;513.22;AFIB;AFIB
8266000;513.60;512.59;AFIB;AFIB
8268000;512.29;511.27;AFIB;AFIB
8270000;511.81;510.78;AFIB;AFIB
8272000;513.70;512.66;AFIB;AFIB
8274000;512.91;511.86;AFIB;AFIB
8276000;511.93;510.88;AFIB;AFIB
8278000;509.87;508.81;AFIB;AFIB
8280000;514.45;513.38;AFIB;AFIB
8282000;512.85;511.78;AFIB;AFIB
8284000;510.52;509.44;AFIB;AFIB
8286000;513.21;512.13;AFIB;AFIB
8288000;512.22;511.13;AFIB;AFIB
8290000;512.02;510.92;AFIB;AFIB
8292000;512.74;511.63;AFIB;AFIB
8294000;517.23;516.12;AFIB;AFIB
8296000;511.01;509.89;AFIB;AFIB
8298000;514.49;513.36;AFIB;AFIB
8300000;511.31;510.18;AFIB;AFIB
8302000;514.66;513.52;AFIB;AFIB
8304000;509.85;508.70;AFIB;AFIB
8306000;509.76;508.60;AFIB;AFIB
8308000;515.77;514.61;AFIB;AFIB
8310000;515.22;514.06;AFIB;AFIB
8312000;511.90;510.72;AFIB;AFIB
8314000;514.66;513.48;AFIB;AFIB
8316000;511.44;510.25;AFIB;AFIB
8318000;513.60;512.41;AFIB;AFIB
8320000;507.91;506.70;AFIB;AFIB
8322000;511.20;509.98;AFIB;AFIB
8324000;511.06;509.84;AFIB;AFIB
8326000;510.26;509.03;AFIB;AFIB
8328000;510.25;509.01;AFIB;AFIB
8330000;516.94;515.70;AFIB;AFIB
8332000;511.59;510.35;AFIB;AFIB
8334000;515.66;514.41;AFIB;AFIB
8336000;514.73;513.47;AFIB;AFIB
8338000;513.98;512.72;AFIB;AFIB
8340000;511.83;510.56;AFIB;AFIB
8342000;509.46;508.18;AFIB;AFIB
8344000;519.69;518.40;AFIB;AFIB
8346000;511.94;510.65;AFIB;AFIB
8348000;515.08;513.78;AFIB;AFIB
8350000;515.04;513.74;AFIB;AFIB
8352000;513.09;511.78;AFIB;AFIB
8354000;513.88;512.56;AFIB;AFIB
8356000;515.39;514.06;AFIB;AFIB
8358000;508.52;507.19;AFIB;AFIB
8360000;512.12;510.78;AFIB;AFIB
8362000;517.20;515.85;AFIB;AFIB
8364000;513.23;511.88;AFIB;AFIB
8366000;514.89;513.53;AFIB;AFIB
8368000;513.22;511.85;AFIB;AFIB
8370000;515.22;513.84;AFIB;AFIB
8372000;513.78;512.40;AFIB;AFIB
8374000;519.36;517.97;AFIB;AFIB
8376000;512.01;510.61;AFIB;AFIB
8378000;511.83;510.43;AFIB;AFIB
8380000;509.94;508.54;AFIB;AFIB
8382000;515.02;513.61;AFIB;AFIB
8384000;516.04;514.62;AFIB;AFIB
8386000;517.28;515.86;AFIB;AFIB
8388000;511.22;509.79;AFIB;AFIB
8390000;512.72;511.28;AFIB;AFIB
8392000;512.06;510.61;AFIB;AFIB
8394000;514.25;512.80;AFIB;AFIB
8396000;511.80;510.34;AFIB;AFIB
8398000;515.76;514.30;AFIB;AFIB
8400000;513.21;511.74;AFIB;AFIB
8402000;514.86;513.39;AFIB;AFIB
8404000;510.82;509.34;AFIB;AFIB
8406000;513.83;512.34;AFIB;AFIB
8408000;514.88;513.39;AFIB;AFIB
8410000;509.16;507.66;AFIB;AFIB
8412000;515.50;513.99;AFIB;AFIB
8414000;514.76;513.24;AFIB;AFIB
8416000;511.36;509.84;AFIB;AFIB
8418000;510.97;509.45;AFIB;AFIB
8420000;512.80;511.27;AFIB;AFIB
8422000;516.40;514.87;AFIB;AFIB
8424000;511.63;510.08;AFIB;AFIB
8426000;513.37;511.81;AFIB;AFIB
8428000;510.74;509.18;AFIB;AFIB
8430000;512.88;511.32;AFIB;AFIB
8432000;510.87;509.30;AFIB;AFIB
8434000;517.17;515.60;AFIB;AFIB
8436000;511.83;510.25;AFIB;AFIB
8438000;513.06;511.47;AFIB;AFIB
8440000;515.03;513.44;AFIB;AFIB
8442000;515.49;513.89;AFIB;AFIB
8444000;512.36;510.76;AFIB;AFIB
8446000;513.76;512.15;AFIB;AFIB
8448000;513.71;512.09;AFIB;AFIB
8450000;514.33;512.71;AFIB;AFIB
8452000;515.52;513.89;AFIB;AFIB
8454000;513.52;511.88;AFIB;AFIB
8456000;514.90;513.26;AFIB;AFIB
8458000;511.95;510.30;AFIB;AFIB
8460000;515.29;513.64;AFIB;AFIB
8462000;511.13;509.47;AFIB;AFIB
8464000;514.30;512.64;AFIB;AFIB
8466000;513.60;511.93;AFIB;AFIB
8468000;513.26;511.59;AFIB;AFIB
8470000;513.82;512.14;AFIB;AFIB
8472000;516.49;514.80;AFIB;AFIB
8474000;510.14;508.45;AFIB;AFIB
8476000;513.04;511.34;AFIB;AFIB
8478000;508.89;507.19;AFIB;AFIB
8480000;510.73;509.02;AFIB;AFIB
8482000;516.42;514.70;AFIB;AFIB
8484000;514.49;512.77;AFIB;AFIB
8486000;516.32;514.59;AFIB;AFIB
8488000;518.70;516.97;AFIB;AFIB
8490000;511.46;509.72;AFIB;AFIB
8492000;512.14;510.40;AFIB;AFIB
8494000;513.57;511.82;AFIB;AFIB
8496000;516.48;514.72;AFIB;AFIB
8498000;514.87;513.10;AFIB;AFIB
8500000;512.18;510.41;AFIB;AFIB
8502000;512.65;510.88;AFIB;AFIB
8504000;514.40;512.62;AFIB;AFIB
8506000;511.44;509.66;AFIB;AFIB
8508000;514.17;512.38;AFIB;AFIB
8510000;511.10;509.30;AFIB;AFIB
8512000;512.49;510.69;AFIB;AFIB
8514000;513.78;511.97;AFIB;AFIB
8516000;517.13;515.32;AFIB;AFIB
8518000;514.49;512.67;AFIB;AFIB
8520000;514.22;512.40;AFIB;AFIB
8522000;516.10;514.28;AFIB;AFIB
8524000;510.95;509.11;AFIB;AFIB
8526000;516.38;514.54;AFIB;AFIB
8528000;515.76;513.91;AFIB;AFIB
8530000;513.39;511.54;AFIB;AFIB
8532000;515.28;513.42;AFIB;AFIB
8534000;514.39;512.53;AFIB;AFIB
8536000;515.29;513.42;AFIB;AFIB
8538000;514.59;512.72;AFIB;AFIB
8540000;515.45;513.57;AFIB;AFIB
8542000;514.30;512.42;AFIB;AFIB
8544000;512.88;510.99;AFIB;AFIB
8546000;513.36;511.46;AFIB;AFIB
8548000;513.60;511.71;AFIB;AFIB
8550000;512.71;510.81;AFIB;AFIB
8552000;512.59;510.69;AFIB;AFIB
8554000;512.16;510.25;AFIB;AFIB
8556000;511.80;509.88;AFIB;AFIB
8558000;516.22;514.30;AFIB;AFIB
8560000;515.70;513.78;AFIB;AFIB
8562000;516.40;514.47;AFIB;AFIB
8564000;512.55;510.61;AFIB;AFIB
8566000;513.78;511.83;AFIB;AFIB
8568000;512.11;510.16;AFIB;AFIB
8570000;512.77;510.82;AFIB;AFIB
8572000;513.09;511.14;AFIB;AFIB
8574000;515.05;513.09;AFIB;AFIB
8576000;510.50;508.54;AFIB;AFIB
8578000;516.61;514.64;AFIB;AFIB
8580000;512.76;510.78;AFIB;AFIB
8582000;514.64;512.66;AFIB;AFIB
8584000;514.14;512.16;AFIB;AFIB
8586000;513.51;511.52;AFIB;AFIB
8588000;517.29;515.30;AFIB;AFIB
8590000;513.88;511.88;AFIB;AFIB
8592000;510.98;508.98;AFIB;AFIB
8594000;515.60;513.59;AFIB;AFIB
8596000;509.07;507.06;AFIB;AFIB
8598000;515.45;513.43;AFIB;AFIB
8600000;513.41;511.39;AFIB;AFIB
8602000;514.15;512.12;AFIB;AFIB
8604000;510.22;508.19;AFIB;AFIB
8606000;513.61;511.57;AFIB;AFIB
8608000;515.67;513.63;AFIB;AFIB
8610000;511.65;509.60;AFIB;AFIB
8612000;514.09;512.04;AFIB;AFIB
8614000;512.09;510.03;AFIB;AFIB
8616000;515.86;513.80;AFIB;AFIB
8618000;514.25;512.18;AFIB;AFIB
8620000;512.91;510.84;AFIB;AFIB
8622000;513.81;511.74;AFIB;AFIB
8624000;513.85;511.77;AFIB;AFIB
8626000;515.19;513.11;AFIB;AFIB
8628000;515.74;513.65;AFIB;AFIB
8630000;514.17;512.08;AFIB;AFIB
8632000;511.01;508.91;AFIB;AFIB
8634000;512.80;510.71;AFIB;AFIB
8636000;516.08;513.98;AFIB;AFIB
8638000;513.07;510.96;AFIB;AFIB
8640000;513.22;511.11;AFIB;AFIB
8642000;511.88;509.77;AFIB;AFIB
8644000;514.59;512.47;AFIB;AFIB
8646000;511.56;509.44;AFIB;AFIB
8648000;514.74;512.61;AFIB;AFIB
8650000;518.48;516.35;AFIB;AFIB
8652000;512.92;510.79;AFIB;AFIB
8654000;516.44;514.30;AFIB;AFIB
8656000;514.81;512.66;AFIB;AFIB
8658000;519.51;517.36;AFIB;AFIB
8660000;518.43;516.28;AFIB;AFIB
8662000;513.04;510.88;AFIB;AFIB
8664000;514.02;511.86;AFIB;AFIB
8666000;514.36;512.20;AFIB;AFIB
8668000;513.05;510.88;AFIB;AFIB
8670000;515.81;513.64;AFIB;AFIB
8672000;517.19;515.01;AFIB;AFIB
8674000;513.64;511.46;AFIB;AFIB
8676000;513.36;511.18;AFIB;AFIB
8678000;515.99;513.80;AFIB;AFIB
8680000;514.71;512.52;AFIB;AFIB
8682000;509.23;507.04;AFIB;AFIB
8684000;515.80;513.60;AFIB;AFIB
8686000;512.08;509.88;AFIB;AFIB
8688000;518.29;516.09;AFIB;AFIB
8690000;513.81;511.60;AFIB;AFIB
8692000;515.10;512.88;AFIB;AFIB
8694000;514.02;511.80;AFIB;AFIB
8696000;515.57;513.35;AFIB;AFIB
8698000;514.23;512.00;AFIB;AFIB
8700000;515.49;513.26;AFIB;AFIB
8702000;514.95;512.72;AFIB;AFIB
8704000;513.60;511.37;AFIB;AFIB
8706000;513.98;511.74;AFIB;AFIB
8708000;513.26;511.02;AFIB;AFIB
8710000;512.47;510.23;AFIB;AFIB
8712000;517.98;515.73;AFIB;AFIB
8714000;512.12;509.87;AFIB;AFIB
8716000;511.04;508.78;AFIB;AFIB
8718000;512.31;510.05;AFIB;AFIB
8720000;513.03;510.77;AFIB;AFIB
8722000;512.36;510.10;AFIB;AFIB
8724000;514.45;512.18;AFIB;AFIB
8726000;517.16;514.89;AFIB;AFIB
8728000;514.68;512.41;AFIB;AFIB
8730000;513.92;511.64;AFIB;AFIB
8732000;513.26;510.98;AFIB;AFIB
8734000;509.01;506.72;AFIB;AFIB
8736000;514.59;512.31;AFIB;AFIB
8738000;514.42;512.13;AFIB;AFIB
8740000;513.70;511.40;AFIB;AFIB
8742000;516.25;513.95;AFIB;AFIB
8744000;515.79;513.49;AFIB;AFIB
8746000;513.37;511.07;AFIB;AFIB
8748000;518.49;516.18;AFIB;AFIB
8750000;513.10;510.79;AFIB;AFIB
8752000;515.50;513.19;AFIB;AFIB
8754000;512.47;510.15;AFIB;AFIB
8756000;516.72;514.40;AFIB;AFIB
8758000;512.09;509.77;AFIB;AFIB
8760000;519.38;517.06;AFIB;AFIB
8762000;514.93;512.60;AFIB;AFIB
8764000;515.29;512.96;AFIB;AFIB
8766000;516.68;514.35;AFIB;AFIB
8768000;518.69;516.35;AFIB;AFIB
8770000;513.27;510.93;AFIB;AFIB
8772000;513.56;511.22;AFIB;AFIB
8774000;516.64;514.30;AFIB;AFIB
8776000;511.36;509.01;AFIB;AFIB
8778000;509.15;506.80;AFIB;AFIB
8780000;514.86;512.50;AFIB;AFIB
8782000;509.16;506.81;AFIB;AFIB
8784000;514.26;511.90;AFIB;AFIB
8786000;510.21;507.85;AFIB;AFIB
8788000;514.71;512.34;AFIB;AFIB
8790000;515.72;513.36;AFIB;AFIB
8792000;517.01;514.64;AFIB;AFIB
8794000;519.28;516.91;AFIB;AFIB
8796000;513.91;511.53;AFIB;AFIB
8798000;514.66;512.29;AFIB;AFIB
8800000;518.41;516.03;AFIB;AFIB
8802000;509.77;507.39;AFIB;AFIB
8804000;516.65;514.27;AFIB;AFIB
8806000;512.22;509.83;AFIB;AFIB
8808000;517.49;515.11;AFIB;AFIB
8810000;514.24;511.85;AFIB;AFIB
8812000;510.45;508.06;AFIB;AFIB
8814000;514.41;512.02;AFIB;AFIB
8816000;512.68;510.28;AFIB;AFIB
8818000;515.79;513.39;AFIB;AFIB
8820000;516.37;513.97;AFIB;AFIB
8822000;517.60;515.20;AFIB;AFIB
8824000;513.69;511.28;AFIB;AFIB
8826000;513.96;511.55;AFIB;AFIB
8828000;515.25;512.84;AFIB;AFIB
8830000;515.83;513.42;AFIB;AFIB
8832000;513.02;510.60;AFIB;AFIB
8834000;516.93;514.52;AFIB;AFIB
8836000;517.74;515.32;AFIB;AFIB
8838000;514.23;511.81;AFIB;AFIB
8840000;516.83;514.40;AFIB;AFIB
8842000;515.48;513.05;AFIB;AFIB
8844000;513.89;511.47;AFIB;AFIB
8846000;514.51;512.08;AFIB;AFIB
8848000;510.64;508.21;AFIB;AFIB
8850000;514.70;512.27;AFIB;AFIB
8852000;512.81;510.37;AFIB;AFIB
8854000;515.18;512.74;AFIB;AFIB
8856000;515.43;513.00;AFIB;AFIB
8858000;510.26;507.82;AFIB;AFIB
8860000;514.23;511.79;AFIB;AFIB
8862000;515.02;512.58;AFIB;AFIB
8864000;516.69;514.25;AFIB;AFIB
8866000;519.13;516.69;AFIB;AFIB
8868000;514.27;511.83;AFIB;AFIB
8870000;515.41;512.96;AFIB;AFIB
8872000;517.04;514.59;AFIB;AFIB
8874000;514.11;511.66;AFIB;AFIB
8876000;513.95;511.50;AFIB;AFIB
8878000;515.35;512.90;AFIB;AFIB
8880000;514.92;512.47;AFIB;AFIB
8882000;513.83;511.37;AFIB;AFIB
8884000;513.85;511.39;AFIB;AFIB
8886000;512.36;509.90;AFIB;AFIB
8888000;517.24;514.78;AFIB;AFIB
8890000;516.35;513.89;AFIB;AFIB
8892000;513.79;511.33;AFIB;AFIB
8894000;510.47;508.00;AFIB;AFIB
8896000;516.64;514.17;AFIB;AFIB
8898000;516.24;513.77;AFIB;AFIB
8900000;513.11;510.64;AFIB;AFIB
8902000;514.71;512.24;AFIB;AFIB
8904000;514.17;511.70;AFIB;AFIB
8906000;513.84;511.37;AFIB;AFIB
8908000;512.87;510.39;AFIB;AFIB
8910000;518.29;515.82;AFIB;AFIB
8912000;517.40;514.92;AFIB;AFIB
8914000;513.58;511.10;AFIB;AFIB
8916000;512.81;510.33;AFIB;AFIB
8918000;519.27;516.79;AFIB;AFIB
8920000;512.49;510.01;AFIB;AFIB
8922000;512.19;509.70;AFIB;AFIB
8924000;515.48;513.00;AFIB;AFIB
8926000;514.80;512.31;AFIB;AFIB
8928000;514.48;512.00;AFIB;AFIB
8930000;513.92;511.44;AFIB;AFIB
8932000;513.73;511.24;AFIB;AFIB
8934000;513.48;510.99;AFIB;AFIB
8936000;512.82;510.34;AFIB;AFIB
8938000;514.11;511.62;AFIB;AFIB
8940000;513.97;511.48;AFIB;AFIB
8942000;513.68;511.19;AFIB;AFIB
8944000;513.01;510.52;AFIB;AFIB
8946000;514.00;511.51;AFIB;AFIB
8948000;511.60;509.10;AFIB;AFIB
8950000;512.91;510.41;AFIB;AFIB
8952000;510.68;508.19;AFIB;AFIB
8954000;513.78;511.29;AFIB;AFIB
8956000;513.93;511.44;AFIB;AFIB
8958000;511.48;508.99;AFIB;AFIB
8960000;512.08;509.58;AFIB;AFIB
8962000;513.92;511.42;AFIB;AFIB
8964000;513.84;511.35;AFIB;AFIB
8966000;516.69;514.19;AFIB;AFIB
8968000;513.70;511.21;AFIB;AFIB
8970000;515.46;512.96;AFIB;AFIB
8972000;511.11;508.61;AFIB;AFIB
8974000;517.51;515.02;AFIB;AFIB
8976000;515.15;512.65;AFIB;AFIB
8978000;515.92;513.42;AFIB;AFIB
8980000;515.64;513.15;AFIB;AFIB
8982000;509.28;506.78;AFIB;AFIB
8984000;515.04;512.54;AFIB;AFIB
8986000;510.55;508.05;AFIB;AFIB
8988000;509.69;507.19;AFIB;AFIB
8990000;515.50;513.00;AFIB;AFIB
8992000;516.79;514.29;AFIB;AFIB
8994000;517.25;514.75;AFIB;AFIB
8996000;515.92;513.42;AFIB;AFIB
8998000;516.07;513.57;AFIB;AFIB
9000000;513.58;511.08;AFIB;AFIB
9002000;515.12;512.62;AFIB;AFIB
9004000;516.37;513.87;AFIB;AFIB
9006000;513.04;510.54;AFIB;AFIB
9008000;514.80;512.30;AFIB;AFIB
9010000;515.21;512.71;AFIB;AFIB
9012000;517.45;514.95;AFIB;AFIB
9014000;513.32;510.82;AFIB;AFIB
9016000;507.77;505.27;AFIB;AFIB
9018000;513.71;511.22;AFIB;AFIB
9020000;515.64;513.14;AFIB;AFIB
9022000;514.46;511.96;AFIB;AFIB
9024000;510.64;508.14;AFIB;AFIB
9026000;517.52;515.02;AFIB;AFIB
9028000;515.06;512.56;AFIB;AFIB
9030000;517.38;514.89;AFIB;AFIB
9032000;509.71;507.21;AFIB;AFIB
9034000;513.59;511.09;AFIB;AFIB
9036000;512.10;509.61;AFIB;AFIB
9038000;515.87;513.38;AFIB;AFIB
9040000;513.62;511.13;AFIB;AFIB
9042000;515.70;513.21;AFIB;AFIB
9044000;515.10;512.61;AFIB;AFIB
9046000;513.28;510.78;AFIB;AFIB
9048000;509.35;506.86;AFIB;AFIB
9050000;515.09;512.60;AFIB;AFIB
9052000;513.57;511.07;AFIB;AFIB
9054000;517.13;514.64;AFIB;AFIB
9056000;515.55;513.06;AFIB;AFIB
9058000;521.07;518.58;AFIB;AFIB
9060000;514.53;512.04;AFIB;AFIB
9062000;510.37;507.88;AFIB;AFIB
9064000;513.42;510.93;AFIB;AFIB
9066000;517.99;515.50;AFIB;AFIB
9068000;516.94;514.45;AFIB;AFIB
9070000;515.41;512.92;AFIB;AFIB
9072000;514.27;511.79;AFIB;AFIB
9074000;516.60;514.12;AFIB;AFIB
9076000;517.38;514.90;AFIB;AFIB
9078000;513.69;511.21;AFIB;AFIB
9080000;518.03;515.55;AFIB;AFIB
9082000;515.17;512.69;AFIB;AFIB
9084000;516.12;513.64;AFIB;AFIB
9086000;515.29;512.81;AFIB;AFIB
9088000;515.04;512.56;AFIB;AFIB
9090000;510.93;508.45;AFIB;AFIB
9092000;514.25;511.77;AFIB;AFIB
9094000;515.95;513.48;AFIB;AFIB
9096000;510.85;508.38;AFIB;AFIB
9098000;516.35;513.88;AFIB;AFIB
9100000;511.24;508.77;AFIB;AFIB
9102000;511.14;508.67;AFIB;AFIB
9104000;514.39;511.93;AFIB;AFIB
9106000;509.82;507.36;AFIB;AFIB
9108000;511.63;509.16;AFIB;AFIB
9110000;517.50;515.04;AFIB;AFIB
9112000;512.68;510.22;AFIB;AFIB
9114000;513.16;510.70;AFIB;AFIB
9116000;514.27;511.82;AFIB;AFIB
9118000;520.70;518.25;AFIB;AFIB
9120000;517.63;515.18;AFIB;AFIB
9122000;516.00;513.55;AFIB;AFIB
9124000;514.63;512.17;AFIB;AFIB
9126000;515.13;512.67;AFIB;AFIB
9128000;509.94;507.49;AFIB;AFIB
9130000;514.72;512.28;AFIB;AFIB
9132000;515.09;512.64;AFIB;AFIB
9134000;517.50;515.06;AFIB;AFIB
9136000;516.23;513.79;AFIB;AFIB
9138000;516.88;514.44;AFIB;AFIB
9140000;510.94;508.50;AFIB;AFIB
9142000;518.04;515.60;AFIB;AFIB
9144000;513.41;510.97;AFIB;AFIB
9146000;511.01;508.58;AFIB;AFIB
9148000;516.92;514.49;AFIB;AFIB
9150000;515.98;513.55;AFIB;AFIB
9152000;516.65;514.22;AFIB;AFIB
9154000;513.14;510.71;AFIB;AFIB
9156000;515.23;512.80;AFIB;AFIB
9158000;516.49;514.06;AFIB;AFIB
9160000;517.63;515.21;AFIB;AFIB
9162000;520.12;517.70;AFIB;AFIB
9164000;512.79;510.38;AFIB;AFIB
9166000;510.36;507.94;AFIB;AFIB
9168000;511.77;509.36;AFIB;AFIB
9170000;512.83;510.42;AFIB;AFIB
9172000;516.84;514.43;AFIB;AFIB
9174000;516.78;514.37;AFIB;AFIB
9176000;512.03;509.62;AFIB;AFIB
9178000;515.72;513.31;AFIB;AFIB
9180000;516.31;513.91;AFIB;AFIB
9182000;509.88;507.48;AFIB;AFIB
9184000;510.68;508.28;AFIB;AFIB
9186000;518.91;516.52;AFIB;AFIB
9188000;518.18;515.79;AFIB;AFIB
9190000;515.54;513.15;AFIB;AFIB
9192000;515.58;513.19;AFIB;AFIB
9194000;513.71;511.33;AFIB;AFIB
9196000;511.52;509.14;AFIB;AFIB
9198000;508.69;506.31;AFIB;AFIB
9200000;511.79;509.42;AFIB;AFIB
9202000;515.52;513.14;AFIB;AFIB
9204000;513.39;511.01;AFIB;AFIB
9206000;513.30;510.93;AFIB;AFIB
9208000;513.48;511.12;AFIB;AFIB
9210000;511.63;509.27;AFIB;AFIB
9212000;513.57;511.21;AFIB;AFIB
9214000;510.95;508.59;AFIB;AFIB
9216000;515.09;512.74;AFIB;AFIB
9218000;518.72;516.36;AFIB;AFIB
9220000;516.86;514.50;AFIB;AFIB
9222000;515.09;512.74;AFIB;AFIB
9224000;513.19;510.84;AFIB;AFIB
9226000;520.20;517.85;AFIB;AFIB
9228000;515.53;513.19;AFIB;AFIB
9230000;520.81;518.47;AFIB;AFIB
9232000;516.34;514.00;AFIB;AFIB
9234000;513.52;511.19;AFIB;AFIB
9236000;514.70;512.37;AFIB;AFIB
9238000;511.60;509.28;AFIB;AFIB
9240000;517.46;515.14;AFIB;AFIB
9242000;509.89;507.57;AFIB;AFIB
9244000;510.87;508.55;AFIB;AFIB
9246000;511.28;508.97;AFIB;AFIB
9248000;514.54;512.23;AFIB;AFIB
9250000;515.30;512.99;AFIB;AFIB
9252000;518.87;516.57;AFIB;AFIB
9254000;512.89;510.58;AFIB;AFIB
9256000;518.42;516.12;AFIB;AFIB
9258000;517.17;514.87;AFIB;AFIB
9260000;515.26;512.97;AFIB;AFIB
9262000;512.46;510.17;AFIB;AFIB
9264000;511.90;509.61;AFIB;AFIB
9266000;517.81;515.52;AFIB;AFIB
9268000;515.94;513.66;AFIB;AFIB
9270000;517.34;515.06;AFIB;AFIB
9272000;520.51;518.23;AFIB;AFIB
9274000;515.22;512.95;AFIB;AFIB
9276000;513.00;510.73;AFIB;AFIB
9278000;512.82;510.56;AFIB;AFIB
9280000;514.73;512.47;AFIB;AFIB
9282000;515.38;513.13;AFIB;AFIB
9284000;510.39;508.13;AFIB;AFIB
9286000;514.27;512.02;AFIB;AFIB
9288000;515.19;512.94;AFIB;AFIB
9290000;516.82;514.57;AFIB;AFIB
9292000;515.47;513.23;AFIB;AFIB
9294000;514.71;512.47;AFIB;AFIB
9296000;515.97;513.74;AFIB;AFIB
9298000;513.33;511.10;AFIB;AFIB
9300000;517.19;514.96;AFIB;AFIB
9302000;513.43;511.21;AFIB;AFIB
9304000;516.82;514.60;AFIB;AFIB
9306000;517.86;515.65;AFIB;AFIB
9308000;511.11;508.90;AFIB;AFIB
9310000;515.55;513.34;AFIB;AFIB
9312000;510.19;507.98;AFIB;AFIB
9314000;519.68;517.48;AFIB;AFIB
9316000;516.84;514.64;AFIB;AFIB
9318000;517.76;515.57;AFIB;AFIB
9320000;513.44;511.25;AFIB;AFIB
9322000;518.67;516.48;AFIB;AFIB
9324000;515.67;513.49;AFIB;AFIB
9326000;514.91;512.73;AFIB;AFIB
9328000;514.40;512.22;AFIB;AFIB
9330000;512.78;510.61;AFIB;AFIB
9332000;517.06;514.89;AFIB;AFIB
9334000;514.95;512.79;AFIB;AFIB
9336000;516.81;514.65;AFIB;AFIB
9338000;512.19;510.03;AFIB;AFIB
9340000;515.16;513.01;AFIB;AFIB
9342000;514.70;512.56;AFIB;AFIB
9344000;513.48;511.34;AFIB;AFIB
9346000;513.32;511.18;AFIB;AFIB
9348000;516.57;514.43;AFIB;AFIB
9350000;515.50;513.37;AFIB;AFIB
9352000;510.60;508.47;AFIB;AFIB
9354000;513.51;511.39;AFIB;AFIB
9356000;514.23;512.11;AFIB;AFIB
9358000;515.81;513.69;AFIB;AFIB
9360000;517.77;515.66;AFIB;AFIB
9362000;514.71;512.60;AFIB;AFIB
9364000;513.53;511.43;AFIB;AFIB
9366000;506.68;504.59;AFIB;AFIB
9368000;514.22;512.12;AFIB;AFIB
9370000;513.15;511.06;AFIB;AFIB
9372000;511.21;509.13;AFIB;AFIB
9374000;514.11;512.03;AFIB;AFIB
9376000;510.68;508.61;AFIB;AFIB
9378000;514.83;512.76;AFIB;AFIB
9380000;516.20;514.13;AFIB;AFIB
9382000;514.71;512.64;AFIB;AFIB
9384000;514.65;512.59;AFIB;AFIB
9386000;515.92;513.87;AFIB;AFIB
9388000;511.08;509.03;AFIB;AFIB
9390000;518.77;516.73;AFIB;AFIB
9392000;512.31;510.27;AFIB;AFIB
9394000;511.81;509.77;AFIB;AFIB
9396000;516.64;514.61;AFIB;AFIB
9398000;514.14;512.11;AFIB;AFIB
9400000;517.07;515.05;AFIB;AFIB
9402000;518.75;516.74;AFIB;AFIB
9404000;517.46;515.44;AFIB;AFIB
9406000;512.91;510.90;AFIB;AFIB
9408000;512.42;510.42;AFIB;AFIB
9410000;515.16;513.16;AFIB;AFIB
9412000;513.79;511.79;AFIB;AFIB
9414000;518.46;516.47;AFIB;AFIB
9416000;512.39;510.41;AFIB;AFIB
9418000;512.51;510.53;AFIB;AFIB
9420000;510.02;508.04;AFIB;AFIB
9422000;514.54;512.57;AFIB;AFIB
9424000;510.43;508.46;AFIB;AFIB
9426000;510.81;508.85;AFIB;AFIB
9428000;516.72;514.76;AFIB;AFIB
9430000;518.10;516.14;AFIB;AFIB
9432000;515.59;513.65;AFIB;AFIB
9434000;518.99;517.05;AFIB;AFIB
9436000;516.49;514.56;AFIB;AFIB
9438000;511.62;509.69;AFIB;AFIB
9440000;512.98;511.06;AFIB;AFIB
9442000;517.67;515.75;AFIB;AFIB
9444000;515.60;513.68;AFIB;AFIB
9446000;510.72;508.81;AFIB;AFIB
9448000;518.38;516.48;AFIB;AFIB
9450000;512.53;510.63;AFIB;AFIB
9452000;509.08;507.18;AFIB;AFIB
9454000;511.38;509.49;AFIB;AFIB
9456000;511.37;509.49;AFIB;AFIB
9458000;514.42;512.54;AFIB;AFIB
9460000;509.97;508.10;AFIB;AFIB
9462000;514.01;512.14;AFIB;AFIB
9464000;513.40;511.54;AFIB;AFIB
9466000;517.09;515.23;AFIB;AFIB
9468000;515.38;513.53;AFIB;AFIB
9470000;512.02;510.17;AFIB;AFIB
9472000;516.39;514.55;AFIB;AFIB
9474000;513.77;511.94;AFIB;AFIB
9476000;515.55;513.71;AFIB;AFIB
9478000;513.86;512.03;AFIB;AFIB
9480000;514.25;512.43;AFIB;AFIB
9482000;514.75;512.93;AFIB;AFIB
9484000;510.19;508.38;AFIB;AFIB
9486000;514.10;512.29;AFIB;AFIB
9488000;513.25;511.45;AFIB;AFIB
9490000;513.95;512.16;AFIB;AFIB
9492000;518.42;516.63;AFIB;AFIB
9494000;514.20;512.42;AFIB;AFIB
9496000;512.64;510.86;AFIB;AFIB
9498000;513.13;511.35;AFIB;AFIB
9500000;515.65;513.88;AFIB;AFIB
9502000;514.54;512.78;AFIB;AFIB
9504000;515.49;513.73;AFIB;AFIB
9506000;516.67;514.92;AFIB;AFIB
9508000;513.29;511.54;AFIB;AFIB
9510000;509.84;508.10;AFIB;AFIB
9512000;518.35;516.62;AFIB;AFIB
9514000;515.91;514.19;AFIB;AFIB
9516000;514.63;512.91;AFIB;AFIB
9518000;516.04;514.32;AFIB;AFIB
9520000;514.82;513.11;AFIB;AFIB
9522000;511.71;510.00;AFIB;AFIB
9524000;510.57;508.87;AFIB;AFIB
9526000;516.12;514.43;AFIB;AFIB
9528000;515.21;513.52;AFIB;AFIB
9530000;516.30;514.62;AFIB;AFIB
9532000;512.96;511.28;AFIB;AFIB
9534000;515.84;514.17;AFIB;AFIB
9536000;516.53;514.86;AFIB;AFIB
9538000;514.34;512.68;AFIB;AFIB
9540000;513.48;511.82;AFIB;AFIB
9542000;514.93;513.28;AFIB;AFIB
9544000;513.13;511.49;AFIB;AFIB
9546000;514.90;513.26;AFIB;AFIB
9548000;513.06;511.43;AFIB;AFIB
9550000;515.30;513.67;AFIB;AFIB
9552000;512.96;511.35;AFIB;AFIB
9554000;514.78;513.16;AFIB;AFIB
9556000;514.69;513.08;AFIB;AFIB
9558000;509.45;507.85;AFIB;AFIB
9560000;512.15;510.55;AFIB;AFIB
9562000;509.59;508.01;AFIB;AFIB
9564000;513.59;512.01;AFIB;AFIB
9566000;512.93;511.35;AFIB;AFIB
9568000;516.94;515.37;AFIB;AFIB
9570000;517.90;516.34;AFIB;AFIB
9572000;513.21;511.66;AFIB;AFIB
9574000;515.41;513.86;AFIB;AFIB
9576000;510.97;509.42;AFIB;AFIB
9578000;510.04;508.51;AFIB;AFIB
9580000;517.06;515.53;AFIB;AFIB
9582000;516.20;514.67;AFIB;AFIB
9584000;513.72;512.20;AFIB;AFIB
9586000;516.53;515.02;AFIB;AFIB
9588000;511.31;509.81;AFIB;AFIB
9590000;516.57;515.07;AFIB;AFIB
9592000;516.56;515.07;AFIB;AFIB
9594000;517.01;515.52;AFIB;AFIB
9596000;511.29;509.81;AFIB;AFIB
9598000;510.87;509.40;AFIB;AFIB
9600000;511.78;510.31;AFIB;AFIB
9602000;513.73;512.27;AFIB;AFIB
9604000;515.07;513.62;AFIB;AFIB
9606000;512.97;511.52;AFIB;AFIB
9608000;515.20;513.76;AFIB;AFIB
9610000;514.22;512.78;AFIB;AFIB
9612000;519.16;517.73;AFIB;AFIB
9614000;512.37;510.95;AFIB;AFIB
9616000;511.19;509.77;AFIB;AFIB
9618000;514.28;512.87;AFIB;AFIB
9620000;513.41;512.01;AFIB;AFIB
9622000;511.72;510.32;AFIB;AFIB
9624000;513.94;512.54;AFIB;AFIB
9626000;509.56;508.17;AFIB;AFIB
9628000;514.01;512.63;AFIB;AFIB
9630000;513.06;511.69;AFIB;AFIB
9632000;510.57;509.20;AFIB;AFIB
9634000;513.35;511.99;AFIB;AFIB
9636000;513.58;512.23;AFIB;AFIB
9638000;514.37;513.03;AFIB;AFIB
9640000;516.46;515.12;AFIB;AFIB
9642000;516.90;515.57;AFIB;AFIB
9644000;520.45;519.12;AFIB;AFIB
9646000;514.72;513.40;AFIB;AFIB
9648000;510.13;508.82;AFIB;AFIB
9650000;515.93;514.63;AFIB;AFIB
9652000;514.28;512.98;AFIB;AFIB
9654000;515.68;514.39;AFIB;AFIB
9656000;512.50;511.21;AFIB;AFIB
9658000;512.70;511.42;AFIB;AFIB
9660000;514.36;513.09;AFIB;AFIB
9662000;512.94;511.67;AFIB;AFIB
9664000;506.76;505.50;AFIB;AFIB
9666000;516.85;515.60;AFIB;AFIB
9668000;508.39;507.15;AFIB;AFIB
9670000;512.84;511.60;AFIB;AFIB
9672000;511.94;510.71;AFIB;AFIB
9674000;514.60;513.38;AFIB;AFIB
9676000;510.99;509.77;AFIB;AFIB
9678000;511.13;509.92;AFIB;AFIB
9680000;515.26;514.06;AFIB;AFIB
9682000;509.16;507.96;AFIB;AFIB
9684000;515.06;513.87;AFIB;AFIB
9686000;510.13;508.95;AFIB;AFIB
9688000;508.96;507.78;AFIB;AFIB
9690000;517.94;516.77;AFIB;AFIB
9692000;511.00;509.84;AFIB;AFIB
9694000;513.43;512.28;AFIB;AFIB
9696000;512.25;511.10;AFIB;AFIB
9698000;514.48;513.34;AFIB;AFIB
9700000;511.24;510.10;AFIB;AFIB
9702000;510.98;509.85;AFIB;AFIB
9704000;510.52;509.40;AFIB;AFIB
9706000;512.34;511.23;AFIB;AFIB
9708000;514.61;513.51;AFIB;AFIB
9710000;513.49;512.39;AFIB;AFIB
9712000;513.86;512.77;AFIB;AFIB
9714000;512.20;511.11;AFIB;AFIB
9716000;510.73;509.65;AFIB;AFIB
9718000;513.42;512.35;AFIB;AFIB
9720000;514.37;513.31;AFIB;AFIB
9722000;514.16;513.10;AFIB;AFIB
9724000;512.99;511.94;AFIB;AFIB
9726000;513.27;512.23;AFIB;AFIB
9728000;512.69;511.66;AFIB;AFIB
9730000;513.54;512.52;AFIB;AFIB
9732000;512.53;511.51;AFIB;AFIB
9734000;515.50;514.48;AFIB;AFIB
9736000;514.53;513.52;AFIB;AFIB
9738000;514.30;513.30;AFIB;AFIB
9740000;515.64;514.65;AFIB;AFIB
9742000;515.87;514.89;AFIB;AFIB
9744000;514.03;513.05;AFIB;AFIB
9746000;513.15;512.17;AFIB;AFIB
9748000;513.82;512.85;AFIB;AFIB
9750000;512.42;511.47;AFIB;AFIB
9752000;511.05;510.10;AFIB;AFIB
9754000;514.00;513.05;AFIB;AFIB
9756000;513.23;512.30;AFIB;AFIB
9758000;512.17;511.24;AFIB;AFIB
9760000;510.89;509.97;AFIB;AFIB
9762000;516.17;515.25;AFIB;AFIB
9764000;512.04;511.14;AFIB;AFIB
9766000;511.30;510.40;AFIB;AFIB
9768000;514.38;513.49;AFIB;AFIB
9770000;511.65;510.76;AFIB;AFIB
9772000;516.28;515.40;AFIB;AFIB
9774000;510.44;509.57;AFIB;AFIB
9776000;513.96;513.09;AFIB;AFIB
9778000;513.55;512.70;AFIB;AFIB
9780000;512.20;511.36;AFIB;AFIB
9782000;507.99;507.15;AFIB;AFIB
9784000;511.11;510.28;AFIB;AFIB
9786000;512.91;512.08;AFIB;AFIB
9788000;517.02;516.20;AFIB;AFIB
9790000;514.01;513.20;AFIB;AFIB
9792000;509.25;508.45;AFIB;AFIB
9794000;510.98;510.18;AFIB;AFIB
9796000;512.49;511.70;AFIB;AFIB
9798000;515.92;515.14;AFIB;AFIB
9800000;512.91;512.14;AFIB;AFIB
9802000;513.48;512.72;AFIB;AFIB
9804000;512.83;512.07;AFIB;AFIB
9806000;511.79;511.04;AFIB;AFIB
9808000;515.32;514.58;AFIB;AFIB
9810000;514.71;513.98;AFIB;AFIB
9812000;514.61;513.88;AFIB;AFIB
9814000;513.73;513.01;AFIB;AFIB
9816000;512.47;511.76;AFIB;AFIB
9818000;514.65;513.94;AFIB;AFIB
9820000;509.26;508.56;AFIB;AFIB
9822000;511.17;510.48;AFIB;AFIB
9824000;512.79;512.11;AFIB;AFIB
9826000;511.79;511.12;AFIB;AFIB
9828000;518.02;517.35;AFIB;AFIB
9830000;511.68;511.02;AFIB;AFIB
9832000;512.60;511.95;AFIB;AFIB
9834000;516.65;516.01;AFIB;AFIB
9836000;506.91;506.28;AFIB;AFIB
9838000;511.91;511.29;AFIB;AFIB
9840000;514.72;514.10;AFIB;AFIB
9842000;509.90;509.28;AFIB;AFIB
9844000;511.42;510.81;AFIB;AFIB
9846000;507.78;507.18;AFIB;AFIB
9848000;516.31;515.72;AFIB;AFIB
9850000;509.00;508.41;AFIB;AFIB
9852000;510.61;510.03;AFIB;AFIB
9854000;514.86;514.29;AFIB;AFIB
9856000;506.09;505.53;AFIB;AFIB
9858000;511.93;511.38;AFIB;AFIB
9860000;510.92;510.38;AFIB;AFIB
9862000;511.05;510.51;AFIB;AFIB
9864000;513.78;513.25;AFIB;AFIB
9866000;517.66;517.14;AFIB;AFIB
9868000;511.08;510.56;AFIB;AFIB
9870000;512.28;511.77;AFIB;AFIB
9872000;513.88;513.38;AFIB;AFIB
9874000;513.02;512.53;AFIB;AFIB
9876000;508.22;507.74;AFIB;AFIB
9878000;515.60;515.12;AFIB;AFIB
9880000;511.28;510.82;AFIB;AFIB
9882000;508.70;508.24;AFIB;AFIB
9884000;508.67;508.22;AFIB;AFIB
9886000;514.06;513.61;AFIB;AFIB
9888000;516.09;515.66;AFIB;AFIB
9890000;514.38;513.95;AFIB;AFIB
9892000;509.67;509.24;AFIB;AFIB
9894000;509.69;509.27;AFIB;AFIB
9896000;513.41;513.00;AFIB;AFIB
9898000;510.59;510.19;AFIB;AFIB
9900000;513.16;512.77;AFIB;AFIB
9902000;512.61;512.23;AFIB;AFIB
9904000;513.67;513.30;AFIB;AFIB
9906000;512.11;511.74;AFIB;AFIB
9908000;509.02;508.66;AFIB;AFIB
9910000;512.63;512.27;AFIB;AFIB
9912000;516.90;516.55;AFIB;AFIB
9914000;515.53;515.20;AFIB;AFIB
9916000;514.84;514.51;AFIB;AFIB
9918000;516.41;516.09;AFIB;AFIB
9920000;511.09;510.78;AFIB;AFIB
9922000;512.75;512.44;AFIB;AFIB
9924000;513.96;513.66;AFIB;AFIB
9926000;509.42;509.13;AFIB;AFIB
9928000;509.65;509.37;AFIB;AFIB
9930000;510.95;510.68;AFIB;AFIB
9932000;512.64;512.37;AFIB;AFIB
9934000;511.59;511.33;AFIB;AFIB
9936000;513.84;513.59;AFIB;AFIB
9938000;515.38;515.13;AFIB;AFIB
9940000;513.22;512.99;AFIB;AFIB
9942000;513.40;513.17;AFIB;AFIB
9944000;514.25;514.03;AFIB;AFIB
9946000;514.10;513.88;AFIB;AFIB
9948000;511.41;511.21;AFIB;AFIB
9950000;517.22;517.02;AFIB;AFIB
9952000;513.36;513.17;AFIB;AFIB
9954000;508.90;508.72;AFIB;AFIB
9956000;512.70;512.53;AFIB;AFIB
9958000;513.58;513.41;AFIB;AFIB
9960000;509.04;508.89;AFIB;AFIB
9962000;509.51;509.37;AFIB;AFIB
9964000;514.31;514.16;AFIB;AFIB
9966000;510.59;510.46;AFIB;AFIB
9968000;516.64;516.52;AFIB;AFIB
9970000;515.42;515.30;AFIB;AFIB
9972000;516.81;516.70;AFIB;AFIB
9974000;508.85;508.75;AFIB;AFIB
9976000;509.10;509.01;AFIB;AFIB
9978000;509.51;509.42;AFIB;AFIB
9980000;511.21;511.13;AFIB;AFIB
9982000;515.53;515.46;AFIB;AFIB
9984000;513.51;513.45;AFIB;AFIB
9986000;511.14;511.09;AFIB;AFIB
9988000;513.22;513.18;AFIB;AFIB
9990000;513.23;513.19;AFIB;AFIB
9992000;512.13;512.10;AFIB;AFIB
9994000;513.36;513.33;AFIB;AFIB
9996000;510.09;510.07;AFIB;AFIB
9998000;509.80;509.79;AFIB;AFIB
