timestamp_us;raw_adc;filtered_val;rhythm;class_code
0;511.55;511.55;AFIB;AFIB
2000;507.37;507.36;AFIB;AFIB
4000;511.98;511.97;AFIB;AFIB
6000;510.29;510.27;AFIB;AFIB
8000;516.14;516.11;AFIB;AFIB
10000;510.50;510.46;AFIB;AFIB
12000;512.61;512.56;AFIB;AFIB
14000;509.11;509.05;AFIB;AFIB
16000;515.23;515.17;AFIB;AFIB
18000;510.42;510.35;AFIB;AFIB
20000;511.34;511.26;AFIB;AFIB
22000;509.70;509.61;AFIB;AFIB
24000;508.41;508.32;AFIB;AFIB
26000;511.85;511.74;AFIB;AFIB
28000;510.34;510.23;AFIB;AFIB
30000;513.37;513.26;AFIB;AFIB
32000;509.22;509.10;AFIB;AFIB
34000;515.64;515.51;AFIB;AFIB
36000;511.18;511.04;AFIB;AFIB
38000;513.42;513.28;AFIB;AFIB
40000;513.05;512.89;AFIB;AFIB
42000;510.85;510.69;AFIB;AFIB
44000;510.46;510.29;AFIB;AFIB
46000;514.68;514.50;AFIB;AFIB
48000;515.66;515.47;AFIB;AFIB
50000;513.06;512.86;AFIB;AFIB
52000;513.52;513.32;AFIB;AFIB
54000;509.40;509.19;AFIB;AFIB
56000;511.74;511.53;AFIB;AFIB
58000;514.44;514.21;AFIB;AFIB
60000;507.61;507.37;AFIB;AFIB
62000;510.47;510.23;AFIB;AFIB
64000;510.00;509.75;AFIB;AFIB
66000;510.73;510.47;AFIB;AFIB
68000;511.92;511.65;AFIB;AFIB
70000;512.65;512.37;AFIB;AFIB
72000;513.23;512.95;AFIB;AFIB
74000;512.13;511.84;AFIB;AFIB
76000;515.76;515.46;AFIB;AFIB
78000;513.07;512.76;AFIB;AFIB
80000;515.03;514.72;AFIB;AFIB
82000;509.27;508.95;AFIB;AFIB
84000;516.73;516.40;AFIB;AFIB
86000;513.98;513.64;AFIB;AFIB
88000;514.24;513.90;AFIB;AFIB
90000;510.79;510.44;AFIB;AFIB
92000;512.27;511.91;AFIB;AFIB
94000;515.80;515.43;AFIB;AFIB
96000;507.24;506.87;AFIB;AFIB
98000;507.18;506.80;AFIB;AFIB
100000;507.65;507.26;AFIB;AFIB
102000;514.18;513.78;AFIB;AFIB
104000;508.97;508.57;AFIB;AFIB
106000;512.79;512.38;AFIB;AFIB
108000;513.23;512.81;AFIB;AFIB
110000;512.26;511.83;AFIB;AFIB
112000;512.70;512.26;AFIB;AFIB
114000;511.17;510.72;AFIB;AFIB
116000;510.77;510.32;AFIB;AFIB
118000;513.18;512.72;AFIB;AFIB
120000;511.80;511.33;AFIB;AFIB
122000;511.09;510.61;AFIB;AFIB
124000;510.46;509.98;AFIB;AFIB
126000;513.57;513.08;AFIB;AFIB
128000;515.86;515.36;AFIB;AFIB
130000;515.51;515.01;AFIB;AFIB
132000;511.86;511.35;AFIB;AFIB
134000;515.14;514.62;AFIB;AFIB
136000;510.82;510.29;AFIB;AFIB
138000;514.81;514.28;AFIB;AFIB
140000;509.68;509.13;AFIB;AFIB
142000;512.80;512.25;AFIB;AFIB
144000;515.04;514.48;AFIB;AFIB
146000;513.52;512.95;AFIB;AFIB
148000;512.03;511.45;AFIB;AFIB
150000;514.74;514.16;AFIB;AFIB
152000;510.64;510.04;AFIB;AFIB
154000;510.87;510.27;AFIB;AFIB
156000;512.42;511.81;AFIB;AFIB
158000;512.39;511.77;AFIB;AFIB
160000;510.18;509.56;AFIB;AFIB
162000;516.40;515.77;AFIB;AFIB
164000;508.30;507.67;AFIB;AFIB
166000;513.02;512.37;AFIB;AFIB
168000;510.79;510.14;AFIB;AFIB
170000;516.25;515.59;AFIB;AFIB
172000;508.94;508.27;AFIB;AFIB
174000;513.02;512.35;AFIB;AFIB
176000;515.04;514.36;AFIB;AFIB
178000;514.59;513.90;AFIB;AFIB
180000;513.09;512.40;AFIB;AFIB
182000;511.20;510.49;AFIB;AFIB
184000;511.65;510.94;AFIB;AFIB
186000;511.32;510.60;AFIB;AFIB
188000;512.10;511.37;AFIB;AFIB
190000;517.09;516.36;AFIB;AFIB
192000;507.86;507.12;AFIB;AFIB
194000;509.88;509.13;AFIB;AFIB
196000;514.32;513.56;AFIB;AFIB
198000;512.27;511.50;AFIB;AFIB
200000;515.19;514.41;AFIB;AFIB
202000;512.62;511.84;AFIB;AFIB
204000;511.07;510.28;AFIB;AFIB
206000;515.44;514.64;AFIB;AFIB
208000;511.76;510.96;AFIB;AFIB
210000;512.53;511.72;AFIB;AFIB
212000;512.84;512.02;AFIB;AFIB
214000;517.82;517.00;AFIB;AFIB
216000;510.67;509.84;AFIB;AFIB
218000;512.87;512.03;AFIB;AFIB
220000;512.12;511.27;AFIB;AFIB
222000;513.71;512.86;AFIB;AFIB
224000;513.81;512.95;AFIB;AFIB
226000;512.89;512.02;AFIB;AFIB
228000;511.75;510.87;AFIB;AFIB
230000;512.06;511.18;AFIB;AFIB
232000;513.55;512.66;AFIB;AFIB
234000;512.43;511.53;AFIB;AFIB
236000;507.46;506.56;AFIB;AFIB
238000;511.30;510.39;AFIB;AFIB
240000;512.53;511.61;AFIB;AFIB
242000;517.09;516.16;AFIB;AFIB
244000;513.70;512.77;AFIB;AFIB
246000;516.23;515.28;AFIB;AFIB
248000;512.48;511.53;AFIB;AFIB
250000;513.23;512.28;AFIB;AFIB
252000;509.91;508.95;AFIB;AFIB
254000;511.98;511.01;AFIB;AFIB
256000;514.82;513.84;AFIB;AFIB
258000;514.29;513.31;AFIB;AFIB
260000;510.14;509.15;AFIB;AFIB
262000;509.93;508.93;AFIB;AFIB
264000;513.63;512.62;AFIB;AFIB
266000;508.82;507.80;AFIB;AFIB
268000;510.41;509.39;AFIB;AFIB
270000;514.38;513.35;AFIB;AFIB
272000;514.28;513.25;AFIB;AFIB
274000;514.34;513.30;AFIB;AFIB
276000;514.76;513.71;AFIB;AFIB
278000;517.81;516.75;AFIB;AFIB
280000;510.33;509.27;AFIB;AFIB
282000;509.83;508.76;AFIB;AFIB
284000;510.96;509.89;AFIB;AFIB
286000;515.34;514.26;AFIB;AFIB
288000;516.02;514.93;AFIB;AFIB
290000;511.10;510.00;AFIB;AFIB
292000;514.16;513.05;AFIB;AFIB
294000;512.98;511.86;AFIB;AFIB
296000;514.13;513.01;AFIB;AFIB
298000;519.19;518.06;AFIB;AFIB
300000;509.84;508.71;AFIB;AFIB
302000;517.34;516.20;AFIB;AFIB
304000;511.43;510.28;AFIB;AFIB
306000;511.78;510.63;AFIB;AFIB
308000;511.52;510.35;AFIB;AFIB
310000;512.79;511.62;AFIB;AFIB
312000;514.89;513.72;AFIB;AFIB
314000;516.16;514.98;AFIB;AFIB
316000;512.48;511.29;AFIB;AFIB
318000;512.45;511.25;AFIB;AFIB
320000;516.04;514.83;AFIB;AFIB
322000;512.14;510.93;AFIB;AFIB
324000;513.63;512.41;AFIB;AFIB
326000;512.53;511.31;AFIB;AFIB
328000;511.84;510.61;AFIB;AFIB
330000;514.43;513.19;AFIB;AFIB
332000;513.23;511.98;AFIB;AFIB
334000;508.45;507.19;AFIB;AFIB
336000;511.87;510.61;AFIB;AFIB
338000;513.72;512.46;AFIB;AFIB
340000;512.02;510.74;AFIB;AFIB
342000;511.40;510.12;AFIB;AFIB
344000;510.73;509.44;AFIB;AFIB
346000;512.25;510.96;AFIB;AFIB
348000;512.03;510.73;AFIB;AFIB
350000;514.66;513.35;AFIB;AFIB
352000;513.62;512.30;AFIB;AFIB
354000;511.15;509.84;AFIB;AFIB
356000;516.75;515.42;AFIB;AFIB
358000;513.40;512.07;AFIB;AFIB
360000;514.01;512.67;AFIB;AFIB
362000;513.27;511.93;AFIB;AFIB
364000;512.92;511.56;AFIB;AFIB
366000;515.89;514.53;AFIB;AFIB
368000;515.74;514.38;AFIB;AFIB
370000;513.54;512.16;AFIB;AFIB
372000;509.91;508.54;AFIB;AFIB
374000;510.92;509.53;AFIB;AFIB
376000;511.08;509.68;AFIB;AFIB
378000;512.81;511.42;AFIB;AFIB
380000;514.50;513.10;AFIB;AFIB
382000;510.33;508.92;AFIB;AFIB
384000;514.70;513.28;AFIB;AFIB
386000;512.01;510.58;AFIB;AFIB
388000;509.32;507.89;AFIB;AFIB
390000;514.97;513.53;AFIB;AFIB
392000;514.77;513.33;AFIB;AFIB
394000;509.62;508.17;AFIB;AFIB
396000;515.21;513.75;AFIB;AFIB
398000;515.10;513.64;AFIB;AFIB
400000;513.33;511.86;AFIB;AFIB
402000;515.12;513.65;AFIB;AFIB
404000;510.52;509.04;AFIB;AFIB
406000;517.82;516.34;AFIB;AFIB
408000;511.07;509.58;AFIB;AFIB
410000;513.92;512.42;AFIB;AFIB
412000;517.64;516.13;AFIB;AFIB
414000;514.10;512.59;AFIB;AFIB
416000;512.67;511.15;AFIB;AFIB
418000;510.87;509.35;AFIB;AFIB
420000;510.82;509.29;AFIB;AFIB
422000;512.63;511.09;AFIB;AFIB
424000;515.25;513.71;AFIB;AFIB
426000;518.19;516.64;AFIB;AFIB
428000;512.57;511.02;AFIB;AFIB
430000;514.10;512.54;AFIB;AFIB
432000;514.33;512.76;AFIB;AFIB
434000;513.73;512.16;AFIB;AFIB
436000;513.96;512.38;AFIB;AFIB
438000;510.87;509.28;AFIB;AFIB
440000;511.82;510.23;AFIB;AFIB
442000;513.36;511.76;AFIB;AFIB
444000;513.47;511.87;AFIB;AFIB
446000;517.34;515.73;AFIB;AFIB
448000;515.19;513.57;AFIB;AFIB
450000;506.76;505.14;AFIB;AFIB
452000;517.28;515.65;AFIB;AFIB
454000;506.87;505.23;AFIB;AFIB
456000;514.00;512.35;AFIB;AFIB
458000;515.12;513.47;AFIB;AFIB
460000;510.82;509.17;AFIB;AFIB
462000;510.13;508.47;AFIB;AFIB
464000;511.60;509.94;AFIB;AFIB
466000;510.32;508.65;AFIB;AFIB
468000;511.49;509.81;AFIB;AFIB
470000;514.14;512.45;AFIB;AFIB
472000;513.38;511.70;AFIB;AFIB
474000;515.92;514.23;AFIB;AFIB
476000;516.38;514.68;AFIB;AFIB
478000;515.57;513.86;AFIB;AFIB
480000;510.37;508.66;AFIB;AFIB
482000;516.64;514.92;AFIB;AFIB
484000;517.41;515.68;AFIB;AFIB
486000;513.71;511.98;AFIB;AFIB
488000;511.45;509.72;AFIB;AFIB
490000;516.75;515.01;AFIB;AFIB
492000;510.71;508.97;AFIB;AFIB
494000;509.02;507.27;AFIB;AFIB
496000;511.00;509.24;AFIB;AFIB
498000;510.24;508.48;AFIB;AFIB
500000;514.25;512.48;AFIB;AFIB
502000;515.61;513.84;AFIB;AFIB
504000;513.11;511.33;AFIB;AFIB
506000;514.71;512.93;AFIB;AFIB
508000;515.67;513.88;AFIB;AFIB
510000;514.87;513.08;AFIB;AFIB
512000;510.75;508.94;AFIB;AFIB
514000;519.77;517.96;AFIB;AFIB
516000;516.20;514.39;AFIB;AFIB
518000;512.90;511.08;AFIB;AFIB
520000;513.31;511.49;AFIB;AFIB
522000;510.96;509.13;AFIB;AFIB
524000;511.83;509.99;AFIB;AFIB
526000;508.83;506.99;AFIB;AFIB
528000;513.37;511.52;AFIB;AFIB
530000;514.13;512.29;AFIB;AFIB
532000;512.71;510.86;AFIB;AFIB
534000;514.79;512.93;AFIB;AFIB
536000;515.37;513.51;AFIB;AFIB
538000;517.70;515.83;AFIB;AFIB
540000;510.95;509.07;AFIB;AFIB
542000;515.73;513.85;AFIB;AFIB
544000;515.57;513.68;AFIB;AFIB
546000;513.33;511.43;AFIB;AFIB
548000;514.54;512.64;AFIB;AFIB
550000;515.34;513.43;AFIB;AFIB
552000;513.45;511.55;AFIB;AFIB
554000;514.93;513.02;AFIB;AFIB
556000;516.35;514.43;AFIB;AFIB
558000;516.87;514.95;AFIB;AFIB
560000;516.06;514.13;AFIB;AFIB
562000;515.19;513.26;AFIB;AFIB
564000;516.37;514.43;AFIB;AFIB
566000;516.31;514.37;AFIB;AFIB
568000;514.08;512.13;AFIB;AFIB
570000;511.48;509.53;AFIB;AFIB
572000;513.01;511.05;AFIB;AFIB
574000;514.40;512.44;AFIB;AFIB
576000;516.16;514.19;AFIB;AFIB
578000;512.14;510.17;AFIB;AFIB
580000;514.64;512.67;AFIB;AFIB
582000;508.45;506.47;AFIB;AFIB
584000;508.61;506.63;AFIB;AFIB
586000;517.32;515.33;AFIB;AFIB
588000;511.45;509.46;AFIB;AFIB
590000;510.43;508.43;AFIB;AFIB
592000;512.04;510.03;AFIB;AFIB
594000;511.42;509.41;AFIB;AFIB
596000;515.96;513.94;AFIB;AFIB
598000;514.74;512.72;AFIB;AFIB
600000;511.90;509.88;AFIB;AFIB
602000;511.15;509.12;AFIB;AFIB
604000;510.60;508.57;AFIB;AFIB
606000;512.91;510.88;AFIB;AFIB
608000;514.68;512.64;AFIB;AFIB
610000;513.44;511.39;AFIB;AFIB
612000;512.81;510.76;AFIB;AFIB
614000;515.20;513.14;AFIB;AFIB
616000;516.17;514.11;AFIB;AFIB
618000;512.63;510.57;AFIB;AFIB
620000;512.69;510.62;AFIB;AFIB
622000;513.59;511.52;AFIB;AFIB
624000;512.62;510.55;AFIB;AFIB
626000;510.19;508.10;AFIB;AFIB
628000;514.45;512.36;AFIB;AFIB
630000;514.80;512.71;AFIB;AFIB
632000;516.02;513.92;AFIB;AFIB
634000;514.38;512.28;AFIB;AFIB
636000;515.86;513.76;AFIB;AFIB
638000;515.63;513.52;AFIB;AFIB
640000;513.28;511.17;AFIB;AFIB
642000;513.21;511.09;AFIB;AFIB
644000;521.04;518.92;AFIB;AFIB
646000;510.26;508.14;AFIB;AFIB
648000;510.67;508.55;AFIB;AFIB
650000;516.44;514.31;AFIB;AFIB
652000;516.93;514.79;AFIB;AFIB
654000;511.73;509.59;AFIB;AFIB
656000;512.13;509.99;AFIB;AFIB
658000;516.87;514.72;AFIB;AFIB
660000;513.80;511.65;AFIB;AFIB
662000;511.81;509.65;AFIB;AFIB
664000;513.78;511.62;AFIB;AFIB
666000;515.39;513.23;AFIB;AFIB
668000;512.01;509.84;AFIB;AFIB
670000;518.16;515.99;AFIB;AFIB
672000;515.10;512.93;AFIB;AFIB
674000;513.43;511.25;AFIB;AFIB
676000;515.45;513.27;AFIB;AFIB
678000;516.60;514.41;AFIB;AFIB
680000;513.92;511.73;AFIB;AFIB
682000;513.35;511.15;AFIB;AFIB
684000;511.48;509.28;AFIB;AFIB
686000;515.26;513.06;AFIB;AFIB
688000;514.23;512.02;AFIB;AFIB
690000;512.98;510.77;AFIB;AFIB
692000;511.64;509.43;AFIB;AFIB
694000;514.35;512.14;AFIB;AFIB
696000;513.63;511.41;AFIB;AFIB
698000;514.10;511.88;AFIB;AFIB
700000;517.50;515.27;AFIB;AFIB
702000;508.73;506.50;AFIB;AFIB
704000;516.97;514.73;AFIB;AFIB
706000;512.92;510.68;AFIB;AFIB
708000;517.23;514.99;AFIB;AFIB
710000;508.73;506.48;AFIB;AFIB
712000;510.81;508.56;AFIB;AFIB
714000;517.00;514.75;AFIB;AFIB
716000;509.02;506.76;AFIB;AFIB
718000;515.40;513.14;AFIB;AFIB
720000;510.34;508.08;AFIB;AFIB
722000;515.73;513.47;AFIB;AFIB
724000;513.73;511.46;AFIB;AFIB
726000;516.36;514.09;AFIB;AFIB
728000;511.59;509.32;AFIB;AFIB
730000;512.09;509.82;AFIB;AFIB
732000;512.61;510.33;AFIB;AFIB
734000;511.01;508.73;AFIB;AFIB
736000;517.04;514.76;AFIB;AFIB
738000;520.13;517.84;AFIB;AFIB
740000;516.21;513.92;AFIB;AFIB
742000;515.24;512.95;AFIB;AFIB
744000;516.65;514.35;AFIB;AFIB
746000;518.49;516.19;AFIB;AFIB
748000;513.97;511.66;AFIB;AFIB
750000;514.45;512.14;AFIB;AFIB
752000;511.46;509.15;AFIB;AFIB
754000;513.59;511.27;AFIB;AFIB
756000;516.59;514.27;AFIB;AFIB
758000;513.62;511.30;AFIB;AFIB
760000;512.72;510.40;AFIB;AFIB
762000;512.91;510.58;AFIB;AFIB
764000;516.46;514.13;AFIB;AFIB
766000;511.94;509.61;AFIB;AFIB
768000;512.06;509.73;AFIB;AFIB
770000;517.52;515.18;AFIB;AFIB
772000;516.00;513.66;AFIB;AFIB
774000;515.16;512.81;AFIB;AFIB
776000;513.77;511.42;AFIB;AFIB
778000;513.79;511.44;AFIB;AFIB
780000;516.92;514.57;AFIB;AFIB
782000;514.65;512.29;AFIB;AFIB
784000;514.55;512.19;AFIB;AFIB
786000;511.21;508.85;AFIB;AFIB
788000;515.78;513.42;AFIB;AFIB
790000;513.04;510.67;AFIB;AFIB
792000;516.20;513.83;AFIB;AFIB
794000;512.17;509.79;AFIB;AFIB
796000;510.81;508.44;AFIB;AFIB
798000;508.12;505.74;AFIB;AFIB
800000;517.09;514.71;AFIB;AFIB
802000;517.00;514.62;AFIB;AFIB
804000;515.62;513.24;AFIB;AFIB
806000;513.61;511.22;AFIB;AFIB
808000;514.69;512.30;AFIB;AFIB
810000;515.39;513.00;AFIB;AFIB
812000;513.62;511.23;AFIB;AFIB
814000;514.06;511.67;AFIB;AFIB
816000;515.45;513.05;AFIB;AFIB
818000;514.37;511.97;AFIB;AFIB
820000;516.67;514.27;AFIB;AFIB
822000;515.96;513.56;AFIB;AFIB
824000;512.62;510.22;AFIB;AFIB
826000;512.89;510.48;AFIB;AFIB
828000;512.90;510.49;AFIB;AFIB
830000;514.48;512.06;AFIB;AFIB
832000;516.92;514.51;AFIB;AFIB
834000;518.05;515.64;AFIB;AFIB
836000;511.31;508.89;AFIB;AFIB
838000;517.26;514.84;AFIB;AFIB
840000;511.63;509.21;AFIB;AFIB
842000;511.78;509.35;AFIB;AFIB
844000;513.41;510.99;AFIB;AFIB
846000;516.79;514.36;AFIB;AFIB
848000;517.19;514.76;AFIB;AFIB
850000;514.72;512.28;AFIB;AFIB
852000;519.13;516.69;AFIB;AFIB
854000;516.76;514.33;AFIB;AFIB
856000;516.53;514.10;AFIB;AFIB
858000;512.07;509.63;AFIB;AFIB
860000;516.82;514.38;AFIB;AFIB
862000;510.75;508.31;AFIB;AFIB
864000;517.71;515.26;AFIB;AFIB
866000;512.88;510.44;AFIB;AFIB
868000;520.44;518.00;AFIB;AFIB
870000;518.73;516.28;AFIB;AFIB
872000;516.51;514.06;AFIB;AFIB
874000;518.45;516.00;AFIB;AFIB
876000;514.40;511.95;AFIB;AFIB
878000;516.66;514.20;AFIB;AFIB
880000;512.11;509.66;AFIB;AFIB
882000;515.73;513.27;AFIB;AFIB
884000;519.12;516.67;AFIB;AFIB
886000;511.21;508.75;AFIB;AFIB
888000;516.31;513.85;AFIB;AFIB
890000;514.52;512.06;AFIB;AFIB
892000;517.96;515.50;AFIB;AFIB
894000;512.32;509.86;AFIB;AFIB
896000;514.03;511.57;AFIB;AFIB
898000;512.05;509.58;AFIB;AFIB
900000;516.73;514.26;AFIB;AFIB
902000;516.09;513.62;AFIB;AFIB
904000;513.12;510.65;AFIB;AFIB
906000;516.05;513.57;AFIB;AFIB
908000;514.80;512.32;AFIB;AFIB
910000;515.30;512.83;AFIB;AFIB
912000;516.14;513.66;AFIB;AFIB
914000;512.90;510.42;AFIB;AFIB
916000;512.94;510.46;AFIB;AFIB
918000;512.91;510.44;AFIB;AFIB
920000;515.59;513.11;AFIB;AFIB
922000;514.93;512.45;AFIB;AFIB
924000;517.21;514.73;AFIB;AFIB
926000;514.19;511.70;AFIB;AFIB
928000;512.51;510.03;AFIB;AFIB
930000;513.57;511.09;AFIB;AFIB
932000;516.33;513.84;AFIB;AFIB
934000;511.84;509.35;AFIB;AFIB
936000;514.16;511.68;AFIB;AFIB
938000;519.01;516.53;AFIB;AFIB
940000;513.34;510.85;AFIB;AFIB
942000;511.19;508.70;AFIB;AFIB
944000;515.97;513.48;AFIB;AFIB
946000;515.81;513.32;AFIB;AFIB
948000;512.22;509.73;AFIB;AFIB
950000;509.39;506.90;AFIB;AFIB
952000;514.24;511.74;AFIB;AFIB
954000;514.84;512.35;AFIB;AFIB
956000;516.01;513.52;AFIB;AFIB
958000;515.81;513.32;AFIB;AFIB
960000;511.73;509.24;AFIB;AFIB
962000;510.88;508.39;AFIB;AFIB
964000;517.40;514.91;AFIB;AFIB
966000;511.05;508.56;AFIB;AFIB
968000;516.03;513.54;AFIB;AFIB
970000;512.07;509.57;AFIB;AFIB
972000;515.39;512.89;AFIB;AFIB
974000;513.40;510.90;AFIB;AFIB
976000;513.13;510.63;AFIB;AFIB
978000;515.84;513.35;AFIB;AFIB
980000;513.76;511.26;AFIB;AFIB
982000;515.92;513.42;AFIB;AFIB
984000;515.71;513.21;AFIB;AFIB
986000;508.85;506.35;AFIB;AFIB
988000;516.84;514.34;AFIB;AFIB
990000;520.06;517.56;AFIB;AFIB
992000;510.95;508.45;AFIB;AFIB
994000;519.03;516.53;AFIB;AFIB
996000;516.77;514.27;AFIB;AFIB
998000;511.29;508.79;AFIB;AFIB
1000000;517.72;515.22;AFIB;AFIB
1002000;512.18;509.68;AFIB;AFIB
1004000;516.30;513.80;AFIB;AFIB
1006000;513.82;511.32;AFIB;AFIB
1008000;514.09;511.59;AFIB;AFIB
1010000;510.02;507.52;AFIB;AFIB
1012000;513.13;510.64;AFIB;AFIB
1014000;516.12;513.62;AFIB;AFIB
1016000;513.16;510.66;AFIB;AFIB
1018000;516.67;514.17;AFIB;AFIB
1020000;511.81;509.31;AFIB;AFIB
1022000;512.62;510.12;AFIB;AFIB
1024000;513.99;511.49;AFIB;AFIB
1026000;513.66;511.16;AFIB;AFIB
1028000;511.67;509.17;AFIB;AFIB
1030000;515.15;512.65;AFIB;AFIB
1032000;511.43;508.93;AFIB;AFIB
1034000;513.21;510.71;AFIB;AFIB
1036000;518.94;516.44;AFIB;AFIB
1038000;519.63;517.13;AFIB;AFIB
1040000;514.20;511.70;AFIB;AFIB
1042000;513.89;511.40;AFIB;AFIB
1044000;514.15;511.65;AFIB;AFIB
1046000;517.56;515.07;AFIB;AFIB
1048000;517.13;514.64;AFIB;AFIB
1050000;515.45;512.96;AFIB;AFIB
1052000;510.52;508.03;AFIB;AFIB
1054000;517.25;514.76;AFIB;AFIB
1056000;510.80;508.31;AFIB;AFIB
1058000;517.51;515.02;AFIB;AFIB
1060000;511.02;508.54;AFIB;AFIB
1062000;518.50;516.01;AFIB;AFIB
1064000;508.64;506.15;AFIB;AFIB
1066000;514.31;511.83;AFIB;AFIB
1068000;517.71;515.23;AFIB;AFIB
1070000;517.66;515.17;AFIB;AFIB
1072000;511.74;509.25;AFIB;AFIB
1074000;513.88;511.40;AFIB;AFIB
1076000;516.28;513.80;AFIB;AFIB
1078000;518.14;515.66;AFIB;AFIB
1080000;514.07;511.59;AFIB;AFIB
1082000;511.79;509.31;AFIB;AFIB
1084000;514.50;512.02;AFIB;AFIB
1086000;512.98;510.50;AFIB;AFIB
1088000;512.12;509.64;AFIB;AFIB
1090000;514.77;512.30;AFIB;AFIB
1092000;515.80;513.33;AFIB;AFIB
1094000;516.05;513.58;AFIB;AFIB
1096000;519.14;516.67;AFIB;AFIB
1098000;518.77;516.30;AFIB;AFIB
1100000;514.51;512.05;AFIB;AFIB
1102000;513.39;510.93;AFIB;AFIB
1104000;509.61;507.14;AFIB;AFIB
1106000;515.59;513.12;AFIB;AFIB
1108000;512.38;509.92;AFIB;AFIB
1110000;517.05;514.59;AFIB;AFIB
1112000;508.03;505.57;AFIB;AFIB
1114000;510.93;508.47;AFIB;AFIB
1116000;518.24;515.78;AFIB;AFIB
1118000;513.39;510.94;AFIB;AFIB
1120000;517.17;514.72;AFIB;AFIB
1122000;513.15;510.69;AFIB;AFIB
1124000;511.61;509.16;AFIB;AFIB
1126000;510.72;508.27;AFIB;AFIB
1128000;515.99;513.54;AFIB;AFIB
1130000;514.81;512.36;AFIB;AFIB
1132000;515.84;513.40;AFIB;AFIB
1134000;513.07;510.62;AFIB;AFIB
1136000;512.68;510.24;AFIB;AFIB
1138000;512.71;510.27;AFIB;AFIB
1140000;514.42;511.99;AFIB;AFIB
1142000;510.43;507.99;AFIB;AFIB
1144000;515.72;513.29;AFIB;AFIB
1146000;513.73;511.30;AFIB;AFIB
1148000;511.44;509.01;AFIB;AFIB
1150000;512.38;509.95;AFIB;AFIB
1152000;516.33;513.90;AFIB;AFIB
1154000;509.84;507.42;AFIB;AFIB
1156000;512.09;509.66;AFIB;AFIB
1158000;514.38;511.96;AFIB;AFIB
1160000;517.30;514.88;AFIB;AFIB
1162000;513.46;511.04;AFIB;AFIB
1164000;510.56;508.14;AFIB;AFIB
1166000;514.96;512.54;AFIB;AFIB
1168000;508.76;506.35;AFIB;AFIB
1170000;514.25;511.84;AFIB;AFIB
1172000;514.74;512.33;AFIB;AFIB
1174000;514.03;511.62;AFIB;AFIB
1176000;518.83;516.43;AFIB;AFIB
1178000;517.27;514.87;AFIB;AFIB
1180000;517.76;515.36;AFIB;AFIB
1182000;514.88;512.48;AFIB;AFIB
1184000;514.11;511.72;AFIB;AFIB
1186000;513.34;510.94;AFIB;AFIB
1188000;509.53;507.14;AFIB;AFIB
1190000;515.96;513.57;AFIB;AFIB
1192000;514.74;512.35;AFIB;AFIB
1194000;515.85;513.47;AFIB;AFIB
1196000;512.36;509.98;AFIB;AFIB
1198000;509.95;507.57;AFIB;AFIB
1200000;513.54;511.16;AFIB;AFIB
1202000;511.12;508.75;AFIB;AFIB
1204000;515.65;513.27;AFIB;AFIB
1206000;518.69;516.32;AFIB;AFIB
1208000;512.53;510.17;AFIB;AFIB
1210000;512.07;509.71;AFIB;AFIB
1212000;514.27;511.91;AFIB;AFIB
1214000;514.91;512.55;AFIB;AFIB
1216000;513.19;510.84;AFIB;AFIB
1218000;516.16;513.81;AFIB;AFIB
1220000;512.39;510.04;AFIB;AFIB
1222000;515.70;513.35;AFIB;AFIB
1224000;516.38;514.03;AFIB;AFIB
1226000;514.75;512.40;AFIB;AFIB
1228000;516.13;513.79;AFIB;AFIB
1230000;515.95;513.61;AFIB;AFIB
1232000;511.04;508.71;AFIB;AFIB
1234000;512.64;510.30;AFIB;AFIB
1236000;516.36;514.03;AFIB;AFIB
1238000;512.34;510.02;AFIB;AFIB
1240000;512.87;510.54;AFIB;AFIB
1242000;510.46;508.13;AFIB;AFIB
1244000;516.00;513.68;AFIB;AFIB
1246000;508.58;506.27;AFIB;AFIB
1248000;514.78;512.46;AFIB;AFIB
1250000;513.51;511.20;AFIB;AFIB
1252000;516.79;514.48;AFIB;AFIB
1254000;510.48;508.17;AFIB;AFIB
1256000;517.57;515.27;AFIB;AFIB
1258000;513.76;511.46;AFIB;AFIB
1260000;513.49;511.20;AFIB;AFIB
1262000;512.86;510.57;AFIB;AFIB
1264000;510.50;508.21;AFIB;AFIB
1266000;511.30;509.01;AFIB;AFIB
1268000;514.23;511.95;AFIB;AFIB
1270000;512.38;510.10;AFIB;AFIB
1272000;510.70;508.42;AFIB;AFIB
1274000;515.17;512.89;AFIB;AFIB
1276000;517.17;514.90;AFIB;AFIB
1278000;517.56;515.29;AFIB;AFIB
1280000;515.51;513.24;AFIB;AFIB
1282000;513.62;511.37;AFIB;AFIB
1284000;514.59;512.34;AFIB;AFIB
1286000;513.99;511.74;AFIB;AFIB
1288000;511.89;509.64;AFIB;AFIB
1290000;514.73;512.49;AFIB;AFIB
1292000;511.87;509.63;AFIB;AFIB
1294000;513.15;510.91;AFIB;AFIB
1296000;511.45;509.21;AFIB;AFIB
1298000;511.18;508.94;AFIB;AFIB
1300000;512.24;510.02;AFIB;AFIB
1302000;514.40;512.17;AFIB;AFIB
1304000;512.40;510.18;AFIB;AFIB
1306000;510.74;508.52;AFIB;AFIB
1308000;514.33;512.12;AFIB;AFIB
1310000;513.83;511.62;AFIB;AFIB
1312000;514.03;511.82;AFIB;AFIB
1314000;516.00;513.80;AFIB;AFIB
1316000;509.65;507.45;AFIB;AFIB
1318000;513.91;511.71;AFIB;AFIB
1320000;515.53;513.34;AFIB;AFIB
1322000;520.86;518.67;AFIB;AFIB
1324000;516.21;514.02;AFIB;AFIB
1326000;512.72;510.54;AFIB;AFIB
1328000;510.22;508.05;AFIB;AFIB
1330000;516.93;514.76;AFIB;AFIB
1332000;511.38;509.21;AFIB;AFIB
1334000;515.39;513.22;AFIB;AFIB
1336000;513.61;511.45;AFIB;AFIB
1338000;515.35;513.20;AFIB;AFIB
1340000;511.75;509.59;AFIB;AFIB
1342000;512.26;510.11;AFIB;AFIB
1344000;517.50;515.36;AFIB;AFIB
1346000;512.59;510.45;AFIB;AFIB
1348000;515.56;513.43;AFIB;AFIB
1350000;517.23;515.09;AFIB;AFIB
1352000;512.01;509.88;AFIB;AFIB
1354000;513.14;511.02;AFIB;AFIB
1356000;515.06;512.94;AFIB;AFIB
1358000;515.49;513.38;AFIB;AFIB
1360000;510.11;508.00;AFIB;AFIB
1362000;513.03;510.92;AFIB;AFIB
1364000;510.89;508.79;AFIB;AFIB
1366000;510.30;508.20;AFIB;AFIB
1368000;515.06;512.97;AFIB;AFIB
1370000;513.70;511.61;AFIB;AFIB
1372000;513.28;511.20;AFIB;AFIB
1374000;515.17;513.09;AFIB;AFIB
1376000;512.94;510.87;AFIB;AFIB
1378000;510.73;508.65;AFIB;AFIB
1380000;513.92;511.85;AFIB;AFIB
1382000;511.10;509.04;AFIB;AFIB
1384000;513.14;511.08;AFIB;AFIB
1386000;515.62;513.57;AFIB;AFIB
1388000;514.90;512.85;AFIB;AFIB
1390000;514.15;512.11;AFIB;AFIB
1392000;515.94;513.90;AFIB;AFIB
1394000;508.13;506.09;AFIB;AFIB
1396000;512.61;510.58;AFIB;AFIB
1398000;517.03;515.01;AFIB;AFIB
1400000;511.88;509.86;AFIB;AFIB
1402000;514.23;512.21;AFIB;AFIB
1404000;515.34;513.32;AFIB;AFIB
1406000;512.08;510.07;AFIB;AFIB
1408000;516.13;514.13;AFIB;AFIB
1410000;516.64;514.64;AFIB;AFIB
1412000;519.09;517.10;AFIB;AFIB
1414000;516.03;514.04;AFIB;AFIB
1416000;514.22;512.23;AFIB;AFIB
1418000;512.29;510.31;AFIB;AFIB
1420000;515.80;513.82;AFIB;AFIB
1422000;513.54;511.57;AFIB;AFIB
1424000;513.41;511.45;AFIB;AFIB
1426000;513.61;511.65;AFIB;AFIB
1428000;513.71;511.75;AFIB;AFIB
1430000;511.27;509.32;AFIB;AFIB
1432000;513.28;511.33;AFIB;AFIB
1434000;511.81;509.87;AFIB;AFIB
1436000;513.09;511.15;AFIB;AFIB
1438000;511.09;509.16;AFIB;AFIB
1440000;511.05;509.13;AFIB;AFIB
1442000;517.95;516.03;AFIB;AFIB
1444000;515.68;513.77;AFIB;AFIB
1446000;512.76;510.85;AFIB;AFIB
1448000;514.98;513.08;AFIB;AFIB
1450000;512.32;510.42;AFIB;AFIB
1452000;512.47;510.57;AFIB;AFIB
1454000;514.35;512.45;AFIB;AFIB
1456000;515.23;513.35;AFIB;AFIB
1458000;515.61;513.73;AFIB;AFIB
1460000;513.19;511.32;AFIB;AFIB
1462000;513.44;511.57;AFIB;AFIB
1464000;514.47;512.61;AFIB;AFIB
1466000;509.01;507.15;AFIB;AFIB
1468000;507.45;505.60;AFIB;AFIB
1470000;510.36;508.52;AFIB;AFIB
1472000;513.66;511.82;AFIB;AFIB
1474000;514.53;512.69;AFIB;AFIB
1476000;512.29;510.46;AFIB;AFIB
1478000;508.60;506.77;AFIB;AFIB
1480000;513.33;511.50;AFIB;AFIB
1482000;517.44;515.62;AFIB;AFIB
1484000;510.92;509.11;AFIB;AFIB
1486000;516.65;514.84;AFIB;AFIB
1488000;515.99;514.19;AFIB;AFIB
1490000;506.13;504.33;AFIB;AFIB
1492000;515.09;513.30;AFIB;AFIB
1494000;512.26;510.48;AFIB;AFIB
1496000;511.25;509.47;AFIB;AFIB
1498000;512.92;511.14;AFIB;AFIB
1500000;515.37;513.60;AFIB;AFIB
1502000;509.77;508.01;AFIB;AFIB
1504000;515.66;513.90;AFIB;AFIB
1506000;514.85;513.10;AFIB;AFIB
1508000;516.09;514.35;AFIB;AFIB
1510000;518.71;516.97;AFIB;AFIB
1512000;512.20;510.46;AFIB;AFIB
1514000;514.74;513.01;AFIB;AFIB
1516000;512.31;510.59;AFIB;AFIB
1518000;515.28;513.56;AFIB;AFIB
1520000;513.59;511.88;AFIB;AFIB
1522000;510.28;508.57;AFIB;AFIB
1524000;517.98;516.28;AFIB;AFIB
1526000;510.34;508.65;AFIB;AFIB
1528000;515.50;513.81;AFIB;AFIB
1530000;511.84;510.16;AFIB;AFIB
1532000;519.36;517.68;AFIB;AFIB
1534000;516.61;514.94;AFIB;AFIB
1536000;515.41;513.74;AFIB;AFIB
1538000;514.13;512.47;AFIB;AFIB
1540000;515.45;513.80;AFIB;AFIB
1542000;516.41;514.76;AFIB;AFIB
1544000;515.62;513.97;AFIB;AFIB
1546000;506.83;505.20;AFIB;AFIB
1548000;514.33;512.70;AFIB;AFIB
1550000;515.00;513.37;AFIB;AFIB
1552000;514.79;513.18;AFIB;AFIB
1554000;512.86;511.25;AFIB;AFIB
1556000;517.88;516.27;AFIB;AFIB
1558000;511.99;510.39;AFIB;AFIB
1560000;508.87;507.27;AFIB;AFIB
1562000;510.13;508.54;AFIB;AFIB
1564000;514.81;513.23;AFIB;AFIB
1566000;516.29;514.72;AFIB;AFIB
1568000;510.07;508.50;AFIB;AFIB
1570000;512.44;510.88;AFIB;AFIB
1572000;511.74;510.18;AFIB;AFIB
1574000;515.33;513.78;AFIB;AFIB
1576000;515.45;513.91;AFIB;AFIB
1578000;515.40;513.86;AFIB;AFIB
1580000;514.84;513.31;AFIB;AFIB
1582000;512.08;510.55;AFIB;AFIB
1584000;513.88;512.36;AFIB;AFIB
1586000;512.25;510.73;AFIB;AFIB
1588000;510.69;509.18;AFIB;AFIB
1590000;514.90;513.40;AFIB;AFIB
1592000;513.99;512.50;AFIB;AFIB
1594000;516.17;514.68;AFIB;AFIB
1596000;514.79;513.30;AFIB;AFIB
1598000;516.91;515.44;AFIB;AFIB
1600000;512.83;511.36;AFIB;AFIB
1602000;513.80;512.34;AFIB;AFIB
1604000;514.93;513.47;AFIB;AFIB
1606000;514.09;512.64;AFIB;AFIB
1608000;518.37;516.92;AFIB;AFIB
1610000;514.82;513.38;AFIB;AFIB
1612000;509.54;508.11;AFIB;AFIB
1614000;517.97;516.55;AFIB;AFIB
1616000;516.25;514.83;AFIB;AFIB
1618000;514.17;512.76;AFIB;AFIB
1620000;516.30;514.90;AFIB;AFIB
1622000;513.05;511.65;AFIB;AFIB
1624000;514.30;512.91;AFIB;AFIB
1626000;511.37;509.99;AFIB;AFIB
1628000;515.94;514.56;AFIB;AFIB
1630000;513.63;512.26;AFIB;AFIB
1632000;512.29;510.92;AFIB;AFIB
1634000;514.39;513.03;AFIB;AFIB
1636000;513.50;512.15;AFIB;AFIB
1638000;514.02;512.67;AFIB;AFIB
1640000;514.30;512.96;AFIB;AFIB
1642000;509.17;507.84;AFIB;AFIB
1644000;513.59;512.26;AFIB;AFIB
1646000;516.06;514.74;AFIB;AFIB
1648000;514.51;513.19;AFIB;AFIB
1650000;514.08;512.78;AFIB;AFIB
1652000;513.87;512.57;AFIB;AFIB
1654000;514.70;513.41;AFIB;AFIB
1656000;517.34;516.06;AFIB;AFIB
1658000;511.91;510.63;AFIB;AFIB
1660000;515.73;514.46;AFIB;AFIB
1662000;513.24;511.97;AFIB;AFIB
1664000;510.22;508.96;AFIB;AFIB
1666000;510.34;509.08;AFIB;AFIB
1668000;513.47;512.22;AFIB;AFIB
1670000;509.64;508.40;AFIB;AFIB
1672000;512.74;511.51;AFIB;AFIB
1674000;511.95;510.73;AFIB;AFIB
1676000;513.24;512.02;AFIB;AFIB
1678000;513.59;512.38;AFIB;AFIB
1680000;512.48;511.27;AFIB;AFIB
1682000;515.18;513.99;AFIB;AFIB
1684000;514.98;513.79;AFIB;AFIB
1686000;512.67;511.49;AFIB;AFIB
1688000;511.72;510.54;AFIB;AFIB
1690000;512.92;511.75;AFIB;AFIB
1692000;509.13;507.96;AFIB;AFIB
1694000;513.36;512.20;AFIB;AFIB
1696000;516.72;515.57;AFIB;AFIB
1698000;514.34;513.19;AFIB;AFIB
1700000;513.53;512.39;AFIB;AFIB
1702000;514.79;513.66;AFIB;AFIB
1704000;513.70;512.57;AFIB;AFIB
1706000;515.21;514.09;AFIB;AFIB
1708000;516.60;515.49;AFIB;AFIB
1710000;510.55;509.45;AFIB;AFIB
1712000;511.91;510.82;AFIB;AFIB
1714000;513.21;512.12;AFIB;AFIB
1716000;512.32;511.24;AFIB;AFIB
1718000;515.04;513.96;AFIB;AFIB
1720000;510.48;509.42;AFIB;AFIB
1722000;511.51;510.46;AFIB;AFIB
1724000;511.75;510.70;AFIB;AFIB
1726000;509.55;508.51;AFIB;AFIB
1728000;513.82;512.78;AFIB;AFIB
1730000;512.44;511.41;AFIB;AFIB
1732000;508.36;507.34;AFIB;AFIB
1734000;515.44;514.43;AFIB;AFIB
1736000;516.28;515.28;AFIB;AFIB
1738000;516.25;515.25;AFIB;AFIB
1740000;511.05;510.06;AFIB;AFIB
1742000;515.32;514.33;AFIB;AFIB
1744000;513.29;512.31;AFIB;AFIB
1746000;509.97;509.00;AFIB;AFIB
1748000;510.98;510.01;AFIB;AFIB
1750000;516.01;515.05;AFIB;AFIB
1752000;514.58;513.63;AFIB;AFIB
1754000;513.23;512.29;AFIB;AFIB
1756000;516.94;516.01;AFIB;AFIB
1758000;514.79;513.87;AFIB;AFIB
1760000;512.16;511.24;AFIB;AFIB
1762000;509.97;509.05;AFIB;AFIB
1764000;510.46;509.56;AFIB;AFIB
1766000;513.15;512.26;AFIB;AFIB
1768000;512.29;511.40;AFIB;AFIB
1770000;510.74;509.85;AFIB;AFIB
1772000;515.55;514.68;AFIB;AFIB
1774000;513.10;512.23;AFIB;AFIB
1776000;511.56;510.70;AFIB;AFIB
1778000;505.60;504.74;AFIB;AFIB
1780000;514.58;513.74;AFIB;AFIB
1782000;511.10;510.26;AFIB;AFIB
1784000;511.97;511.14;AFIB;AFIB
1786000;512.34;511.52;AFIB;AFIB
1788000;516.97;516.15;AFIB;AFIB
1790000;509.85;509.04;AFIB;AFIB
1792000;509.97;509.17;AFIB;AFIB
1794000;511.75;510.96;AFIB;AFIB
1796000;513.41;512.62;AFIB;AFIB
1798000;514.93;514.15;AFIB;AFIB
1800000;511.09;510.32;AFIB;AFIB
1802000;512.09;511.33;AFIB;AFIB
1804000;514.10;513.34;AFIB;AFIB
1806000;512.10;511.35;AFIB;AFIB
1808000;517.37;516.63;AFIB;AFIB
1810000;516.45;515.71;AFIB;AFIB
1812000;506.80;506.07;AFIB;AFIB
1814000;513.20;512.48;AFIB;AFIB
1816000;513.26;512.55;AFIB;AFIB
1818000;513.05;512.34;AFIB;AFIB
1820000;510.63;509.93;AFIB;AFIB
1822000;511.58;510.89;AFIB;AFIB
1824000;508.50;507.82;AFIB;AFIB
1826000;510.88;510.21;AFIB;AFIB
1828000;514.33;513.66;AFIB;AFIB
1830000;514.75;514.10;AFIB;AFIB
1832000;508.84;508.18;AFIB;AFIB
1834000;516.57;515.93;AFIB;AFIB
1836000;515.05;514.41;AFIB;AFIB
1838000;510.85;510.22;AFIB;AFIB
1840000;515.30;514.68;AFIB;AFIB
1842000;510.68;510.07;AFIB;AFIB
1844000;507.07;506.47;AFIB;AFIB
1846000;512.06;511.46;AFIB;AFIB
1848000;515.11;514.52;AFIB;AFIB
1850000;513.62;513.03;AFIB;AFIB
1852000;509.21;508.63;AFIB;AFIB
1854000;508.99;508.42;AFIB;AFIB
1856000;513.31;512.75;AFIB;AFIB
1858000;514.72;514.17;AFIB;AFIB
1860000;513.98;513.43;AFIB;AFIB
1862000;512.53;511.99;AFIB;AFIB
1864000;512.70;512.17;AFIB;AFIB
1866000;512.95;512.43;AFIB;AFIB
1868000;511.12;510.61;AFIB;AFIB
1870000;513.99;513.48;AFIB;AFIB
1872000;517.17;516.67;AFIB;AFIB
1874000;511.89;511.39;AFIB;AFIB
1876000;511.41;510.93;AFIB;AFIB
1878000;515.73;515.25;AFIB;AFIB
1880000;513.21;512.74;AFIB;AFIB
1882000;511.45;510.99;AFIB;AFIB
1884000;514.05;513.60;AFIB;AFIB
1886000;511.95;511.50;AFIB;AFIB
1888000;512.53;512.09;AFIB;AFIB
1890000;516.16;515.73;AFIB;AFIB
1892000;510.67;510.25;AFIB;AFIB
1894000;512.08;511.66;AFIB;AFIB
1896000;514.10;513.69;AFIB;AFIB
1898000;514.42;514.02;AFIB;AFIB
1900000;515.16;514.77;AFIB;AFIB
1902000;516.09;515.71;AFIB;AFIB
1904000;516.96;516.59;AFIB;AFIB
1906000;506.67;506.30;AFIB;AFIB
1908000;516.25;515.89;AFIB;AFIB
1910000;511.03;510.68;AFIB;AFIB
1912000;511.18;510.84;AFIB;AFIB
1914000;509.52;509.19;AFIB;AFIB
1916000;511.52;511.19;AFIB;AFIB
1918000;515.28;514.96;AFIB;AFIB
1920000;513.82;513.51;AFIB;AFIB
1922000;508.86;508.55;AFIB;AFIB
1924000;510.97;510.67;AFIB;AFIB
1926000;509.54;509.25;AFIB;AFIB
1928000;513.59;513.31;AFIB;AFIB
1930000;516.18;515.91;AFIB;AFIB
1932000;509.37;509.10;AFIB;AFIB
1934000;511.68;511.43;AFIB;AFIB
1936000;516.29;516.04;AFIB;AFIB
1938000;509.52;509.27;AFIB;AFIB
1940000;511.82;511.58;AFIB;AFIB
1942000;515.02;514.80;AFIB;AFIB
1944000;511.07;510.85;AFIB;AFIB
1946000;513.65;513.44;AFIB;AFIB
1948000;513.82;513.62;AFIB;AFIB
1950000;512.65;512.45;AFIB;AFIB
1952000;515.08;514.89;AFIB;AFIB
1954000;514.39;514.21;AFIB;AFIB
1956000;512.69;512.52;AFIB;AFIB
1958000;512.87;512.70;AFIB;AFIB
1960000;514.26;514.11;AFIB;AFIB
1962000;512.40;512.25;AFIB;AFIB
1964000;510.15;510.01;AFIB;AFIB
1966000;511.39;511.26;AFIB;AFIB
1968000;513.67;513.54;AFIB;AFIB
1970000;511.07;510.96;AFIB;AFIB
1972000;511.39;511.28;AFIB;AFIB
1974000;507.92;507.82;AFIB;AFIB
1976000;509.50;509.40;AFIB;AFIB
1978000;512.86;512.78;AFIB;AFIB
1980000;512.89;512.81;AFIB;AFIB
1982000;514.45;514.38;AFIB;AFIB
1984000;510.61;510.55;AFIB;AFIB
1986000;513.21;513.16;AFIB;AFIB
1988000;511.58;511.53;AFIB;AFIB
1990000;509.26;509.22;AFIB;AFIB
1992000;509.23;509.20;AFIB;AFIB
1994000;511.46;511.44;AFIB;AFIB
1996000;511.74;511.73;AFIB;AFIB
1998000;512.62;512.62;AFIB;AFIB
2000000;511.14;511.14;AFIB;AFIB
2002000;514.10;514.11;AFIB;AFIB
2004000;510.51;510.53;AFIB;AFIB
2006000;513.76;513.79;AFIB;AFIB
2008000;510.64;510.67;AFIB;AFIB
2010000;514.25;514.29;AFIB;AFIB
2012000;512.27;512.32;AFIB;AFIB
2014000;509.83;509.89;AFIB;AFIB
2016000;510.75;510.81;AFIB;AFIB
2018000;511.28;511.36;AFIB;AFIB
2020000;511.14;511.22;AFIB;AFIB
2022000;509.21;509.30;AFIB;AFIB
2024000;512.35;512.44;AFIB;AFIB
2026000;508.19;508.29;AFIB;AFIB
2028000;511.98;512.09;AFIB;AFIB
2030000;515.57;515.68;AFIB;AFIB
2032000;514.00;514.13;AFIB;AFIB
2034000;509.01;509.14;AFIB;AFIB
2036000;509.07;509.21;AFIB;AFIB
2038000;509.82;509.97;AFIB;AFIB
2040000;510.50;510.66;AFIB;AFIB
2042000;509.92;510.08;AFIB;AFIB
2044000;508.32;508.49;AFIB;AFIB
2046000;509.81;509.99;AFIB;AFIB
2048000;511.50;511.69;AFIB;AFIB
2050000;516.08;516.28;AFIB;AFIB
2052000;509.51;509.72;AFIB;AFIB
2054000;514.68;514.89;AFIB;AFIB
2056000;516.36;516.58;AFIB;AFIB
2058000;513.99;514.22;AFIB;AFIB
2060000;513.64;513.87;AFIB;AFIB
2062000;509.64;509.88;AFIB;AFIB
2064000;513.09;513.34;AFIB;AFIB
2066000;509.80;510.06;AFIB;AFIB
2068000;512.31;512.58;AFIB;AFIB
2070000;514.39;514.67;AFIB;AFIB
2072000;511.18;511.46;AFIB;AFIB
2074000;509.84;510.13;AFIB;AFIB
2076000;510.54;510.83;AFIB;AFIB
2078000;511.81;512.12;AFIB;AFIB
2080000;509.62;509.93;AFIB;AFIB
2082000;512.38;512.70;AFIB;AFIB
2084000;511.49;511.82;AFIB;AFIB
2086000;513.63;513.96;AFIB;AFIB
2088000;518.22;518.57;AFIB;AFIB
2090000;512.35;512.70;AFIB;AFIB
2092000;515.01;515.37;AFIB;AFIB
2094000;509.22;509.58;AFIB;AFIB
2096000;515.47;515.84;AFIB;AFIB
2098000;506.82;507.20;AFIB;AFIB
2100000;513.74;514.13;AFIB;AFIB
2102000;510.20;510.60;AFIB;AFIB
2104000;512.11;512.52;AFIB;AFIB
2106000;510.87;511.28;AFIB;AFIB
2108000;509.67;510.10;AFIB;AFIB
2110000;510.05;510.48;AFIB;AFIB
2112000;510.05;510.49;AFIB;AFIB
2114000;510.02;510.46;AFIB;AFIB
2116000;510.56;511.01;AFIB;AFIB
2118000;511.36;511.82;AFIB;AFIB
2120000;508.94;509.41;AFIB;AFIB
2122000;515.57;516.05;AFIB;AFIB
2124000;514.39;514.87;AFIB;AFIB
2126000;511.67;512.17;AFIB;AFIB
2128000;513.34;513.84;AFIB;AFIB
2130000;510.51;511.01;AFIB;AFIB
2132000;509.52;510.04;AFIB;AFIB
2134000;513.26;513.78;AFIB;AFIB
2136000;512.56;513.09;AFIB;AFIB
2138000;513.45;513.99;AFIB;AFIB
2140000;511.27;511.81;AFIB;AFIB
2142000;511.88;512.44;AFIB;AFIB
2144000;512.10;512.66;AFIB;AFIB
2146000;511.37;511.94;AFIB;AFIB
2148000;517.04;517.62;AFIB;AFIB
2150000;509.58;510.17;AFIB;AFIB
2152000;510.24;510.83;AFIB;AFIB
2154000;515.20;515.79;AFIB;AFIB
2156000;508.55;509.16;AFIB;AFIB
2158000;513.78;514.40;AFIB;AFIB
2160000;511.64;512.26;AFIB;AFIB
2162000;513.26;513.89;AFIB;AFIB
2164000;511.34;511.98;AFIB;AFIB
2166000;514.80;515.45;AFIB;AFIB
2168000;516.15;516.80;AFIB;AFIB
2170000;508.61;509.27;AFIB;AFIB
2172000;511.98;512.64;AFIB;AFIB
2174000;513.78;514.46;AFIB;AFIB
2176000;511.94;512.62;AFIB;AFIB
2178000;511.45;512.14;AFIB;AFIB
2180000;511.68;512.37;AFIB;AFIB
2182000;507.20;507.91;AFIB;AFIB
2184000;510.52;511.23;AFIB;AFIB
2186000;511.01;511.73;AFIB;AFIB
2188000;511.62;512.34;AFIB;AFIB
2190000;512.09;512.83;AFIB;AFIB
2192000;511.38;512.13;AFIB;AFIB
2194000;512.40;513.15;AFIB;AFIB
2196000;513.55;514.31;AFIB;AFIB
2198000;510.19;510.96;AFIB;AFIB
2200000;511.72;512.49;AFIB;AFIB
2202000;508.97;509.75;AFIB;AFIB
2204000;514.83;515.61;AFIB;AFIB
2206000;514.04;514.84;AFIB;AFIB
2208000;510.66;511.46;AFIB;AFIB
2210000;511.99;512.80;AFIB;AFIB
2212000;509.72;510.54;AFIB;AFIB
2214000;511.09;511.92;AFIB;AFIB
2216000;511.63;512.47;AFIB;AFIB
2218000;507.20;508.04;AFIB;AFIB
2220000;507.47;508.31;AFIB;AFIB
2222000;512.80;513.66;AFIB;AFIB
2224000;508.29;509.15;AFIB;AFIB
2226000;510.17;511.04;AFIB;AFIB
2228000;514.45;515.33;AFIB;AFIB
2230000;510.22;511.10;AFIB;AFIB
2232000;511.31;512.20;AFIB;AFIB
2234000;517.84;518.74;AFIB;AFIB
2236000;512.10;513.01;AFIB;AFIB
2238000;510.70;511.62;AFIB;AFIB
2240000;512.72;513.64;AFIB;AFIB
2242000;508.09;509.02;AFIB;AFIB
2244000;510.01;510.95;AFIB;AFIB
2246000;509.05;509.99;AFIB;AFIB
2248000;511.18;512.13;AFIB;AFIB
2250000;509.21;510.17;AFIB;AFIB
2252000;510.42;511.38;AFIB;AFIB
2254000;512.84;513.81;AFIB;AFIB
2256000;515.58;516.56;AFIB;AFIB
2258000;512.73;513.72;AFIB;AFIB
2260000;514.31;515.30;AFIB;AFIB
2262000;509.79;510.79;AFIB;AFIB
2264000;508.99;510.00;AFIB;AFIB
2266000;515.24;516.26;AFIB;AFIB
2268000;509.74;510.76;AFIB;AFIB
2270000;508.90;509.93;AFIB;AFIB
2272000;512.59;513.62;AFIB;AFIB
2274000;508.88;509.93;AFIB;AFIB
2276000;510.37;511.42;AFIB;AFIB
2278000;515.65;516.71;AFIB;AFIB
2280000;510.70;511.76;AFIB;AFIB
2282000;512.04;513.11;AFIB;AFIB
2284000;510.87;511.94;AFIB;AFIB
2286000;511.25;512.34;AFIB;AFIB
2288000;511.50;512.59;AFIB;AFIB
2290000;508.11;509.21;AFIB;AFIB
2292000;510.20;511.30;AFIB;AFIB
2294000;509.74;510.85;AFIB;AFIB
2296000;511.50;512.62;AFIB;AFIB
2298000;511.82;512.95;AFIB;AFIB
2300000;511.93;513.07;AFIB;AFIB
2302000;510.08;511.22;AFIB;AFIB
2304000;513.97;515.12;AFIB;AFIB
2306000;509.97;511.13;AFIB;AFIB
2308000;510.60;511.76;AFIB;AFIB
2310000;510.16;511.33;AFIB;AFIB
2312000;512.41;513.59;AFIB;AFIB
2314000;505.67;506.85;AFIB;AFIB
2316000;505.51;506.70;AFIB;AFIB
2318000;508.68;509.88;AFIB;AFIB
2320000;509.22;510.42;AFIB;AFIB
2322000;511.87;513.08;AFIB;AFIB
2324000;506.79;508.01;AFIB;AFIB
2326000;511.03;512.25;AFIB;AFIB
2328000;508.34;509.57;AFIB;AFIB
2330000;510.71;511.95;AFIB;AFIB
2332000;509.64;510.89;AFIB;AFIB
2334000;505.47;506.72;AFIB;AFIB
2336000;511.14;512.40;AFIB;AFIB
2338000;507.95;509.22;AFIB;AFIB
2340000;513.43;514.70;AFIB;AFIB
2342000;512.35;513.63;AFIB;AFIB
2344000;508.32;509.60;AFIB;AFIB
2346000;510.49;511.78;AFIB;AFIB
2348000;512.40;513.70;AFIB;AFIB
2350000;514.59;515.89;AFIB;AFIB
2352000;510.64;511.96;AFIB;AFIB
2354000;510.91;512.23;AFIB;AFIB
2356000;511.96;513.28;AFIB;AFIB
2358000;515.19;516.52;AFIB;AFIB
2360000;505.71;507.05;AFIB;AFIB
2362000;504.25;505.60;AFIB;AFIB
2364000;514.55;515.90;AFIB;AFIB
2366000;511.35;512.70;AFIB;AFIB
2368000;509.86;511.23;AFIB;AFIB
2370000;508.62;509.99;AFIB;AFIB
2372000;509.58;510.96;AFIB;AFIB
2374000;503.76;505.15;AFIB;AFIB
2376000;509.43;510.82;AFIB;AFIB
2378000;512.57;513.96;AFIB;AFIB
2380000;512.72;514.13;AFIB;AFIB
2382000;510.43;511.85;AFIB;AFIB
2384000;511.06;512.47;AFIB;AFIB
2386000;510.14;511.56;AFIB;AFIB
2388000;512.63;514.06;AFIB;AFIB
2390000;515.58;517.02;AFIB;AFIB
2392000;514.78;516.23;AFIB;AFIB
2394000;510.24;511.69;AFIB;AFIB
2396000;509.41;510.87;AFIB;AFIB
2398000;512.94;514.40;AFIB;AFIB
2400000;514.04;515.51;AFIB;AFIB
2402000;511.77;513.25;AFIB;AFIB
2404000;510.68;512.16;AFIB;AFIB
2406000;512.86;514.35;AFIB;AFIB
2408000;507.67;509.17;AFIB;AFIB
2410000;508.91;510.41;AFIB;AFIB
2412000;506.19;507.70;AFIB;AFIB
2414000;508.37;509.88;AFIB;AFIB
2416000;509.89;511.41;AFIB;AFIB
2418000;510.14;511.67;AFIB;AFIB
2420000;508.70;510.23;AFIB;AFIB
2422000;508.50;510.04;AFIB;AFIB
2424000;511.82;513.37;AFIB;AFIB
2426000;510.90;512.45;AFIB;AFIB
2428000;512.55;514.10;AFIB;AFIB
2430000;512.44;514.00;AFIB;AFIB
2432000;510.36;511.93;AFIB;AFIB
2434000;510.09;511.67;AFIB;AFIB
2436000;511.42;513.00;AFIB;AFIB
2438000;513.09;514.68;AFIB;AFIB
2440000;514.89;516.49;AFIB;AFIB
2442000;512.06;513.66;AFIB;AFIB
2444000;507.65;509.25;AFIB;AFIB
2446000;514.82;516.43;AFIB;AFIB
2448000;510.43;512.05;AFIB;AFIB
2450000;510.49;512.11;AFIB;AFIB
2452000;512.42;514.05;AFIB;AFIB
2454000;505.63;507.26;AFIB;AFIB
2456000;514.52;516.16;AFIB;AFIB
2458000;510.66;512.31;AFIB;AFIB
2460000;508.89;510.54;AFIB;AFIB
2462000;511.31;512.97;AFIB;AFIB
2464000;510.02;511.69;AFIB;AFIB
2466000;508.97;510.64;AFIB;AFIB
2468000;509.32;511.00;AFIB;AFIB
2470000;508.72;510.40;AFIB;AFIB
2472000;513.60;515.29;AFIB;AFIB
2474000;510.87;512.56;AFIB;AFIB
2476000;506.97;508.67;AFIB;AFIB
2478000;512.17;513.87;AFIB;AFIB
2480000;511.26;512.97;AFIB;AFIB
2482000;511.02;512.73;AFIB;AFIB
2484000;507.03;508.75;AFIB;AFIB
2486000;511.27;513.00;AFIB;AFIB
2488000;509.98;511.72;AFIB;AFIB
2490000;511.35;513.09;AFIB;AFIB
2492000;509.65;511.40;AFIB;AFIB
2494000;506.96;508.71;AFIB;AFIB
2496000;511.86;513.62;AFIB;AFIB
2498000;515.17;516.93;AFIB;AFIB
2500000;513.58;515.35;AFIB;AFIB
2502000;507.71;509.48;AFIB;AFIB
2504000;512.39;514.16;AFIB;AFIB
2506000;508.46;510.25;AFIB;AFIB
2508000;507.34;509.13;AFIB;AFIB
2510000;508.32;510.12;AFIB;AFIB
2512000;508.99;510.79;AFIB;AFIB
2514000;508.13;509.94;AFIB;AFIB
2516000;508.19;510.00;AFIB;AFIB
2518000;510.86;512.67;AFIB;AFIB
2520000;507.95;509.77;AFIB;AFIB
2522000;511.98;513.81;AFIB;AFIB
2524000;509.60;511.43;AFIB;AFIB
2526000;511.59;513.43;AFIB;AFIB
2528000;507.73;509.57;AFIB;AFIB
2530000;512.68;514.53;AFIB;AFIB
2532000;512.48;514.34;AFIB;AFIB
2534000;511.25;513.11;AFIB;AFIB
2536000;515.59;517.45;AFIB;AFIB
2538000;507.30;509.17;AFIB;AFIB
2540000;506.76;508.64;AFIB;AFIB
2542000;514.32;516.20;AFIB;AFIB
2544000;510.22;512.11;AFIB;AFIB
2546000;508.36;510.25;AFIB;AFIB
2548000;511.37;513.27;AFIB;AFIB
2550000;511.67;513.57;AFIB;AFIB
2552000;509.53;511.43;AFIB;AFIB
2554000;509.13;511.04;AFIB;AFIB
2556000;509.18;511.10;AFIB;AFIB
2558000;510.12;512.04;AFIB;AFIB
2560000;506.69;508.61;AFIB;AFIB
2562000;507.67;509.60;AFIB;AFIB
2564000;507.79;509.72;AFIB;AFIB
2566000;507.39;509.33;AFIB;AFIB
2568000;511.74;513.69;AFIB;AFIB
2570000;508.54;510.49;AFIB;AFIB
2572000;511.41;513.36;AFIB;AFIB
2574000;513.00;514.96;AFIB;AFIB
2576000;508.75;510.72;AFIB;AFIB
2578000;508.57;510.54;AFIB;AFIB
2580000;509.02;511.00;AFIB;AFIB
2582000;508.64;510.62;AFIB;AFIB
2584000;510.33;512.31;AFIB;AFIB
2586000;506.27;508.26;AFIB;AFIB
2588000;512.25;514.24;AFIB;AFIB
2590000;514.65;516.65;AFIB;AFIB
2592000;514.27;516.28;AFIB;AFIB
2594000;506.83;508.84;AFIB;AFIB
2596000;507.94;509.95;AFIB;AFIB
2598000;510.62;512.64;AFIB;AFIB
2600000;509.49;511.52;AFIB;AFIB
2602000;513.44;515.47;AFIB;AFIB
2604000;510.45;512.48;AFIB;AFIB
2606000;512.78;514.82;AFIB;AFIB
2608000;508.12;510.16;AFIB;AFIB
2610000;511.76;513.80;AFIB;AFIB
2612000;510.37;512.42;AFIB;AFIB
2614000;506.73;508.78;AFIB;AFIB
2616000;511.41;513.47;AFIB;AFIB
2618000;506.76;508.83;AFIB;AFIB
2620000;508.86;510.93;AFIB;AFIB
2622000;510.65;512.72;AFIB;AFIB
2624000;510.71;512.79;AFIB;AFIB
2626000;509.60;511.68;AFIB;AFIB
2628000;510.06;512.15;AFIB;AFIB
2630000;511.19;513.28;AFIB;AFIB
2632000;505.66;507.76;AFIB;AFIB
2634000;511.00;513.10;AFIB;AFIB
2636000;510.53;512.63;AFIB;AFIB
2638000;514.80;516.90;AFIB;AFIB
2640000;508.44;510.55;AFIB;AFIB
2642000;510.87;512.99;AFIB;AFIB
2644000;512.08;514.20;AFIB;AFIB
2646000;506.19;508.31;AFIB;AFIB
2648000;508.14;510.27;AFIB;AFIB
2650000;509.31;511.44;AFIB;AFIB
2652000;510.44;512.57;AFIB;AFIB
2654000;502.92;505.06;AFIB;AFIB
2656000;508.82;510.97;AFIB;AFIB
2658000;510.66;512.81;AFIB;AFIB
2660000;510.10;512.25;AFIB;AFIB
2662000;512.96;515.12;AFIB;AFIB
2664000;509.14;511.30;AFIB;AFIB
2666000;507.38;509.55;AFIB;AFIB
2668000;508.15;510.32;AFIB;AFIB
2670000;512.70;514.87;AFIB;AFIB
2672000;509.96;512.13;AFIB;AFIB
2674000;512.71;514.88;AFIB;AFIB
2676000;508.46;510.65;AFIB;AFIB
2678000;508.70;510.89;AFIB;AFIB
2680000;508.05;510.24;AFIB;AFIB
2682000;510.59;512.78;AFIB;AFIB
2684000;508.33;510.53;AFIB;AFIB
2686000;511.00;513.20;AFIB;AFIB
2688000;508.62;510.83;AFIB;AFIB
2690000;508.79;511.00;AFIB;AFIB
2692000;509.85;512.07;AFIB;AFIB
2694000;513.74;515.96;AFIB;AFIB
2696000;511.31;513.53;AFIB;AFIB
2698000;510.45;512.67;AFIB;AFIB
2700000;510.29;512.52;AFIB;AFIB
2702000;514.85;517.08;AFIB;AFIB
2704000;510.96;513.19;AFIB;AFIB
2706000;508.95;511.19;AFIB;AFIB
2708000;504.53;506.77;AFIB;AFIB
2710000;510.43;512.67;AFIB;AFIB
2712000;507.16;509.41;AFIB;AFIB
2714000;509.21;511.46;AFIB;AFIB
2716000;505.37;507.63;AFIB;AFIB
2718000;511.80;514.05;AFIB;AFIB
2720000;513.71;515.97;AFIB;AFIB
2722000;505.82;508.08;AFIB;AFIB
2724000;510.19;512.46;AFIB;AFIB
2726000;511.76;514.03;AFIB;AFIB
2728000;510.30;512.57;AFIB;AFIB
2730000;511.65;513.93;AFIB;AFIB
2732000;510.73;513.02;AFIB;AFIB
2734000;513.03;515.31;AFIB;AFIB
2736000;513.04;515.33;AFIB;AFIB
2738000;504.51;506.80;AFIB;AFIB
2740000;511.77;514.07;AFIB;AFIB
2742000;506.79;509.09;AFIB;AFIB
2744000;507.29;509.59;AFIB;AFIB
2746000;509.85;512.15;AFIB;AFIB
2748000;510.04;512.35;AFIB;AFIB
2750000;513.09;515.40;AFIB;AFIB
2752000;506.84;509.15;AFIB;AFIB
2754000;515.05;517.37;AFIB;AFIB
2756000;513.16;515.48;AFIB;AFIB
2758000;510.49;512.81;AFIB;AFIB
2760000;509.53;511.85;AFIB;AFIB
2762000;507.83;510.16;AFIB;AFIB
2764000;509.87;512.20;AFIB;AFIB
2766000;511.96;514.29;AFIB;AFIB
2768000;506.09;508.42;AFIB;AFIB
2770000;509.89;512.22;AFIB;AFIB
2772000;510.24;512.58;AFIB;AFIB
2774000;506.08;508.43;AFIB;AFIB
2776000;512.35;514.69;AFIB;AFIB
2778000;509.55;511.90;AFIB;AFIB
2780000;510.19;512.54;AFIB;AFIB
2782000;511.17;513.53;AFIB;AFIB
2784000;509.52;511.87;AFIB;AFIB
2786000;511.66;514.02;AFIB;AFIB
2788000;506.88;509.24;AFIB;AFIB
2790000;511.37;513.74;AFIB;AFIB
2792000;511.76;514.12;AFIB;AFIB
2794000;508.73;511.10;AFIB;AFIB
2796000;511.91;514.28;AFIB;AFIB
2798000;509.84;512.21;AFIB;AFIB
2800000;506.27;508.65;AFIB;AFIB
2802000;505.15;507.53;AFIB;AFIB
2804000;509.68;512.06;AFIB;AFIB
2806000;509.67;512.05;AFIB;AFIB
2808000;510.41;512.80;AFIB;AFIB
2810000;508.33;510.72;AFIB;AFIB
2812000;513.00;515.39;AFIB;AFIB
2814000;508.51;510.90;AFIB;AFIB
2816000;508.52;510.92;AFIB;AFIB
2818000;506.84;509.23;AFIB;AFIB
2820000;510.68;513.08;AFIB;AFIB
2822000;508.03;510.43;AFIB;AFIB
2824000;508.80;511.21;AFIB;AFIB
2826000;508.76;511.17;AFIB;AFIB
2828000;514.75;517.16;AFIB;AFIB
2830000;510.34;512.75;AFIB;AFIB
2832000;512.42;514.84;AFIB;AFIB
2834000;508.82;511.23;AFIB;AFIB
2836000;510.04;512.46;AFIB;AFIB
2838000;512.26;514.68;AFIB;AFIB
2840000;509.46;511.88;AFIB;AFIB
2842000;508.63;511.06;AFIB;AFIB
2844000;510.04;512.47;AFIB;AFIB
2846000;510.12;512.55;AFIB;AFIB
2848000;509.13;511.55;AFIB;AFIB
2850000;508.16;510.59;AFIB;AFIB
2852000;512.04;514.47;AFIB;AFIB
2854000;509.06;511.49;AFIB;AFIB
2856000;507.68;510.12;AFIB;AFIB
2858000;512.41;514.85;AFIB;AFIB
2860000;510.04;512.48;AFIB;AFIB
2862000;510.77;513.21;AFIB;AFIB
2864000;510.77;513.21;AFIB;AFIB
2866000;505.05;507.49;AFIB;AFIB
2868000;508.00;510.45;AFIB;AFIB
2870000;512.48;514.93;AFIB;AFIB
2872000;511.05;513.50;AFIB;AFIB
2874000;508.11;510.56;AFIB;AFIB
2876000;510.29;512.74;AFIB;AFIB
2878000;512.13;514.59;AFIB;AFIB
2880000;511.11;513.56;AFIB;AFIB
2882000;509.77;512.23;AFIB;AFIB
2884000;504.51;506.97;AFIB;AFIB
2886000;511.78;514.24;AFIB;AFIB
2888000;506.86;509.32;AFIB;AFIB
2890000;506.05;508.52;AFIB;AFIB
2892000;506.53;508.99;AFIB;AFIB
2894000;510.54;513.00;AFIB;AFIB
2896000;507.44;509.90;AFIB;AFIB
2898000;509.44;511.91;AFIB;AFIB
2900000;508.12;510.59;AFIB;AFIB
2902000;507.45;509.92;AFIB;AFIB
2904000;507.65;510.12;AFIB;AFIB
2906000;511.37;513.84;AFIB;AFIB
2908000;508.36;510.84;AFIB;AFIB
2910000;507.87;510.35;AFIB;AFIB
2912000;505.53;508.00;AFIB;AFIB
2914000;510.37;512.85;AFIB;AFIB
2916000;507.43;509.91;AFIB;AFIB
2918000;513.68;516.16;AFIB;AFIB
2920000;507.34;509.82;AFIB;AFIB
2922000;507.11;509.59;AFIB;AFIB
2924000;506.96;509.44;AFIB;AFIB
2926000;508.91;511.40;AFIB;AFIB
2928000;509.35;511.83;AFIB;AFIB
2930000;509.44;511.92;AFIB;AFIB
2932000;511.50;513.99;AFIB;AFIB
2934000;508.40;510.89;AFIB;AFIB
2936000;508.48;510.97;AFIB;AFIB
2938000;512.03;514.52;AFIB;AFIB
2940000;508.81;511.29;AFIB;AFIB
2942000;508.59;511.08;AFIB;AFIB
2944000;512.54;515.03;AFIB;AFIB
2946000;505.48;507.97;AFIB;AFIB
2948000;510.33;512.82;AFIB;AFIB
2950000;508.45;510.94;AFIB;AFIB
2952000;511.05;513.54;AFIB;AFIB
2954000;509.12;511.62;AFIB;AFIB
2956000;507.49;509.98;AFIB;AFIB
2958000;509.51;512.01;AFIB;AFIB
2960000;511.09;513.58;AFIB;AFIB
2962000;508.02;510.51;AFIB;AFIB
2964000;512.02;514.52;AFIB;AFIB
2966000;507.65;510.15;AFIB;AFIB
2968000;509.79;512.29;AFIB;AFIB
2970000;510.40;512.90;AFIB;AFIB
2972000;512.75;515.25;AFIB;AFIB
2974000;509.63;512.12;AFIB;AFIB
2976000;503.53;506.03;AFIB;AFIB
2978000;508.54;511.04;AFIB;AFIB
2980000;512.07;514.56;AFIB;AFIB
2982000;512.53;515.03;AFIB;AFIB
2984000;511.91;514.41;AFIB;AFIB
2986000;506.46;508.95;AFIB;AFIB
2988000;508.13;510.63;AFIB;AFIB
2990000;508.26;510.76;AFIB;AFIB
2992000;510.81;513.31;AFIB;AFIB
2994000;511.23;513.73;AFIB;AFIB
2996000;510.11;512.61;AFIB;AFIB
2998000;509.24;511.74;AFIB;AFIB
3000000;510.89;513.39;AFIB;AFIB
3002000;505.24;507.74;AFIB;AFIB
3004000;510.81;513.31;AFIB;AFIB
3006000;513.62;516.12;AFIB;AFIB
3008000;509.42;511.92;AFIB;AFIB
3010000;506.94;509.44;AFIB;AFIB
3012000;511.04;513.54;AFIB;AFIB
3014000;508.60;511.10;AFIB;AFIB
3016000;511.31;513.81;AFIB;AFIB
3018000;513.73;516.23;AFIB;AFIB
3020000;508.23;510.73;AFIB;AFIB
3022000;511.70;514.20;AFIB;AFIB
3024000;508.31;510.80;AFIB;AFIB
3026000;512.14;514.64;AFIB;AFIB
3028000;510.00;512.49;AFIB;AFIB
3030000;511.79;514.28;AFIB;AFIB
3032000;509.16;511.66;AFIB;AFIB
3034000;507.70;510.19;AFIB;AFIB
3036000;510.97;513.47;AFIB;AFIB
3038000;505.30;507.79;AFIB;AFIB
3040000;513.32;515.82;AFIB;AFIB
3042000;509.07;511.56;AFIB;AFIB
3044000;510.44;512.94;AFIB;AFIB
3046000;506.61;509.10;AFIB;AFIB
3048000;508.11;510.61;AFIB;AFIB
3050000;511.11;513.60;AFIB;AFIB
3052000;508.57;511.06;AFIB;AFIB
3054000;507.91;510.41;AFIB;AFIB
3056000;512.09;514.58;AFIB;AFIB
3058000;507.71;510.20;AFIB;AFIB
3060000;512.33;514.82;AFIB;AFIB
3062000;508.10;510.59;AFIB;AFIB
3064000;516.20;518.69;AFIB;AFIB
3066000;510.19;512.68;AFIB;AFIB
3068000;510.65;513.13;AFIB;AFIB
3070000;506.85;509.33;AFIB;AFIB
3072000;507.80;510.29;AFIB;AFIB
3074000;505.36;507.85;AFIB;AFIB
3076000;507.48;509.96;AFIB;AFIB
3078000;512.15;514.63;AFIB;AFIB
3080000;509.20;511.68;AFIB;AFIB
3082000;511.64;514.12;AFIB;AFIB
3084000;510.73;513.21;AFIB;AFIB
3086000;509.59;512.07;AFIB;AFIB
3088000;513.15;515.63;AFIB;AFIB
3090000;509.54;512.02;AFIB;AFIB
3092000;503.67;506.15;AFIB;AFIB
3094000;508.00;510.47;AFIB;AFIB
3096000;516.96;519.44;AFIB;AFIB
3098000;508.56;511.04;AFIB;AFIB
3100000;508.66;511.13;AFIB;AFIB
3102000;509.61;512.07;AFIB;AFIB
3104000;508.00;510.47;AFIB;AFIB
3106000;514.05;516.52;AFIB;AFIB
3108000;510.79;513.25;AFIB;AFIB
3110000;508.13;510.59;AFIB;AFIB
3112000;506.95;509.41;AFIB;AFIB
3114000;512.52;514.98;AFIB;AFIB
3116000;509.75;512.21;AFIB;AFIB
3118000;511.40;513.86;AFIB;AFIB
3120000;509.79;512.24;AFIB;AFIB
3122000;506.60;509.06;AFIB;AFIB
3124000;509.39;511.84;AFIB;AFIB
3126000;506.32;508.77;AFIB;AFIB
3128000;512.77;515.22;AFIB;AFIB
3130000;511.65;514.10;AFIB;AFIB
3132000;505.81;508.26;AFIB;AFIB
3134000;506.11;508.55;AFIB;AFIB
3136000;507.73;510.18;AFIB;AFIB
3138000;506.19;508.63;AFIB;AFIB
3140000;508.59;511.03;AFIB;AFIB
3142000;508.30;510.74;AFIB;AFIB
3144000;511.19;513.62;AFIB;AFIB
3146000;511.68;514.11;AFIB;AFIB
3148000;507.35;509.79;AFIB;AFIB
3150000;506.72;509.15;AFIB;AFIB
3152000;506.13;508.56;AFIB;AFIB
3154000;507.32;509.75;AFIB;AFIB
3156000;507.73;510.15;AFIB;AFIB
3158000;510.30;512.72;AFIB;AFIB
3160000;510.48;512.90;AFIB;AFIB
3162000;507.55;509.97;AFIB;AFIB
3164000;509.45;511.87;AFIB;AFIB
3166000;507.77;510.19;AFIB;AFIB
3168000;511.52;513.94;AFIB;AFIB
3170000;510.30;512.71;AFIB;AFIB
3172000;507.06;509.47;AFIB;AFIB
3174000;511.81;514.22;AFIB;AFIB
3176000;506.91;509.31;AFIB;AFIB
3178000;510.29;512.69;AFIB;AFIB
3180000;512.55;514.95;AFIB;AFIB
3182000;512.25;514.65;AFIB;AFIB
3184000;509.08;511.48;AFIB;AFIB
3186000;507.65;510.05;AFIB;AFIB
3188000;508.06;510.46;AFIB;AFIB
3190000;505.57;507.96;AFIB;AFIB
3192000;512.49;514.88;AFIB;AFIB
3194000;508.05;510.43;AFIB;AFIB
3196000;506.91;509.30;AFIB;AFIB
3198000;507.94;510.32;AFIB;AFIB
3200000;513.30;515.68;AFIB;AFIB
3202000;503.87;506.25;AFIB;AFIB
3204000;510.29;512.66;AFIB;AFIB
3206000;510.23;512.60;AFIB;AFIB
3208000;510.24;512.61;AFIB;AFIB
3210000;510.60;512.97;AFIB;AFIB
3212000;508.10;510.46;AFIB;AFIB
3214000;510.63;512.99;AFIB;AFIB
3216000;512.89;515.25;AFIB;AFIB
3218000;510.85;513.20;AFIB;AFIB
3220000;516.25;518.60;AFIB;AFIB
3222000;511.36;513.71;AFIB;AFIB
3224000;505.83;508.17;AFIB;AFIB
3226000;514.58;516.93;AFIB;AFIB
3228000;508.67;511.01;AFIB;AFIB
3230000;506.65;508.99;AFIB;AFIB
3232000;508.31;510.64;AFIB;AFIB
3234000;509.39;511.72;AFIB;AFIB
3236000;506.95;509.28;AFIB;AFIB
3238000;512.79;515.11;AFIB;AFIB
3240000;512.70;515.03;AFIB;AFIB
3242000;508.13;510.45;AFIB;AFIB
3244000;510.79;513.11;AFIB;AFIB
3246000;512.34;514.65;AFIB;AFIB
3248000;512.61;514.92;AFIB;AFIB
3250000;508.90;511.21;AFIB;AFIB
3252000;512.99;515.29;AFIB;AFIB
3254000;510.41;512.71;AFIB;AFIB
3256000;509.84;512.14;AFIB;AFIB
3258000;512.78;515.07;AFIB;AFIB
3260000;511.66;513.96;AFIB;AFIB
3262000;514.75;517.04;AFIB;AFIB
3264000;514.12;516.41;AFIB;AFIB
3266000;508.70;510.98;AFIB;AFIB
3268000;510.19;512.48;AFIB;AFIB
3270000;506.74;509.01;AFIB;AFIB
3272000;510.02;512.30;AFIB;AFIB
3274000;506.24;508.51;AFIB;AFIB
3276000;510.71;512.98;AFIB;AFIB
3278000;508.27;510.54;AFIB;AFIB
3280000;511.08;513.34;AFIB;AFIB
3282000;514.41;516.67;AFIB;AFIB
3284000;506.94;509.20;AFIB;AFIB
3286000;513.34;515.60;AFIB;AFIB
3288000;509.39;511.64;AFIB;AFIB
3290000;509.23;511.48;AFIB;AFIB
3292000;510.18;512.42;AFIB;AFIB
3294000;513.22;515.46;AFIB;AFIB
3296000;508.24;510.47;AFIB;AFIB
3298000;508.69;510.92;AFIB;AFIB
3300000;506.83;509.06;AFIB;AFIB
3302000;507.90;510.12;AFIB;AFIB
3304000;510.13;512.35;AFIB;AFIB
3306000;506.68;508.90;AFIB;AFIB
3308000;511.81;514.02;AFIB;AFIB
3310000;511.19;513.40;AFIB;AFIB
3312000;509.24;511.45;AFIB;AFIB
3314000;511.05;513.26;AFIB;AFIB
3316000;512.51;514.71;AFIB;AFIB
3318000;508.89;511.08;AFIB;AFIB
3320000;511.85;514.05;AFIB;AFIB
3322000;514.23;516.41;AFIB;AFIB
3324000;507.35;509.54;AFIB;AFIB
3326000;512.86;515.04;AFIB;AFIB
3328000;507.70;509.87;AFIB;AFIB
3330000;507.33;509.50;AFIB;AFIB
3332000;509.49;511.66;AFIB;AFIB
3334000;512.96;515.12;AFIB;AFIB
3336000;509.60;511.76;AFIB;AFIB
3338000;507.45;509.61;AFIB;AFIB
3340000;507.18;509.33;AFIB;AFIB
3342000;514.99;517.14;AFIB;AFIB
3344000;506.20;508.35;AFIB;AFIB
3346000;512.37;514.51;AFIB;AFIB
3348000;509.69;511.83;AFIB;AFIB
3350000;510.50;512.63;AFIB;AFIB
3352000;510.18;512.31;AFIB;AFIB
3354000;512.08;514.20;AFIB;AFIB
3356000;509.12;511.24;AFIB;AFIB
3358000;503.38;505.50;AFIB;AFIB
3360000;510.04;512.15;AFIB;AFIB
3362000;512.32;514.43;AFIB;AFIB
3364000;509.34;511.44;AFIB;AFIB
3366000;511.12;513.22;AFIB;AFIB
3368000;509.98;512.08;AFIB;AFIB
3370000;509.53;511.62;AFIB;AFIB
3372000;510.13;512.21;AFIB;AFIB
3374000;506.83;508.91;AFIB;AFIB
3376000;507.37;509.44;AFIB;AFIB
3378000;507.31;509.38;AFIB;AFIB
3380000;510.94;513.00;AFIB;AFIB
3382000;508.13;510.19;AFIB;AFIB
3384000;510.18;512.24;AFIB;AFIB
3386000;511.51;513.56;AFIB;AFIB
3388000;512.21;514.26;AFIB;AFIB
3390000;510.34;512.38;AFIB;AFIB
3392000;511.76;513.80;AFIB;AFIB
3394000;511.05;513.09;AFIB;AFIB
3396000;511.91;513.94;AFIB;AFIB
3398000;509.76;511.78;AFIB;AFIB
3400000;507.02;509.05;AFIB;AFIB
3402000;512.66;514.68;AFIB;AFIB
3404000;510.01;512.02;AFIB;AFIB
3406000;508.02;510.02;AFIB;AFIB
3408000;510.03;512.03;AFIB;AFIB
3410000;508.94;510.93;AFIB;AFIB
3412000;508.26;510.25;AFIB;AFIB
3414000;505.85;507.84;AFIB;AFIB
3416000;509.34;511.33;AFIB;AFIB
3418000;508.86;510.84;AFIB;AFIB
3420000;510.99;512.97;AFIB;AFIB
3422000;506.99;508.96;AFIB;AFIB
3424000;509.32;511.29;AFIB;AFIB
3426000;512.09;514.05;AFIB;AFIB
3428000;510.33;512.29;AFIB;AFIB
3430000;508.35;510.30;AFIB;AFIB
3432000;514.26;516.20;AFIB;AFIB
3434000;507.67;509.61;AFIB;AFIB
3436000;509.27;511.20;AFIB;AFIB
3438000;509.31;511.24;AFIB;AFIB
3440000;509.26;511.19;AFIB;AFIB
3442000;509.40;511.32;AFIB;AFIB
3444000;511.21;513.13;AFIB;AFIB
3446000;506.64;508.55;AFIB;AFIB
3448000;511.00;512.90;AFIB;AFIB
3450000;512.84;514.74;AFIB;AFIB
3452000;510.19;512.08;AFIB;AFIB
3454000;510.88;512.77;AFIB;AFIB
3456000;509.02;510.91;AFIB;AFIB
3458000;513.06;514.94;AFIB;AFIB
3460000;507.99;509.87;AFIB;AFIB
3462000;510.67;512.54;AFIB;AFIB
3464000;509.90;511.77;AFIB;AFIB
3466000;510.95;512.81;AFIB;AFIB
3468000;511.60;513.46;AFIB;AFIB
3470000;513.98;515.83;AFIB;AFIB
3472000;515.12;516.97;AFIB;AFIB
3474000;508.26;510.09;AFIB;AFIB
3476000;508.60;510.44;AFIB;AFIB
3478000;512.92;514.75;AFIB;AFIB
3480000;506.05;507.87;AFIB;AFIB
3482000;513.08;514.90;AFIB;AFIB
3484000;508.81;510.62;AFIB;AFIB
3486000;510.04;511.84;AFIB;AFIB
3488000;512.61;514.41;AFIB;AFIB
3490000;512.32;514.12;AFIB;AFIB
3492000;509.52;511.31;AFIB;AFIB
3494000;508.50;510.28;AFIB;AFIB
3496000;510.89;512.66;AFIB;AFIB
3498000;509.83;511.60;AFIB;AFIB
3500000;509.34;511.10;AFIB;AFIB
3502000;506.72;508.48;AFIB;AFIB
3504000;509.06;510.81;AFIB;AFIB
3506000;507.86;509.61;AFIB;AFIB
3508000;509.51;511.25;AFIB;AFIB
3510000;510.29;512.03;AFIB;AFIB
3512000;511.58;513.32;AFIB;AFIB
3514000;510.92;512.65;AFIB;AFIB
3516000;510.20;511.93;AFIB;AFIB
3518000;511.48;513.20;AFIB;AFIB
3520000;513.46;515.17;AFIB;AFIB
3522000;506.76;508.47;AFIB;AFIB
3524000;510.92;512.62;AFIB;AFIB
3526000;511.87;513.56;AFIB;AFIB
3528000;512.91;514.60;AFIB;AFIB
3530000;510.71;512.40;AFIB;AFIB
3532000;509.74;511.42;AFIB;AFIB
3534000;509.09;510.76;AFIB;AFIB
3536000;511.04;512.70;AFIB;AFIB
3538000;509.00;510.66;AFIB;AFIB
3540000;511.08;512.74;AFIB;AFIB
3542000;513.36;515.01;AFIB;AFIB
3544000;509.49;511.13;AFIB;AFIB
3546000;507.90;509.54;AFIB;AFIB
3548000;510.30;511.93;AFIB;AFIB
3550000;511.42;513.04;AFIB;AFIB
3552000;509.44;511.06;AFIB;AFIB
3554000;511.14;512.75;AFIB;AFIB
3556000;513.16;514.77;AFIB;AFIB
3558000;508.59;510.19;AFIB;AFIB
3560000;511.03;512.62;AFIB;AFIB
3562000;511.49;513.08;AFIB;AFIB
3564000;509.48;511.06;AFIB;AFIB
3566000;509.88;511.45;AFIB;AFIB
3568000;510.84;512.40;AFIB;AFIB
3570000;512.30;513.87;AFIB;AFIB
3572000;504.79;506.35;AFIB;AFIB
3574000;505.84;507.39;AFIB;AFIB
3576000;513.91;515.45;AFIB;AFIB
3578000;512.61;514.15;AFIB;AFIB
3580000;509.09;510.62;AFIB;AFIB
3582000;508.41;509.94;AFIB;AFIB
3584000;510.02;511.54;AFIB;AFIB
3586000;507.07;508.58;AFIB;AFIB
3588000;511.45;512.96;AFIB;AFIB
3590000;509.03;510.53;AFIB;AFIB
3592000;515.90;517.39;AFIB;AFIB
3594000;510.15;511.64;AFIB;AFIB
3596000;509.80;511.29;AFIB;AFIB
3598000;511.23;512.70;AFIB;AFIB
3600000;509.54;511.01;AFIB;AFIB
3602000;512.12;513.58;AFIB;AFIB
3604000;511.32;512.78;AFIB;AFIB
3606000;509.88;511.33;AFIB;AFIB
3608000;510.67;512.11;AFIB;AFIB
3610000;510.78;512.21;AFIB;AFIB
3612000;513.78;515.22;AFIB;AFIB
3614000;509.92;511.34;AFIB;AFIB
3616000;511.72;513.13;AFIB;AFIB
3618000;511.51;512.93;AFIB;AFIB
3620000;507.64;509.04;AFIB;AFIB
3622000;510.99;512.39;AFIB;AFIB
3624000;510.87;512.27;AFIB;AFIB
3626000;511.32;512.70;AFIB;AFIB
3628000;513.14;514.52;AFIB;AFIB
3630000;514.05;515.42;AFIB;AFIB
3632000;511.72;513.08;AFIB;AFIB
3634000;514.70;516.06;AFIB;AFIB
3636000;512.18;513.54;AFIB;AFIB
3638000;510.86;512.20;AFIB;AFIB
3640000;507.55;508.89;AFIB;AFIB
3642000;510.03;511.36;AFIB;AFIB
3644000;512.92;514.24;AFIB;AFIB
3646000;514.46;515.78;AFIB;AFIB
3648000;512.40;513.71;AFIB;AFIB
3650000;505.53;506.84;AFIB;AFIB
3652000;508.65;509.95;AFIB;AFIB
3654000;512.45;513.74;AFIB;AFIB
3656000;509.41;510.69;AFIB;AFIB
3658000;511.54;512.82;AFIB;AFIB
3660000;507.93;509.21;AFIB;AFIB
3662000;507.66;508.93;AFIB;AFIB
3664000;508.54;509.80;AFIB;AFIB
3666000;507.89;509.14;AFIB;AFIB
3668000;511.77;513.01;AFIB;AFIB
3670000;512.05;513.29;AFIB;AFIB
3672000;509.80;511.04;AFIB;AFIB
3674000;511.92;513.15;AFIB;AFIB
3676000;509.15;510.37;AFIB;AFIB
3678000;508.32;509.53;AFIB;AFIB
3680000;511.29;512.49;AFIB;AFIB
3682000;509.30;510.49;AFIB;AFIB
3684000;508.56;509.75;AFIB;AFIB
3686000;512.85;514.03;AFIB;AFIB
3688000;507.34;508.51;AFIB;AFIB
3690000;512.86;514.03;AFIB;AFIB
3692000;506.50;507.66;AFIB;AFIB
3694000;510.07;511.22;AFIB;AFIB
3696000;506.85;508.00;AFIB;AFIB
3698000;509.46;510.60;AFIB;AFIB
3700000;510.51;511.64;AFIB;AFIB
3702000;510.25;511.38;AFIB;AFIB
3704000;506.78;507.90;AFIB;AFIB
3706000;511.46;512.58;AFIB;AFIB
3708000;509.67;510.77;AFIB;AFIB
3710000;510.51;511.61;AFIB;AFIB
3712000;508.53;509.62;AFIB;AFIB
3714000;511.90;512.98;AFIB;AFIB
3716000;509.60;510.68;AFIB;AFIB
3718000;512.56;513.63;AFIB;AFIB
3720000;513.91;514.97;AFIB;AFIB
3722000;510.34;511.39;AFIB;AFIB
3724000;502.55;503.60;AFIB;AFIB
3726000;508.63;509.67;AFIB;AFIB
3728000;510.57;511.61;AFIB;AFIB
3730000;507.24;508.27;AFIB;AFIB
3732000;511.57;512.59;AFIB;AFIB
3734000;510.69;511.70;AFIB;AFIB
3736000;511.31;512.32;AFIB;AFIB
3738000;510.21;511.21;AFIB;AFIB
3740000;506.54;507.54;AFIB;AFIB
3742000;509.34;510.33;AFIB;AFIB
3744000;513.98;514.95;AFIB;AFIB
3746000;514.63;515.60;AFIB;AFIB
3748000;515.37;516.33;AFIB;AFIB
3750000;505.94;506.90;AFIB;AFIB
3752000;516.02;516.97;AFIB;AFIB
3754000;513.06;514.01;AFIB;AFIB
3756000;509.32;510.26;AFIB;AFIB
3758000;511.70;512.63;AFIB;AFIB
3760000;509.01;509.93;AFIB;AFIB
3762000;515.83;516.74;AFIB;AFIB
3764000;509.50;510.41;AFIB;AFIB
3766000;511.21;512.10;AFIB;AFIB
3768000;514.54;515.43;AFIB;AFIB
3770000;515.32;516.20;AFIB;AFIB
3772000;512.92;513.80;AFIB;AFIB
3774000;510.28;511.15;AFIB;AFIB
3776000;512.30;513.17;AFIB;AFIB
3778000;510.75;511.60;AFIB;AFIB
3780000;513.80;514.65;AFIB;AFIB
3782000;512.68;513.52;AFIB;AFIB
3784000;510.25;511.08;AFIB;AFIB
3786000;505.96;506.79;AFIB;AFIB
3788000;512.42;513.24;AFIB;AFIB
3790000;512.13;512.94;AFIB;AFIB
3792000;511.61;512.41;AFIB;AFIB
3794000;512.82;513.62;AFIB;AFIB
3796000;510.82;511.60;AFIB;AFIB
3798000;508.16;508.94;AFIB;AFIB
3800000;508.50;509.27;AFIB;AFIB
3802000;506.53;507.29;AFIB;AFIB
3804000;509.19;509.95;AFIB;AFIB
3806000;510.77;511.52;AFIB;AFIB
3808000;506.33;507.08;AFIB;AFIB
3810000;511.81;512.55;AFIB;AFIB
3812000;513.77;514.50;AFIB;AFIB
3814000;510.24;510.96;AFIB;AFIB
3816000;513.39;514.10;AFIB;AFIB
3818000;512.09;512.79;AFIB;AFIB
3820000;510.91;511.61;AFIB;AFIB
3822000;507.78;508.47;AFIB;AFIB
3824000;512.14;512.82;AFIB;AFIB
3826000;514.07;514.75;AFIB;AFIB
3828000;511.66;512.33;AFIB;AFIB
3830000;513.00;513.66;AFIB;AFIB
3832000;509.48;510.13;AFIB;AFIB
3834000;515.06;515.71;AFIB;AFIB
3836000;512.04;512.68;AFIB;AFIB
3838000;512.27;512.90;AFIB;AFIB
3840000;514.46;515.08;AFIB;AFIB
3842000;512.00;512.61;AFIB;AFIB
3844000;510.34;510.95;AFIB;AFIB
3846000;512.83;513.43;AFIB;AFIB
3848000;513.27;513.86;AFIB;AFIB
3850000;514.14;514.72;AFIB;AFIB
3852000;512.51;513.09;AFIB;AFIB
3854000;507.22;507.78;AFIB;AFIB
3856000;506.16;506.72;AFIB;AFIB
3858000;511.58;512.14;AFIB;AFIB
3860000;513.70;514.25;AFIB;AFIB
3862000;509.91;510.45;AFIB;AFIB
3864000;515.17;515.70;AFIB;AFIB
3866000;512.44;512.97;AFIB;AFIB
3868000;514.66;515.17;AFIB;AFIB
3870000;510.78;511.28;AFIB;AFIB
3872000;511.02;511.52;AFIB;AFIB
3874000;513.39;513.88;AFIB;AFIB
3876000;512.71;513.19;AFIB;AFIB
3878000;511.55;512.03;AFIB;AFIB
3880000;510.34;510.81;AFIB;AFIB
3882000;510.72;511.18;AFIB;AFIB
3884000;512.17;512.62;AFIB;AFIB
3886000;513.00;513.45;AFIB;AFIB
3888000;512.85;513.29;AFIB;AFIB
3890000;507.90;508.33;AFIB;AFIB
3892000;512.47;512.89;AFIB;AFIB
3894000;514.67;515.09;AFIB;AFIB
3896000;510.88;511.28;AFIB;AFIB
3898000;513.92;514.32;AFIB;AFIB
3900000;512.19;512.58;AFIB;AFIB
3902000;512.22;512.60;AFIB;AFIB
3904000;509.16;509.53;AFIB;AFIB
3906000;515.64;516.00;AFIB;AFIB
3908000;513.36;513.72;AFIB;AFIB
3910000;511.42;511.77;AFIB;AFIB
3912000;513.34;513.68;AFIB;AFIB
3914000;509.01;509.35;AFIB;AFIB
3916000;512.74;513.07;AFIB;AFIB
3918000;509.73;510.06;AFIB;AFIB
3920000;510.33;510.65;AFIB;AFIB
3922000;519.12;519.43;AFIB;AFIB
3924000;511.42;511.71;AFIB;AFIB
3926000;510.86;511.15;AFIB;AFIB
3928000;509.66;509.94;AFIB;AFIB
3930000;503.85;504.13;AFIB;AFIB
3932000;513.34;513.60;AFIB;AFIB
3934000;512.10;512.36;AFIB;AFIB
3936000;513.51;513.76;AFIB;AFIB
3938000;511.30;511.54;AFIB;AFIB
3940000;509.75;509.98;AFIB;AFIB
3942000;511.46;511.69;AFIB;AFIB
3944000;511.41;511.63;AFIB;AFIB
3946000;514.22;514.43;AFIB;AFIB
3948000;510.36;510.56;AFIB;AFIB
3950000;514.26;514.46;AFIB;AFIB
3952000;512.08;512.27;AFIB;AFIB
3954000;509.56;509.74;AFIB;AFIB
3956000;512.29;512.46;AFIB;AFIB
3958000;513.65;513.81;AFIB;AFIB
3960000;511.11;511.27;AFIB;AFIB
3962000;513.65;513.80;AFIB;AFIB
3964000;511.71;511.85;AFIB;AFIB
3966000;514.22;514.35;AFIB;AFIB
3968000;513.11;513.23;AFIB;AFIB
3970000;511.91;512.03;AFIB;AFIB
3972000;516.02;516.13;AFIB;AFIB
3974000;513.16;513.26;AFIB;AFIB
3976000;511.45;511.54;AFIB;AFIB
3978000;510.59;510.68;AFIB;AFIB
3980000;515.27;515.35;AFIB;AFIB
3982000;512.17;512.24;AFIB;AFIB
3984000;512.99;513.05;AFIB;AFIB
3986000;512.37;512.43;AFIB;AFIB
3988000;515.70;515.75;AFIB;AFIB
3990000;513.51;513.55;AFIB;AFIB
3992000;514.03;514.07;AFIB;AFIB
3994000;513.73;513.76;AFIB;AFIB
3996000;511.09;511.10;AFIB;AFIB
3998000;511.05;511.06;AFIB;AFIB
4000000;513.30;513.30;AFIB;AFIB
4002000;514.26;514.25;AFIB;AFIB
4004000;512.11;512.10;AFIB;AFIB
4006000;511.63;511.61;AFIB;AFIB
4008000;510.81;510.78;AFIB;AFIB
4010000;517.03;516.99;AFIB;AFIB
4012000;506.14;506.09;AFIB;AFIB
4014000;513.01;512.96;AFIB;AFIB
4016000;509.26;509.19;AFIB;AFIB
4018000;517.76;517.69;AFIB;AFIB
4020000;509.55;509.47;AFIB;AFIB
4022000;513.28;513.19;AFIB;AFIB
4024000;510.91;510.82;AFIB;AFIB
4026000;511.84;511.74;AFIB;AFIB
4028000;510.82;510.71;AFIB;AFIB
4030000;512.70;512.58;AFIB;AFIB
4032000;517.73;517.61;AFIB;AFIB
4034000;512.47;512.34;AFIB;AFIB
4036000;514.31;514.16;AFIB;AFIB
4038000;510.89;510.74;AFIB;AFIB
4040000;514.35;514.19;AFIB;AFIB
4042000;514.20;514.04;AFIB;AFIB
4044000;510.43;510.25;AFIB;AFIB
4046000;513.67;513.49;AFIB;AFIB
4048000;512.90;512.71;AFIB;AFIB
4050000;514.44;514.25;AFIB;AFIB
4052000;509.88;509.68;AFIB;AFIB
4054000;506.97;506.76;AFIB;AFIB
4056000;513.56;513.34;AFIB;AFIB
4058000;514.22;513.99;AFIB;AFIB
4060000;510.77;510.53;AFIB;AFIB
4062000;513.47;513.22;AFIB;AFIB
4064000;514.74;514.49;AFIB;AFIB
4066000;514.93;514.67;AFIB;AFIB
4068000;510.76;510.49;AFIB;AFIB
4070000;516.80;516.52;AFIB;AFIB
4072000;509.53;509.25;AFIB;AFIB
4074000;508.65;508.36;AFIB;AFIB
4076000;512.18;511.88;AFIB;AFIB
4078000;510.82;510.51;AFIB;AFIB
4080000;511.29;510.98;AFIB;AFIB
4082000;509.32;509.00;AFIB;AFIB
4084000;510.47;510.14;AFIB;AFIB
4086000;507.42;507.08;AFIB;AFIB
4088000;510.67;510.33;AFIB;AFIB
4090000;506.22;505.86;AFIB;AFIB
4092000;509.96;509.60;AFIB;AFIB
4094000;512.45;512.09;AFIB;AFIB
4096000;517.36;516.99;AFIB;AFIB
4098000;509.43;509.05;AFIB;AFIB
4100000;512.75;512.36;AFIB;AFIB
4102000;513.28;512.88;AFIB;AFIB
4104000;512.61;512.20;AFIB;AFIB
4106000;508.48;508.06;AFIB;AFIB
4108000;512.85;512.43;AFIB;AFIB
4110000;512.75;512.32;AFIB;AFIB
4112000;511.51;511.07;AFIB;AFIB
4114000;508.92;508.47;AFIB;AFIB
4116000;510.15;509.70;AFIB;AFIB
4118000;510.95;510.49;AFIB;AFIB
4120000;511.22;510.75;AFIB;AFIB
4122000;508.38;507.90;AFIB;AFIB
4124000;509.67;509.19;AFIB;AFIB
4126000;511.30;510.81;AFIB;AFIB
4128000;509.50;509.00;AFIB;AFIB
4130000;510.02;509.51;AFIB;AFIB
4132000;513.72;513.21;AFIB;AFIB
4134000;509.41;508.89;AFIB;AFIB
4136000;516.34;515.81;AFIB;AFIB
4138000;515.44;514.90;AFIB;AFIB
4140000;513.15;512.60;AFIB;AFIB
4142000;512.35;511.79;AFIB;AFIB
4144000;509.44;508.88;AFIB;AFIB
4146000;511.80;511.23;AFIB;AFIB
4148000;511.96;511.38;AFIB;AFIB
4150000;510.69;510.10;AFIB;AFIB
4152000;511.93;511.34;AFIB;AFIB
4154000;511.30;510.70;AFIB;AFIB
4156000;516.11;515.51;AFIB;AFIB
4158000;512.52;511.91;AFIB;AFIB
4160000;510.84;510.22;AFIB;AFIB
4162000;515.54;514.91;AFIB;AFIB
4164000;509.25;508.61;AFIB;AFIB
4166000;509.66;509.02;AFIB;AFIB
4168000;510.68;510.03;AFIB;AFIB
4170000;509.62;508.96;AFIB;AFIB
4172000;515.25;514.58;AFIB;AFIB
4174000;515.67;514.99;AFIB;AFIB
4176000;510.40;509.72;AFIB;AFIB
4178000;512.65;511.96;AFIB;AFIB
4180000;512.36;511.67;AFIB;AFIB
4182000;508.44;507.73;AFIB;AFIB
4184000;512.91;512.19;AFIB;AFIB
4186000;511.13;510.41;AFIB;AFIB
4188000;512.34;511.61;AFIB;AFIB
4190000;512.09;511.35;AFIB;AFIB
4192000;514.46;513.71;AFIB;AFIB
4194000;518.45;517.70;AFIB;AFIB
4196000;508.62;507.86;AFIB;AFIB
4198000;510.72;509.95;AFIB;AFIB
4200000;513.36;512.58;AFIB;AFIB
4202000;513.19;512.41;AFIB;AFIB
4204000;512.75;511.96;AFIB;AFIB
4206000;512.51;511.71;AFIB;AFIB
4208000;507.76;506.96;AFIB;AFIB
4210000;511.88;511.07;AFIB;AFIB
4212000;516.62;515.80;AFIB;AFIB
4214000;513.02;512.19;AFIB;AFIB
4216000;513.08;512.24;AFIB;AFIB
4218000;513.42;512.58;AFIB;AFIB
4220000;513.21;512.36;AFIB;AFIB
4222000;509.52;508.66;AFIB;AFIB
4224000;514.20;513.34;AFIB;AFIB
4226000;509.44;508.57;AFIB;AFIB
4228000;509.21;508.33;AFIB;AFIB
4230000;510.44;509.55;AFIB;AFIB
4232000;509.27;508.38;AFIB;AFIB
4234000;513.68;512.78;AFIB;AFIB
4236000;507.12;506.21;AFIB;AFIB
4238000;509.03;508.12;AFIB;AFIB
4240000;513.16;512.24;AFIB;AFIB
4242000;513.02;512.10;AFIB;AFIB
4244000;510.96;510.03;AFIB;AFIB
4246000;511.98;511.04;AFIB;AFIB
4248000;508.85;507.90;AFIB;AFIB
4250000;513.95;512.99;AFIB;AFIB
4252000;513.01;512.04;AFIB;AFIB
4254000;512.99;512.02;AFIB;AFIB
4256000;510.08;509.10;AFIB;AFIB
4258000;512.36;511.37;AFIB;AFIB
4260000;510.96;509.97;AFIB;AFIB
4262000;509.27;508.27;AFIB;AFIB
4264000;516.15;515.15;AFIB;AFIB
4266000;509.08;508.06;AFIB;AFIB
4268000;512.27;511.25;AFIB;AFIB
4270000;515.97;514.94;AFIB;AFIB
4272000;514.71;513.68;AFIB;AFIB
4274000;512.13;511.09;AFIB;AFIB
4276000;510.83;509.78;AFIB;AFIB
4278000;517.95;516.89;AFIB;AFIB
4280000;509.56;508.49;AFIB;AFIB
4282000;512.18;511.11;AFIB;AFIB
4284000;507.50;506.42;AFIB;AFIB
4286000;514.66;513.57;AFIB;AFIB
4288000;515.29;514.20;AFIB;AFIB
4290000;514.26;513.16;AFIB;AFIB
4292000;515.32;514.21;AFIB;AFIB
4294000;514.08;512.97;AFIB;AFIB
4296000;514.23;513.11;AFIB;AFIB
4298000;511.62;510.49;AFIB;AFIB
4300000;516.48;515.34;AFIB;AFIB
4302000;510.85;509.71;AFIB;AFIB
4304000;512.19;511.04;AFIB;AFIB
4306000;508.36;507.21;AFIB;AFIB
4308000;517.68;516.51;AFIB;AFIB
4310000;509.87;508.70;AFIB;AFIB
4312000;513.82;512.64;AFIB;AFIB
4314000;514.20;513.02;AFIB;AFIB
4316000;514.43;513.24;AFIB;AFIB
4318000;513.71;512.52;AFIB;AFIB
4320000;509.89;508.69;AFIB;AFIB
4322000;516.98;515.76;AFIB;AFIB
4324000;511.48;510.26;AFIB;AFIB
4326000;512.93;511.71;AFIB;AFIB
4328000;507.97;506.74;AFIB;AFIB
4330000;515.78;514.54;AFIB;AFIB
4332000;515.82;514.57;AFIB;AFIB
4334000;520.23;518.98;AFIB;AFIB
4336000;508.82;507.56;AFIB;AFIB
4338000;513.61;512.34;AFIB;AFIB
4340000;511.37;510.10;AFIB;AFIB
4342000;511.53;510.25;AFIB;AFIB
4344000;517.19;515.91;AFIB;AFIB
4346000;511.43;510.13;AFIB;AFIB
4348000;516.62;515.32;AFIB;AFIB
4350000;514.56;513.25;AFIB;AFIB
4352000;510.30;508.99;AFIB;AFIB
4354000;514.79;513.47;AFIB;AFIB
4356000;514.53;513.20;AFIB;AFIB
4358000;512.25;510.91;AFIB;AFIB
4360000;511.25;509.91;AFIB;AFIB
4362000;510.19;508.84;AFIB;AFIB
4364000;514.67;513.31;AFIB;AFIB
4366000;517.22;515.86;AFIB;AFIB
4368000;510.55;509.19;AFIB;AFIB
4370000;515.33;513.95;AFIB;AFIB
4372000;510.23;508.85;AFIB;AFIB
4374000;513.56;512.17;AFIB;AFIB
4376000;513.44;512.05;AFIB;AFIB
4378000;510.11;508.71;AFIB;AFIB
4380000;512.65;511.24;AFIB;AFIB
4382000;514.89;513.48;AFIB;AFIB
4384000;515.16;513.74;AFIB;AFIB
4386000;516.39;514.96;AFIB;AFIB
4388000;513.10;511.67;AFIB;AFIB
4390000;515.20;513.76;AFIB;AFIB
4392000;515.09;513.64;AFIB;AFIB
4394000;512.26;510.81;AFIB;AFIB
4396000;513.11;511.65;AFIB;AFIB
4398000;509.96;508.50;AFIB;AFIB
4400000;511.97;510.51;AFIB;AFIB
4402000;514.53;513.05;AFIB;AFIB
4404000;514.30;512.82;AFIB;AFIB
4406000;515.84;514.36;AFIB;AFIB
4408000;512.18;510.68;AFIB;AFIB
4410000;516.56;515.05;AFIB;AFIB
4412000;514.99;513.48;AFIB;AFIB
4414000;515.11;513.60;AFIB;AFIB
4416000;516.77;515.25;AFIB;AFIB
4418000;512.11;510.58;AFIB;AFIB
4420000;514.39;512.85;AFIB;AFIB
4422000;509.70;508.16;AFIB;AFIB
4424000;514.47;512.92;AFIB;AFIB
4426000;516.05;514.50;AFIB;AFIB
4428000;515.12;513.57;AFIB;AFIB
4430000;514.08;512.52;AFIB;AFIB
4432000;513.59;512.02;AFIB;AFIB
4434000;513.92;512.34;AFIB;AFIB
4436000;511.64;510.06;AFIB;AFIB
4438000;513.67;512.08;AFIB;AFIB
4440000;513.87;512.27;AFIB;AFIB
4442000;507.35;505.75;AFIB;AFIB
4444000;516.61;515.00;AFIB;AFIB
4446000;509.98;508.37;AFIB;AFIB
4448000;518.12;516.51;AFIB;AFIB
4450000;508.98;507.36;AFIB;AFIB
4452000;512.76;511.13;AFIB;AFIB
4454000;515.37;513.73;AFIB;AFIB
4456000;513.99;512.35;AFIB;AFIB
4458000;520.45;518.80;AFIB;AFIB
4460000;512.75;511.10;AFIB;AFIB
4462000;514.49;512.83;AFIB;AFIB
4464000;514.64;512.98;AFIB;AFIB
4466000;511.40;509.73;AFIB;AFIB
4468000;518.29;516.61;AFIB;AFIB
4470000;511.65;509.97;AFIB;AFIB
4472000;512.74;511.05;AFIB;AFIB
4474000;509.14;507.45;AFIB;AFIB
4476000;517.45;515.75;AFIB;AFIB
4478000;511.91;510.21;AFIB;AFIB
4480000;514.33;512.62;AFIB;AFIB
4482000;511.24;509.52;AFIB;AFIB
4484000;509.75;508.02;AFIB;AFIB
4486000;515.24;513.51;AFIB;AFIB
4488000;513.13;511.40;AFIB;AFIB
4490000;514.43;512.69;AFIB;AFIB
4492000;515.87;514.13;AFIB;AFIB
4494000;514.29;512.54;AFIB;AFIB
4496000;513.87;512.12;AFIB;AFIB
4498000;515.32;513.56;AFIB;AFIB
4500000;514.63;512.86;AFIB;AFIB
4502000;514.31;512.53;AFIB;AFIB
4504000;512.41;510.63;AFIB;AFIB
4506000;515.66;513.88;AFIB;AFIB
4508000;510.17;508.39;AFIB;AFIB
4510000;515.40;513.61;AFIB;AFIB
4512000;513.76;511.96;AFIB;AFIB
4514000;513.09;511.28;AFIB;AFIB
4516000;517.46;515.65;AFIB;AFIB
4518000;513.51;511.69;AFIB;AFIB
4520000;510.66;508.84;AFIB;AFIB
4522000;515.60;513.78;AFIB;AFIB
4524000;516.38;514.55;AFIB;AFIB
4526000;508.47;506.63;AFIB;AFIB
4528000;513.35;511.50;AFIB;AFIB
4530000;512.76;510.91;AFIB;AFIB
4532000;513.51;511.66;AFIB;AFIB
4534000;516.89;515.03;AFIB;AFIB
4536000;510.62;508.75;AFIB;AFIB
4538000;513.97;512.10;AFIB;AFIB
4540000;518.43;516.55;AFIB;AFIB
4542000;514.54;512.66;AFIB;AFIB
4544000;516.16;514.27;AFIB;AFIB
4546000;513.50;511.60;AFIB;AFIB
4548000;513.92;512.02;AFIB;AFIB
4550000;515.59;513.68;AFIB;AFIB
4552000;513.17;511.27;AFIB;AFIB
4554000;508.12;506.21;AFIB;AFIB
4556000;511.88;509.96;AFIB;AFIB
4558000;511.27;509.35;AFIB;AFIB
4560000;514.57;512.65;AFIB;AFIB
4562000;516.29;514.35;AFIB;AFIB
4564000;511.53;509.60;AFIB;AFIB
4566000;510.82;508.88;AFIB;AFIB
4568000;515.97;514.03;AFIB;AFIB
4570000;512.87;510.92;AFIB;AFIB
4572000;516.02;514.07;AFIB;AFIB
4574000;511.69;509.73;AFIB;AFIB
4576000;513.50;511.53;AFIB;AFIB
4578000;510.46;508.49;AFIB;AFIB
4580000;510.67;508.69;AFIB;AFIB
4582000;512.96;510.98;AFIB;AFIB
4584000;512.02;510.04;AFIB;AFIB
4586000;509.59;507.60;AFIB;AFIB
4588000;512.66;510.67;AFIB;AFIB
4590000;514.72;512.72;AFIB;AFIB
4592000;513.36;511.36;AFIB;AFIB
4594000;516.01;514.00;AFIB;AFIB
4596000;516.45;514.44;AFIB;AFIB
4598000;514.35;512.33;AFIB;AFIB
4600000;515.46;513.44;AFIB;AFIB
4602000;513.57;511.54;AFIB;AFIB
4604000;514.45;512.42;AFIB;AFIB
4606000;509.54;507.50;AFIB;AFIB
4608000;514.73;512.69;AFIB;AFIB
4610000;511.52;509.48;AFIB;AFIB
4612000;511.70;509.65;AFIB;AFIB
4614000;515.57;513.52;AFIB;AFIB
4616000;517.34;515.28;AFIB;AFIB
4618000;512.34;510.27;AFIB;AFIB
4620000;516.23;514.16;AFIB;AFIB
4622000;511.13;509.06;AFIB;AFIB
4624000;513.50;511.43;AFIB;AFIB
4626000;519.22;517.14;AFIB;AFIB
4628000;512.56;510.48;AFIB;AFIB
4630000;513.16;511.07;AFIB;AFIB
4632000;513.88;511.79;AFIB;AFIB
4634000;515.28;513.18;AFIB;AFIB
4636000;513.00;510.90;AFIB;AFIB
4638000;518.89;516.78;AFIB;AFIB
4640000;515.23;513.12;AFIB;AFIB
4642000;517.31;515.20;AFIB;AFIB
4644000;512.75;510.63;AFIB;AFIB
4646000;516.97;514.84;AFIB;AFIB
4648000;512.97;510.84;AFIB;AFIB
4650000;510.73;508.60;AFIB;AFIB
4652000;509.37;507.24;AFIB;AFIB
4654000;515.07;512.93;AFIB;AFIB
4656000;511.75;509.61;AFIB;AFIB
4658000;509.24;507.09;AFIB;AFIB
4660000;512.21;510.06;AFIB;AFIB
4662000;516.69;514.54;AFIB;AFIB
4664000;511.77;509.61;AFIB;AFIB
4666000;513.74;511.58;AFIB;AFIB
4668000;512.77;510.60;AFIB;AFIB
4670000;516.98;514.81;AFIB;AFIB
4672000;518.85;516.67;AFIB;AFIB
4674000;512.74;510.56;AFIB;AFIB
4676000;514.07;511.89;AFIB;AFIB
4678000;514.28;512.09;AFIB;AFIB
4680000;512.78;510.59;AFIB;AFIB
4682000;521.20;519.01;AFIB;AFIB
4684000;512.20;510.00;AFIB;AFIB
4686000;516.49;514.29;AFIB;AFIB
4688000;514.81;512.61;AFIB;AFIB
4690000;511.54;509.33;AFIB;AFIB
4692000;513.03;510.81;AFIB;AFIB
4694000;512.45;510.24;AFIB;AFIB
4696000;514.01;511.79;AFIB;AFIB
4698000;514.78;512.55;AFIB;AFIB
4700000;511.96;509.73;AFIB;AFIB
4702000;512.61;510.38;AFIB;AFIB
4704000;512.01;509.77;AFIB;AFIB
4706000;514.73;512.49;AFIB;AFIB
4708000;513.86;511.62;AFIB;AFIB
4710000;516.54;514.29;AFIB;AFIB
4712000;510.98;508.73;AFIB;AFIB
4714000;517.94;515.68;AFIB;AFIB
4716000;514.02;511.76;AFIB;AFIB
4718000;512.81;510.55;AFIB;AFIB
4720000;510.23;507.97;AFIB;AFIB
4722000;512.91;510.64;AFIB;AFIB
4724000;515.84;513.57;AFIB;AFIB
4726000;515.39;513.12;AFIB;AFIB
4728000;515.61;513.33;AFIB;AFIB
4730000;514.80;512.52;AFIB;AFIB
4732000;514.53;512.24;AFIB;AFIB
4734000;513.00;510.72;AFIB;AFIB
4736000;511.48;509.19;AFIB;AFIB
4738000;514.38;512.09;AFIB;AFIB
4740000;517.32;515.03;AFIB;AFIB
4742000;514.26;511.96;AFIB;AFIB
4744000;513.95;511.65;AFIB;AFIB
4746000;513.82;511.52;AFIB;AFIB
4748000;512.55;510.24;AFIB;AFIB
4750000;513.80;511.49;AFIB;AFIB
4752000;516.68;514.37;AFIB;AFIB
4754000;517.95;515.64;AFIB;AFIB
4756000;513.55;511.23;AFIB;AFIB
4758000;512.89;510.57;AFIB;AFIB
4760000;510.79;508.47;AFIB;AFIB
4762000;514.22;511.89;AFIB;AFIB
4764000;514.18;511.85;AFIB;AFIB
4766000;516.59;514.26;AFIB;AFIB
4768000;512.73;510.39;AFIB;AFIB
4770000;511.41;509.07;AFIB;AFIB
4772000;514.27;511.93;AFIB;AFIB
4774000;513.98;511.64;AFIB;AFIB
4776000;513.79;511.44;AFIB;AFIB
4778000;513.87;511.52;AFIB;AFIB
4780000;514.09;511.74;AFIB;AFIB
4782000;514.91;512.55;AFIB;AFIB
4784000;514.46;512.10;AFIB;AFIB
4786000;515.00;512.64;AFIB;AFIB
4788000;514.57;512.21;AFIB;AFIB
4790000;515.64;513.27;AFIB;AFIB
4792000;511.98;509.62;AFIB;AFIB
4794000;513.05;510.68;AFIB;AFIB
4796000;514.43;512.06;AFIB;AFIB
4798000;515.29;512.91;AFIB;AFIB
4800000;517.09;514.71;AFIB;AFIB
4802000;515.78;513.40;AFIB;AFIB
4804000;512.99;510.61;AFIB;AFIB
4806000;514.96;512.57;AFIB;AFIB
4808000;509.95;507.56;AFIB;AFIB
4810000;519.00;516.61;AFIB;AFIB
4812000;516.20;513.81;AFIB;AFIB
4814000;514.59;512.20;AFIB;AFIB
4816000;511.25;508.85;AFIB;AFIB
4818000;517.90;515.50;AFIB;AFIB
4820000;508.16;505.76;AFIB;AFIB
4822000;515.73;513.33;AFIB;AFIB
4824000;519.31;516.90;AFIB;AFIB
4826000;514.95;512.54;AFIB;AFIB
4828000;515.28;512.87;AFIB;AFIB
4830000;514.01;511.60;AFIB;AFIB
4832000;511.27;508.85;AFIB;AFIB
4834000;520.72;518.30;AFIB;AFIB
4836000;514.09;511.67;AFIB;AFIB
4838000;511.38;508.96;AFIB;AFIB
4840000;515.88;513.46;AFIB;AFIB
4842000;513.63;511.21;AFIB;AFIB
4844000;510.31;507.88;AFIB;AFIB
4846000;517.65;515.22;AFIB;AFIB
4848000;513.75;511.32;AFIB;AFIB
4850000;515.74;513.31;AFIB;AFIB
4852000;512.41;509.98;AFIB;AFIB
4854000;515.10;512.67;AFIB;AFIB
4856000;516.50;514.07;AFIB;AFIB
4858000;511.45;509.01;AFIB;AFIB
4860000;519.79;517.35;AFIB;AFIB
4862000;513.81;511.37;AFIB;AFIB
4864000;513.00;510.56;AFIB;AFIB
4866000;515.24;512.79;AFIB;AFIB
4868000;516.75;514.30;AFIB;AFIB
4870000;513.01;510.56;AFIB;AFIB
4872000;517.57;515.12;AFIB;AFIB
4874000;513.47;511.02;AFIB;AFIB
4876000;514.80;512.35;AFIB;AFIB
4878000;515.20;512.74;AFIB;AFIB
4880000;515.83;513.37;AFIB;AFIB
4882000;506.45;503.99;AFIB;AFIB
4884000;512.74;510.28;AFIB;AFIB
4886000;513.25;510.79;AFIB;AFIB
4888000;515.09;512.62;AFIB;AFIB
4890000;515.79;513.33;AFIB;AFIB
4892000;514.84;512.38;AFIB;AFIB
4894000;514.53;512.06;AFIB;AFIB
4896000;517.21;514.74;AFIB;AFIB
4898000;512.63;510.17;AFIB;AFIB
4900000;514.32;511.85;AFIB;AFIB
4902000;513.10;510.63;AFIB;AFIB
4904000;517.85;515.37;AFIB;AFIB
4906000;510.83;508.36;AFIB;AFIB
4908000;514.68;512.20;AFIB;AFIB
4910000;516.09;513.61;AFIB;AFIB
4912000;516.54;514.07;AFIB;AFIB
4914000;513.74;511.26;AFIB;AFIB
4916000;512.62;510.14;AFIB;AFIB
4918000;514.94;512.46;AFIB;AFIB
4920000;516.21;513.73;AFIB;AFIB
4922000;518.58;516.10;AFIB;AFIB
4924000;517.36;514.88;AFIB;AFIB
4926000;516.38;513.89;AFIB;AFIB
4928000;513.97;511.49;AFIB;AFIB
4930000;508.75;506.26;AFIB;AFIB
4932000;514.51;512.02;AFIB;AFIB
4934000;518.59;516.10;AFIB;AFIB
4936000;511.12;508.63;AFIB;AFIB
4938000;518.09;515.60;AFIB;AFIB
4940000;513.46;510.97;AFIB;AFIB
4942000;514.14;511.65;AFIB;AFIB
4944000;513.16;510.67;AFIB;AFIB
4946000;510.43;507.94;AFIB;AFIB
4948000;512.37;509.88;AFIB;AFIB
4950000;513.52;511.03;AFIB;AFIB
4952000;513.72;511.22;AFIB;AFIB
4954000;515.50;513.01;AFIB;AFIB
4956000;515.73;513.23;AFIB;AFIB
4958000;509.84;507.35;AFIB;AFIB
4960000;513.46;510.97;AFIB;AFIB
4962000;515.49;513.00;AFIB;AFIB
4964000;517.97;515.48;AFIB;AFIB
4966000;515.43;512.93;AFIB;AFIB
4968000;516.74;514.24;AFIB;AFIB
4970000;516.65;514.15;AFIB;AFIB
4972000;513.70;511.20;AFIB;AFIB
4974000;513.81;511.32;AFIB;AFIB
4976000;518.56;516.06;AFIB;AFIB
4978000;516.93;514.43;AFIB;AFIB
4980000;509.38;506.88;AFIB;AFIB
4982000;514.41;511.91;AFIB;AFIB
4984000;516.96;514.46;AFIB;AFIB
4986000;517.62;515.12;AFIB;AFIB
4988000;516.09;513.59;AFIB;AFIB
4990000;513.65;511.15;AFIB;AFIB
4992000;515.02;512.52;AFIB;AFIB
4994000;512.71;510.21;AFIB;AFIB
4996000;510.46;507.96;AFIB;AFIB
4998000;511.42;508.92;AFIB;AFIB
5000000;513.27;510.77;AFIB;AFIB
5002000;517.08;514.58;AFIB;AFIB
5004000;515.80;513.30;AFIB;AFIB
5006000;513.96;511.46;AFIB;AFIB
5008000;520.05;517.55;AFIB;AFIB
5010000;514.10;511.60;AFIB;AFIB
5012000;514.87;512.37;AFIB;AFIB
5014000;509.36;506.87;AFIB;AFIB
5016000;513.79;511.29;AFIB;AFIB
5018000;517.17;514.67;AFIB;AFIB
5020000;514.30;511.80;AFIB;AFIB
5022000;511.55;509.05;AFIB;AFIB
5024000;516.29;513.79;AFIB;AFIB
5026000;514.10;511.60;AFIB;AFIB
5028000;511.34;508.84;AFIB;AFIB
5030000;512.49;509.99;AFIB;AFIB
5032000;514.33;511.84;AFIB;AFIB
5034000;515.64;513.15;AFIB;AFIB
5036000;518.42;515.92;AFIB;AFIB
5038000;515.19;512.70;AFIB;AFIB
5040000;513.92;511.42;AFIB;AFIB
5042000;515.83;513.33;AFIB;AFIB
5044000;513.48;510.98;AFIB;AFIB
5046000;513.40;510.90;AFIB;AFIB
5048000;516.26;513.76;AFIB;AFIB
5050000;517.80;515.31;AFIB;AFIB
5052000;514.45;511.96;AFIB;AFIB
5054000;513.62;511.13;AFIB;AFIB
5056000;515.14;512.65;AFIB;AFIB
5058000;513.03;510.54;AFIB;AFIB
5060000;518.17;515.68;AFIB;AFIB
5062000;510.02;507.53;AFIB;AFIB
5064000;515.24;512.75;AFIB;AFIB
5066000;513.72;511.23;AFIB;AFIB
5068000;512.84;510.35;AFIB;AFIB
5070000;512.19;509.70;AFIB;AFIB
5072000;513.60;511.12;AFIB;AFIB
5074000;511.05;508.56;AFIB;AFIB
5076000;519.11;516.62;AFIB;AFIB
5078000;516.71;514.22;AFIB;AFIB
5080000;516.26;513.78;AFIB;AFIB
5082000;509.24;506.76;AFIB;AFIB
5084000;515.96;513.48;AFIB;AFIB
5086000;513.62;511.14;AFIB;AFIB
5088000;514.00;511.53;AFIB;AFIB
5090000;515.08;512.61;AFIB;AFIB
5092000;511.56;509.09;AFIB;AFIB
5094000;512.76;510.28;AFIB;AFIB
5096000;516.82;514.35;AFIB;AFIB
5098000;510.76;508.29;AFIB;AFIB
5100000;515.94;513.47;AFIB;AFIB
5102000;511.59;509.12;AFIB;AFIB
5104000;513.28;510.82;AFIB;AFIB
5106000;520.01;517.54;AFIB;AFIB
5108000;515.00;512.54;AFIB;AFIB
5110000;515.47;513.01;AFIB;AFIB
5112000;511.59;509.13;AFIB;AFIB
5114000;515.85;513.39;AFIB;AFIB
5116000;515.64;513.18;AFIB;AFIB
5118000;515.19;512.73;AFIB;AFIB
5120000;511.19;508.73;AFIB;AFIB
5122000;517.31;514.85;AFIB;AFIB
5124000;511.95;509.50;AFIB;AFIB
5126000;517.93;515.48;AFIB;AFIB
5128000;513.12;510.67;AFIB;AFIB
5130000;510.90;508.45;AFIB;AFIB
5132000;516.79;514.34;AFIB;AFIB
5134000;516.59;514.14;AFIB;AFIB
5136000;515.57;513.13;AFIB;AFIB
5138000;509.27;506.82;AFIB;AFIB
5140000;518.50;516.06;AFIB;AFIB
5142000;515.86;513.42;AFIB;AFIB
5144000;516.34;513.91;AFIB;AFIB
5146000;516.54;514.10;AFIB;AFIB
5148000;516.98;514.54;AFIB;AFIB
5150000;515.65;513.22;AFIB;AFIB
5152000;515.63;513.20;AFIB;AFIB
5154000;515.63;513.21;AFIB;AFIB
5156000;516.27;513.85;AFIB;AFIB
5158000;514.97;512.55;AFIB;AFIB
5160000;513.63;511.21;AFIB;AFIB
5162000;510.44;508.02;AFIB;AFIB
5164000;509.76;507.34;AFIB;AFIB
5166000;512.83;510.42;AFIB;AFIB
5168000;516.78;514.37;AFIB;AFIB
5170000;511.97;509.56;AFIB;AFIB
5172000;511.74;509.33;AFIB;AFIB
5174000;510.54;508.13;AFIB;AFIB
5176000;515.03;512.63;AFIB;AFIB
5178000;517.87;515.46;AFIB;AFIB
5180000;512.37;509.97;AFIB;AFIB
5182000;513.63;511.24;AFIB;AFIB
5184000;513.76;511.37;AFIB;AFIB
5186000;517.38;514.98;AFIB;AFIB
5188000;513.59;511.19;AFIB;AFIB
5190000;517.34;514.95;AFIB;AFIB
5192000;510.83;508.45;AFIB;AFIB
5194000;515.40;513.01;AFIB;AFIB
5196000;514.96;512.58;AFIB;AFIB
5198000;511.00;508.62;AFIB;AFIB
5200000;516.14;513.77;AFIB;AFIB
5202000;512.73;510.35;AFIB;AFIB
5204000;512.59;510.22;AFIB;AFIB
5206000;514.27;511.90;AFIB;AFIB
5208000;514.44;512.07;AFIB;AFIB
5210000;513.70;511.33;AFIB;AFIB
5212000;511.91;509.55;AFIB;AFIB
5214000;514.86;512.49;AFIB;AFIB
5216000;512.45;510.09;AFIB;AFIB
5218000;515.60;513.25;AFIB;AFIB
5220000;510.21;507.85;AFIB;AFIB
5222000;511.60;509.25;AFIB;AFIB
5224000;512.72;510.37;AFIB;AFIB
5226000;514.50;512.15;AFIB;AFIB
5228000;516.49;514.15;AFIB;AFIB
5230000;512.62;510.28;AFIB;AFIB
5232000;514.18;511.84;AFIB;AFIB
5234000;514.52;512.19;AFIB;AFIB
5236000;512.46;510.13;AFIB;AFIB
5238000;510.50;508.17;AFIB;AFIB
5240000;514.43;512.11;AFIB;AFIB
5242000;516.01;513.69;AFIB;AFIB
5244000;516.26;513.94;AFIB;AFIB
5246000;515.78;513.47;AFIB;AFIB
5248000;514.25;511.94;AFIB;AFIB
5250000;508.62;506.31;AFIB;AFIB
5252000;517.18;514.87;AFIB;AFIB
5254000;514.25;511.95;AFIB;AFIB
5256000;513.34;511.04;AFIB;AFIB
5258000;518.66;516.36;AFIB;AFIB
5260000;514.89;512.59;AFIB;AFIB
5262000;511.18;508.89;AFIB;AFIB
5264000;512.75;510.47;AFIB;AFIB
5266000;513.72;511.44;AFIB;AFIB
5268000;513.76;511.48;AFIB;AFIB
5270000;512.67;510.40;AFIB;AFIB
5272000;515.92;513.64;AFIB;AFIB
5274000;516.94;514.67;AFIB;AFIB
5276000;509.43;507.17;AFIB;AFIB
5278000;511.78;509.51;AFIB;AFIB
5280000;514.58;512.32;AFIB;AFIB
5282000;515.41;513.15;AFIB;AFIB
5284000;516.01;513.75;AFIB;AFIB
5286000;514.09;511.84;AFIB;AFIB
5288000;514.03;511.79;AFIB;AFIB
5290000;515.37;513.12;AFIB;AFIB
5292000;514.12;511.88;AFIB;AFIB
5294000;520.08;517.84;AFIB;AFIB
5296000;509.82;507.59;AFIB;AFIB
5298000;512.70;510.47;AFIB;AFIB
5300000;521.61;519.38;AFIB;AFIB
5302000;517.12;514.89;AFIB;AFIB
5304000;514.51;512.28;AFIB;AFIB
5306000;515.26;513.05;AFIB;AFIB
5308000;510.92;508.71;AFIB;AFIB
5310000;513.53;511.32;AFIB;AFIB
5312000;515.71;513.50;AFIB;AFIB
5314000;511.84;509.64;AFIB;AFIB
5316000;514.27;512.08;AFIB;AFIB
5318000;511.92;509.72;AFIB;AFIB
5320000;515.95;513.76;AFIB;AFIB
5322000;512.73;510.55;AFIB;AFIB
5324000;516.26;514.08;AFIB;AFIB
5326000;515.03;512.85;AFIB;AFIB
5328000;511.52;509.35;AFIB;AFIB
5330000;514.77;512.60;AFIB;AFIB
5332000;514.08;511.91;AFIB;AFIB
5334000;516.05;513.89;AFIB;AFIB
5336000;514.96;512.80;AFIB;AFIB
5338000;515.54;513.39;AFIB;AFIB
5340000;516.76;514.61;AFIB;AFIB
5342000;511.69;509.54;AFIB;AFIB
5344000;511.59;509.45;AFIB;AFIB
5346000;511.50;509.36;AFIB;AFIB
5348000;508.21;506.07;AFIB;AFIB
5350000;517.77;515.64;AFIB;AFIB
5352000;514.14;512.01;AFIB;AFIB
5354000;517.29;515.17;AFIB;AFIB
5356000;509.40;507.28;AFIB;AFIB
5358000;510.94;508.82;AFIB;AFIB
5360000;509.54;507.43;AFIB;AFIB
5362000;512.57;510.47;AFIB;AFIB
5364000;514.60;512.50;AFIB;AFIB
5366000;511.51;509.41;AFIB;AFIB
5368000;513.84;511.74;AFIB;AFIB
5370000;515.24;513.15;AFIB;AFIB
5372000;515.40;513.32;AFIB;AFIB
5374000;516.91;514.82;AFIB;AFIB
5376000;514.01;511.94;AFIB;AFIB
5378000;508.58;506.51;AFIB;AFIB
5380000;514.59;512.52;AFIB;AFIB
5382000;517.23;515.17;AFIB;AFIB
5384000;512.56;510.50;AFIB;AFIB
5386000;515.45;513.40;AFIB;AFIB
5388000;515.71;513.66;AFIB;AFIB
5390000;514.93;512.89;AFIB;AFIB
5392000;509.90;507.86;AFIB;AFIB
5394000;511.69;509.65;AFIB;AFIB
5396000;512.42;510.39;AFIB;AFIB
5398000;511.49;509.47;AFIB;AFIB
5400000;513.75;511.73;AFIB;AFIB
5402000;512.98;510.96;AFIB;AFIB
5404000;510.95;508.93;AFIB;AFIB
5406000;513.75;511.74;AFIB;AFIB
5408000;515.58;513.57;AFIB;AFIB
5410000;514.39;512.39;AFIB;AFIB
5412000;515.39;513.40;AFIB;AFIB
5414000;514.89;512.90;AFIB;AFIB
5416000;514.20;512.21;AFIB;AFIB
5418000;517.99;516.01;AFIB;AFIB
5420000;511.75;509.77;AFIB;AFIB
5422000;512.34;510.37;AFIB;AFIB
5424000;513.48;511.51;AFIB;AFIB
5426000;512.19;510.23;AFIB;AFIB
5428000;513.81;511.85;AFIB;AFIB
5430000;513.33;511.38;AFIB;AFIB
5432000;519.90;517.95;AFIB;AFIB
5434000;514.96;513.02;AFIB;AFIB
5436000;514.54;512.60;AFIB;AFIB
5438000;516.45;514.52;AFIB;AFIB
5440000;514.31;512.39;AFIB;AFIB
5442000;512.47;510.55;AFIB;AFIB
5444000;512.87;510.95;AFIB;AFIB
5446000;515.28;513.37;AFIB;AFIB
5448000;516.37;514.47;AFIB;AFIB
5450000;515.46;513.56;AFIB;AFIB
5452000;512.91;511.02;AFIB;AFIB
5454000;510.12;508.23;AFIB;AFIB
5456000;511.56;509.68;AFIB;AFIB
5458000;518.26;516.38;AFIB;AFIB
5460000;509.50;507.62;AFIB;AFIB
5462000;517.20;515.33;AFIB;AFIB
5464000;513.03;511.16;AFIB;AFIB
5466000;512.65;510.79;AFIB;AFIB
5468000;516.53;514.67;AFIB;AFIB
5470000;516.02;514.17;AFIB;AFIB
5472000;511.65;509.81;AFIB;AFIB
5474000;516.70;514.87;AFIB;AFIB
5476000;511.24;509.41;AFIB;AFIB
5478000;515.49;513.66;AFIB;AFIB
5480000;513.64;511.82;AFIB;AFIB
5482000;513.31;511.50;AFIB;AFIB
5484000;513.01;511.20;AFIB;AFIB
5486000;514.67;512.87;AFIB;AFIB
5488000;513.74;511.94;AFIB;AFIB
5490000;516.57;514.78;AFIB;AFIB
5492000;515.76;513.97;AFIB;AFIB
5494000;515.26;513.47;AFIB;AFIB
5496000;513.94;512.16;AFIB;AFIB
5498000;512.81;511.04;AFIB;AFIB
5500000;513.39;511.63;AFIB;AFIB
5502000;512.59;510.83;AFIB;AFIB
5504000;509.99;508.23;AFIB;AFIB
5506000;516.07;514.32;AFIB;AFIB
5508000;516.03;514.28;AFIB;AFIB
5510000;519.32;517.58;AFIB;AFIB
5512000;512.67;510.93;AFIB;AFIB
5514000;511.58;509.85;AFIB;AFIB
5516000;514.16;512.44;AFIB;AFIB
5518000;508.35;506.63;AFIB;AFIB
5520000;511.26;509.55;AFIB;AFIB
5522000;511.89;510.18;AFIB;AFIB
5524000;513.81;512.11;AFIB;AFIB
5526000;513.34;511.65;AFIB;AFIB
5528000;515.01;513.32;AFIB;AFIB
5530000;513.61;511.93;AFIB;AFIB
5532000;511.18;509.50;AFIB;AFIB
5534000;518.91;517.24;AFIB;AFIB
5536000;516.25;514.59;AFIB;AFIB
5538000;515.53;513.87;AFIB;AFIB
5540000;507.66;506.01;AFIB;AFIB
5542000;506.24;504.59;AFIB;AFIB
5544000;514.11;512.47;AFIB;AFIB
5546000;511.96;510.32;AFIB;AFIB
5548000;512.11;510.48;AFIB;AFIB
5550000;518.92;517.30;AFIB;AFIB
5552000;514.56;512.95;AFIB;AFIB
5554000;514.79;513.18;AFIB;AFIB
5556000;514.61;513.00;AFIB;AFIB
5558000;512.76;511.16;AFIB;AFIB
5560000;511.80;510.20;AFIB;AFIB
5562000;514.15;512.56;AFIB;AFIB
5564000;511.39;509.81;AFIB;AFIB
5566000;514.54;512.97;AFIB;AFIB
5568000;511.82;510.25;AFIB;AFIB
5570000;516.37;514.80;AFIB;AFIB
5572000;515.64;514.08;AFIB;AFIB
5574000;512.42;510.87;AFIB;AFIB
5576000;513.18;511.63;AFIB;AFIB
5578000;516.74;515.20;AFIB;AFIB
5580000;512.90;511.37;AFIB;AFIB
5582000;512.16;510.63;AFIB;AFIB
5584000;514.28;512.76;AFIB;AFIB
5586000;513.41;511.89;AFIB;AFIB
5588000;512.96;511.45;AFIB;AFIB
5590000;516.28;514.78;AFIB;AFIB
5592000;510.83;509.33;AFIB;AFIB
5594000;512.53;511.05;AFIB;AFIB
5596000;513.41;511.93;AFIB;AFIB
5598000;510.94;509.47;AFIB;AFIB
5600000;513.29;511.82;AFIB;AFIB
5602000;515.11;513.65;AFIB;AFIB
5604000;511.89;510.44;AFIB;AFIB
5606000;517.10;515.65;AFIB;AFIB
5608000;512.55;511.10;AFIB;AFIB
5610000;513.37;511.93;AFIB;AFIB
5612000;509.99;508.56;AFIB;AFIB
5614000;513.95;512.52;AFIB;AFIB
5616000;512.70;511.28;AFIB;AFIB
5618000;511.16;509.75;AFIB;AFIB
5620000;511.72;510.31;AFIB;AFIB
5622000;510.95;509.55;AFIB;AFIB
5624000;511.29;509.89;AFIB;AFIB
5626000;510.27;508.88;AFIB;AFIB
5628000;515.75;514.37;AFIB;AFIB
5630000;512.89;511.52;AFIB;AFIB
5632000;513.30;511.93;AFIB;AFIB
5634000;510.40;509.04;AFIB;AFIB
5636000;513.03;511.68;AFIB;AFIB
5638000;516.21;514.87;AFIB;AFIB
5640000;515.15;513.81;AFIB;AFIB
5642000;516.07;514.73;AFIB;AFIB
5644000;510.32;508.99;AFIB;AFIB
5646000;510.86;509.54;AFIB;AFIB
5648000;513.46;512.14;AFIB;AFIB
5650000;517.18;515.87;AFIB;AFIB
5652000;512.02;510.72;AFIB;AFIB
5654000;513.04;511.75;AFIB;AFIB
5656000;515.80;514.51;AFIB;AFIB
5658000;511.34;510.06;AFIB;AFIB
5660000;510.86;509.59;AFIB;AFIB
5662000;513.77;512.51;AFIB;AFIB
5664000;510.24;508.98;AFIB;AFIB
5666000;509.89;508.64;AFIB;AFIB
5668000;517.54;516.29;AFIB;AFIB
5670000;517.29;516.05;AFIB;AFIB
5672000;507.95;506.72;AFIB;AFIB
5674000;515.48;514.25;AFIB;AFIB
5676000;513.47;512.25;AFIB;AFIB
5678000;511.42;510.21;AFIB;AFIB
5680000;516.71;515.50;AFIB;AFIB
5682000;513.02;511.83;AFIB;AFIB
5684000;514.43;513.24;AFIB;AFIB
5686000;516.51;515.33;AFIB;AFIB
5688000;516.40;515.23;AFIB;AFIB
5690000;512.86;511.69;AFIB;AFIB
5692000;513.46;512.30;AFIB;AFIB
5694000;511.64;510.48;AFIB;AFIB
5696000;510.14;508.99;AFIB;AFIB
5698000;512.13;510.99;AFIB;AFIB
5700000;514.89;513.76;AFIB;AFIB
5702000;510.60;509.47;AFIB;AFIB
5704000;510.65;509.53;AFIB;AFIB
5706000;510.49;509.37;AFIB;AFIB
5708000;510.44;509.33;AFIB;AFIB
5710000;516.87;515.77;AFIB;AFIB
5712000;514.95;513.86;AFIB;AFIB
5714000;509.64;508.55;AFIB;AFIB
5716000;515.65;514.57;AFIB;AFIB
5718000;517.50;516.43;AFIB;AFIB
5720000;511.99;510.92;AFIB;AFIB
5722000;513.91;512.86;AFIB;AFIB
5724000;518.66;517.61;AFIB;AFIB
5726000;511.05;510.00;AFIB;AFIB
5728000;514.23;513.20;AFIB;AFIB
5730000;515.80;514.77;AFIB;AFIB
5732000;517.00;515.98;AFIB;AFIB
5734000;512.33;511.31;AFIB;AFIB
5736000;513.79;512.79;AFIB;AFIB
5738000;513.07;512.07;AFIB;AFIB
5740000;509.42;508.43;AFIB;AFIB
5742000;512.03;511.04;AFIB;AFIB
5744000;510.88;509.90;AFIB;AFIB
5746000;515.95;514.98;AFIB;AFIB
5748000;514.59;513.62;AFIB;AFIB
5750000;508.21;507.25;AFIB;AFIB
5752000;514.15;513.20;AFIB;AFIB
5754000;508.62;507.68;AFIB;AFIB
5756000;511.36;510.43;AFIB;AFIB
5758000;513.19;512.26;AFIB;AFIB
5760000;515.79;514.87;AFIB;AFIB
5762000;511.96;511.04;AFIB;AFIB
5764000;515.42;514.51;AFIB;AFIB
5766000;514.52;513.62;AFIB;AFIB
5768000;510.98;510.09;AFIB;AFIB
5770000;516.17;515.29;AFIB;AFIB
5772000;509.31;508.43;AFIB;AFIB
5774000;507.53;506.66;AFIB;AFIB
5776000;510.62;509.76;AFIB;AFIB
5778000;509.57;508.71;AFIB;AFIB
5780000;516.38;515.53;AFIB;AFIB
5782000;511.20;510.36;AFIB;AFIB
5784000;512.14;511.31;AFIB;AFIB
5786000;513.62;512.80;AFIB;AFIB
5788000;513.12;512.30;AFIB;AFIB
5790000;515.83;515.02;AFIB;AFIB
5792000;513.73;512.92;AFIB;AFIB
5794000;511.68;510.89;AFIB;AFIB
5796000;517.20;516.41;AFIB;AFIB
5798000;516.37;515.59;AFIB;AFIB
5800000;515.37;514.60;AFIB;AFIB
5802000;507.57;506.81;AFIB;AFIB
5804000;518.59;517.83;AFIB;AFIB
5806000;513.64;512.89;AFIB;AFIB
5808000;513.38;512.64;AFIB;AFIB
5810000;510.72;509.98;AFIB;AFIB
5812000;511.98;511.25;AFIB;AFIB
5814000;512.40;511.68;AFIB;AFIB
5816000;516.44;515.73;AFIB;AFIB
5818000;512.68;511.97;AFIB;AFIB
5820000;517.92;517.22;AFIB;AFIB
5822000;514.07;513.38;AFIB;AFIB
5824000;510.54;509.86;AFIB;AFIB
5826000;513.17;512.50;AFIB;AFIB
5828000;511.98;511.31;AFIB;AFIB
5830000;515.33;514.68;AFIB;AFIB
5832000;513.11;512.46;AFIB;AFIB
5834000;509.23;508.58;AFIB;AFIB
5836000;515.35;514.71;AFIB;AFIB
5838000;518.35;517.72;AFIB;AFIB
5840000;513.92;513.30;AFIB;AFIB
5842000;514.77;514.15;AFIB;AFIB
5844000;509.01;508.40;AFIB;AFIB
5846000;512.18;511.58;AFIB;AFIB
5848000;512.07;511.47;AFIB;AFIB
5850000;509.63;509.05;AFIB;AFIB
5852000;513.47;512.90;AFIB;AFIB
5854000;512.17;511.60;AFIB;AFIB
5856000;512.30;511.74;AFIB;AFIB
5858000;513.11;512.55;AFIB;AFIB
5860000;515.42;514.87;AFIB;AFIB
5862000;515.38;514.84;AFIB;AFIB
5864000;515.80;515.27;AFIB;AFIB
5866000;514.96;514.44;AFIB;AFIB
5868000;509.95;509.43;AFIB;AFIB
5870000;512.02;511.52;AFIB;AFIB
5872000;509.88;509.38;AFIB;AFIB
5874000;513.63;513.14;AFIB;AFIB
5876000;515.07;514.59;AFIB;AFIB
5878000;512.80;512.32;AFIB;AFIB
5880000;518.10;517.63;AFIB;AFIB
5882000;512.10;511.64;AFIB;AFIB
5884000;511.81;511.36;AFIB;AFIB
5886000;506.79;506.34;AFIB;AFIB
5888000;506.33;505.90;AFIB;AFIB
5890000;511.28;510.85;AFIB;AFIB
5892000;509.15;508.73;AFIB;AFIB
5894000;515.29;514.87;AFIB;AFIB
5896000;514.48;514.08;AFIB;AFIB
5898000;514.13;513.73;AFIB;AFIB
5900000;509.63;509.24;AFIB;AFIB
5902000;509.32;508.93;AFIB;AFIB
5904000;514.05;513.67;AFIB;AFIB
5906000;509.69;509.32;AFIB;AFIB
5908000;512.33;511.97;AFIB;AFIB
5910000;512.11;511.76;AFIB;AFIB
5912000;516.23;515.89;AFIB;AFIB
5914000;506.37;506.03;AFIB;AFIB
5916000;513.88;513.55;AFIB;AFIB
5918000;514.03;513.71;AFIB;AFIB
5920000;513.93;513.62;AFIB;AFIB
5922000;513.12;512.81;AFIB;AFIB
5924000;512.56;512.27;AFIB;AFIB
5926000;509.22;508.93;AFIB;AFIB
5928000;513.58;513.29;AFIB;AFIB
5930000;513.40;513.12;AFIB;AFIB
5932000;514.08;513.82;AFIB;AFIB
5934000;512.37;512.11;AFIB;AFIB
5936000;511.20;510.95;AFIB;AFIB
5938000;520.48;520.23;AFIB;AFIB
5940000;513.80;513.56;AFIB;AFIB
5942000;510.55;510.33;AFIB;AFIB
5944000;509.27;509.05;AFIB;AFIB
5946000;515.89;515.68;AFIB;AFIB
5948000;512.28;512.07;AFIB;AFIB
5950000;511.75;511.56;AFIB;AFIB
5952000;515.91;515.72;AFIB;AFIB
5954000;508.84;508.66;AFIB;AFIB
5956000;510.36;510.19;AFIB;AFIB
5958000;515.11;514.95;AFIB;AFIB
5960000;508.82;508.66;AFIB;AFIB
5962000;512.58;512.43;AFIB;AFIB
5964000;510.69;510.55;AFIB;AFIB
5966000;513.52;513.38;AFIB;AFIB
5968000;512.68;512.55;AFIB;AFIB
5970000;507.02;506.90;AFIB;AFIB
5972000;510.72;510.61;AFIB;AFIB
5974000;519.08;518.98;AFIB;AFIB
5976000;513.26;513.16;AFIB;AFIB
5978000;510.76;510.68;AFIB;AFIB
5980000;512.14;512.06;AFIB;AFIB
5982000;510.99;510.92;AFIB;AFIB
5984000;508.29;508.23;AFIB;AFIB
5986000;516.28;516.22;AFIB;AFIB
5988000;517.53;517.48;AFIB;AFIB
5990000;509.74;509.70;AFIB;AFIB
5992000;512.67;512.64;AFIB;AFIB
5994000;512.62;512.59;AFIB;AFIB
5996000;510.20;510.19;AFIB;AFIB
5998000;509.62;509.61;AFIB;AFIB
6000000;515.47;515.47;AFIB;AFIB
6002000;509.21;509.22;AFIB;AFIB
6004000;512.56;512.57;AFIB;AFIB
6006000;516.23;516.25;AFIB;AFIB
6008000;513.79;513.82;AFIB;AFIB
6010000;511.02;511.06;AFIB;AFIB
6012000;513.13;513.17;AFIB;AFIB
6014000;514.57;514.63;AFIB;AFIB
6016000;509.22;509.28;AFIB;AFIB
6018000;510.13;510.20;AFIB;AFIB
6020000;517.98;518.05;AFIB;AFIB
6022000;515.56;515.65;AFIB;AFIB
6024000;509.26;509.35;AFIB;AFIB
6026000;512.23;512.34;AFIB;AFIB
6028000;511.69;511.80;AFIB;AFIB
6030000;514.62;514.74;AFIB;AFIB
6032000;509.22;509.35;AFIB;AFIB
6034000;512.18;512.31;AFIB;AFIB
6036000;508.89;509.03;AFIB;AFIB
6038000;515.42;515.57;AFIB;AFIB
6040000;510.69;510.84;AFIB;AFIB
6042000;511.56;511.72;AFIB;AFIB
6044000;508.43;508.60;AFIB;AFIB
6046000;514.61;514.79;AFIB;AFIB
6048000;508.83;509.02;AFIB;AFIB
6050000;513.34;513.54;AFIB;AFIB
6052000;512.84;513.04;AFIB;AFIB
6054000;513.95;514.16;AFIB;AFIB
6056000;510.85;511.07;AFIB;AFIB
6058000;509.86;510.09;AFIB;AFIB
6060000;519.21;519.45;AFIB;AFIB
6062000;509.00;509.24;AFIB;AFIB
6064000;511.42;511.67;AFIB;AFIB
6066000;513.04;513.29;AFIB;AFIB
6068000;510.11;510.37;AFIB;AFIB
6070000;513.39;513.67;AFIB;AFIB
6072000;515.47;515.75;AFIB;AFIB
6074000;511.69;511.98;AFIB;AFIB
6076000;514.03;514.33;AFIB;AFIB
6078000;511.01;511.31;AFIB;AFIB
6080000;510.73;511.04;AFIB;AFIB
6082000;511.04;511.36;AFIB;AFIB
6084000;514.95;515.28;AFIB;AFIB
6086000;513.60;513.93;AFIB;AFIB
6088000;512.16;512.50;AFIB;AFIB
6090000;510.08;510.43;AFIB;AFIB
6092000;506.11;506.47;AFIB;AFIB
6094000;510.36;510.72;AFIB;AFIB
6096000;516.14;516.52;AFIB;AFIB
6098000;512.69;513.07;AFIB;AFIB
6100000;511.27;511.66;AFIB;AFIB
6102000;514.29;514.68;AFIB;AFIB
6104000;514.09;514.50;AFIB;AFIB
6106000;514.48;514.90;AFIB;AFIB
6108000;515.69;516.11;AFIB;AFIB
6110000;508.56;508.99;AFIB;AFIB
6112000;515.26;515.70;AFIB;AFIB
6114000;515.59;516.03;AFIB;AFIB
6116000;508.64;509.10;AFIB;AFIB
6118000;514.16;514.62;AFIB;AFIB
6120000;513.12;513.59;AFIB;AFIB
6122000;509.97;510.44;AFIB;AFIB
6124000;509.79;510.27;AFIB;AFIB
6126000;511.98;512.48;AFIB;AFIB
6128000;509.82;510.32;AFIB;AFIB
6130000;512.34;512.85;AFIB;AFIB
6132000;513.47;513.99;AFIB;AFIB
6134000;510.06;510.58;AFIB;AFIB
6136000;512.20;512.73;AFIB;AFIB
6138000;506.35;506.89;AFIB;AFIB
6140000;507.40;507.95;AFIB;AFIB
6142000;513.31;513.86;AFIB;AFIB
6144000;511.33;511.89;AFIB;AFIB
6146000;510.76;511.33;AFIB;AFIB
6148000;511.37;511.94;AFIB;AFIB
6150000;512.22;512.80;AFIB;AFIB
6152000;511.13;511.72;AFIB;AFIB
6154000;512.06;512.66;AFIB;AFIB
6156000;512.76;513.37;AFIB;AFIB
6158000;513.07;513.68;AFIB;AFIB
6160000;513.71;514.34;AFIB;AFIB
6162000;510.35;510.98;AFIB;AFIB
6164000;508.62;509.26;AFIB;AFIB
6166000;508.66;509.30;AFIB;AFIB
6168000;510.64;511.29;AFIB;AFIB
6170000;515.96;516.62;AFIB;AFIB
6172000;506.01;506.67;AFIB;AFIB
6174000;514.25;514.92;AFIB;AFIB
6176000;510.02;510.70;AFIB;AFIB
6178000;513.31;514.00;AFIB;AFIB
6180000;514.81;515.51;AFIB;AFIB
6182000;512.39;513.10;AFIB;AFIB
6184000;513.63;514.34;AFIB;AFIB
6186000;511.33;512.05;AFIB;AFIB
6188000;510.04;510.77;AFIB;AFIB
6190000;508.16;508.90;AFIB;AFIB
6192000;512.10;512.85;AFIB;AFIB
6194000;508.11;508.86;AFIB;AFIB
6196000;509.53;510.29;AFIB;AFIB
6198000;512.36;513.13;AFIB;AFIB
6200000;512.91;513.68;AFIB;AFIB
6202000;513.01;513.79;AFIB;AFIB
6204000;513.07;513.86;AFIB;AFIB
6206000;508.67;509.47;AFIB;AFIB
6208000;511.44;512.24;AFIB;AFIB
6210000;512.60;513.41;AFIB;AFIB
6212000;508.34;509.15;AFIB;AFIB
6214000;505.58;506.40;AFIB;AFIB
6216000;509.25;510.09;AFIB;AFIB
6218000;510.97;511.81;AFIB;AFIB
6220000;510.89;511.74;AFIB;AFIB
6222000;511.67;512.52;AFIB;AFIB
6224000;511.26;512.12;AFIB;AFIB
6226000;514.49;515.35;AFIB;AFIB
6228000;508.88;509.75;AFIB;AFIB
6230000;508.47;509.35;AFIB;AFIB
6232000;510.68;511.57;AFIB;AFIB
6234000;510.47;511.37;AFIB;AFIB
6236000;514.89;515.80;AFIB;AFIB
6238000;508.74;509.65;AFIB;AFIB
6240000;511.55;512.47;AFIB;AFIB
6242000;509.71;510.64;AFIB;AFIB
6244000;509.83;510.77;AFIB;AFIB
6246000;513.30;514.24;AFIB;AFIB
6248000;512.07;513.02;AFIB;AFIB
6250000;510.68;511.63;AFIB;AFIB
6252000;509.32;510.29;AFIB;AFIB
6254000;513.29;514.26;AFIB;AFIB
6256000;510.60;511.58;AFIB;AFIB
6258000;514.34;515.33;AFIB;AFIB
6260000;515.84;516.83;AFIB;AFIB
6262000;509.59;510.59;AFIB;AFIB
6264000;511.42;512.43;AFIB;AFIB
6266000;509.40;510.41;AFIB;AFIB
6268000;512.91;513.94;AFIB;AFIB
6270000;513.59;514.62;AFIB;AFIB
6272000;508.53;509.56;AFIB;AFIB
6274000;514.13;515.17;AFIB;AFIB
6276000;510.38;511.43;AFIB;AFIB
6278000;515.67;516.72;AFIB;AFIB
6280000;509.66;510.73;AFIB;AFIB
6282000;512.95;514.02;AFIB;AFIB
6284000;513.24;514.32;AFIB;AFIB
6286000;513.28;514.37;AFIB;AFIB
6288000;508.61;509.70;AFIB;AFIB
6290000;510.29;511.39;AFIB;AFIB
6292000;505.99;507.09;AFIB;AFIB
6294000;510.21;511.32;AFIB;AFIB
6296000;507.27;508.39;AFIB;AFIB
6298000;508.82;509.95;AFIB;AFIB
6300000;510.39;511.53;AFIB;AFIB
6302000;512.59;513.74;AFIB;AFIB
6304000;510.07;511.22;AFIB;AFIB
6306000;508.38;509.53;AFIB;AFIB
6308000;512.98;514.14;AFIB;AFIB
6310000;511.61;512.78;AFIB;AFIB
6312000;508.41;509.59;AFIB;AFIB
6314000;507.26;508.44;AFIB;AFIB
6316000;511.21;512.40;AFIB;AFIB
6318000;509.39;510.59;AFIB;AFIB
6320000;509.42;510.63;AFIB;AFIB
6322000;512.17;513.39;AFIB;AFIB
6324000;514.44;515.66;AFIB;AFIB
6326000;509.33;510.55;AFIB;AFIB
6328000;506.83;508.06;AFIB;AFIB
6330000;513.94;515.18;AFIB;AFIB
6332000;508.12;509.36;AFIB;AFIB
6334000;509.12;510.38;AFIB;AFIB
6336000;510.65;511.91;AFIB;AFIB
6338000;511.60;512.87;AFIB;AFIB
6340000;514.67;515.94;AFIB;AFIB
6342000;511.93;513.21;AFIB;AFIB
6344000;512.42;513.70;AFIB;AFIB
6346000;507.35;508.64;AFIB;AFIB
6348000;510.89;512.19;AFIB;AFIB
6350000;512.57;513.87;AFIB;AFIB
6352000;511.81;513.12;AFIB;AFIB
6354000;509.75;511.07;AFIB;AFIB
6356000;505.70;507.03;AFIB;AFIB
6358000;507.40;508.73;AFIB;AFIB
6360000;511.00;512.34;AFIB;AFIB
6362000;509.97;511.32;AFIB;AFIB
6364000;508.93;510.28;AFIB;AFIB
6366000;510.52;511.88;AFIB;AFIB
6368000;512.58;513.94;AFIB;AFIB
6370000;510.57;511.94;AFIB;AFIB
6372000;511.75;513.13;AFIB;AFIB
6374000;510.95;512.33;AFIB;AFIB
6376000;514.16;515.55;AFIB;AFIB
6378000;512.97;514.37;AFIB;AFIB
6380000;510.28;511.69;AFIB;AFIB
6382000;513.54;514.95;AFIB;AFIB
6384000;509.47;510.89;AFIB;AFIB
6386000;510.10;511.52;AFIB;AFIB
6388000;508.21;509.64;AFIB;AFIB
6390000;512.84;514.27;AFIB;AFIB
6392000;510.87;512.31;AFIB;AFIB
6394000;508.41;509.86;AFIB;AFIB
6396000;509.89;511.35;AFIB;AFIB
6398000;511.29;512.76;AFIB;AFIB
6400000;510.53;512.00;AFIB;AFIB
6402000;509.00;510.48;AFIB;AFIB
6404000;515.40;516.89;AFIB;AFIB
6406000;509.59;511.08;AFIB;AFIB
6408000;506.85;508.35;AFIB;AFIB
6410000;509.20;510.70;AFIB;AFIB
6412000;510.33;511.84;AFIB;AFIB
6414000;510.36;511.87;AFIB;AFIB
6416000;512.01;513.53;AFIB;AFIB
6418000;510.88;512.41;AFIB;AFIB
6420000;511.37;512.90;AFIB;AFIB
6422000;508.43;509.97;AFIB;AFIB
6424000;511.15;512.69;AFIB;AFIB
6426000;509.64;511.19;AFIB;AFIB
6428000;510.02;511.58;AFIB;AFIB
6430000;508.18;509.74;AFIB;AFIB
6432000;510.09;511.66;AFIB;AFIB
6434000;508.76;510.34;AFIB;AFIB
6436000;505.81;507.39;AFIB;AFIB
6438000;511.02;512.61;AFIB;AFIB
6440000;512.22;513.82;AFIB;AFIB
6442000;511.06;512.66;AFIB;AFIB
6444000;511.22;512.82;AFIB;AFIB
6446000;508.24;509.85;AFIB;AFIB
6448000;513.50;515.12;AFIB;AFIB
6450000;512.13;513.75;AFIB;AFIB
6452000;510.92;512.55;AFIB;AFIB
6454000;507.89;509.53;AFIB;AFIB
6456000;507.07;508.71;AFIB;AFIB
6458000;508.87;510.52;AFIB;AFIB
6460000;507.04;508.70;AFIB;AFIB
6462000;512.03;513.69;AFIB;AFIB
6464000;508.30;509.97;AFIB;AFIB
6466000;508.04;509.71;AFIB;AFIB
6468000;507.17;508.85;AFIB;AFIB
6470000;510.60;512.28;AFIB;AFIB
6472000;509.24;510.93;AFIB;AFIB
6474000;513.76;515.46;AFIB;AFIB
6476000;507.90;509.60;AFIB;AFIB
6478000;511.29;512.99;AFIB;AFIB
6480000;509.60;511.31;AFIB;AFIB
6482000;511.10;512.82;AFIB;AFIB
6484000;517.76;519.49;AFIB;AFIB
6486000;510.41;512.14;AFIB;AFIB
6488000;507.71;509.44;AFIB;AFIB
6490000;512.13;513.87;AFIB;AFIB
6492000;515.52;517.27;AFIB;AFIB
6494000;505.23;506.99;AFIB;AFIB
6496000;508.42;510.18;AFIB;AFIB
6498000;513.35;515.12;AFIB;AFIB
6500000;513.72;515.48;AFIB;AFIB
6502000;509.54;511.31;AFIB;AFIB
6504000;513.74;515.52;AFIB;AFIB
6506000;510.57;512.35;AFIB;AFIB
6508000;510.49;512.28;AFIB;AFIB
6510000;509.26;511.06;AFIB;AFIB
6512000;508.74;510.54;AFIB;AFIB
6514000;509.55;511.35;AFIB;AFIB
6516000;505.88;507.69;AFIB;AFIB
6518000;507.72;509.54;AFIB;AFIB
6520000;512.24;514.06;AFIB;AFIB
6522000;506.04;507.87;AFIB;AFIB
6524000;511.78;513.61;AFIB;AFIB
6526000;509.32;511.16;AFIB;AFIB
6528000;507.22;509.07;AFIB;AFIB
6530000;512.92;514.77;AFIB;AFIB
6532000;507.82;509.67;AFIB;AFIB
6534000;507.65;509.51;AFIB;AFIB
6536000;510.57;512.44;AFIB;AFIB
6538000;514.22;516.09;AFIB;AFIB
6540000;513.24;515.12;AFIB;AFIB
6542000;513.55;515.43;AFIB;AFIB
6544000;504.74;506.63;AFIB;AFIB
6546000;512.55;514.44;AFIB;AFIB
6548000;509.71;511.61;AFIB;AFIB
6550000;512.28;514.18;AFIB;AFIB
6552000;514.54;516.45;AFIB;AFIB
6554000;504.16;506.07;AFIB;AFIB
6556000;512.38;514.29;AFIB;AFIB
6558000;510.11;512.04;AFIB;AFIB
6560000;512.61;514.53;AFIB;AFIB
6562000;508.64;510.57;AFIB;AFIB
6564000;509.10;511.04;AFIB;AFIB
6566000;510.36;512.30;AFIB;AFIB
6568000;509.60;511.54;AFIB;AFIB
6570000;509.85;511.80;AFIB;AFIB
6572000;506.96;508.92;AFIB;AFIB
6574000;514.09;516.05;AFIB;AFIB
6576000;509.05;511.02;AFIB;AFIB
6578000;510.41;512.38;AFIB;AFIB
6580000;508.80;510.78;AFIB;AFIB
6582000;507.40;509.38;AFIB;AFIB
6584000;510.79;512.78;AFIB;AFIB
6586000;511.35;513.34;AFIB;AFIB
6588000;503.34;505.34;AFIB;AFIB
6590000;508.15;510.15;AFIB;AFIB
6592000;509.49;511.49;AFIB;AFIB
6594000;512.20;514.21;AFIB;AFIB
6596000;513.83;515.85;AFIB;AFIB
6598000;510.05;512.06;AFIB;AFIB
6600000;509.07;511.09;AFIB;AFIB
6602000;513.27;515.30;AFIB;AFIB
6604000;509.70;511.73;AFIB;AFIB
6606000;509.27;511.31;AFIB;AFIB
6608000;507.85;509.89;AFIB;AFIB
6610000;509.96;512.01;AFIB;AFIB
6612000;512.69;514.74;AFIB;AFIB
6614000;501.12;503.18;AFIB;AFIB
6616000;513.01;515.07;AFIB;AFIB
6618000;509.77;511.83;AFIB;AFIB
6620000;509.49;511.56;AFIB;AFIB
6622000;514.00;516.07;AFIB;AFIB
6624000;508.90;510.98;AFIB;AFIB
6626000;512.81;514.89;AFIB;AFIB
6628000;507.64;509.73;AFIB;AFIB
6630000;511.45;513.54;AFIB;AFIB
6632000;507.24;509.33;AFIB;AFIB
6634000;507.46;509.55;AFIB;AFIB
6636000;513.19;515.30;AFIB;AFIB
6638000;510.57;512.68;AFIB;AFIB
6640000;514.96;517.07;AFIB;AFIB
6642000;509.73;511.85;AFIB;AFIB
6644000;505.67;507.79;AFIB;AFIB
6646000;506.03;508.15;AFIB;AFIB
6648000;510.94;513.07;AFIB;AFIB
6650000;503.47;505.60;AFIB;AFIB
6652000;513.55;515.68;AFIB;AFIB
6654000;509.87;512.01;AFIB;AFIB
6656000;507.85;509.99;AFIB;AFIB
6658000;510.18;512.33;AFIB;AFIB
6660000;508.18;510.33;AFIB;AFIB
6662000;509.00;511.15;AFIB;AFIB
6664000;507.86;510.02;AFIB;AFIB
6666000;512.90;515.07;AFIB;AFIB
6668000;508.75;510.92;AFIB;AFIB
6670000;508.68;510.85;AFIB;AFIB
6672000;511.99;514.17;AFIB;AFIB
6674000;511.31;513.49;AFIB;AFIB
6676000;510.39;512.57;AFIB;AFIB
6678000;508.58;510.77;AFIB;AFIB
6680000;511.94;514.13;AFIB;AFIB
6682000;508.08;510.27;AFIB;AFIB
6684000;511.57;513.77;AFIB;AFIB
6686000;510.10;512.31;AFIB;AFIB
6688000;509.96;512.17;AFIB;AFIB
6690000;505.02;507.23;AFIB;AFIB
6692000;506.18;508.40;AFIB;AFIB
6694000;504.35;506.57;AFIB;AFIB
6696000;509.16;511.38;AFIB;AFIB
6698000;511.24;513.46;AFIB;AFIB
6700000;507.60;509.83;AFIB;AFIB
6702000;506.62;508.85;AFIB;AFIB
6704000;507.58;509.81;AFIB;AFIB
6706000;511.27;513.51;AFIB;AFIB
6708000;507.63;509.87;AFIB;AFIB
6710000;504.06;506.31;AFIB;AFIB
6712000;509.70;511.95;AFIB;AFIB
6714000;510.31;512.56;AFIB;AFIB
6716000;503.40;505.65;AFIB;AFIB
6718000;505.97;508.23;AFIB;AFIB
6720000;506.73;508.99;AFIB;AFIB
6722000;507.71;509.97;AFIB;AFIB
6724000;513.92;516.19;AFIB;AFIB
6726000;510.86;513.13;AFIB;AFIB
6728000;510.17;512.45;AFIB;AFIB
6730000;508.59;510.87;AFIB;AFIB
6732000;506.37;508.65;AFIB;AFIB
6734000;506.77;509.05;AFIB;AFIB
6736000;509.59;511.88;AFIB;AFIB
6738000;511.16;513.45;AFIB;AFIB
6740000;509.18;511.47;AFIB;AFIB
6742000;510.79;513.09;AFIB;AFIB
6744000;509.99;512.29;AFIB;AFIB
6746000;510.96;513.26;AFIB;AFIB
6748000;507.60;509.91;AFIB;AFIB
6750000;506.59;508.90;AFIB;AFIB
6752000;506.69;509.00;AFIB;AFIB
6754000;509.17;511.49;AFIB;AFIB
6756000;507.88;510.20;AFIB;AFIB
6758000;509.12;511.44;AFIB;AFIB
6760000;509.04;511.37;AFIB;AFIB
6762000;505.75;508.08;AFIB;AFIB
6764000;514.66;516.99;AFIB;AFIB
6766000;507.89;510.22;AFIB;AFIB
6768000;511.26;513.60;AFIB;AFIB
6770000;509.18;511.52;AFIB;AFIB
6772000;514.34;516.68;AFIB;AFIB
6774000;511.64;513.99;AFIB;AFIB
6776000;514.38;516.73;AFIB;AFIB
6778000;508.07;510.41;AFIB;AFIB
6780000;509.23;511.58;AFIB;AFIB
6782000;507.54;509.90;AFIB;AFIB
6784000;509.08;511.43;AFIB;AFIB
6786000;510.49;512.85;AFIB;AFIB
6788000;513.48;515.84;AFIB;AFIB
6790000;511.48;513.84;AFIB;AFIB
6792000;510.91;513.28;AFIB;AFIB
6794000;510.28;512.65;AFIB;AFIB
6796000;508.29;510.66;AFIB;AFIB
6798000;508.94;511.32;AFIB;AFIB
6800000;508.44;510.82;AFIB;AFIB
6802000;507.30;509.68;AFIB;AFIB
6804000;510.78;513.17;AFIB;AFIB
6806000;509.51;511.89;AFIB;AFIB
6808000;509.09;511.48;AFIB;AFIB
6810000;508.20;510.59;AFIB;AFIB
6812000;511.74;514.13;AFIB;AFIB
6814000;508.59;510.98;AFIB;AFIB
6816000;510.77;513.16;AFIB;AFIB
6818000;511.21;513.60;AFIB;AFIB
6820000;510.21;512.61;AFIB;AFIB
6822000;504.69;507.09;AFIB;AFIB
6824000;512.55;514.95;AFIB;AFIB
6826000;512.05;514.46;AFIB;AFIB
6828000;509.17;511.58;AFIB;AFIB
6830000;508.86;511.27;AFIB;AFIB
6832000;510.76;513.17;AFIB;AFIB
6834000;506.30;508.71;AFIB;AFIB
6836000;507.30;509.72;AFIB;AFIB
6838000;509.56;511.98;AFIB;AFIB
6840000;510.20;512.62;AFIB;AFIB
6842000;513.21;515.63;AFIB;AFIB
6844000;505.96;508.39;AFIB;AFIB
6846000;509.19;511.62;AFIB;AFIB
6848000;511.50;513.93;AFIB;AFIB
6850000;506.41;508.84;AFIB;AFIB
6852000;512.70;515.13;AFIB;AFIB
6854000;507.64;510.08;AFIB;AFIB
6856000;512.87;515.31;AFIB;AFIB
6858000;508.26;510.70;AFIB;AFIB
6860000;507.93;510.37;AFIB;AFIB
6862000;509.65;512.10;AFIB;AFIB
6864000;509.69;512.13;AFIB;AFIB
6866000;512.18;514.63;AFIB;AFIB
6868000;506.60;509.05;AFIB;AFIB
6870000;512.33;514.78;AFIB;AFIB
6872000;509.87;512.32;AFIB;AFIB
6874000;506.12;508.57;AFIB;AFIB
6876000;508.28;510.73;AFIB;AFIB
6878000;506.35;508.80;AFIB;AFIB
6880000;513.06;515.52;AFIB;AFIB
6882000;508.50;510.96;AFIB;AFIB
6884000;510.83;513.29;AFIB;AFIB
6886000;512.84;515.30;AFIB;AFIB
6888000;508.89;511.35;AFIB;AFIB
6890000;506.73;509.19;AFIB;AFIB
6892000;509.75;512.21;AFIB;AFIB
6894000;509.15;511.62;AFIB;AFIB
6896000;509.03;511.49;AFIB;AFIB
6898000;510.55;513.02;AFIB;AFIB
6900000;508.29;510.76;AFIB;AFIB
6902000;511.96;514.43;AFIB;AFIB
6904000;508.28;510.75;AFIB;AFIB
6906000;506.90;509.37;AFIB;AFIB
6908000;511.61;514.08;AFIB;AFIB
6910000;512.61;515.09;AFIB;AFIB
6912000;511.35;513.83;AFIB;AFIB
6914000;511.45;513.93;AFIB;AFIB
6916000;508.61;511.08;AFIB;AFIB
6918000;512.81;515.29;AFIB;AFIB
6920000;508.43;510.91;AFIB;AFIB
6922000;507.82;510.30;AFIB;AFIB
6924000;509.74;512.22;AFIB;AFIB
6926000;508.14;510.62;AFIB;AFIB
6928000;509.04;511.53;AFIB;AFIB
6930000;507.33;509.82;AFIB;AFIB
6932000;511.16;513.65;AFIB;AFIB
6934000;511.63;514.12;AFIB;AFIB
6936000;510.66;513.15;AFIB;AFIB
6938000;507.11;509.59;AFIB;AFIB
6940000;504.32;506.81;AFIB;AFIB
6942000;511.24;513.73;AFIB;AFIB
6944000;511.28;513.77;AFIB;AFIB
6946000;504.83;507.32;AFIB;AFIB
6948000;511.19;513.68;AFIB;AFIB
6950000;505.84;508.33;AFIB;AFIB
6952000;507.27;509.76;AFIB;AFIB
6954000;507.13;509.63;AFIB;AFIB
6956000;512.05;514.54;AFIB;AFIB
6958000;512.03;514.53;AFIB;AFIB
6960000;510.38;512.88;AFIB;AFIB
6962000;516.09;518.58;AFIB;AFIB
6964000;511.14;513.64;AFIB;AFIB
6966000;508.64;511.14;AFIB;AFIB
6968000;514.44;516.94;AFIB;AFIB
6970000;509.73;512.23;AFIB;AFIB
6972000;509.07;511.57;AFIB;AFIB
6974000;511.97;514.47;AFIB;AFIB
6976000;506.90;509.40;AFIB;AFIB
6978000;506.02;508.52;AFIB;AFIB
6980000;508.97;511.47;AFIB;AFIB
6982000;505.21;507.71;AFIB;AFIB
6984000;509.13;511.63;AFIB;AFIB
6986000;507.32;509.82;AFIB;AFIB
6988000;515.90;518.40;AFIB;AFIB
6990000;509.67;512.17;AFIB;AFIB
6992000;507.45;509.95;AFIB;AFIB
6994000;507.88;510.38;AFIB;AFIB
6996000;509.61;512.11;AFIB;AFIB
6998000;508.91;511.41;AFIB;AFIB
7000000;508.34;510.84;AFIB;AFIB
7002000;510.18;512.68;AFIB;AFIB
7004000;513.41;515.91;AFIB;AFIB
7006000;507.92;510.42;AFIB;AFIB
7008000;507.50;510.00;AFIB;AFIB
7010000;512.21;514.71;AFIB;AFIB
7012000;508.47;510.97;AFIB;AFIB
7014000;513.38;515.88;AFIB;AFIB
7016000;511.82;514.32;AFIB;AFIB
7018000;508.81;511.31;AFIB;AFIB
7020000;509.88;512.38;AFIB;AFIB
7022000;507.42;509.92;AFIB;AFIB
7024000;510.34;512.84;AFIB;AFIB
7026000;512.14;514.64;AFIB;AFIB
7028000;509.42;511.91;AFIB;AFIB
7030000;509.94;512.43;AFIB;AFIB
7032000;508.53;511.03;AFIB;AFIB
7034000;509.35;511.84;AFIB;AFIB
7036000;509.83;512.33;AFIB;AFIB
7038000;506.80;509.29;AFIB;AFIB
7040000;516.78;519.27;AFIB;AFIB
7042000;506.88;509.38;AFIB;AFIB
7044000;509.37;511.86;AFIB;AFIB
7046000;507.40;509.89;AFIB;AFIB
7048000;512.53;515.03;AFIB;AFIB
7050000;507.18;509.67;AFIB;AFIB
7052000;510.95;513.44;AFIB;AFIB
7054000;510.28;512.78;AFIB;AFIB
7056000;509.57;512.06;AFIB;AFIB
7058000;507.88;510.37;AFIB;AFIB
7060000;509.30;511.79;AFIB;AFIB
7062000;511.13;513.61;AFIB;AFIB
7064000;509.70;512.19;AFIB;AFIB
7066000;508.85;511.33;AFIB;AFIB
7068000;510.88;513.36;AFIB;AFIB
7070000;510.70;513.19;AFIB;AFIB
7072000;508.63;511.11;AFIB;AFIB
7074000;508.29;510.78;AFIB;AFIB
7076000;509.14;511.63;AFIB;AFIB
7078000;513.66;516.14;AFIB;AFIB
7080000;507.45;509.93;AFIB;AFIB
7082000;512.35;514.83;AFIB;AFIB
7084000;510.50;512.98;AFIB;AFIB
7086000;502.47;504.95;AFIB;AFIB
7088000;510.80;513.28;AFIB;AFIB
7090000;507.34;509.82;AFIB;AFIB
7092000;510.47;512.94;AFIB;AFIB
7094000;505.27;507.74;AFIB;AFIB
7096000;508.01;510.49;AFIB;AFIB
7098000;508.40;510.87;AFIB;AFIB
7100000;512.23;514.70;AFIB;AFIB
7102000;507.27;509.73;AFIB;AFIB
7104000;507.41;509.88;AFIB;AFIB
7106000;507.40;509.86;AFIB;AFIB
7108000;514.99;517.46;AFIB;AFIB
7110000;508.01;510.47;AFIB;AFIB
7112000;508.75;511.21;AFIB;AFIB
7114000;511.70;514.16;AFIB;AFIB
7116000;513.80;516.26;AFIB;AFIB
7118000;510.70;513.16;AFIB;AFIB
7120000;510.71;513.16;AFIB;AFIB
7122000;509.84;512.29;AFIB;AFIB
7124000;509.68;512.13;AFIB;AFIB
7126000;509.06;511.51;AFIB;AFIB
7128000;513.03;515.48;AFIB;AFIB
7130000;511.20;513.65;AFIB;AFIB
7132000;511.85;514.29;AFIB;AFIB
7134000;510.15;512.60;AFIB;AFIB
7136000;508.94;511.38;AFIB;AFIB
7138000;512.88;515.32;AFIB;AFIB
7140000;510.39;512.83;AFIB;AFIB
7142000;510.08;512.52;AFIB;AFIB
7144000;510.80;513.23;AFIB;AFIB
7146000;508.99;511.43;AFIB;AFIB
7148000;509.97;512.40;AFIB;AFIB
7150000;510.88;513.31;AFIB;AFIB
7152000;509.18;511.60;AFIB;AFIB
7154000;517.09;519.51;AFIB;AFIB
7156000;508.57;510.99;AFIB;AFIB
7158000;507.83;510.25;AFIB;AFIB
7160000;511.36;513.78;AFIB;AFIB
7162000;503.37;505.78;AFIB;AFIB
7164000;506.50;508.92;AFIB;AFIB
7166000;508.71;511.12;AFIB;AFIB
7168000;511.00;513.41;AFIB;AFIB
7170000;511.98;514.40;AFIB;AFIB
7172000;511.70;514.11;AFIB;AFIB
7174000;509.15;511.56;AFIB;AFIB
7176000;510.04;512.44;AFIB;AFIB
7178000;510.87;513.28;AFIB;AFIB
7180000;508.53;510.93;AFIB;AFIB
7182000;509.14;511.53;AFIB;AFIB
7184000;512.27;514.67;AFIB;AFIB
7186000;506.71;509.11;AFIB;AFIB
7188000;510.65;513.05;AFIB;AFIB
7190000;506.59;508.98;AFIB;AFIB
7192000;510.85;513.24;AFIB;AFIB
7194000;515.27;517.65;AFIB;AFIB
7196000;506.04;508.42;AFIB;AFIB
7198000;511.60;513.98;AFIB;AFIB
7200000;509.95;512.33;AFIB;AFIB
7202000;509.93;512.30;AFIB;AFIB
7204000;506.68;509.05;AFIB;AFIB
7206000;502.82;505.19;AFIB;AFIB
7208000;507.22;509.59;AFIB;AFIB
7210000;505.69;508.05;AFIB;AFIB
7212000;509.06;511.43;AFIB;AFIB
7214000;507.60;509.96;AFIB;AFIB
7216000;510.82;513.17;AFIB;AFIB
7218000;509.24;511.59;AFIB;AFIB
7220000;511.49;513.84;AFIB;AFIB
7222000;508.24;510.59;AFIB;AFIB
7224000;511.66;514.00;AFIB;AFIB
7226000;508.56;510.91;AFIB;AFIB
7228000;511.22;513.56;AFIB;AFIB
7230000;508.20;510.54;AFIB;AFIB
7232000;508.08;510.41;AFIB;AFIB
7234000;510.60;512.94;AFIB;AFIB
7236000;509.79;512.12;AFIB;AFIB
7238000;506.85;509.18;AFIB;AFIB
7240000;506.41;508.73;AFIB;AFIB
7242000;509.16;511.48;AFIB;AFIB
7244000;509.46;511.78;AFIB;AFIB
7246000;507.94;510.25;AFIB;AFIB
7248000;505.26;507.57;AFIB;AFIB
7250000;505.98;508.29;AFIB;AFIB
7252000;511.13;513.43;AFIB;AFIB
7254000;510.30;512.61;AFIB;AFIB
7256000;510.88;513.18;AFIB;AFIB
7258000;506.80;509.10;AFIB;AFIB
7260000;507.17;509.46;AFIB;AFIB
7262000;509.04;511.33;AFIB;AFIB
7264000;506.09;508.38;AFIB;AFIB
7266000;507.70;509.99;AFIB;AFIB
7268000;508.94;511.22;AFIB;AFIB
7270000;511.86;514.14;AFIB;AFIB
7272000;509.55;511.83;AFIB;AFIB
7274000;509.92;512.19;AFIB;AFIB
7276000;509.17;511.44;AFIB;AFIB
7278000;509.81;512.08;AFIB;AFIB
7280000;511.36;513.62;AFIB;AFIB
7282000;510.18;512.44;AFIB;AFIB
7284000;511.23;513.49;AFIB;AFIB
7286000;507.22;509.48;AFIB;AFIB
7288000;514.43;516.68;AFIB;AFIB
7290000;507.96;510.20;AFIB;AFIB
7292000;509.86;512.10;AFIB;AFIB
7294000;510.91;513.15;AFIB;AFIB
7296000;508.68;510.91;AFIB;AFIB
7298000;509.03;511.26;AFIB;AFIB
7300000;511.93;514.16;AFIB;AFIB
7302000;508.38;510.60;AFIB;AFIB
7304000;512.86;515.08;AFIB;AFIB
7306000;511.05;513.26;AFIB;AFIB
7308000;511.51;513.73;AFIB;AFIB
7310000;513.89;516.10;AFIB;AFIB
7312000;511.91;514.11;AFIB;AFIB
7314000;510.85;513.05;AFIB;AFIB
7316000;506.99;509.19;AFIB;AFIB
7318000;504.81;507.00;AFIB;AFIB
7320000;510.75;512.94;AFIB;AFIB
7322000;509.62;511.80;AFIB;AFIB
7324000;507.17;509.35;AFIB;AFIB
7326000;511.11;513.29;AFIB;AFIB
7328000;506.47;508.65;AFIB;AFIB
7330000;514.05;516.22;AFIB;AFIB
7332000;510.29;512.45;AFIB;AFIB
7334000;518.69;520.86;AFIB;AFIB
7336000;510.69;512.85;AFIB;AFIB
7338000;515.54;517.69;AFIB;AFIB
7340000;512.82;514.97;AFIB;AFIB
7342000;508.22;510.37;AFIB;AFIB
7344000;507.14;509.28;AFIB;AFIB
7346000;511.77;513.91;AFIB;AFIB
7348000;511.27;513.40;AFIB;AFIB
7350000;510.57;512.71;AFIB;AFIB
7352000;505.43;507.56;AFIB;AFIB
7354000;511.55;513.67;AFIB;AFIB
7356000;507.85;509.97;AFIB;AFIB
7358000;509.17;511.28;AFIB;AFIB
7360000;506.72;508.83;AFIB;AFIB
7362000;510.69;512.80;AFIB;AFIB
7364000;512.90;515.00;AFIB;AFIB
7366000;512.52;514.62;AFIB;AFIB
7368000;515.76;517.86;AFIB;AFIB
7370000;507.45;509.54;AFIB;AFIB
7372000;513.14;515.23;AFIB;AFIB
7374000;506.09;508.17;AFIB;AFIB
7376000;510.89;512.97;AFIB;AFIB
7378000;511.00;513.08;AFIB;AFIB
7380000;509.43;511.50;AFIB;AFIB
7382000;506.70;508.76;AFIB;AFIB
7384000;514.47;516.53;AFIB;AFIB
7386000;508.37;510.43;AFIB;AFIB
7388000;515.17;517.22;AFIB;AFIB
7390000;508.43;510.47;AFIB;AFIB
7392000;508.88;510.92;AFIB;AFIB
7394000;511.95;513.99;AFIB;AFIB
7396000;512.60;514.63;AFIB;AFIB
7398000;511.32;513.35;AFIB;AFIB
7400000;509.38;511.41;AFIB;AFIB
7402000;511.93;513.94;AFIB;AFIB
7404000;508.37;510.38;AFIB;AFIB
7406000;511.33;513.34;AFIB;AFIB
7408000;513.83;515.83;AFIB;AFIB
7410000;513.99;515.99;AFIB;AFIB
7412000;514.19;516.18;AFIB;AFIB
7414000;509.70;511.69;AFIB;AFIB
7416000;512.02;514.00;AFIB;AFIB
7418000;507.29;509.27;AFIB;AFIB
7420000;516.28;518.25;AFIB;AFIB
7422000;512.04;514.01;AFIB;AFIB
7424000;510.58;512.54;AFIB;AFIB
7426000;509.15;511.11;AFIB;AFIB
7428000;515.05;517.01;AFIB;AFIB
7430000;513.09;515.04;AFIB;AFIB
7432000;510.77;512.71;AFIB;AFIB
7434000;512.11;514.05;AFIB;AFIB
7436000;504.85;506.79;AFIB;AFIB
7438000;506.57;508.50;AFIB;AFIB
7440000;510.41;512.34;AFIB;AFIB
7442000;513.94;515.86;AFIB;AFIB
7444000;510.88;512.80;AFIB;AFIB
7446000;510.68;512.60;AFIB;AFIB
7448000;512.29;514.19;AFIB;AFIB
7450000;505.58;507.49;AFIB;AFIB
7452000;510.61;512.51;AFIB;AFIB
7454000;510.64;512.53;AFIB;AFIB
7456000;505.78;507.67;AFIB;AFIB
7458000;509.08;510.96;AFIB;AFIB
7460000;506.12;507.99;AFIB;AFIB
7462000;513.20;515.07;AFIB;AFIB
7464000;512.20;514.07;AFIB;AFIB
7466000;510.43;512.29;AFIB;AFIB
7468000;510.16;512.02;AFIB;AFIB
7470000;505.26;507.11;AFIB;AFIB
7472000;508.16;510.00;AFIB;AFIB
7474000;506.84;508.67;AFIB;AFIB
7476000;515.52;517.35;AFIB;AFIB
7478000;509.66;511.48;AFIB;AFIB
7480000;508.25;510.07;AFIB;AFIB
7482000;514.89;516.70;AFIB;AFIB
7484000;508.60;510.42;AFIB;AFIB
7486000;511.71;513.51;AFIB;AFIB
7488000;511.55;513.35;AFIB;AFIB
7490000;509.49;511.28;AFIB;AFIB
7492000;510.83;512.62;AFIB;AFIB
7494000;508.56;510.34;AFIB;AFIB
7496000;506.98;508.76;AFIB;AFIB
7498000;506.77;508.55;AFIB;AFIB
7500000;508.38;510.14;AFIB;AFIB
7502000;513.46;515.22;AFIB;AFIB
7504000;510.91;512.67;AFIB;AFIB
7506000;509.24;510.99;AFIB;AFIB
7508000;511.30;513.05;AFIB;AFIB
7510000;511.87;513.61;AFIB;AFIB
7512000;510.75;512.48;AFIB;AFIB
7514000;509.32;511.05;AFIB;AFIB
7516000;511.43;513.16;AFIB;AFIB
7518000;510.48;512.20;AFIB;AFIB
7520000;514.24;515.95;AFIB;AFIB
7522000;510.29;512.00;AFIB;AFIB
7524000;508.99;510.69;AFIB;AFIB
7526000;507.98;509.67;AFIB;AFIB
7528000;513.26;514.95;AFIB;AFIB
7530000;507.56;509.24;AFIB;AFIB
7532000;510.70;512.38;AFIB;AFIB
7534000;509.09;510.77;AFIB;AFIB
7536000;511.35;513.01;AFIB;AFIB
7538000;511.73;513.39;AFIB;AFIB
7540000;508.19;509.84;AFIB;AFIB
7542000;508.40;510.05;AFIB;AFIB
7544000;514.39;516.04;AFIB;AFIB
7546000;515.07;516.70;AFIB;AFIB
7548000;512.88;514.51;AFIB;AFIB
7550000;514.78;516.41;AFIB;AFIB
7552000;509.41;511.02;AFIB;AFIB
7554000;511.44;513.05;AFIB;AFIB
7556000;508.35;509.95;AFIB;AFIB
7558000;512.58;514.18;AFIB;AFIB
7560000;510.07;511.66;AFIB;AFIB
7562000;513.13;514.72;AFIB;AFIB
7564000;503.70;505.28;AFIB;AFIB
7566000;513.41;514.98;AFIB;AFIB
7568000;508.82;510.38;AFIB;AFIB
7570000;508.49;510.06;AFIB;AFIB
7572000;505.65;507.21;AFIB;AFIB
7574000;512.99;514.54;AFIB;AFIB
7576000;513.26;514.80;AFIB;AFIB
7578000;510.66;512.20;AFIB;AFIB
7580000;507.50;509.03;AFIB;AFIB
7582000;510.49;512.01;AFIB;AFIB
7584000;510.95;512.47;AFIB;AFIB
7586000;510.76;512.28;AFIB;AFIB
7588000;515.68;517.19;AFIB;AFIB
7590000;515.09;516.59;AFIB;AFIB
7592000;510.58;512.08;AFIB;AFIB
7594000;510.15;511.64;AFIB;AFIB
7596000;509.71;511.20;AFIB;AFIB
7598000;512.93;514.40;AFIB;AFIB
7600000;515.15;516.62;AFIB;AFIB
7602000;508.16;509.63;AFIB;AFIB
7604000;509.62;511.07;AFIB;AFIB
7606000;510.96;512.41;AFIB;AFIB
7608000;509.81;511.26;AFIB;AFIB
7610000;509.60;511.03;AFIB;AFIB
7612000;509.51;510.94;AFIB;AFIB
7614000;506.65;508.08;AFIB;AFIB
7616000;509.16;510.58;AFIB;AFIB
7618000;509.95;511.36;AFIB;AFIB
7620000;511.41;512.82;AFIB;AFIB
7622000;511.66;513.06;AFIB;AFIB
7624000;509.81;511.21;AFIB;AFIB
7626000;513.04;514.43;AFIB;AFIB
7628000;509.80;511.18;AFIB;AFIB
7630000;512.38;513.75;AFIB;AFIB
7632000;515.11;516.47;AFIB;AFIB
7634000;511.64;513.00;AFIB;AFIB
7636000;508.74;510.09;AFIB;AFIB
7638000;509.42;510.76;AFIB;AFIB
7640000;509.32;510.66;AFIB;AFIB
7642000;511.04;512.37;AFIB;AFIB
7644000;510.67;511.99;AFIB;AFIB
7646000;506.52;507.84;AFIB;AFIB
7648000;512.79;514.10;AFIB;AFIB
7650000;510.31;511.61;AFIB;AFIB
7652000;510.53;511.83;AFIB;AFIB
7654000;510.52;511.81;AFIB;AFIB
7656000;505.96;507.25;AFIB;AFIB
7658000;512.77;514.05;AFIB;AFIB
7660000;510.57;511.84;AFIB;AFIB
7662000;513.69;514.96;AFIB;AFIB
7664000;511.89;513.15;AFIB;AFIB
7666000;507.45;508.70;AFIB;AFIB
7668000;508.83;510.07;AFIB;AFIB
7670000;511.61;512.85;AFIB;AFIB
7672000;508.90;510.13;AFIB;AFIB
7674000;512.73;513.95;AFIB;AFIB
7676000;514.60;515.82;AFIB;AFIB
7678000;506.60;507.81;AFIB;AFIB
7680000;511.46;512.66;AFIB;AFIB
7682000;508.27;509.46;AFIB;AFIB
7684000;506.57;507.76;AFIB;AFIB
7686000;507.76;508.95;AFIB;AFIB
7688000;507.95;509.12;AFIB;AFIB
7690000;509.52;510.69;AFIB;AFIB
7692000;507.61;508.77;AFIB;AFIB
7694000;509.82;510.97;AFIB;AFIB
7696000;512.62;513.77;AFIB;AFIB
7698000;515.21;516.35;AFIB;AFIB
7700000;514.70;515.84;AFIB;AFIB
7702000;516.18;517.31;AFIB;AFIB
7704000;510.23;511.35;AFIB;AFIB
7706000;508.20;509.32;AFIB;AFIB
7708000;509.01;510.12;AFIB;AFIB
7710000;513.65;514.75;AFIB;AFIB
7712000;512.85;513.94;AFIB;AFIB
7714000;507.15;508.23;AFIB;AFIB
7716000;510.51;511.59;AFIB;AFIB
7718000;512.02;513.09;AFIB;AFIB
7720000;512.84;513.90;AFIB;AFIB
7722000;510.78;511.84;AFIB;AFIB
7724000;512.47;513.52;AFIB;AFIB
7726000;510.61;511.66;AFIB;AFIB
7728000;511.69;512.72;AFIB;AFIB
7730000;512.37;513.40;AFIB;AFIB
7732000;509.60;510.62;AFIB;AFIB
7734000;507.58;508.60;AFIB;AFIB
7736000;510.48;511.49;AFIB;AFIB
7738000;510.47;511.47;AFIB;AFIB
7740000;512.43;513.42;AFIB;AFIB
7742000;513.46;514.45;AFIB;AFIB
7744000;508.33;509.31;AFIB;AFIB
7746000;512.16;513.13;AFIB;AFIB
7748000;507.05;508.01;AFIB;AFIB
7750000;510.38;511.34;AFIB;AFIB
7752000;512.38;513.33;AFIB;AFIB
7754000;507.39;508.33;AFIB;AFIB
7756000;511.55;512.49;AFIB;AFIB
7758000;510.77;511.70;AFIB;AFIB
7760000;514.74;515.66;AFIB;AFIB
7762000;511.13;512.04;AFIB;AFIB
7764000;512.01;512.92;AFIB;AFIB
7766000;511.25;512.15;AFIB;AFIB
7768000;510.11;511.00;AFIB;AFIB
7770000;512.45;513.34;AFIB;AFIB
7772000;510.12;511.00;AFIB;AFIB
7774000;511.62;512.49;AFIB;AFIB
7776000;506.91;507.77;AFIB;AFIB
7778000;512.26;513.12;AFIB;AFIB
7780000;515.40;516.25;AFIB;AFIB
7782000;513.77;514.61;AFIB;AFIB
7784000;510.19;511.02;AFIB;AFIB
7786000;510.79;511.62;AFIB;AFIB
7788000;512.60;513.41;AFIB;AFIB
7790000;506.53;507.34;AFIB;AFIB
7792000;508.90;509.70;AFIB;AFIB
7794000;510.41;511.21;AFIB;AFIB
7796000;508.69;509.48;AFIB;AFIB
7798000;511.74;512.52;AFIB;AFIB
7800000;510.44;511.21;AFIB;AFIB
7802000;513.47;514.24;AFIB;AFIB
7804000;510.15;510.91;AFIB;AFIB
7806000;511.37;512.12;AFIB;AFIB
7808000;513.34;514.08;AFIB;AFIB
7810000;512.72;513.46;AFIB;AFIB
7812000;512.24;512.97;AFIB;AFIB
7814000;507.86;508.58;AFIB;AFIB
7816000;509.72;510.43;AFIB;AFIB
7818000;510.58;511.29;AFIB;AFIB
7820000;508.04;508.74;AFIB;AFIB
7822000;513.12;513.81;AFIB;AFIB
7824000;510.15;510.83;AFIB;AFIB
7826000;513.12;513.79;AFIB;AFIB
7828000;509.84;510.51;AFIB;AFIB
7830000;513.60;514.26;AFIB;AFIB
7832000;510.77;511.42;AFIB;AFIB
7834000;507.50;508.15;AFIB;AFIB
7836000;511.68;512.32;AFIB;AFIB
7838000;508.10;508.73;AFIB;AFIB
7840000;511.26;511.89;AFIB;AFIB
7842000;513.75;514.36;AFIB;AFIB
7844000;510.53;511.13;AFIB;AFIB
7846000;511.48;512.08;AFIB;AFIB
7848000;512.08;512.67;AFIB;AFIB
7850000;507.54;508.12;AFIB;AFIB
7852000;514.96;515.53;AFIB;AFIB
7854000;507.81;508.38;AFIB;AFIB
7856000;510.06;510.62;AFIB;AFIB
7858000;509.39;509.95;AFIB;AFIB
7860000;516.02;516.56;AFIB;AFIB
7862000;509.88;510.41;AFIB;AFIB
7864000;509.23;509.76;AFIB;AFIB
7866000;510.47;511.00;AFIB;AFIB
7868000;510.42;510.94;AFIB;AFIB
7870000;513.48;513.99;AFIB;AFIB
7872000;516.49;516.99;AFIB;AFIB
7874000;513.09;513.59;AFIB;AFIB
7876000;512.11;512.60;AFIB;AFIB
7878000;512.61;513.08;AFIB;AFIB
7880000;511.73;512.20;AFIB;AFIB
7882000;513.76;514.22;AFIB;AFIB
7884000;510.62;511.08;AFIB;AFIB
7886000;512.48;512.93;AFIB;AFIB
7888000;512.60;513.04;AFIB;AFIB
7890000;507.62;508.05;AFIB;AFIB
7892000;514.16;514.58;AFIB;AFIB
7894000;516.92;517.33;AFIB;AFIB
7896000;506.06;506.47;AFIB;AFIB
7898000;511.30;511.70;AFIB;AFIB
7900000;512.24;512.64;AFIB;AFIB
7902000;509.34;509.72;AFIB;AFIB
7904000;510.53;510.91;AFIB;AFIB
7906000;518.46;518.83;AFIB;AFIB
7908000;511.04;511.40;AFIB;AFIB
7910000;509.11;509.47;AFIB;AFIB
7912000;508.88;509.22;AFIB;AFIB
7914000;507.86;508.20;AFIB;AFIB
7916000;514.22;514.55;AFIB;AFIB
7918000;511.03;511.35;AFIB;AFIB
7920000;512.80;513.12;AFIB;AFIB
7922000;510.61;510.91;AFIB;AFIB
7924000;510.18;510.48;AFIB;AFIB
7926000;514.22;514.51;AFIB;AFIB
7928000;511.49;511.77;AFIB;AFIB
7930000;515.58;515.85;AFIB;AFIB
7932000;509.40;509.66;AFIB;AFIB
7934000;512.47;512.73;AFIB;AFIB
7936000;514.60;514.85;AFIB;AFIB
7938000;513.48;513.72;AFIB;AFIB
7940000;519.55;519.78;AFIB;AFIB
7942000;510.17;510.40;AFIB;AFIB
7944000;512.43;512.65;AFIB;AFIB
7946000;516.17;516.38;AFIB;AFIB
7948000;515.94;516.14;AFIB;AFIB
7950000;514.75;514.94;AFIB;AFIB
7952000;514.18;514.36;AFIB;AFIB
7954000;512.60;512.78;AFIB;AFIB
7956000;508.42;508.59;AFIB;AFIB
7958000;510.68;510.85;AFIB;AFIB
7960000;515.07;515.22;AFIB;AFIB
7962000;510.96;511.11;AFIB;AFIB
7964000;516.59;516.73;AFIB;AFIB
7966000;512.56;512.69;AFIB;AFIB
7968000;514.52;514.64;AFIB;AFIB
7970000;516.71;516.83;AFIB;AFIB
7972000;511.32;511.43;AFIB;AFIB
7974000;508.55;508.65;AFIB;AFIB
7976000;515.47;515.56;AFIB;AFIB
7978000;508.53;508.61;AFIB;AFIB
7980000;513.94;514.02;AFIB;AFIB
7982000;511.91;511.98;AFIB;AFIB
7984000;508.51;508.57;AFIB;AFIB
7986000;510.36;510.41;AFIB;AFIB
7988000;515.96;516.01;AFIB;AFIB
7990000;510.83;510.87;AFIB;AFIB
7992000;511.14;511.17;AFIB;AFIB
7994000;512.30;512.32;AFIB;AFIB
7996000;514.21;514.22;AFIB;AFIB
7998000;507.29;507.29;AFIB;AFIB
8000000;512.06;512.06;AFIB;AFIB
8002000;515.13;515.12;AFIB;AFIB
8004000;511.48;511.46;AFIB;AFIB
8006000;509.98;509.95;AFIB;AFIB
8008000;517.64;517.61;AFIB;AFIB
8010000;513.71;513.67;AFIB;AFIB
8012000;510.95;510.90;AFIB;AFIB
8014000;512.98;512.93;AFIB;AFIB
8016000;511.67;511.61;AFIB;AFIB
8018000;510.09;510.02;AFIB;AFIB
8020000;508.04;507.96;AFIB;AFIB
8022000;515.83;515.74;AFIB;AFIB
8024000;510.13;510.03;AFIB;AFIB
8026000;513.19;513.09;AFIB;AFIB
8028000;513.20;513.09;AFIB;AFIB
8030000;514.57;514.45;AFIB;AFIB
8032000;514.45;514.33;AFIB;AFIB
8034000;513.42;513.29;AFIB;AFIB
8036000;516.60;516.46;AFIB;AFIB
8038000;513.20;513.05;AFIB;AFIB
8040000;509.41;509.25;AFIB;AFIB
8042000;514.84;514.68;AFIB;AFIB
8044000;509.89;509.71;AFIB;AFIB
8046000;512.12;511.94;AFIB;AFIB
8048000;509.53;509.34;AFIB;AFIB
8050000;510.73;510.53;AFIB;AFIB
8052000;516.28;516.08;AFIB;AFIB
8054000;514.83;514.62;AFIB;AFIB
8056000;516.87;516.65;AFIB;AFIB
8058000;513.60;513.37;AFIB;AFIB
8060000;509.24;509.01;AFIB;AFIB
8062000;512.77;512.52;AFIB;AFIB
8064000;510.50;510.25;AFIB;AFIB
8066000;509.64;509.38;AFIB;AFIB
8068000;511.21;510.95;AFIB;AFIB
8070000;512.33;512.06;AFIB;AFIB
8072000;510.26;509.98;AFIB;AFIB
8074000;512.11;511.82;AFIB;AFIB
8076000;511.60;511.30;AFIB;AFIB
8078000;513.23;512.92;AFIB;AFIB
8080000;512.61;512.30;AFIB;AFIB
8082000;511.64;511.32;AFIB;AFIB
8084000;512.29;511.97;AFIB;AFIB
8086000;511.69;511.36;AFIB;AFIB
8088000;514.35;514.01;AFIB;AFIB
8090000;514.94;514.59;AFIB;AFIB
8092000;513.44;513.08;AFIB;AFIB
8094000;510.26;509.90;AFIB;AFIB
8096000;511.64;511.26;AFIB;AFIB
8098000;505.55;505.16;AFIB;AFIB
8100000;516.47;516.08;AFIB;AFIB
8102000;514.22;513.82;AFIB;AFIB
8104000;509.02;508.61;AFIB;AFIB
8106000;515.54;515.13;AFIB;AFIB
8108000;511.56;511.14;AFIB;AFIB
8110000;518.18;517.75;AFIB;AFIB
8112000;511.85;511.41;AFIB;AFIB
8114000;511.56;511.12;AFIB;AFIB
8116000;513.25;512.80;AFIB;AFIB
8118000;515.44;514.98;AFIB;AFIB
8120000;515.08;514.61;AFIB;AFIB
8122000;513.80;513.32;AFIB;AFIB
8124000;513.35;512.86;AFIB;AFIB
8126000;513.73;513.24;AFIB;AFIB
8128000;508.61;508.11;AFIB;AFIB
8130000;514.06;513.56;AFIB;AFIB
8132000;511.93;511.41;AFIB;AFIB
8134000;509.52;509.00;AFIB;AFIB
8136000;515.48;514.95;AFIB;AFIB
8138000;514.61;514.07;AFIB;AFIB
8140000;509.75;509.21;AFIB;AFIB
8142000;510.05;509.50;AFIB;AFIB
8144000;511.01;510.45;AFIB;AFIB
8146000;512.77;512.21;AFIB;AFIB
8148000;515.99;515.41;AFIB;AFIB
8150000;514.93;514.35;AFIB;AFIB
8152000;510.75;510.16;AFIB;AFIB
8154000;515.78;515.18;AFIB;AFIB
8156000;512.23;511.62;AFIB;AFIB
8158000;508.96;508.35;AFIB;AFIB
8160000;513.34;512.72;AFIB;AFIB
8162000;511.56;510.93;AFIB;AFIB
8164000;512.11;511.47;AFIB;AFIB
8166000;509.46;508.81;AFIB;AFIB
8168000;514.21;513.55;AFIB;AFIB
8170000;514.21;513.55;AFIB;AFIB
8172000;510.90;510.23;AFIB;AFIB
8174000;509.12;508.45;AFIB;AFIB
8176000;510.18;509.50;AFIB;AFIB
8178000;512.03;511.34;AFIB;AFIB
8180000;509.87;509.18;AFIB;AFIB
8182000;514.71;514.01;AFIB;AFIB
8184000;508.87;508.16;AFIB;AFIB
8186000;509.90;509.18;AFIB;AFIB
8188000;514.51;513.79;AFIB;AFIB
8190000;512.62;511.88;AFIB;AFIB
8192000;509.98;509.24;AFIB;AFIB
8194000;512.23;511.48;AFIB;AFIB
8196000;510.76;510.00;AFIB;AFIB
8198000;509.66;508.90;AFIB;AFIB
8200000;512.35;511.57;AFIB;AFIB
8202000;515.57;514.79;AFIB;AFIB
8204000;517.12;516.33;AFIB;AFIB
8206000;508.92;508.13;AFIB;AFIB
8208000;510.71;509.91;AFIB;AFIB
8210000;513.27;512.46;AFIB;AFIB
8212000;513.79;512.97;AFIB;AFIB
8214000;515.28;514.46;AFIB;AFIB
8216000;514.86;514.03;AFIB;AFIB
8218000;510.96;510.13;AFIB;AFIB
8220000;514.60;513.75;AFIB;AFIB
8222000;510.90;510.05;AFIB;AFIB
8224000;513.05;512.19;AFIB;AFIB
8226000;514.65;513.78;AFIB;AFIB
8228000;510.10;509.22;AFIB;AFIB
8230000;512.72;511.84;AFIB;AFIB
8232000;514.19;513.30;AFIB;AFIB
8234000;511.57;510.67;AFIB;AFIB
8236000;514.76;513.85;AFIB;AFIB
8238000;511.17;510.26;AFIB;AFIB
8240000;514.56;513.64;AFIB;AFIB
8242000;514.94;514.01;AFIB;AFIB
8244000;513.67;512.74;AFIB;AFIB
8246000;510.80;509.86;AFIB;AFIB
8248000;519.41;518.46;AFIB;AFIB
8250000;508.68;507.72;AFIB;AFIB
8252000;512.42;511.45;AFIB;AFIB
8254000;514.08;513.11;AFIB;AFIB
8256000;516.60;515.62;AFIB;AFIB
8258000;511.10;510.12;AFIB;AFIB
8260000;514.80;513.81;AFIB;AFIB
8262000;511.61;510.61;AFIB;AFIB
8264000;511.90;510.89;AFIB;AFIB
8266000;513.82;512.81;AFIB;AFIB
8268000;513.34;512.32;AFIB;AFIB
8270000;515.99;514.96;AFIB;AFIB
8272000;518.18;517.14;AFIB;AFIB
8274000;518.75;517.70;AFIB;AFIB
8276000;513.61;512.56;AFIB;AFIB
8278000;512.40;511.35;AFIB;AFIB
8280000;511.55;510.49;AFIB;AFIB
8282000;511.97;510.90;AFIB;AFIB
8284000;507.57;506.49;AFIB;AFIB
8286000;511.91;510.83;AFIB;AFIB
8288000;515.38;514.29;AFIB;AFIB
8290000;512.87;511.77;AFIB;AFIB
8292000;514.18;513.07;AFIB;AFIB
8294000;507.59;506.47;AFIB;AFIB
8296000;511.51;510.39;AFIB;AFIB
8298000;514.22;513.10;AFIB;AFIB
8300000;513.29;512.15;AFIB;AFIB
8302000;514.46;513.32;AFIB;AFIB
8304000;513.30;512.15;AFIB;AFIB
8306000;513.24;512.09;AFIB;AFIB
8308000;514.53;513.37;AFIB;AFIB
8310000;513.23;512.06;AFIB;AFIB
8312000;513.27;512.10;AFIB;AFIB
8314000;509.99;508.80;AFIB;AFIB
8316000;508.67;507.48;AFIB;AFIB
8318000;513.65;512.45;AFIB;AFIB
8320000;514.18;512.97;AFIB;AFIB
8322000;514.11;512.90;AFIB;AFIB
8324000;514.10;512.88;AFIB;AFIB
8326000;512.89;511.66;AFIB;AFIB
8328000;513.59;512.35;AFIB;AFIB
8330000;512.69;511.45;AFIB;AFIB
8332000;511.57;510.32;AFIB;AFIB
8334000;515.55;514.29;AFIB;AFIB
8336000;514.04;512.78;AFIB;AFIB
8338000;510.01;508.74;AFIB;AFIB
8340000;513.76;512.48;AFIB;AFIB
8342000;513.96;512.68;AFIB;AFIB
8344000;513.06;511.77;AFIB;AFIB
8346000;514.05;512.75;AFIB;AFIB
8348000;507.39;506.09;AFIB;AFIB
8350000;513.40;512.10;AFIB;AFIB
8352000;516.12;514.81;AFIB;AFIB
8354000;511.23;509.91;AFIB;AFIB
8356000;510.10;508.77;AFIB;AFIB
8358000;514.61;513.27;AFIB;AFIB
8360000;515.32;513.98;AFIB;AFIB
8362000;515.39;514.05;AFIB;AFIB
8364000;513.93;512.57;AFIB;AFIB
8366000;512.17;510.81;AFIB;AFIB
8368000;515.91;514.54;AFIB;AFIB
8370000;512.79;511.42;AFIB;AFIB
8372000;511.95;510.57;AFIB;AFIB
8374000;515.61;514.23;AFIB;AFIB
8376000;509.91;508.51;AFIB;AFIB
8378000;512.71;511.32;AFIB;AFIB
8380000;515.13;513.73;AFIB;AFIB
8382000;515.49;514.08;AFIB;AFIB
8384000;508.78;507.36;AFIB;AFIB
8386000;512.31;510.88;AFIB;AFIB
8388000;511.12;509.69;AFIB;AFIB
8390000;519.80;518.36;AFIB;AFIB
8392000;514.41;512.97;AFIB;AFIB
8394000;513.66;512.21;AFIB;AFIB
8396000;512.33;510.87;AFIB;AFIB
8398000;514.14;512.67;AFIB;AFIB
8400000;514.85;513.38;AFIB;AFIB
8402000;512.47;510.99;AFIB;AFIB
8404000;512.03;510.54;AFIB;AFIB
8406000;511.53;510.04;AFIB;AFIB
8408000;510.97;509.48;AFIB;AFIB
8410000;513.44;511.94;AFIB;AFIB
8412000;512.34;510.83;AFIB;AFIB
8414000;515.29;513.78;AFIB;AFIB
8416000;510.67;509.15;AFIB;AFIB
8418000;515.09;513.56;AFIB;AFIB
8420000;511.19;509.66;AFIB;AFIB
8422000;512.53;510.99;AFIB;AFIB
8424000;515.56;514.02;AFIB;AFIB
8426000;510.58;509.03;AFIB;AFIB
8428000;510.11;508.56;AFIB;AFIB
8430000;513.11;511.55;AFIB;AFIB
8432000;514.73;513.16;AFIB;AFIB
8434000;513.30;511.72;AFIB;AFIB
8436000;516.59;515.01;AFIB;AFIB
8438000;517.22;515.63;AFIB;AFIB
8440000;515.41;513.82;AFIB;AFIB
8442000;512.20;510.60;AFIB;AFIB
8444000;514.70;513.10;AFIB;AFIB
8446000;512.57;510.95;AFIB;AFIB
8448000;510.94;509.32;AFIB;AFIB
8450000;513.69;512.07;AFIB;AFIB
8452000;516.16;514.53;AFIB;AFIB
8454000;514.98;513.34;AFIB;AFIB
8456000;515.74;514.10;AFIB;AFIB
8458000;514.30;512.66;AFIB;AFIB
8460000;513.69;512.04;AFIB;AFIB
8462000;513.12;511.46;AFIB;AFIB
8464000;511.92;510.25;AFIB;AFIB
8466000;512.63;510.96;AFIB;AFIB
8468000;517.52;515.85;AFIB;AFIB
8470000;513.80;512.12;AFIB;AFIB
8472000;513.80;512.11;AFIB;AFIB
8474000;512.91;511.21;AFIB;AFIB
8476000;513.86;512.16;AFIB;AFIB
8478000;510.69;508.99;AFIB;AFIB
8480000;511.42;509.71;AFIB;AFIB
8482000;513.42;511.70;AFIB;AFIB
8484000;510.72;509.00;AFIB;AFIB
8486000;519.48;517.75;AFIB;AFIB
8488000;518.07;516.34;AFIB;AFIB
8490000;512.89;511.15;AFIB;AFIB
8492000;510.14;508.39;AFIB;AFIB
8494000;515.95;514.19;AFIB;AFIB
8496000;512.57;510.81;AFIB;AFIB
8498000;513.54;511.78;AFIB;AFIB
8500000;512.28;510.51;AFIB;AFIB
8502000;513.82;512.04;AFIB;AFIB
8504000;516.80;515.02;AFIB;AFIB
8506000;515.49;513.70;AFIB;AFIB
8508000;513.68;511.89;AFIB;AFIB
8510000;515.06;513.26;AFIB;AFIB
8512000;511.21;509.41;AFIB;AFIB
8514000;516.07;514.27;AFIB;AFIB
8516000;517.44;515.63;AFIB;AFIB
8518000;515.41;513.60;AFIB;AFIB
8520000;513.63;511.80;AFIB;AFIB
8522000;515.40;513.57;AFIB;AFIB
8524000;513.70;511.87;AFIB;AFIB
8526000;514.00;512.16;AFIB;AFIB
8528000;512.44;510.60;AFIB;AFIB
8530000;515.72;513.88;AFIB;AFIB
8532000;513.87;512.02;AFIB;AFIB
8534000;515.60;513.74;AFIB;AFIB
8536000;514.42;512.56;AFIB;AFIB
8538000;513.69;511.82;AFIB;AFIB
8540000;512.80;510.93;AFIB;AFIB
8542000;511.13;509.25;AFIB;AFIB
8544000;515.93;514.05;AFIB;AFIB
8546000;511.74;509.85;AFIB;AFIB
8548000;509.15;507.26;AFIB;AFIB
8550000;517.63;515.73;AFIB;AFIB
8552000;512.58;510.67;AFIB;AFIB
8554000;512.85;510.94;AFIB;AFIB
8556000;512.28;510.36;AFIB;AFIB
8558000;512.99;511.07;AFIB;AFIB
8560000;508.31;506.39;AFIB;AFIB
8562000;515.52;513.59;AFIB;AFIB
8564000;516.97;515.04;AFIB;AFIB
8566000;516.50;514.56;AFIB;AFIB
8568000;514.62;512.67;AFIB;AFIB
8570000;511.60;509.65;AFIB;AFIB
8572000;512.15;510.19;AFIB;AFIB
8574000;516.11;514.15;AFIB;AFIB
8576000;517.56;515.59;AFIB;AFIB
8578000;514.33;512.36;AFIB;AFIB
8580000;508.70;506.72;AFIB;AFIB
8582000;516.24;514.26;AFIB;AFIB
8584000;515.82;513.84;AFIB;AFIB
8586000;512.60;510.61;AFIB;AFIB
8588000;508.33;506.34;AFIB;AFIB
8590000;510.60;508.60;AFIB;AFIB
8592000;515.18;513.17;AFIB;AFIB
8594000;512.54;510.53;AFIB;AFIB
8596000;517.91;515.89;AFIB;AFIB
8598000;513.12;511.10;AFIB;AFIB
8600000;516.98;514.95;AFIB;AFIB
8602000;512.71;510.69;AFIB;AFIB
8604000;510.51;508.48;AFIB;AFIB
8606000;514.08;512.04;AFIB;AFIB
8608000;509.40;507.36;AFIB;AFIB
8610000;513.38;511.34;AFIB;AFIB
8612000;517.71;515.66;AFIB;AFIB
8614000;513.18;511.13;AFIB;AFIB
8616000;515.96;513.90;AFIB;AFIB
8618000;513.66;511.60;AFIB;AFIB
8620000;517.24;515.17;AFIB;AFIB
8622000;512.62;510.55;AFIB;AFIB
8624000;515.55;513.48;AFIB;AFIB
8626000;515.30;513.22;AFIB;AFIB
8628000;513.06;510.97;AFIB;AFIB
8630000;514.31;512.22;AFIB;AFIB
8632000;514.75;512.66;AFIB;AFIB
8634000;514.44;512.34;AFIB;AFIB
8636000;507.80;505.69;AFIB;AFIB
8638000;512.19;510.09;AFIB;AFIB
8640000;513.07;510.96;AFIB;AFIB
8642000;511.87;509.76;AFIB;AFIB
8644000;512.46;510.34;AFIB;AFIB
8646000;517.45;515.32;AFIB;AFIB
8648000;513.46;511.33;AFIB;AFIB
8650000;514.67;512.54;AFIB;AFIB
8652000;515.18;513.04;AFIB;AFIB
8654000;516.43;514.29;AFIB;AFIB
8656000;508.03;505.89;AFIB;AFIB
8658000;514.66;512.51;AFIB;AFIB
8660000;513.75;511.60;AFIB;AFIB
8662000;514.99;512.83;AFIB;AFIB
8664000;511.85;509.69;AFIB;AFIB
8666000;516.77;514.61;AFIB;AFIB
8668000;515.71;513.54;AFIB;AFIB
8670000;514.50;512.33;AFIB;AFIB
8672000;513.09;510.91;AFIB;AFIB
8674000;512.97;510.79;AFIB;AFIB
8676000;512.38;510.20;AFIB;AFIB
8678000;515.09;512.91;AFIB;AFIB
8680000;512.73;510.54;AFIB;AFIB
8682000;512.49;510.30;AFIB;AFIB
8684000;516.81;514.61;AFIB;AFIB
8686000;518.59;516.39;AFIB;AFIB
8688000;510.87;508.67;AFIB;AFIB
8690000;516.09;513.88;AFIB;AFIB
8692000;519.99;517.78;AFIB;AFIB
8694000;512.53;510.31;AFIB;AFIB
8696000;513.26;511.04;AFIB;AFIB
8698000;514.68;512.46;AFIB;AFIB
8700000;518.54;516.31;AFIB;AFIB
8702000;513.71;511.48;AFIB;AFIB
8704000;510.81;508.57;AFIB;AFIB
8706000;515.45;513.21;AFIB;AFIB
8708000;514.52;512.28;AFIB;AFIB
8710000;512.84;510.60;AFIB;AFIB
8712000;513.41;511.16;AFIB;AFIB
8714000;515.45;513.20;AFIB;AFIB
8716000;513.75;511.49;AFIB;AFIB
8718000;517.96;515.70;AFIB;AFIB
8720000;514.46;512.20;AFIB;AFIB
8722000;514.05;511.79;AFIB;AFIB
8724000;514.29;512.03;AFIB;AFIB
8726000;511.74;509.47;AFIB;AFIB
8728000;511.53;509.26;AFIB;AFIB
8730000;511.29;509.02;AFIB;AFIB
8732000;518.38;516.10;AFIB;AFIB
8734000;514.09;511.80;AFIB;AFIB
8736000;514.15;511.86;AFIB;AFIB
8738000;514.13;511.84;AFIB;AFIB
8740000;515.02;512.72;AFIB;AFIB
8742000;513.32;511.03;AFIB;AFIB
8744000;517.46;515.16;AFIB;AFIB
8746000;518.71;516.40;AFIB;AFIB
8748000;517.61;515.31;AFIB;AFIB
8750000;510.96;508.66;AFIB;AFIB
8752000;519.51;517.20;AFIB;AFIB
8754000;511.38;509.06;AFIB;AFIB
8756000;515.04;512.72;AFIB;AFIB
8758000;512.31;509.99;AFIB;AFIB
8760000;515.34;513.02;AFIB;AFIB
8762000;516.47;514.14;AFIB;AFIB
8764000;513.89;511.55;AFIB;AFIB
8766000;510.48;508.15;AFIB;AFIB
8768000;514.61;512.28;AFIB;AFIB
8770000;513.87;511.53;AFIB;AFIB
8772000;512.63;510.29;AFIB;AFIB
8774000;512.26;509.91;AFIB;AFIB
8776000;510.64;508.29;AFIB;AFIB
8778000;515.18;512.83;AFIB;AFIB
8780000;513.69;511.34;AFIB;AFIB
8782000;518.96;516.60;AFIB;AFIB
8784000;512.38;510.03;AFIB;AFIB
8786000;517.52;515.16;AFIB;AFIB
8788000;513.49;511.13;AFIB;AFIB
8790000;516.00;513.64;AFIB;AFIB
8792000;512.16;509.79;AFIB;AFIB
8794000;515.62;513.24;AFIB;AFIB
8796000;513.46;511.09;AFIB;AFIB
8798000;508.37;505.99;AFIB;AFIB
8800000;517.36;514.99;AFIB;AFIB
8802000;516.44;514.05;AFIB;AFIB
8804000;515.56;513.17;AFIB;AFIB
8806000;509.34;506.96;AFIB;AFIB
8808000;515.59;513.21;AFIB;AFIB
8810000;516.65;514.27;AFIB;AFIB
8812000;516.94;514.54;AFIB;AFIB
8814000;517.67;515.27;AFIB;AFIB
8816000;511.75;509.35;AFIB;AFIB
8818000;514.15;511.75;AFIB;AFIB
8820000;511.67;509.27;AFIB;AFIB
8822000;509.78;507.37;AFIB;AFIB
8824000;512.60;510.20;AFIB;AFIB
8826000;517.41;515.00;AFIB;AFIB
8828000;514.42;512.01;AFIB;AFIB
8830000;513.01;510.60;AFIB;AFIB
8832000;516.89;514.47;AFIB;AFIB
8834000;514.35;511.94;AFIB;AFIB
8836000;512.36;509.94;AFIB;AFIB
8838000;513.19;510.77;AFIB;AFIB
8840000;520.38;517.96;AFIB;AFIB
8842000;519.10;516.68;AFIB;AFIB
8844000;510.26;507.83;AFIB;AFIB
8846000;509.64;507.21;AFIB;AFIB
8848000;515.38;512.95;AFIB;AFIB
8850000;514.89;512.46;AFIB;AFIB
8852000;516.97;514.54;AFIB;AFIB
8854000;513.05;510.62;AFIB;AFIB
8856000;517.60;515.17;AFIB;AFIB
8858000;513.98;511.54;AFIB;AFIB
8860000;518.43;515.99;AFIB;AFIB
8862000;513.15;510.71;AFIB;AFIB
8864000;517.79;515.35;AFIB;AFIB
8866000;513.66;511.22;AFIB;AFIB
8868000;510.17;507.73;AFIB;AFIB
8870000;513.32;510.88;AFIB;AFIB
8872000;513.38;510.93;AFIB;AFIB
8874000;512.30;509.85;AFIB;AFIB
8876000;514.64;512.19;AFIB;AFIB
8878000;515.08;512.63;AFIB;AFIB
8880000;510.58;508.12;AFIB;AFIB
8882000;514.86;512.40;AFIB;AFIB
8884000;515.66;513.20;AFIB;AFIB
8886000;514.26;511.80;AFIB;AFIB
8888000;514.13;511.67;AFIB;AFIB
8890000;512.92;510.46;AFIB;AFIB
8892000;516.62;514.15;AFIB;AFIB
8894000;515.47;513.01;AFIB;AFIB
8896000;516.45;513.98;AFIB;AFIB
8898000;511.88;509.41;AFIB;AFIB
8900000;509.68;507.21;AFIB;AFIB
8902000;516.34;513.87;AFIB;AFIB
8904000;511.93;509.46;AFIB;AFIB
8906000;516.07;513.59;AFIB;AFIB
8908000;511.25;508.78;AFIB;AFIB
8910000;505.62;503.15;AFIB;AFIB
8912000;513.60;511.12;AFIB;AFIB
8914000;514.02;511.54;AFIB;AFIB
8916000;513.08;510.60;AFIB;AFIB
8918000;516.51;514.03;AFIB;AFIB
8920000;514.24;511.76;AFIB;AFIB
8922000;513.96;511.48;AFIB;AFIB
8924000;516.79;514.31;AFIB;AFIB
8926000;516.05;513.57;AFIB;AFIB
8928000;510.47;507.98;AFIB;AFIB
8930000;512.65;510.16;AFIB;AFIB
8932000;510.27;507.78;AFIB;AFIB
8934000;512.17;509.68;AFIB;AFIB
8936000;512.07;509.58;AFIB;AFIB
8938000;512.01;509.52;AFIB;AFIB
8940000;513.66;511.17;AFIB;AFIB
8942000;516.10;513.61;AFIB;AFIB
8944000;519.46;516.97;AFIB;AFIB
8946000;514.39;511.90;AFIB;AFIB
8948000;517.96;515.46;AFIB;AFIB
8950000;514.12;511.63;AFIB;AFIB
8952000;515.61;513.12;AFIB;AFIB
8954000;511.89;509.39;AFIB;AFIB
8956000;513.57;511.07;AFIB;AFIB
8958000;515.82;513.32;AFIB;AFIB
8960000;517.26;514.77;AFIB;AFIB
8962000;512.10;509.60;AFIB;AFIB
8964000;513.79;511.29;AFIB;AFIB
8966000;514.64;512.14;AFIB;AFIB
8968000;508.56;506.07;AFIB;AFIB
8970000;510.56;508.07;AFIB;AFIB
8972000;513.00;510.51;AFIB;AFIB
8974000;514.54;512.04;AFIB;AFIB
8976000;511.19;508.69;AFIB;AFIB
8978000;513.65;511.15;AFIB;AFIB
8980000;516.42;513.92;AFIB;AFIB
8982000;514.65;512.15;AFIB;AFIB
8984000;517.68;515.18;AFIB;AFIB
8986000;515.08;512.58;AFIB;AFIB
8988000;510.35;507.85;AFIB;AFIB
8990000;514.33;511.84;AFIB;AFIB
8992000;511.81;509.31;AFIB;AFIB
8994000;514.00;511.50;AFIB;AFIB
8996000;519.23;516.73;AFIB;AFIB
8998000;518.39;515.89;AFIB;AFIB
9000000;511.79;509.29;AFIB;AFIB
9002000;510.90;508.40;AFIB;AFIB
9004000;514.34;511.84;AFIB;AFIB
9006000;517.97;515.47;AFIB;AFIB
9008000;512.93;510.43;AFIB;AFIB
9010000;515.84;513.34;AFIB;AFIB
9012000;510.40;507.90;AFIB;AFIB
9014000;518.54;516.04;AFIB;AFIB
9016000;512.69;510.19;AFIB;AFIB
9018000;514.43;511.93;AFIB;AFIB
9020000;510.96;508.46;AFIB;AFIB
9022000;514.98;512.48;AFIB;AFIB
9024000;511.79;509.29;AFIB;AFIB
9026000;513.07;510.57;AFIB;AFIB
9028000;513.52;511.03;AFIB;AFIB
9030000;516.17;513.67;AFIB;AFIB
9032000;516.41;513.91;AFIB;AFIB
9034000;514.53;512.03;AFIB;AFIB
9036000;514.86;512.36;AFIB;AFIB
9038000;512.99;510.50;AFIB;AFIB
9040000;510.94;508.44;AFIB;AFIB
9042000;520.06;517.56;AFIB;AFIB
9044000;516.03;513.53;AFIB;AFIB
9046000;518.39;515.89;AFIB;AFIB
9048000;514.12;511.62;AFIB;AFIB
9050000;518.87;516.38;AFIB;AFIB
9052000;512.42;509.93;AFIB;AFIB
9054000;515.57;513.08;AFIB;AFIB
9056000;515.05;512.56;AFIB;AFIB
9058000;515.82;513.33;AFIB;AFIB
9060000;515.59;513.10;AFIB;AFIB
9062000;513.45;510.96;AFIB;AFIB
9064000;515.32;512.84;AFIB;AFIB
9066000;513.58;511.10;AFIB;AFIB
9068000;515.31;512.82;AFIB;AFIB
9070000;516.08;513.59;AFIB;AFIB
9072000;513.61;511.12;AFIB;AFIB
9074000;515.89;513.41;AFIB;AFIB
9076000;518.49;516.00;AFIB;AFIB
9078000;514.81;512.33;AFIB;AFIB
9080000;512.77;510.29;AFIB;AFIB
9082000;511.20;508.72;AFIB;AFIB
9084000;515.05;512.57;AFIB;AFIB
9086000;514.27;511.79;AFIB;AFIB
9088000;511.44;508.96;AFIB;AFIB
9090000;512.35;509.87;AFIB;AFIB
9092000;514.84;512.36;AFIB;AFIB
9094000;512.51;510.04;AFIB;AFIB
9096000;512.77;510.30;AFIB;AFIB
9098000;514.34;511.87;AFIB;AFIB
9100000;513.55;511.08;AFIB;AFIB
9102000;513.68;511.21;AFIB;AFIB
9104000;515.29;512.82;AFIB;AFIB
9106000;515.54;513.08;AFIB;AFIB
9108000;516.66;514.19;AFIB;AFIB
9110000;514.15;511.69;AFIB;AFIB
9112000;512.61;510.15;AFIB;AFIB
9114000;513.03;510.57;AFIB;AFIB
9116000;511.19;508.73;AFIB;AFIB
9118000;510.77;508.31;AFIB;AFIB
9120000;510.81;508.35;AFIB;AFIB
9122000;512.45;510.00;AFIB;AFIB
9124000;516.28;513.82;AFIB;AFIB
9126000;513.31;510.86;AFIB;AFIB
9128000;515.60;513.15;AFIB;AFIB
9130000;514.03;511.59;AFIB;AFIB
9132000;513.16;510.72;AFIB;AFIB
9134000;516.73;514.29;AFIB;AFIB
9136000;514.69;512.24;AFIB;AFIB
9138000;511.05;508.60;AFIB;AFIB
9140000;516.50;514.06;AFIB;AFIB
9142000;513.45;511.02;AFIB;AFIB
9144000;515.65;513.21;AFIB;AFIB
9146000;514.09;511.65;AFIB;AFIB
9148000;515.71;513.28;AFIB;AFIB
9150000;513.89;511.45;AFIB;AFIB
9152000;515.61;513.18;AFIB;AFIB
9154000;509.84;507.41;AFIB;AFIB
9156000;510.99;508.57;AFIB;AFIB
9158000;517.63;515.21;AFIB;AFIB
9160000;517.13;514.71;AFIB;AFIB
9162000;506.02;503.60;AFIB;AFIB
9164000;512.50;510.08;AFIB;AFIB
9166000;514.34;511.92;AFIB;AFIB
9168000;515.71;513.29;AFIB;AFIB
9170000;518.99;516.58;AFIB;AFIB
9172000;514.57;512.16;AFIB;AFIB
9174000;513.75;511.34;AFIB;AFIB
9176000;513.19;510.78;AFIB;AFIB
9178000;512.28;509.88;AFIB;AFIB
9180000;511.55;509.15;AFIB;AFIB
9182000;516.16;513.77;AFIB;AFIB
9184000;515.49;513.10;AFIB;AFIB
9186000;515.38;512.99;AFIB;AFIB
9188000;514.12;511.72;AFIB;AFIB
9190000;513.05;510.66;AFIB;AFIB
9192000;512.73;510.34;AFIB;AFIB
9194000;515.50;513.11;AFIB;AFIB
9196000;518.24;515.85;AFIB;AFIB
9198000;511.41;509.03;AFIB;AFIB
9200000;517.42;515.05;AFIB;AFIB
9202000;514.67;512.29;AFIB;AFIB
9204000;515.43;513.06;AFIB;AFIB
9206000;516.89;514.52;AFIB;AFIB
9208000;512.88;510.52;AFIB;AFIB
9210000;513.27;510.90;AFIB;AFIB
9212000;515.33;512.96;AFIB;AFIB
9214000;512.34;509.98;AFIB;AFIB
9216000;516.68;514.33;AFIB;AFIB
9218000;515.04;512.69;AFIB;AFIB
9220000;513.71;511.36;AFIB;AFIB
9222000;516.31;513.96;AFIB;AFIB
9224000;511.64;509.30;AFIB;AFIB
9226000;509.14;506.79;AFIB;AFIB
9228000;517.31;514.97;AFIB;AFIB
9230000;510.53;508.19;AFIB;AFIB
9232000;518.61;516.27;AFIB;AFIB
9234000;513.65;511.32;AFIB;AFIB
9236000;513.73;511.40;AFIB;AFIB
9238000;514.61;512.28;AFIB;AFIB
9240000;512.87;510.55;AFIB;AFIB
9242000;520.48;518.15;AFIB;AFIB
9244000;514.97;512.65;AFIB;AFIB
9246000;513.51;511.20;AFIB;AFIB
9248000;511.08;508.77;AFIB;AFIB
9250000;513.55;511.24;AFIB;AFIB
9252000;518.61;516.30;AFIB;AFIB
9254000;515.80;513.50;AFIB;AFIB
9256000;515.83;513.53;AFIB;AFIB
9258000;511.20;508.90;AFIB;AFIB
9260000;514.53;512.23;AFIB;AFIB
9262000;517.46;515.16;AFIB;AFIB
9264000;517.35;515.06;AFIB;AFIB
9266000;513.65;511.36;AFIB;AFIB
9268000;513.04;510.76;AFIB;AFIB
9270000;515.31;513.04;AFIB;AFIB
9272000;510.11;507.84;AFIB;AFIB
9274000;511.45;509.18;AFIB;AFIB
9276000;512.69;510.42;AFIB;AFIB
9278000;513.51;511.25;AFIB;AFIB
9280000;515.95;513.69;AFIB;AFIB
9282000;518.45;516.19;AFIB;AFIB
9284000;510.14;507.89;AFIB;AFIB
9286000;511.96;509.70;AFIB;AFIB
9288000;513.95;511.70;AFIB;AFIB
9290000;512.68;510.44;AFIB;AFIB
9292000;507.76;505.51;AFIB;AFIB
9294000;510.84;508.61;AFIB;AFIB
9296000;510.07;507.84;AFIB;AFIB
9298000;515.37;513.14;AFIB;AFIB
9300000;516.63;514.40;AFIB;AFIB
9302000;513.87;511.65;AFIB;AFIB
9304000;514.15;511.93;AFIB;AFIB
9306000;512.23;510.01;AFIB;AFIB
9308000;512.09;509.88;AFIB;AFIB
9310000;511.04;508.83;AFIB;AFIB
9312000;511.88;509.67;AFIB;AFIB
9314000;513.53;511.32;AFIB;AFIB
9316000;517.90;515.70;AFIB;AFIB
9318000;514.97;512.78;AFIB;AFIB
9320000;510.12;507.92;AFIB;AFIB
9322000;515.40;513.22;AFIB;AFIB
9324000;514.50;512.32;AFIB;AFIB
9326000;516.13;513.95;AFIB;AFIB
9328000;516.50;514.33;AFIB;AFIB
9330000;511.53;509.36;AFIB;AFIB
9332000;514.74;512.57;AFIB;AFIB
9334000;513.81;511.64;AFIB;AFIB
9336000;514.18;512.02;AFIB;AFIB
9338000;513.19;511.03;AFIB;AFIB
9340000;511.65;509.50;AFIB;AFIB
9342000;514.24;512.10;AFIB;AFIB
9344000;512.22;510.08;AFIB;AFIB
9346000;515.77;513.63;AFIB;AFIB
9348000;517.29;515.15;AFIB;AFIB
9350000;514.31;512.18;AFIB;AFIB
9352000;514.07;511.95;AFIB;AFIB
9354000;512.48;510.36;AFIB;AFIB
9356000;514.36;512.24;AFIB;AFIB
9358000;515.30;513.19;AFIB;AFIB
9360000;517.73;515.62;AFIB;AFIB
9362000;518.39;516.28;AFIB;AFIB
9364000;515.14;513.04;AFIB;AFIB
9366000;518.90;516.81;AFIB;AFIB
9368000;514.68;512.58;AFIB;AFIB
9370000;515.08;512.99;AFIB;AFIB
9372000;509.52;507.44;AFIB;AFIB
9374000;516.47;514.39;AFIB;AFIB
9376000;516.34;514.26;AFIB;AFIB
9378000;514.78;512.71;AFIB;AFIB
9380000;517.30;515.23;AFIB;AFIB
9382000;512.62;510.55;AFIB;AFIB
9384000;517.05;514.99;AFIB;AFIB
9386000;511.35;509.29;AFIB;AFIB
9388000;515.92;513.87;AFIB;AFIB
9390000;515.63;513.58;AFIB;AFIB
9392000;513.91;511.87;AFIB;AFIB
9394000;513.19;511.15;AFIB;AFIB
9396000;513.22;511.19;AFIB;AFIB
9398000;513.66;511.64;AFIB;AFIB
9400000;511.22;509.20;AFIB;AFIB
9402000;514.23;512.22;AFIB;AFIB
9404000;512.37;510.35;AFIB;AFIB
9406000;514.36;512.35;AFIB;AFIB
9408000;514.84;512.83;AFIB;AFIB
9410000;514.74;512.74;AFIB;AFIB
9412000;512.63;510.63;AFIB;AFIB
9414000;509.82;507.83;AFIB;AFIB
9416000;512.55;510.56;AFIB;AFIB
9418000;513.53;511.55;AFIB;AFIB
9420000;515.75;513.78;AFIB;AFIB
9422000;513.56;511.59;AFIB;AFIB
9424000;517.80;515.83;AFIB;AFIB
9426000;514.53;512.57;AFIB;AFIB
9428000;512.55;510.60;AFIB;AFIB
9430000;512.73;510.77;AFIB;AFIB
9432000;512.45;510.50;AFIB;AFIB
9434000;512.67;510.73;AFIB;AFIB
9436000;512.98;511.05;AFIB;AFIB
9438000;516.35;514.42;AFIB;AFIB
9440000;514.25;512.32;AFIB;AFIB
9442000;510.93;509.01;AFIB;AFIB
9444000;519.34;517.43;AFIB;AFIB
9446000;509.20;507.29;AFIB;AFIB
9448000;510.23;508.32;AFIB;AFIB
9450000;514.45;512.55;AFIB;AFIB
9452000;512.42;510.52;AFIB;AFIB
9454000;508.20;506.31;AFIB;AFIB
9456000;513.26;511.37;AFIB;AFIB
9458000;512.53;510.65;AFIB;AFIB
9460000;515.68;513.80;AFIB;AFIB
9462000;514.65;512.78;AFIB;AFIB
9464000;514.16;512.29;AFIB;AFIB
9466000;515.35;513.49;AFIB;AFIB
9468000;513.93;512.07;AFIB;AFIB
9470000;515.56;513.71;AFIB;AFIB
9472000;512.05;510.21;AFIB;AFIB
9474000;513.21;511.37;AFIB;AFIB
9476000;512.13;510.30;AFIB;AFIB
9478000;514.74;512.91;AFIB;AFIB
9480000;512.77;510.94;AFIB;AFIB
9482000;511.29;509.48;AFIB;AFIB
9484000;516.01;514.19;AFIB;AFIB
9486000;511.73;509.93;AFIB;AFIB
9488000;512.66;510.86;AFIB;AFIB
9490000;510.89;509.09;AFIB;AFIB
9492000;515.94;514.15;AFIB;AFIB
9494000;514.55;512.76;AFIB;AFIB
9496000;509.54;507.76;AFIB;AFIB
9498000;511.11;509.34;AFIB;AFIB
9500000;512.46;510.70;AFIB;AFIB
9502000;509.94;508.18;AFIB;AFIB
9504000;516.11;514.36;AFIB;AFIB
9506000;515.77;514.01;AFIB;AFIB
9508000;520.67;518.92;AFIB;AFIB
9510000;511.25;509.51;AFIB;AFIB
9512000;511.99;510.26;AFIB;AFIB
9514000;515.97;514.24;AFIB;AFIB
9516000;515.59;513.86;AFIB;AFIB
9518000;516.95;515.23;AFIB;AFIB
9520000;511.80;510.09;AFIB;AFIB
9522000;515.83;514.12;AFIB;AFIB
9524000;510.29;508.59;AFIB;AFIB
9526000;515.44;513.74;AFIB;AFIB
9528000;508.63;506.95;AFIB;AFIB
9530000;515.67;513.99;AFIB;AFIB
9532000;516.50;514.82;AFIB;AFIB
9534000;512.97;511.30;AFIB;AFIB
9536000;510.73;509.07;AFIB;AFIB
9538000;513.55;511.89;AFIB;AFIB
9540000;515.20;513.55;AFIB;AFIB
9542000;515.95;514.30;AFIB;AFIB
9544000;517.50;515.86;AFIB;AFIB
9546000;510.86;509.23;AFIB;AFIB
9548000;513.43;511.80;AFIB;AFIB
9550000;518.07;516.45;AFIB;AFIB
9552000;511.87;510.25;AFIB;AFIB
9554000;510.75;509.14;AFIB;AFIB
9556000;514.33;512.73;AFIB;AFIB
9558000;511.94;510.34;AFIB;AFIB
9560000;512.49;510.89;AFIB;AFIB
9562000;511.91;510.32;AFIB;AFIB
9564000;513.95;512.36;AFIB;AFIB
9566000;510.75;509.18;AFIB;AFIB
9568000;515.76;514.19;AFIB;AFIB
9570000;511.75;510.19;AFIB;AFIB
9572000;514.34;512.78;AFIB;AFIB
9574000;511.02;509.47;AFIB;AFIB
9576000;514.30;512.76;AFIB;AFIB
9578000;512.40;510.86;AFIB;AFIB
9580000;513.91;512.38;AFIB;AFIB
9582000;512.99;511.47;AFIB;AFIB
9584000;514.20;512.68;AFIB;AFIB
9586000;513.74;512.23;AFIB;AFIB
9588000;514.57;513.07;AFIB;AFIB
9590000;514.37;512.87;AFIB;AFIB
9592000;512.90;511.41;AFIB;AFIB
9594000;510.28;508.79;AFIB;AFIB
9596000;512.97;511.49;AFIB;AFIB
9598000;510.50;509.02;AFIB;AFIB
9600000;517.62;516.15;AFIB;AFIB
9602000;511.97;510.50;AFIB;AFIB
9604000;512.04;510.58;AFIB;AFIB
9606000;509.83;508.38;AFIB;AFIB
9608000;514.45;513.00;AFIB;AFIB
9610000;512.54;511.10;AFIB;AFIB
9612000;516.06;514.63;AFIB;AFIB
9614000;510.99;509.56;AFIB;AFIB
9616000;516.55;515.13;AFIB;AFIB
9618000;512.88;511.47;AFIB;AFIB
9620000;509.71;508.31;AFIB;AFIB
9622000;512.92;511.52;AFIB;AFIB
9624000;515.18;513.79;AFIB;AFIB
9626000;514.47;513.08;AFIB;AFIB
9628000;510.90;509.52;AFIB;AFIB
9630000;514.00;512.62;AFIB;AFIB
9632000;514.65;513.29;AFIB;AFIB
9634000;513.56;512.20;AFIB;AFIB
9636000;515.58;514.23;AFIB;AFIB
9638000;513.88;512.54;AFIB;AFIB
9640000;511.15;509.81;AFIB;AFIB
9642000;514.65;513.32;AFIB;AFIB
9644000;514.25;512.93;AFIB;AFIB
9646000;511.59;510.28;AFIB;AFIB
9648000;511.03;509.72;AFIB;AFIB
9650000;515.64;514.33;AFIB;AFIB
9652000;513.49;512.20;AFIB;AFIB
9654000;515.54;514.24;AFIB;AFIB
9656000;513.44;512.15;AFIB;AFIB
9658000;512.07;510.79;AFIB;AFIB
9660000;512.11;510.84;AFIB;AFIB
9662000;512.62;511.35;AFIB;AFIB
9664000;513.96;512.70;AFIB;AFIB
9666000;511.37;510.11;AFIB;AFIB
9668000;514.14;512.89;AFIB;AFIB
9670000;512.50;511.26;AFIB;AFIB
9672000;510.75;509.52;AFIB;AFIB
9674000;514.47;513.24;AFIB;AFIB
9676000;513.75;512.53;AFIB;AFIB
9678000;515.26;514.05;AFIB;AFIB
9680000;514.58;513.37;AFIB;AFIB
9682000;513.41;512.21;AFIB;AFIB
9684000;512.82;511.63;AFIB;AFIB
9686000;512.47;511.28;AFIB;AFIB
9688000;510.77;509.60;AFIB;AFIB
9690000;508.51;507.34;AFIB;AFIB
9692000;511.83;510.67;AFIB;AFIB
9694000;515.20;514.04;AFIB;AFIB
9696000;512.08;510.93;AFIB;AFIB
9698000;512.72;511.58;AFIB;AFIB
9700000;516.78;515.65;AFIB;AFIB
9702000;513.08;511.95;AFIB;AFIB
9704000;509.59;508.47;AFIB;AFIB
9706000;512.24;511.13;AFIB;AFIB
9708000;514.35;513.24;AFIB;AFIB
9710000;509.07;507.97;AFIB;AFIB
9712000;515.64;514.55;AFIB;AFIB
9714000;516.19;515.10;AFIB;AFIB
9716000;510.95;509.87;AFIB;AFIB
9718000;514.88;513.81;AFIB;AFIB
9720000;514.08;513.01;AFIB;AFIB
9722000;511.92;510.87;AFIB;AFIB
9724000;514.24;513.19;AFIB;AFIB
9726000;518.20;517.15;AFIB;AFIB
9728000;516.25;515.21;AFIB;AFIB
9730000;512.78;511.75;AFIB;AFIB
9732000;511.31;510.29;AFIB;AFIB
9734000;517.62;516.60;AFIB;AFIB
9736000;512.47;511.46;AFIB;AFIB
9738000;511.77;510.77;AFIB;AFIB
9740000;512.61;511.61;AFIB;AFIB
9742000;511.46;510.47;AFIB;AFIB
9744000;514.33;513.35;AFIB;AFIB
9746000;513.73;512.76;AFIB;AFIB
9748000;516.45;515.49;AFIB;AFIB
9750000;510.76;509.80;AFIB;AFIB
9752000;516.07;515.12;AFIB;AFIB
9754000;516.81;515.87;AFIB;AFIB
9756000;509.42;508.48;AFIB;AFIB
9758000;517.18;516.25;AFIB;AFIB
9760000;515.04;514.12;AFIB;AFIB
9762000;512.85;511.93;AFIB;AFIB
9764000;515.35;514.45;AFIB;AFIB
9766000;515.79;514.89;AFIB;AFIB
9768000;512.79;511.90;AFIB;AFIB
9770000;513.37;512.48;AFIB;AFIB
9772000;515.83;514.96;AFIB;AFIB
9774000;511.60;510.73;AFIB;AFIB
9776000;512.75;511.89;AFIB;AFIB
9778000;515.32;514.47;AFIB;AFIB
9780000;513.61;512.77;AFIB;AFIB
9782000;512.04;511.20;AFIB;AFIB
9784000;509.70;508.87;AFIB;AFIB
9786000;516.60;515.77;AFIB;AFIB
9788000;510.10;509.28;AFIB;AFIB
9790000;510.35;509.54;AFIB;AFIB
9792000;512.36;511.56;AFIB;AFIB
9794000;515.00;514.20;AFIB;AFIB
9796000;513.50;512.71;AFIB;AFIB
9798000;517.42;516.64;AFIB;AFIB
9800000;514.92;514.15;AFIB;AFIB
9802000;516.95;516.18;AFIB;AFIB
9804000;510.23;509.47;AFIB;AFIB
9806000;513.61;512.86;AFIB;AFIB
9808000;516.45;515.71;AFIB;AFIB
9810000;511.61;510.87;AFIB;AFIB
9812000;514.20;513.47;AFIB;AFIB
9814000;515.20;514.48;AFIB;AFIB
9816000;510.09;509.37;AFIB;AFIB
9818000;510.83;510.12;AFIB;AFIB
9820000;513.13;512.43;AFIB;AFIB
9822000;508.07;507.38;AFIB;AFIB
9824000;515.00;514.32;AFIB;AFIB
9826000;513.16;512.49;AFIB;AFIB
9828000;509.74;509.07;AFIB;AFIB
9830000;510.45;509.79;AFIB;AFIB
9832000;509.89;509.24;AFIB;AFIB
9834000;515.33;514.68;AFIB;AFIB
9836000;512.18;511.54;AFIB;AFIB
9838000;512.82;512.19;AFIB;AFIB
9840000;509.90;509.28;AFIB;AFIB
9842000;509.67;509.05;AFIB;AFIB
9844000;512.42;511.82;AFIB;AFIB
9846000;512.36;511.76;AFIB;AFIB
9848000;509.86;509.27;AFIB;AFIB
9850000;509.78;509.20;AFIB;AFIB
9852000;512.39;511.82;AFIB;AFIB
9854000;510.33;509.76;AFIB;AFIB
9856000;510.64;510.08;AFIB;AFIB
9858000;511.80;511.25;AFIB;AFIB
9860000;513.31;512.77;AFIB;AFIB
9862000;515.43;514.89;AFIB;AFIB
9864000;512.17;511.64;AFIB;AFIB
9866000;510.61;510.09;AFIB;AFIB
9868000;510.42;509.91;AFIB;AFIB
9870000;514.55;514.04;AFIB;AFIB
9872000;510.84;510.34;AFIB;AFIB
9874000;513.25;512.76;AFIB;AFIB
9876000;514.22;513.74;AFIB;AFIB
9878000;509.87;509.40;AFIB;AFIB
9880000;515.00;514.53;AFIB;AFIB
9882000;514.63;514.17;AFIB;AFIB
9884000;512.41;511.96;AFIB;AFIB
9886000;508.45;508.01;AFIB;AFIB
9888000;514.51;514.08;AFIB;AFIB
9890000;509.30;508.87;AFIB;AFIB
9892000;511.35;510.93;AFIB;AFIB
9894000;514.45;514.04;AFIB;AFIB
9896000;512.89;512.48;AFIB;AFIB
9898000;509.90;509.50;AFIB;AFIB
9900000;514.81;514.42;AFIB;AFIB
9902000;509.86;509.48;AFIB;AFIB
9904000;512.13;511.75;AFIB;AFIB
9906000;519.18;518.81;AFIB;AFIB
9908000;510.55;510.19;AFIB;AFIB
9910000;516.18;515.83;AFIB;AFIB
9912000;516.45;516.11;AFIB;AFIB
9914000;515.34;515.01;AFIB;AFIB
9916000;511.84;511.51;AFIB;AFIB
9918000;508.75;508.43;AFIB;AFIB
9920000;511.66;511.35;AFIB;AFIB
9922000;512.07;511.77;AFIB;AFIB
9924000;512.14;511.84;AFIB;AFIB
9926000;514.44;514.15;AFIB;AFIB
9928000;510.41;510.13;AFIB;AFIB
9930000;513.99;513.72;AFIB;AFIB
9932000;510.29;510.02;AFIB;AFIB
9934000;511.30;511.04;AFIB;AFIB
9936000;508.05;507.80;AFIB;AFIB
9938000;513.04;512.80;AFIB;AFIB
9940000;512.32;512.09;AFIB;AFIB
9942000;511.39;511.16;AFIB;AFIB
9944000;508.66;508.44;AFIB;AFIB
9946000;511.44;511.23;AFIB;AFIB
9948000;507.20;507.00;AFIB;AFIB
9950000;514.14;513.94;AFIB;AFIB
9952000;512.39;512.20;AFIB;AFIB
9954000;516.45;516.27;AFIB;AFIB
9956000;512.96;512.79;AFIB;AFIB
9958000;512.16;511.99;AFIB;AFIB
9960000;515.25;515.09;AFIB;AFIB
9962000;513.54;513.39;AFIB;AFIB
9964000;512.63;512.49;AFIB;AFIB
9966000;510.12;509.99;AFIB;AFIB
9968000;513.35;513.23;AFIB;AFIB
9970000;511.34;511.22;AFIB;AFIB
9972000;511.15;511.04;AFIB;AFIB
9974000;513.79;513.69;AFIB;AFIB
9976000;513.42;513.33;AFIB;AFIB
9978000;512.27;512.19;AFIB;AFIB
9980000;511.69;511.61;AFIB;AFIB
9982000;511.34;511.27;AFIB;AFIB
9984000;511.97;511.91;AFIB;AFIB
9986000;512.21;512.16;AFIB;AFIB
9988000;507.37;507.32;AFIB;AFIB
9990000;512.10;512.06;AFIB;AFIB
9992000;510.21;510.18;AFIB;AFIB
9994000;513.31;513.29;AFIB;AFIB
9996000;513.15;513.14;AFIB;AFIB
9998000;511.36;511.35;AFIB;AFIB
