timestamp_us;raw_adc;filtered_val;rhythm;class_code
0;513.77;513.77;AFIB;AFIB
2000;510.29;510.28;AFIB;AFIB
4000;513.70;513.68;AFIB;AFIB
6000;507.79;507.76;AFIB;AFIB
8000;506.56;506.53;AFIB;AFIB
10000;511.60;511.57;AFIB;AFIB
12000;508.66;508.61;AFIB;AFIB
14000;509.95;509.89;AFIB;AFIB
16000;513.29;513.23;AFIB;AFIB
18000;514.52;514.45;AFIB;AFIB
20000;509.91;509.83;AFIB;AFIB
22000;511.61;511.53;AFIB;AFIB
24000;513.81;513.72;AFIB;AFIB
26000;509.48;509.38;AFIB;AFIB
28000;513.97;513.86;AFIB;AFIB
30000;510.51;510.39;AFIB;AFIB
32000;511.22;511.09;AFIB;AFIB
34000;509.92;509.78;AFIB;AFIB
36000;510.69;510.55;AFIB;AFIB
38000;513.41;513.26;AFIB;AFIB
40000;512.26;512.10;AFIB;AFIB
42000;516.01;515.85;AFIB;AFIB
44000;508.14;507.97;AFIB;AFIB
46000;510.67;510.49;AFIB;AFIB
48000;507.66;507.47;AFIB;AFIB
50000;512.72;512.52;AFIB;AFIB
52000;509.94;509.74;AFIB;AFIB
54000;511.24;511.03;AFIB;AFIB
56000;513.76;513.54;AFIB;AFIB
58000;511.73;511.50;AFIB;AFIB
60000;511.15;510.91;AFIB;AFIB
62000;512.83;512.59;AFIB;AFIB
64000;514.82;514.57;AFIB;AFIB
66000;512.48;512.22;AFIB;AFIB
68000;513.89;513.63;AFIB;AFIB
70000;509.21;508.93;AFIB;AFIB
72000;512.43;512.15;AFIB;AFIB
74000;510.48;510.19;AFIB;AFIB
76000;509.98;509.69;AFIB;AFIB
78000;513.92;513.61;AFIB;AFIB
80000;516.29;515.98;AFIB;AFIB
82000;513.32;513.00;AFIB;AFIB
84000;514.00;513.67;AFIB;AFIB
86000;510.64;510.30;AFIB;AFIB
88000;510.60;510.25;AFIB;AFIB
90000;513.45;513.10;AFIB;AFIB
92000;513.23;512.87;AFIB;AFIB
94000;512.80;512.43;AFIB;AFIB
96000;509.49;509.11;AFIB;AFIB
98000;516.31;515.92;AFIB;AFIB
100000;509.76;509.37;AFIB;AFIB
102000;509.65;509.25;AFIB;AFIB
104000;514.27;513.87;AFIB;AFIB
106000;512.45;512.04;AFIB;AFIB
108000;507.63;507.21;AFIB;AFIB
110000;515.43;515.00;AFIB;AFIB
112000;513.84;513.40;AFIB;AFIB
114000;512.11;511.66;AFIB;AFIB
116000;514.36;513.91;AFIB;AFIB
118000;515.06;514.60;AFIB;AFIB
120000;514.73;514.26;AFIB;AFIB
122000;512.85;512.37;AFIB;AFIB
124000;512.35;511.87;AFIB;AFIB
126000;516.27;515.78;AFIB;AFIB
128000;516.35;515.85;AFIB;AFIB
130000;513.36;512.85;AFIB;AFIB
132000;512.53;512.01;AFIB;AFIB
134000;510.78;510.26;AFIB;AFIB
136000;515.18;514.65;AFIB;AFIB
138000;511.32;510.78;AFIB;AFIB
140000;509.36;508.81;AFIB;AFIB
142000;514.16;513.61;AFIB;AFIB
144000;515.52;514.96;AFIB;AFIB
146000;511.97;511.40;AFIB;AFIB
148000;512.03;511.46;AFIB;AFIB
150000;510.94;510.35;AFIB;AFIB
152000;516.10;515.51;AFIB;AFIB
154000;514.43;513.83;AFIB;AFIB
156000;515.35;514.74;AFIB;AFIB
158000;518.19;517.58;AFIB;AFIB
160000;508.81;508.18;AFIB;AFIB
162000;511.99;511.36;AFIB;AFIB
164000;510.77;510.14;AFIB;AFIB
166000;513.29;512.64;AFIB;AFIB
168000;512.13;511.48;AFIB;AFIB
170000;510.42;509.76;AFIB;AFIB
172000;515.74;515.08;AFIB;AFIB
174000;512.24;511.56;AFIB;AFIB
176000;512.98;512.29;AFIB;AFIB
178000;512.00;511.31;AFIB;AFIB
180000;513.38;512.68;AFIB;AFIB
182000;515.18;514.47;AFIB;AFIB
184000;511.21;510.50;AFIB;AFIB
186000;510.64;509.92;AFIB;AFIB
188000;513.85;513.13;AFIB;AFIB
190000;508.69;507.96;AFIB;AFIB
192000;513.62;512.88;AFIB;AFIB
194000;512.96;512.21;AFIB;AFIB
196000;509.10;508.35;AFIB;AFIB
198000;512.14;511.37;AFIB;AFIB
200000;514.78;514.01;AFIB;AFIB
202000;509.83;509.05;AFIB;AFIB
204000;513.81;513.02;AFIB;AFIB
206000;508.48;507.69;AFIB;AFIB
208000;514.55;513.75;AFIB;AFIB
210000;511.48;510.67;AFIB;AFIB
212000;510.47;509.65;AFIB;AFIB
214000;512.70;511.88;AFIB;AFIB
216000;512.85;512.02;AFIB;AFIB
218000;513.28;512.45;AFIB;AFIB
220000;515.02;514.17;AFIB;AFIB
222000;510.15;509.30;AFIB;AFIB
224000;513.47;512.61;AFIB;AFIB
226000;516.35;515.49;AFIB;AFIB
228000;512.63;511.75;AFIB;AFIB
230000;514.11;513.22;AFIB;AFIB
232000;513.12;512.23;AFIB;AFIB
234000;515.37;514.47;AFIB;AFIB
236000;509.90;509.00;AFIB;AFIB
238000;514.29;513.37;AFIB;AFIB
240000;511.78;510.86;AFIB;AFIB
242000;511.78;510.85;AFIB;AFIB
244000;513.62;512.68;AFIB;AFIB
246000;512.07;511.13;AFIB;AFIB
248000;511.24;510.29;AFIB;AFIB
250000;511.85;510.89;AFIB;AFIB
252000;513.55;512.59;AFIB;AFIB
254000;509.93;508.96;AFIB;AFIB
256000;513.48;512.50;AFIB;AFIB
258000;511.55;510.56;AFIB;AFIB
260000;510.43;509.43;AFIB;AFIB
262000;513.74;512.74;AFIB;AFIB
264000;516.71;515.70;AFIB;AFIB
266000;512.54;511.53;AFIB;AFIB
268000;514.30;513.28;AFIB;AFIB
270000;513.11;512.09;AFIB;AFIB
272000;511.83;510.79;AFIB;AFIB
274000;515.96;514.92;AFIB;AFIB
276000;513.69;512.64;AFIB;AFIB
278000;517.98;516.92;AFIB;AFIB
280000;513.11;512.05;AFIB;AFIB
282000;514.75;513.68;AFIB;AFIB
284000;510.29;509.21;AFIB;AFIB
286000;514.22;513.14;AFIB;AFIB
288000;510.79;509.70;AFIB;AFIB
290000;510.45;509.35;AFIB;AFIB
292000;514.51;513.41;AFIB;AFIB
294000;509.01;507.89;AFIB;AFIB
296000;513.22;512.10;AFIB;AFIB
298000;509.07;507.94;AFIB;AFIB
300000;515.95;514.81;AFIB;AFIB
302000;512.44;511.30;AFIB;AFIB
304000;510.82;509.67;AFIB;AFIB
306000;513.54;512.38;AFIB;AFIB
308000;512.98;511.82;AFIB;AFIB
310000;512.29;511.12;AFIB;AFIB
312000;512.22;511.04;AFIB;AFIB
314000;512.98;511.80;AFIB;AFIB
316000;511.76;510.57;AFIB;AFIB
318000;513.36;512.16;AFIB;AFIB
320000;515.32;514.11;AFIB;AFIB
322000;512.98;511.77;AFIB;AFIB
324000;513.39;512.17;AFIB;AFIB
326000;509.72;508.50;AFIB;AFIB
328000;514.59;513.36;AFIB;AFIB
330000;511.40;510.16;AFIB;AFIB
332000;514.40;513.16;AFIB;AFIB
334000;515.51;514.26;AFIB;AFIB
336000;515.57;514.32;AFIB;AFIB
338000;518.54;517.27;AFIB;AFIB
340000;513.82;512.55;AFIB;AFIB
342000;513.72;512.44;AFIB;AFIB
344000;512.78;511.50;AFIB;AFIB
346000;513.45;512.16;AFIB;AFIB
348000;516.02;514.72;AFIB;AFIB
350000;510.44;509.13;AFIB;AFIB
352000;510.33;509.02;AFIB;AFIB
354000;514.15;512.83;AFIB;AFIB
356000;508.16;506.83;AFIB;AFIB
358000;517.70;516.36;AFIB;AFIB
360000;507.83;506.49;AFIB;AFIB
362000;516.30;514.96;AFIB;AFIB
364000;510.93;509.57;AFIB;AFIB
366000;514.79;513.43;AFIB;AFIB
368000;513.03;511.66;AFIB;AFIB
370000;510.47;509.10;AFIB;AFIB
372000;511.77;510.39;AFIB;AFIB
374000;516.32;514.94;AFIB;AFIB
376000;512.06;510.67;AFIB;AFIB
378000;512.22;510.82;AFIB;AFIB
380000;517.28;515.88;AFIB;AFIB
382000;513.32;511.91;AFIB;AFIB
384000;511.71;510.29;AFIB;AFIB
386000;510.25;508.83;AFIB;AFIB
388000;510.32;508.89;AFIB;AFIB
390000;513.65;512.21;AFIB;AFIB
392000;510.51;509.06;AFIB;AFIB
394000;511.35;509.90;AFIB;AFIB
396000;512.29;510.83;AFIB;AFIB
398000;517.44;515.98;AFIB;AFIB
400000;515.92;514.45;AFIB;AFIB
402000;514.61;513.13;AFIB;AFIB
404000;509.95;508.47;AFIB;AFIB
406000;512.74;511.25;AFIB;AFIB
408000;513.58;512.08;AFIB;AFIB
410000;515.33;513.83;AFIB;AFIB
412000;511.08;509.58;AFIB;AFIB
414000;512.52;511.01;AFIB;AFIB
416000;512.27;510.75;AFIB;AFIB
418000;514.59;513.07;AFIB;AFIB
420000;515.34;513.80;AFIB;AFIB
422000;513.24;511.70;AFIB;AFIB
424000;511.18;509.63;AFIB;AFIB
426000;515.83;514.28;AFIB;AFIB
428000;517.54;515.99;AFIB;AFIB
430000;514.65;513.09;AFIB;AFIB
432000;510.71;509.14;AFIB;AFIB
434000;512.90;511.32;AFIB;AFIB
436000;509.31;507.73;AFIB;AFIB
438000;511.04;509.45;AFIB;AFIB
440000;515.33;513.74;AFIB;AFIB
442000;512.66;511.06;AFIB;AFIB
444000;514.69;513.08;AFIB;AFIB
446000;512.09;510.48;AFIB;AFIB
448000;514.32;512.70;AFIB;AFIB
450000;511.68;510.05;AFIB;AFIB
452000;510.44;508.81;AFIB;AFIB
454000;512.98;511.34;AFIB;AFIB
456000;512.63;510.99;AFIB;AFIB
458000;512.14;510.50;AFIB;AFIB
460000;512.31;510.66;AFIB;AFIB
462000;516.98;515.32;AFIB;AFIB
464000;515.10;513.44;AFIB;AFIB
466000;515.12;513.45;AFIB;AFIB
468000;516.18;514.51;AFIB;AFIB
470000;512.91;511.23;AFIB;AFIB
472000;516.42;514.73;AFIB;AFIB
474000;518.87;517.18;AFIB;AFIB
476000;513.58;511.88;AFIB;AFIB
478000;516.71;515.00;AFIB;AFIB
480000;511.58;509.86;AFIB;AFIB
482000;513.12;511.41;AFIB;AFIB
484000;514.27;512.55;AFIB;AFIB
486000;518.08;516.35;AFIB;AFIB
488000;518.18;516.45;AFIB;AFIB
490000;514.81;513.07;AFIB;AFIB
492000;519.27;517.52;AFIB;AFIB
494000;514.74;512.99;AFIB;AFIB
496000;509.49;507.73;AFIB;AFIB
498000;515.42;513.65;AFIB;AFIB
500000;513.09;511.32;AFIB;AFIB
502000;517.35;515.58;AFIB;AFIB
504000;514.40;512.62;AFIB;AFIB
506000;513.21;511.43;AFIB;AFIB
508000;514.51;512.72;AFIB;AFIB
510000;511.72;509.92;AFIB;AFIB
512000;509.75;507.95;AFIB;AFIB
514000;513.60;511.79;AFIB;AFIB
516000;512.02;510.21;AFIB;AFIB
518000;510.15;508.34;AFIB;AFIB
520000;518.20;516.38;AFIB;AFIB
522000;511.07;509.25;AFIB;AFIB
524000;518.79;516.96;AFIB;AFIB
526000;517.07;515.23;AFIB;AFIB
528000;510.29;508.45;AFIB;AFIB
530000;515.26;513.41;AFIB;AFIB
532000;514.68;512.82;AFIB;AFIB
534000;517.58;515.73;AFIB;AFIB
536000;517.40;515.54;AFIB;AFIB
538000;510.98;509.11;AFIB;AFIB
540000;514.04;512.16;AFIB;AFIB
542000;512.37;510.49;AFIB;AFIB
544000;514.76;512.87;AFIB;AFIB
546000;513.99;512.10;AFIB;AFIB
548000;514.81;512.91;AFIB;AFIB
550000;515.03;513.13;AFIB;AFIB
552000;511.08;509.18;AFIB;AFIB
554000;521.30;519.38;AFIB;AFIB
556000;511.69;509.77;AFIB;AFIB
558000;515.88;513.96;AFIB;AFIB
560000;512.26;510.33;AFIB;AFIB
562000;513.87;511.94;AFIB;AFIB
564000;515.23;513.29;AFIB;AFIB
566000;515.92;513.98;AFIB;AFIB
568000;516.02;514.07;AFIB;AFIB
570000;520.93;518.98;AFIB;AFIB
572000;513.59;511.64;AFIB;AFIB
574000;513.78;511.82;AFIB;AFIB
576000;511.67;509.71;AFIB;AFIB
578000;511.73;509.75;AFIB;AFIB
580000;510.87;508.89;AFIB;AFIB
582000;515.96;513.98;AFIB;AFIB
584000;516.27;514.28;AFIB;AFIB
586000;509.99;508.00;AFIB;AFIB
588000;513.47;511.47;AFIB;AFIB
590000;513.91;511.91;AFIB;AFIB
592000;509.23;507.22;AFIB;AFIB
594000;510.52;508.51;AFIB;AFIB
596000;510.85;508.84;AFIB;AFIB
598000;510.97;508.95;AFIB;AFIB
600000;516.68;514.66;AFIB;AFIB
602000;514.32;512.30;AFIB;AFIB
604000;516.32;514.29;AFIB;AFIB
606000;514.71;512.67;AFIB;AFIB
608000;515.77;513.73;AFIB;AFIB
610000;511.39;509.35;AFIB;AFIB
612000;512.00;509.95;AFIB;AFIB
614000;515.02;512.97;AFIB;AFIB
616000;512.66;510.60;AFIB;AFIB
618000;513.58;511.52;AFIB;AFIB
620000;511.90;509.83;AFIB;AFIB
622000;516.42;514.35;AFIB;AFIB
624000;513.17;511.09;AFIB;AFIB
626000;514.59;512.51;AFIB;AFIB
628000;512.83;510.75;AFIB;AFIB
630000;520.59;518.50;AFIB;AFIB
632000;510.51;508.42;AFIB;AFIB
634000;515.58;513.49;AFIB;AFIB
636000;514.03;511.93;AFIB;AFIB
638000;512.09;509.99;AFIB;AFIB
640000;512.27;510.16;AFIB;AFIB
642000;515.61;513.49;AFIB;AFIB
644000;513.18;511.06;AFIB;AFIB
646000;516.31;514.19;AFIB;AFIB
648000;511.81;509.68;AFIB;AFIB
650000;517.81;515.68;AFIB;AFIB
652000;510.28;508.14;AFIB;AFIB
654000;513.58;511.44;AFIB;AFIB
656000;516.55;514.41;AFIB;AFIB
658000;515.36;513.22;AFIB;AFIB
660000;517.13;514.98;AFIB;AFIB
662000;514.66;512.50;AFIB;AFIB
664000;513.45;511.29;AFIB;AFIB
666000;514.37;512.21;AFIB;AFIB
668000;514.37;512.20;AFIB;AFIB
670000;515.90;513.73;AFIB;AFIB
672000;515.15;512.98;AFIB;AFIB
674000;513.54;511.36;AFIB;AFIB
676000;517.70;515.51;AFIB;AFIB
678000;515.74;513.55;AFIB;AFIB
680000;512.55;510.36;AFIB;AFIB
682000;511.91;509.72;AFIB;AFIB
684000;513.67;511.47;AFIB;AFIB
686000;511.43;509.22;AFIB;AFIB
688000;511.35;509.14;AFIB;AFIB
690000;518.59;516.38;AFIB;AFIB
692000;515.81;513.60;AFIB;AFIB
694000;521.05;518.83;AFIB;AFIB
696000;513.91;511.69;AFIB;AFIB
698000;515.95;513.72;AFIB;AFIB
700000;516.66;514.43;AFIB;AFIB
702000;516.36;514.13;AFIB;AFIB
704000;516.32;514.09;AFIB;AFIB
706000;515.00;512.77;AFIB;AFIB
708000;516.24;514.00;AFIB;AFIB
710000;513.76;511.51;AFIB;AFIB
712000;511.75;509.50;AFIB;AFIB
714000;512.68;510.43;AFIB;AFIB
716000;511.89;509.64;AFIB;AFIB
718000;512.88;510.62;AFIB;AFIB
720000;513.61;511.35;AFIB;AFIB
722000;511.21;508.95;AFIB;AFIB
724000;511.21;508.94;AFIB;AFIB
726000;514.23;511.96;AFIB;AFIB
728000;513.72;511.44;AFIB;AFIB
730000;514.83;512.56;AFIB;AFIB
732000;517.30;515.02;AFIB;AFIB
734000;511.69;509.40;AFIB;AFIB
736000;515.83;513.54;AFIB;AFIB
738000;514.26;511.97;AFIB;AFIB
740000;511.81;509.51;AFIB;AFIB
742000;513.71;511.41;AFIB;AFIB
744000;515.68;513.38;AFIB;AFIB
746000;512.89;510.59;AFIB;AFIB
748000;514.66;512.36;AFIB;AFIB
750000;515.57;513.26;AFIB;AFIB
752000;510.84;508.53;AFIB;AFIB
754000;511.12;508.81;AFIB;AFIB
756000;511.42;509.10;AFIB;AFIB
758000;518.88;516.56;AFIB;AFIB
760000;516.60;514.28;AFIB;AFIB
762000;513.31;510.98;AFIB;AFIB
764000;516.19;513.86;AFIB;AFIB
766000;514.78;512.45;AFIB;AFIB
768000;514.32;511.98;AFIB;AFIB
770000;515.19;512.85;AFIB;AFIB
772000;518.55;516.21;AFIB;AFIB
774000;512.72;510.37;AFIB;AFIB
776000;516.68;514.33;AFIB;AFIB
778000;508.52;506.17;AFIB;AFIB
780000;517.83;515.48;AFIB;AFIB
782000;512.92;510.57;AFIB;AFIB
784000;515.38;513.02;AFIB;AFIB
786000;510.38;508.02;AFIB;AFIB
788000;513.99;511.63;AFIB;AFIB
790000;510.77;508.40;AFIB;AFIB
792000;513.23;510.86;AFIB;AFIB
794000;513.92;511.55;AFIB;AFIB
796000;512.96;510.59;AFIB;AFIB
798000;512.79;510.42;AFIB;AFIB
800000;515.06;512.68;AFIB;AFIB
802000;515.53;513.15;AFIB;AFIB
804000;512.94;510.56;AFIB;AFIB
806000;513.03;510.65;AFIB;AFIB
808000;516.67;514.29;AFIB;AFIB
810000;514.17;511.78;AFIB;AFIB
812000;511.41;509.02;AFIB;AFIB
814000;513.92;511.52;AFIB;AFIB
816000;512.00;509.60;AFIB;AFIB
818000;509.89;507.50;AFIB;AFIB
820000;512.50;510.10;AFIB;AFIB
822000;513.22;510.82;AFIB;AFIB
824000;512.16;509.76;AFIB;AFIB
826000;513.16;510.75;AFIB;AFIB
828000;516.29;513.88;AFIB;AFIB
830000;513.30;510.89;AFIB;AFIB
832000;511.86;509.45;AFIB;AFIB
834000;511.13;508.71;AFIB;AFIB
836000;517.26;514.85;AFIB;AFIB
838000;509.17;506.75;AFIB;AFIB
840000;513.14;510.72;AFIB;AFIB
842000;513.11;510.68;AFIB;AFIB
844000;513.75;511.33;AFIB;AFIB
846000;513.71;511.28;AFIB;AFIB
848000;517.96;515.53;AFIB;AFIB
850000;515.15;512.72;AFIB;AFIB
852000;516.39;513.96;AFIB;AFIB
854000;514.59;512.15;AFIB;AFIB
856000;513.01;510.57;AFIB;AFIB
858000;514.24;511.80;AFIB;AFIB
860000;516.47;514.03;AFIB;AFIB
862000;513.96;511.51;AFIB;AFIB
864000;514.21;511.77;AFIB;AFIB
866000;516.10;513.66;AFIB;AFIB
868000;515.53;513.08;AFIB;AFIB
870000;515.58;513.13;AFIB;AFIB
872000;518.74;516.29;AFIB;AFIB
874000;512.23;509.78;AFIB;AFIB
876000;511.70;509.24;AFIB;AFIB
878000;513.97;511.51;AFIB;AFIB
880000;512.68;510.22;AFIB;AFIB
882000;513.42;510.96;AFIB;AFIB
884000;514.89;512.43;AFIB;AFIB
886000;514.27;511.81;AFIB;AFIB
888000;510.20;507.74;AFIB;AFIB
890000;516.78;514.32;AFIB;AFIB
892000;516.46;513.99;AFIB;AFIB
894000;511.59;509.12;AFIB;AFIB
896000;514.83;512.36;AFIB;AFIB
898000;514.11;511.64;AFIB;AFIB
900000;513.75;511.28;AFIB;AFIB
902000;513.16;510.69;AFIB;AFIB
904000;512.43;509.96;AFIB;AFIB
906000;512.88;510.41;AFIB;AFIB
908000;507.66;505.18;AFIB;AFIB
910000;515.53;513.06;AFIB;AFIB
912000;510.59;508.11;AFIB;AFIB
914000;515.68;513.20;AFIB;AFIB
916000;516.48;514.01;AFIB;AFIB
918000;515.93;513.45;AFIB;AFIB
920000;512.65;510.17;AFIB;AFIB
922000;513.61;511.12;AFIB;AFIB
924000;514.31;511.83;AFIB;AFIB
926000;510.92;508.44;AFIB;AFIB
928000;514.13;511.65;AFIB;AFIB
930000;514.59;512.10;AFIB;AFIB
932000;512.83;510.34;AFIB;AFIB
934000;515.04;512.56;AFIB;AFIB
936000;517.23;514.75;AFIB;AFIB
938000;511.48;508.99;AFIB;AFIB
940000;510.97;508.48;AFIB;AFIB
942000;512.33;509.84;AFIB;AFIB
944000;515.64;513.15;AFIB;AFIB
946000;517.55;515.06;AFIB;AFIB
948000;516.65;514.16;AFIB;AFIB
950000;514.45;511.96;AFIB;AFIB
952000;513.99;511.49;AFIB;AFIB
954000;515.28;512.79;AFIB;AFIB
956000;517.68;515.19;AFIB;AFIB
958000;513.56;511.07;AFIB;AFIB
960000;518.24;515.74;AFIB;AFIB
962000;514.99;512.50;AFIB;AFIB
964000;510.66;508.16;AFIB;AFIB
966000;511.39;508.89;AFIB;AFIB
968000;518.34;515.84;AFIB;AFIB
970000;514.56;512.06;AFIB;AFIB
972000;513.06;510.57;AFIB;AFIB
974000;514.84;512.34;AFIB;AFIB
976000;510.01;507.52;AFIB;AFIB
978000;517.15;514.65;AFIB;AFIB
980000;516.89;514.39;AFIB;AFIB
982000;518.60;516.11;AFIB;AFIB
984000;511.43;508.93;AFIB;AFIB
986000;512.01;509.51;AFIB;AFIB
988000;515.61;513.11;AFIB;AFIB
990000;512.16;509.66;AFIB;AFIB
992000;512.38;509.88;AFIB;AFIB
994000;511.99;509.49;AFIB;AFIB
996000;512.28;509.78;AFIB;AFIB
998000;514.99;512.49;AFIB;AFIB
1000000;511.36;508.86;AFIB;AFIB
1002000;515.00;512.50;AFIB;AFIB
1004000;515.07;512.57;AFIB;AFIB
1006000;512.84;510.34;AFIB;AFIB
1008000;516.89;514.39;AFIB;AFIB
1010000;515.69;513.19;AFIB;AFIB
1012000;512.67;510.17;AFIB;AFIB
1014000;515.15;512.65;AFIB;AFIB
1016000;514.86;512.36;AFIB;AFIB
1018000;517.60;515.10;AFIB;AFIB
1020000;511.76;509.26;AFIB;AFIB
1022000;516.70;514.20;AFIB;AFIB
1024000;515.04;512.54;AFIB;AFIB
1026000;513.69;511.19;AFIB;AFIB
1028000;510.06;507.57;AFIB;AFIB
1030000;509.90;507.41;AFIB;AFIB
1032000;515.82;513.32;AFIB;AFIB
1034000;513.47;510.97;AFIB;AFIB
1036000;510.63;508.14;AFIB;AFIB
1038000;516.95;514.45;AFIB;AFIB
1040000;515.15;512.66;AFIB;AFIB
1042000;515.50;513.00;AFIB;AFIB
1044000;516.94;514.44;AFIB;AFIB
1046000;517.36;514.87;AFIB;AFIB
1048000;514.17;511.67;AFIB;AFIB
1050000;516.48;513.99;AFIB;AFIB
1052000;513.81;511.32;AFIB;AFIB
1054000;517.34;514.85;AFIB;AFIB
1056000;514.84;512.35;AFIB;AFIB
1058000;512.90;510.41;AFIB;AFIB
1060000;518.54;516.05;AFIB;AFIB
1062000;514.70;512.21;AFIB;AFIB
1064000;505.83;503.34;AFIB;AFIB
1066000;514.43;511.95;AFIB;AFIB
1068000;512.59;510.11;AFIB;AFIB
1070000;513.11;510.63;AFIB;AFIB
1072000;508.74;506.25;AFIB;AFIB
1074000;516.07;513.59;AFIB;AFIB
1076000;511.81;509.33;AFIB;AFIB
1078000;508.73;506.25;AFIB;AFIB
1080000;512.22;509.74;AFIB;AFIB
1082000;512.48;510.00;AFIB;AFIB
1084000;516.82;514.34;AFIB;AFIB
1086000;513.87;511.40;AFIB;AFIB
1088000;512.21;509.73;AFIB;AFIB
1090000;513.36;510.89;AFIB;AFIB
1092000;513.22;510.74;AFIB;AFIB
1094000;512.18;509.71;AFIB;AFIB
1096000;516.45;513.97;AFIB;AFIB
1098000;514.12;511.65;AFIB;AFIB
1100000;512.53;510.06;AFIB;AFIB
1102000;514.26;511.80;AFIB;AFIB
1104000;517.24;514.77;AFIB;AFIB
1106000;517.93;515.47;AFIB;AFIB
1108000;513.66;511.19;AFIB;AFIB
1110000;510.28;507.82;AFIB;AFIB
1112000;517.62;515.16;AFIB;AFIB
1114000;516.59;514.13;AFIB;AFIB
1116000;515.42;512.96;AFIB;AFIB
1118000;512.80;510.34;AFIB;AFIB
1120000;516.40;513.94;AFIB;AFIB
1122000;516.00;513.54;AFIB;AFIB
1124000;515.17;512.71;AFIB;AFIB
1126000;515.84;513.39;AFIB;AFIB
1128000;514.92;512.47;AFIB;AFIB
1130000;514.77;512.33;AFIB;AFIB
1132000;513.49;511.05;AFIB;AFIB
1134000;513.61;511.17;AFIB;AFIB
1136000;514.37;511.93;AFIB;AFIB
1138000;515.25;512.81;AFIB;AFIB
1140000;514.63;512.19;AFIB;AFIB
1142000;515.35;512.91;AFIB;AFIB
1144000;511.80;509.37;AFIB;AFIB
1146000;511.76;509.33;AFIB;AFIB
1148000;515.71;513.27;AFIB;AFIB
1150000;511.03;508.60;AFIB;AFIB
1152000;511.95;509.52;AFIB;AFIB
1154000;516.25;513.82;AFIB;AFIB
1156000;512.07;509.64;AFIB;AFIB
1158000;515.27;512.85;AFIB;AFIB
1160000;517.38;514.96;AFIB;AFIB
1162000;510.66;508.24;AFIB;AFIB
1164000;517.18;514.76;AFIB;AFIB
1166000;512.19;509.78;AFIB;AFIB
1168000;513.29;510.88;AFIB;AFIB
1170000;518.88;516.47;AFIB;AFIB
1172000;513.36;510.96;AFIB;AFIB
1174000;513.93;511.52;AFIB;AFIB
1176000;510.12;507.72;AFIB;AFIB
1178000;513.07;510.66;AFIB;AFIB
1180000;514.22;511.82;AFIB;AFIB
1182000;516.82;514.43;AFIB;AFIB
1184000;515.09;512.69;AFIB;AFIB
1186000;514.51;512.11;AFIB;AFIB
1188000;512.37;509.98;AFIB;AFIB
1190000;513.85;511.46;AFIB;AFIB
1192000;515.39;513.00;AFIB;AFIB
1194000;514.49;512.11;AFIB;AFIB
1196000;518.83;516.44;AFIB;AFIB
1198000;513.90;511.52;AFIB;AFIB
1200000;513.33;510.95;AFIB;AFIB
1202000;518.99;516.61;AFIB;AFIB
1204000;514.85;512.48;AFIB;AFIB
1206000;517.37;515.00;AFIB;AFIB
1208000;512.52;510.15;AFIB;AFIB
1210000;514.48;512.12;AFIB;AFIB
1212000;508.82;506.45;AFIB;AFIB
1214000;512.84;510.48;AFIB;AFIB
1216000;518.60;516.24;AFIB;AFIB
1218000;515.46;513.10;AFIB;AFIB
1220000;512.82;510.47;AFIB;AFIB
1222000;516.11;513.76;AFIB;AFIB
1224000;513.74;511.39;AFIB;AFIB
1226000;517.83;515.48;AFIB;AFIB
1228000;514.68;512.34;AFIB;AFIB
1230000;513.73;511.39;AFIB;AFIB
1232000;514.58;512.25;AFIB;AFIB
1234000;511.47;509.14;AFIB;AFIB
1236000;515.22;512.89;AFIB;AFIB
1238000;513.73;511.41;AFIB;AFIB
1240000;514.09;511.77;AFIB;AFIB
1242000;515.56;513.24;AFIB;AFIB
1244000;514.79;512.47;AFIB;AFIB
1246000;513.37;511.05;AFIB;AFIB
1248000;508.86;506.55;AFIB;AFIB
1250000;513.23;510.92;AFIB;AFIB
1252000;516.24;513.93;AFIB;AFIB
1254000;512.65;510.34;AFIB;AFIB
1256000;511.74;509.44;AFIB;AFIB
1258000;512.63;510.33;AFIB;AFIB
1260000;513.00;510.71;AFIB;AFIB
1262000;509.87;507.58;AFIB;AFIB
1264000;513.86;511.57;AFIB;AFIB
1266000;512.90;510.62;AFIB;AFIB
1268000;514.80;512.52;AFIB;AFIB
1270000;511.64;509.36;AFIB;AFIB
1272000;519.19;516.91;AFIB;AFIB
1274000;517.77;515.50;AFIB;AFIB
1276000;518.82;516.55;AFIB;AFIB
1278000;512.31;510.04;AFIB;AFIB
1280000;517.51;515.25;AFIB;AFIB
1282000;513.76;511.50;AFIB;AFIB
1284000;516.21;513.95;AFIB;AFIB
1286000;515.54;513.29;AFIB;AFIB
1288000;516.40;514.15;AFIB;AFIB
1290000;512.99;510.74;AFIB;AFIB
1292000;513.27;511.03;AFIB;AFIB
1294000;514.58;512.35;AFIB;AFIB
1296000;513.66;511.42;AFIB;AFIB
1298000;513.97;511.74;AFIB;AFIB
1300000;514.95;512.72;AFIB;AFIB
1302000;512.44;510.22;AFIB;AFIB
1304000;511.41;509.19;AFIB;AFIB
1306000;514.71;512.49;AFIB;AFIB
1308000;512.75;510.54;AFIB;AFIB
1310000;518.41;516.20;AFIB;AFIB
1312000;512.08;509.88;AFIB;AFIB
1314000;515.31;513.11;AFIB;AFIB
1316000;515.19;512.99;AFIB;AFIB
1318000;516.53;514.34;AFIB;AFIB
1320000;513.78;511.59;AFIB;AFIB
1322000;515.00;512.81;AFIB;AFIB
1324000;518.27;516.09;AFIB;AFIB
1326000;513.47;511.29;AFIB;AFIB
1328000;514.24;512.07;AFIB;AFIB
1330000;516.51;514.34;AFIB;AFIB
1332000;515.86;513.69;AFIB;AFIB
1334000;516.42;514.25;AFIB;AFIB
1336000;515.84;513.68;AFIB;AFIB
1338000;516.96;514.81;AFIB;AFIB
1340000;511.69;509.54;AFIB;AFIB
1342000;514.80;512.65;AFIB;AFIB
1344000;512.95;510.80;AFIB;AFIB
1346000;516.84;514.70;AFIB;AFIB
1348000;514.56;512.42;AFIB;AFIB
1350000;512.31;510.18;AFIB;AFIB
1352000;515.12;512.99;AFIB;AFIB
1354000;513.79;511.67;AFIB;AFIB
1356000;520.67;518.55;AFIB;AFIB
1358000;517.32;515.21;AFIB;AFIB
1360000;514.85;512.74;AFIB;AFIB
1362000;514.15;512.04;AFIB;AFIB
1364000;510.11;508.01;AFIB;AFIB
1366000;511.41;509.32;AFIB;AFIB
1368000;513.97;511.88;AFIB;AFIB
1370000;513.31;511.22;AFIB;AFIB
1372000;512.25;510.17;AFIB;AFIB
1374000;517.55;515.47;AFIB;AFIB
1376000;516.03;513.95;AFIB;AFIB
1378000;511.17;509.09;AFIB;AFIB
1380000;511.94;509.87;AFIB;AFIB
1382000;516.44;514.38;AFIB;AFIB
1384000;516.33;514.27;AFIB;AFIB
1386000;514.93;512.88;AFIB;AFIB
1388000;513.59;511.54;AFIB;AFIB
1390000;516.20;514.15;AFIB;AFIB
1392000;515.50;513.46;AFIB;AFIB
1394000;514.00;511.96;AFIB;AFIB
1396000;513.54;511.51;AFIB;AFIB
1398000;511.87;509.84;AFIB;AFIB
1400000;516.00;513.98;AFIB;AFIB
1402000;513.99;511.97;AFIB;AFIB
1404000;516.92;514.91;AFIB;AFIB
1406000;515.15;513.14;AFIB;AFIB
1408000;515.61;513.61;AFIB;AFIB
1410000;517.76;515.76;AFIB;AFIB
1412000;512.69;510.69;AFIB;AFIB
1414000;512.81;510.82;AFIB;AFIB
1416000;512.33;510.34;AFIB;AFIB
1418000;514.17;512.19;AFIB;AFIB
1420000;512.39;510.41;AFIB;AFIB
1422000;514.63;512.66;AFIB;AFIB
1424000;512.74;510.78;AFIB;AFIB
1426000;514.83;512.87;AFIB;AFIB
1428000;513.26;511.30;AFIB;AFIB
1430000;516.36;514.41;AFIB;AFIB
1432000;509.65;507.71;AFIB;AFIB
1434000;515.35;513.41;AFIB;AFIB
1436000;513.49;511.55;AFIB;AFIB
1438000;515.02;513.09;AFIB;AFIB
1440000;514.83;512.90;AFIB;AFIB
1442000;519.32;517.40;AFIB;AFIB
1444000;515.90;513.98;AFIB;AFIB
1446000;510.63;508.72;AFIB;AFIB
1448000;515.69;513.78;AFIB;AFIB
1450000;512.90;511.00;AFIB;AFIB
1452000;514.40;512.50;AFIB;AFIB
1454000;512.36;510.47;AFIB;AFIB
1456000;514.50;512.62;AFIB;AFIB
1458000;514.08;512.20;AFIB;AFIB
1460000;514.18;512.31;AFIB;AFIB
1462000;512.12;510.25;AFIB;AFIB
1464000;517.13;515.26;AFIB;AFIB
1466000;513.57;511.71;AFIB;AFIB
1468000;515.36;513.50;AFIB;AFIB
1470000;512.17;510.32;AFIB;AFIB
1472000;519.08;517.24;AFIB;AFIB
1474000;514.16;512.33;AFIB;AFIB
1476000;516.15;514.32;AFIB;AFIB
1478000;519.56;517.73;AFIB;AFIB
1480000;515.73;513.91;AFIB;AFIB
1482000;516.75;514.94;AFIB;AFIB
1484000;515.94;514.13;AFIB;AFIB
1486000;509.26;507.45;AFIB;AFIB
1488000;515.95;514.15;AFIB;AFIB
1490000;512.32;510.52;AFIB;AFIB
1492000;508.09;506.30;AFIB;AFIB
1494000;516.27;514.48;AFIB;AFIB
1496000;515.87;514.09;AFIB;AFIB
1498000;511.45;509.68;AFIB;AFIB
1500000;511.87;510.11;AFIB;AFIB
1502000;511.29;509.52;AFIB;AFIB
1504000;513.50;511.74;AFIB;AFIB
1506000;515.13;513.38;AFIB;AFIB
1508000;514.46;512.72;AFIB;AFIB
1510000;514.87;513.13;AFIB;AFIB
1512000;516.49;514.75;AFIB;AFIB
1514000;513.53;511.81;AFIB;AFIB
1516000;514.16;512.44;AFIB;AFIB
1518000;513.38;511.66;AFIB;AFIB
1520000;512.48;510.77;AFIB;AFIB
1522000;516.26;514.56;AFIB;AFIB
1524000;512.43;510.73;AFIB;AFIB
1526000;513.17;511.48;AFIB;AFIB
1528000;512.32;510.63;AFIB;AFIB
1530000;514.41;512.73;AFIB;AFIB
1532000;508.63;506.95;AFIB;AFIB
1534000;513.95;512.28;AFIB;AFIB
1536000;508.41;506.75;AFIB;AFIB
1538000;517.08;515.42;AFIB;AFIB
1540000;517.57;515.92;AFIB;AFIB
1542000;511.54;509.90;AFIB;AFIB
1544000;511.29;509.65;AFIB;AFIB
1546000;515.74;514.11;AFIB;AFIB
1548000;513.46;511.84;AFIB;AFIB
1550000;511.27;509.65;AFIB;AFIB
1552000;513.25;511.64;AFIB;AFIB
1554000;512.60;510.99;AFIB;AFIB
1556000;515.03;513.43;AFIB;AFIB
1558000;514.73;513.13;AFIB;AFIB
1560000;508.08;506.49;AFIB;AFIB
1562000;517.09;515.50;AFIB;AFIB
1564000;514.91;513.33;AFIB;AFIB
1566000;509.97;508.40;AFIB;AFIB
1568000;512.52;510.95;AFIB;AFIB
1570000;509.47;507.91;AFIB;AFIB
1572000;507.66;506.10;AFIB;AFIB
1574000;512.57;511.02;AFIB;AFIB
1576000;520.26;518.71;AFIB;AFIB
1578000;511.95;510.41;AFIB;AFIB
1580000;514.49;512.95;AFIB;AFIB
1582000;513.72;512.19;AFIB;AFIB
1584000;514.66;513.14;AFIB;AFIB
1586000;516.98;515.47;AFIB;AFIB
1588000;512.20;510.69;AFIB;AFIB
1590000;518.83;517.33;AFIB;AFIB
1592000;511.12;509.62;AFIB;AFIB
1594000;514.01;512.52;AFIB;AFIB
1596000;509.52;508.03;AFIB;AFIB
1598000;515.17;513.70;AFIB;AFIB
1600000;510.10;508.63;AFIB;AFIB
1602000;516.82;515.36;AFIB;AFIB
1604000;511.45;510.00;AFIB;AFIB
1606000;509.74;508.29;AFIB;AFIB
1608000;514.02;512.57;AFIB;AFIB
1610000;515.10;513.66;AFIB;AFIB
1612000;512.74;511.31;AFIB;AFIB
1614000;511.97;510.55;AFIB;AFIB
1616000;511.61;510.19;AFIB;AFIB
1618000;513.10;511.69;AFIB;AFIB
1620000;517.35;515.95;AFIB;AFIB
1622000;513.57;512.17;AFIB;AFIB
1624000;509.17;507.78;AFIB;AFIB
1626000;514.69;513.30;AFIB;AFIB
1628000;512.89;511.51;AFIB;AFIB
1630000;513.18;511.81;AFIB;AFIB
1632000;506.10;504.73;AFIB;AFIB
1634000;514.44;513.08;AFIB;AFIB
1636000;510.95;509.60;AFIB;AFIB
1638000;514.08;512.73;AFIB;AFIB
1640000;515.68;514.34;AFIB;AFIB
1642000;514.20;512.86;AFIB;AFIB
1644000;514.48;513.15;AFIB;AFIB
1646000;514.97;513.65;AFIB;AFIB
1648000;507.93;506.62;AFIB;AFIB
1650000;515.22;513.92;AFIB;AFIB
1652000;514.76;513.46;AFIB;AFIB
1654000;509.67;508.38;AFIB;AFIB
1656000;516.79;515.50;AFIB;AFIB
1658000;514.07;512.79;AFIB;AFIB
1660000;514.05;512.78;AFIB;AFIB
1662000;514.75;513.49;AFIB;AFIB
1664000;515.39;514.13;AFIB;AFIB
1666000;513.65;512.40;AFIB;AFIB
1668000;508.28;507.03;AFIB;AFIB
1670000;510.62;509.39;AFIB;AFIB
1672000;512.76;511.53;AFIB;AFIB
1674000;512.44;511.21;AFIB;AFIB
1676000;513.45;512.23;AFIB;AFIB
1678000;516.15;514.94;AFIB;AFIB
1680000;514.68;513.48;AFIB;AFIB
1682000;513.29;512.09;AFIB;AFIB
1684000;512.79;511.59;AFIB;AFIB
1686000;516.05;514.87;AFIB;AFIB
1688000;508.44;507.27;AFIB;AFIB
1690000;516.41;515.24;AFIB;AFIB
1692000;515.49;514.33;AFIB;AFIB
1694000;510.32;509.17;AFIB;AFIB
1696000;514.21;513.06;AFIB;AFIB
1698000;509.21;508.07;AFIB;AFIB
1700000;518.80;517.66;AFIB;AFIB
1702000;517.42;516.29;AFIB;AFIB
1704000;512.35;511.23;AFIB;AFIB
1706000;513.74;512.63;AFIB;AFIB
1708000;515.36;514.25;AFIB;AFIB
1710000;512.91;511.81;AFIB;AFIB
1712000;515.79;514.70;AFIB;AFIB
1714000;514.11;513.02;AFIB;AFIB
1716000;515.72;514.64;AFIB;AFIB
1718000;509.44;508.37;AFIB;AFIB
1720000;516.38;515.32;AFIB;AFIB
1722000;512.12;511.07;AFIB;AFIB
1724000;509.31;508.26;AFIB;AFIB
1726000;513.26;512.22;AFIB;AFIB
1728000;512.42;511.39;AFIB;AFIB
1730000;513.22;512.20;AFIB;AFIB
1732000;510.11;509.08;AFIB;AFIB
1734000;512.60;511.59;AFIB;AFIB
1736000;511.25;510.25;AFIB;AFIB
1738000;515.37;514.37;AFIB;AFIB
1740000;513.05;512.06;AFIB;AFIB
1742000;515.47;514.49;AFIB;AFIB
1744000;512.19;511.21;AFIB;AFIB
1746000;514.14;513.17;AFIB;AFIB
1748000;520.11;519.15;AFIB;AFIB
1750000;513.04;512.08;AFIB;AFIB
1752000;515.14;514.19;AFIB;AFIB
1754000;515.38;514.43;AFIB;AFIB
1756000;514.75;513.81;AFIB;AFIB
1758000;512.90;511.97;AFIB;AFIB
1760000;514.47;513.55;AFIB;AFIB
1762000;512.15;511.23;AFIB;AFIB
1764000;513.14;512.24;AFIB;AFIB
1766000;510.87;509.98;AFIB;AFIB
1768000;512.56;511.67;AFIB;AFIB
1770000;515.55;514.67;AFIB;AFIB
1772000;515.65;514.77;AFIB;AFIB
1774000;517.75;516.88;AFIB;AFIB
1776000;511.27;510.41;AFIB;AFIB
1778000;512.88;512.03;AFIB;AFIB
1780000;511.06;510.22;AFIB;AFIB
1782000;509.40;508.56;AFIB;AFIB
1784000;511.21;510.38;AFIB;AFIB
1786000;511.11;510.29;AFIB;AFIB
1788000;512.30;511.49;AFIB;AFIB
1790000;511.79;510.98;AFIB;AFIB
1792000;512.86;512.06;AFIB;AFIB
1794000;508.26;507.46;AFIB;AFIB
1796000;509.95;509.17;AFIB;AFIB
1798000;507.46;506.68;AFIB;AFIB
1800000;515.27;514.50;AFIB;AFIB
1802000;509.83;509.06;AFIB;AFIB
1804000;511.51;510.75;AFIB;AFIB
1806000;512.32;511.57;AFIB;AFIB
1808000;512.18;511.44;AFIB;AFIB
1810000;514.34;513.61;AFIB;AFIB
1812000;512.57;511.84;AFIB;AFIB
1814000;510.50;509.78;AFIB;AFIB
1816000;513.72;513.00;AFIB;AFIB
1818000;509.59;508.88;AFIB;AFIB
1820000;514.00;513.31;AFIB;AFIB
1822000;508.67;507.98;AFIB;AFIB
1824000;511.54;510.86;AFIB;AFIB
1826000;513.73;513.05;AFIB;AFIB
1828000;513.32;512.65;AFIB;AFIB
1830000;516.14;515.48;AFIB;AFIB
1832000;514.22;513.57;AFIB;AFIB
1834000;511.36;510.72;AFIB;AFIB
1836000;513.51;512.87;AFIB;AFIB
1838000;515.22;514.59;AFIB;AFIB
1840000;513.12;512.50;AFIB;AFIB
1842000;511.93;511.31;AFIB;AFIB
1844000;512.70;512.09;AFIB;AFIB
1846000;511.39;510.79;AFIB;AFIB
1848000;511.85;511.26;AFIB;AFIB
1850000;513.29;512.70;AFIB;AFIB
1852000;514.68;514.11;AFIB;AFIB
1854000;513.77;513.20;AFIB;AFIB
1856000;510.51;509.94;AFIB;AFIB
1858000;514.69;514.13;AFIB;AFIB
1860000;509.02;508.47;AFIB;AFIB
1862000;512.92;512.38;AFIB;AFIB
1864000;511.14;510.61;AFIB;AFIB
1866000;508.97;508.45;AFIB;AFIB
1868000;515.95;515.43;AFIB;AFIB
1870000;509.24;508.73;AFIB;AFIB
1872000;508.81;508.31;AFIB;AFIB
1874000;509.26;508.77;AFIB;AFIB
1876000;514.76;514.27;AFIB;AFIB
1878000;513.32;512.84;AFIB;AFIB
1880000;511.86;511.39;AFIB;AFIB
1882000;513.23;512.77;AFIB;AFIB
1884000;507.69;507.23;AFIB;AFIB
1886000;513.96;513.51;AFIB;AFIB
1888000;510.92;510.49;AFIB;AFIB
1890000;515.39;514.96;AFIB;AFIB
1892000;512.87;512.45;AFIB;AFIB
1894000;513.09;512.68;AFIB;AFIB
1896000;515.91;515.50;AFIB;AFIB
1898000;513.13;512.73;AFIB;AFIB
1900000;512.65;512.26;AFIB;AFIB
1902000;509.43;509.05;AFIB;AFIB
1904000;509.92;509.54;AFIB;AFIB
1906000;517.53;517.16;AFIB;AFIB
1908000;510.62;510.26;AFIB;AFIB
1910000;512.64;512.29;AFIB;AFIB
1912000;514.73;514.38;AFIB;AFIB
1914000;511.61;511.27;AFIB;AFIB
1916000;512.22;511.89;AFIB;AFIB
1918000;516.42;516.09;AFIB;AFIB
1920000;509.91;509.60;AFIB;AFIB
1922000;510.87;510.56;AFIB;AFIB
1924000;513.51;513.21;AFIB;AFIB
1926000;512.28;511.99;AFIB;AFIB
1928000;513.73;513.45;AFIB;AFIB
1930000;509.35;509.07;AFIB;AFIB
1932000;507.54;507.28;AFIB;AFIB
1934000;513.20;512.94;AFIB;AFIB
1936000;513.08;512.83;AFIB;AFIB
1938000;506.57;506.33;AFIB;AFIB
1940000;509.75;509.52;AFIB;AFIB
1942000;511.58;511.35;AFIB;AFIB
1944000;512.08;511.86;AFIB;AFIB
1946000;511.60;511.39;AFIB;AFIB
1948000;515.08;514.87;AFIB;AFIB
1950000;514.05;513.85;AFIB;AFIB
1952000;505.45;505.26;AFIB;AFIB
1954000;512.32;512.14;AFIB;AFIB
1956000;510.75;510.58;AFIB;AFIB
1958000;513.92;513.76;AFIB;AFIB
1960000;507.93;507.77;AFIB;AFIB
1962000;512.44;512.29;AFIB;AFIB
1964000;511.11;510.97;AFIB;AFIB
1966000;511.02;510.88;AFIB;AFIB
1968000;510.57;510.44;AFIB;AFIB
1970000;507.69;507.58;AFIB;AFIB
1972000;515.93;515.82;AFIB;AFIB
1974000;516.17;516.07;AFIB;AFIB
1976000;513.40;513.30;AFIB;AFIB
1978000;511.77;511.68;AFIB;AFIB
1980000;514.24;514.16;AFIB;AFIB
1982000;510.39;510.32;AFIB;AFIB
1984000;514.86;514.79;AFIB;AFIB
1986000;514.06;514.01;AFIB;AFIB
1988000;510.82;510.77;AFIB;AFIB
1990000;514.85;514.81;AFIB;AFIB
1992000;511.60;511.57;AFIB;AFIB
1994000;509.31;509.28;AFIB;AFIB
1996000;510.11;510.10;AFIB;AFIB
1998000;510.18;510.17;AFIB;AFIB
2000000;507.17;507.17;AFIB;AFIB
2002000;509.84;509.85;AFIB;AFIB
2004000;512.94;512.96;AFIB;AFIB
2006000;509.98;510.00;AFIB;AFIB
2008000;512.22;512.26;AFIB;AFIB
2010000;511.41;511.45;AFIB;AFIB
2012000;513.89;513.94;AFIB;AFIB
2014000;512.93;512.99;AFIB;AFIB
2016000;508.11;508.18;AFIB;AFIB
2018000;510.71;510.78;AFIB;AFIB
2020000;513.31;513.38;AFIB;AFIB
2022000;514.90;514.98;AFIB;AFIB
2024000;510.48;510.57;AFIB;AFIB
2026000;514.50;514.60;AFIB;AFIB
2028000;514.68;514.79;AFIB;AFIB
2030000;513.71;513.83;AFIB;AFIB
2032000;511.89;512.02;AFIB;AFIB
2034000;509.86;510.00;AFIB;AFIB
2036000;508.79;508.93;AFIB;AFIB
2038000;506.14;506.29;AFIB;AFIB
2040000;512.90;513.06;AFIB;AFIB
2042000;515.20;515.37;AFIB;AFIB
2044000;509.63;509.80;AFIB;AFIB
2046000;510.67;510.85;AFIB;AFIB
2048000;509.98;510.16;AFIB;AFIB
2050000;513.73;513.92;AFIB;AFIB
2052000;510.39;510.59;AFIB;AFIB
2054000;511.97;512.19;AFIB;AFIB
2056000;512.32;512.54;AFIB;AFIB
2058000;513.94;514.17;AFIB;AFIB
2060000;509.80;510.04;AFIB;AFIB
2062000;513.95;514.20;AFIB;AFIB
2064000;510.72;510.98;AFIB;AFIB
2066000;510.48;510.74;AFIB;AFIB
2068000;511.21;511.48;AFIB;AFIB
2070000;515.04;515.32;AFIB;AFIB
2072000;511.15;511.43;AFIB;AFIB
2074000;513.21;513.50;AFIB;AFIB
2076000;510.84;511.13;AFIB;AFIB
2078000;513.83;514.13;AFIB;AFIB
2080000;508.58;508.89;AFIB;AFIB
2082000;510.07;510.39;AFIB;AFIB
2084000;509.60;509.93;AFIB;AFIB
2086000;514.87;515.21;AFIB;AFIB
2088000;511.41;511.75;AFIB;AFIB
2090000;512.06;512.41;AFIB;AFIB
2092000;510.81;511.17;AFIB;AFIB
2094000;512.00;512.37;AFIB;AFIB
2096000;517.45;517.82;AFIB;AFIB
2098000;512.67;513.05;AFIB;AFIB
2100000;511.90;512.29;AFIB;AFIB
2102000;510.34;510.74;AFIB;AFIB
2104000;513.06;513.46;AFIB;AFIB
2106000;510.99;511.40;AFIB;AFIB
2108000;510.92;511.34;AFIB;AFIB
2110000;511.67;512.09;AFIB;AFIB
2112000;512.56;513.00;AFIB;AFIB
2114000;514.85;515.30;AFIB;AFIB
2116000;511.16;511.61;AFIB;AFIB
2118000;509.08;509.54;AFIB;AFIB
2120000;510.11;510.58;AFIB;AFIB
2122000;514.11;514.59;AFIB;AFIB
2124000;515.14;515.62;AFIB;AFIB
2126000;509.33;509.82;AFIB;AFIB
2128000;508.71;509.21;AFIB;AFIB
2130000;510.31;510.81;AFIB;AFIB
2132000;509.58;510.10;AFIB;AFIB
2134000;509.96;510.48;AFIB;AFIB
2136000;514.27;514.80;AFIB;AFIB
2138000;511.63;512.16;AFIB;AFIB
2140000;511.34;511.89;AFIB;AFIB
2142000;509.52;510.07;AFIB;AFIB
2144000;508.07;508.63;AFIB;AFIB
2146000;513.03;513.60;AFIB;AFIB
2148000;514.01;514.58;AFIB;AFIB
2150000;511.79;512.38;AFIB;AFIB
2152000;512.70;513.29;AFIB;AFIB
2154000;506.92;507.52;AFIB;AFIB
2156000;511.89;512.49;AFIB;AFIB
2158000;508.23;508.84;AFIB;AFIB
2160000;516.84;517.47;AFIB;AFIB
2162000;506.56;507.19;AFIB;AFIB
2164000;513.88;514.52;AFIB;AFIB
2166000;511.83;512.47;AFIB;AFIB
2168000;508.30;508.95;AFIB;AFIB
2170000;510.77;511.43;AFIB;AFIB
2172000;509.70;510.37;AFIB;AFIB
2174000;510.28;510.96;AFIB;AFIB
2176000;517.71;518.40;AFIB;AFIB
2178000;508.26;508.95;AFIB;AFIB
2180000;514.48;515.17;AFIB;AFIB
2182000;512.87;513.57;AFIB;AFIB
2184000;511.99;512.71;AFIB;AFIB
2186000;507.63;508.35;AFIB;AFIB
2188000;510.09;510.82;AFIB;AFIB
2190000;508.90;509.64;AFIB;AFIB
2192000;511.18;511.92;AFIB;AFIB
2194000;512.17;512.92;AFIB;AFIB
2196000;507.03;507.79;AFIB;AFIB
2198000;510.03;510.80;AFIB;AFIB
2200000;508.78;509.55;AFIB;AFIB
2202000;509.09;509.87;AFIB;AFIB
2204000;509.09;509.88;AFIB;AFIB
2206000;512.65;513.45;AFIB;AFIB
2208000;515.38;516.18;AFIB;AFIB
2210000;512.09;512.90;AFIB;AFIB
2212000;507.05;507.87;AFIB;AFIB
2214000;514.19;515.01;AFIB;AFIB
2216000;512.95;513.78;AFIB;AFIB
2218000;512.40;513.24;AFIB;AFIB
2220000;509.15;510.00;AFIB;AFIB
2222000;511.93;512.79;AFIB;AFIB
2224000;514.96;515.83;AFIB;AFIB
2226000;512.66;513.52;AFIB;AFIB
2228000;508.99;509.86;AFIB;AFIB
2230000;512.61;513.50;AFIB;AFIB
2232000;513.40;514.29;AFIB;AFIB
2234000;510.39;511.29;AFIB;AFIB
2236000;508.54;509.44;AFIB;AFIB
2238000;507.44;508.35;AFIB;AFIB
2240000;507.23;508.15;AFIB;AFIB
2242000;511.91;512.84;AFIB;AFIB
2244000;511.30;512.23;AFIB;AFIB
2246000;512.25;513.19;AFIB;AFIB
2248000;514.43;515.38;AFIB;AFIB
2250000;507.22;508.17;AFIB;AFIB
2252000;509.57;510.53;AFIB;AFIB
2254000;510.20;511.17;AFIB;AFIB
2256000;515.97;516.95;AFIB;AFIB
2258000;511.21;512.20;AFIB;AFIB
2260000;511.92;512.92;AFIB;AFIB
2262000;509.02;510.02;AFIB;AFIB
2264000;510.92;511.92;AFIB;AFIB
2266000;508.65;509.66;AFIB;AFIB
2268000;507.32;508.34;AFIB;AFIB
2270000;511.50;512.53;AFIB;AFIB
2272000;510.51;511.54;AFIB;AFIB
2274000;506.58;507.62;AFIB;AFIB
2276000;509.08;510.13;AFIB;AFIB
2278000;511.93;512.99;AFIB;AFIB
2280000;509.31;510.37;AFIB;AFIB
2282000;511.47;512.54;AFIB;AFIB
2284000;508.99;510.07;AFIB;AFIB
2286000;511.58;512.66;AFIB;AFIB
2288000;510.48;511.57;AFIB;AFIB
2290000;513.99;515.09;AFIB;AFIB
2292000;510.33;511.44;AFIB;AFIB
2294000;509.65;510.76;AFIB;AFIB
2296000;515.84;516.96;AFIB;AFIB
2298000;511.71;512.84;AFIB;AFIB
2300000;513.03;514.17;AFIB;AFIB
2302000;507.82;508.96;AFIB;AFIB
2304000;512.04;513.19;AFIB;AFIB
2306000;507.58;508.74;AFIB;AFIB
2308000;512.50;513.66;AFIB;AFIB
2310000;511.06;512.23;AFIB;AFIB
2312000;509.04;510.21;AFIB;AFIB
2314000;515.27;516.46;AFIB;AFIB
2316000;508.47;509.66;AFIB;AFIB
2318000;509.12;510.31;AFIB;AFIB
2320000;513.95;515.15;AFIB;AFIB
2322000;510.99;512.20;AFIB;AFIB
2324000;513.13;514.35;AFIB;AFIB
2326000;508.08;509.30;AFIB;AFIB
2328000;512.67;513.91;AFIB;AFIB
2330000;512.26;513.50;AFIB;AFIB
2332000;505.94;507.18;AFIB;AFIB
2334000;510.14;511.39;AFIB;AFIB
2336000;515.05;516.31;AFIB;AFIB
2338000;510.15;511.41;AFIB;AFIB
2340000;509.82;511.09;AFIB;AFIB
2342000;511.63;512.91;AFIB;AFIB
2344000;513.20;514.48;AFIB;AFIB
2346000;513.83;515.12;AFIB;AFIB
2348000;514.68;515.98;AFIB;AFIB
2350000;508.29;509.59;AFIB;AFIB
2352000;506.93;508.24;AFIB;AFIB
2354000;511.93;513.25;AFIB;AFIB
2356000;508.34;509.67;AFIB;AFIB
2358000;511.92;513.25;AFIB;AFIB
2360000;512.25;513.59;AFIB;AFIB
2362000;511.78;513.13;AFIB;AFIB
2364000;509.70;511.05;AFIB;AFIB
2366000;509.61;510.97;AFIB;AFIB
2368000;508.78;510.14;AFIB;AFIB
2370000;510.91;512.28;AFIB;AFIB
2372000;508.53;509.91;AFIB;AFIB
2374000;515.47;516.86;AFIB;AFIB
2376000;510.21;511.60;AFIB;AFIB
2378000;510.56;511.96;AFIB;AFIB
2380000;511.77;513.17;AFIB;AFIB
2382000;510.89;512.30;AFIB;AFIB
2384000;513.98;515.40;AFIB;AFIB
2386000;510.69;512.12;AFIB;AFIB
2388000;513.55;514.99;AFIB;AFIB
2390000;510.02;511.46;AFIB;AFIB
2392000;510.22;511.66;AFIB;AFIB
2394000;510.26;511.71;AFIB;AFIB
2396000;514.45;515.91;AFIB;AFIB
2398000;507.35;508.82;AFIB;AFIB
2400000;510.69;512.16;AFIB;AFIB
2402000;513.97;515.45;AFIB;AFIB
2404000;511.82;513.30;AFIB;AFIB
2406000;507.64;509.13;AFIB;AFIB
2408000;510.79;512.28;AFIB;AFIB
2410000;508.09;509.59;AFIB;AFIB
2412000;509.13;510.63;AFIB;AFIB
2414000;507.22;508.73;AFIB;AFIB
2416000;510.30;511.82;AFIB;AFIB
2418000;507.98;509.51;AFIB;AFIB
2420000;510.17;511.70;AFIB;AFIB
2422000;509.88;511.42;AFIB;AFIB
2424000;507.86;509.41;AFIB;AFIB
2426000;505.18;506.73;AFIB;AFIB
2428000;507.73;509.29;AFIB;AFIB
2430000;513.62;515.19;AFIB;AFIB
2432000;509.01;510.58;AFIB;AFIB
2434000;509.42;511.00;AFIB;AFIB
2436000;511.73;513.31;AFIB;AFIB
2438000;511.02;512.60;AFIB;AFIB
2440000;506.30;507.89;AFIB;AFIB
2442000;510.92;512.52;AFIB;AFIB
2444000;508.75;510.36;AFIB;AFIB
2446000;503.16;504.78;AFIB;AFIB
2448000;511.01;512.63;AFIB;AFIB
2450000;507.80;509.42;AFIB;AFIB
2452000;513.24;514.87;AFIB;AFIB
2454000;511.44;513.07;AFIB;AFIB
2456000;509.13;510.78;AFIB;AFIB
2458000;509.10;510.75;AFIB;AFIB
2460000;507.96;509.61;AFIB;AFIB
2462000;508.31;509.96;AFIB;AFIB
2464000;508.60;510.27;AFIB;AFIB
2466000;511.65;513.32;AFIB;AFIB
2468000;507.89;509.57;AFIB;AFIB
2470000;515.09;516.77;AFIB;AFIB
2472000;507.19;508.87;AFIB;AFIB
2474000;510.76;512.46;AFIB;AFIB
2476000;510.08;511.78;AFIB;AFIB
2478000;509.82;511.52;AFIB;AFIB
2480000;507.53;509.24;AFIB;AFIB
2482000;514.76;516.47;AFIB;AFIB
2484000;512.31;514.03;AFIB;AFIB
2486000;506.79;508.52;AFIB;AFIB
2488000;510.37;512.10;AFIB;AFIB
2490000;512.09;513.83;AFIB;AFIB
2492000;510.93;512.68;AFIB;AFIB
2494000;513.26;515.01;AFIB;AFIB
2496000;506.40;508.15;AFIB;AFIB
2498000;510.76;512.52;AFIB;AFIB
2500000;504.85;506.62;AFIB;AFIB
2502000;508.28;510.05;AFIB;AFIB
2504000;509.67;511.45;AFIB;AFIB
2506000;510.61;512.39;AFIB;AFIB
2508000;512.41;514.20;AFIB;AFIB
2510000;511.15;512.94;AFIB;AFIB
2512000;510.25;512.05;AFIB;AFIB
2514000;507.32;509.13;AFIB;AFIB
2516000;508.19;510.00;AFIB;AFIB
2518000;507.57;509.38;AFIB;AFIB
2520000;511.42;513.24;AFIB;AFIB
2522000;507.93;509.76;AFIB;AFIB
2524000;505.96;507.79;AFIB;AFIB
2526000;512.28;514.12;AFIB;AFIB
2528000;511.45;513.30;AFIB;AFIB
2530000;511.14;512.99;AFIB;AFIB
2532000;509.78;511.63;AFIB;AFIB
2534000;510.32;512.18;AFIB;AFIB
2536000;508.82;510.68;AFIB;AFIB
2538000;509.92;511.79;AFIB;AFIB
2540000;509.64;511.52;AFIB;AFIB
2542000;508.93;510.81;AFIB;AFIB
2544000;506.20;508.09;AFIB;AFIB
2546000;509.76;511.65;AFIB;AFIB
2548000;508.29;510.19;AFIB;AFIB
2550000;510.77;512.67;AFIB;AFIB
2552000;512.45;514.36;AFIB;AFIB
2554000;513.81;515.72;AFIB;AFIB
2556000;508.23;510.15;AFIB;AFIB
2558000;509.02;510.94;AFIB;AFIB
2560000;508.47;510.39;AFIB;AFIB
2562000;510.95;512.88;AFIB;AFIB
2564000;512.27;514.20;AFIB;AFIB
2566000;509.15;511.09;AFIB;AFIB
2568000;512.63;514.58;AFIB;AFIB
2570000;515.60;517.55;AFIB;AFIB
2572000;511.44;513.39;AFIB;AFIB
2574000;509.47;511.43;AFIB;AFIB
2576000;511.59;513.56;AFIB;AFIB
2578000;509.97;511.94;AFIB;AFIB
2580000;512.89;514.87;AFIB;AFIB
2582000;511.53;513.51;AFIB;AFIB
2584000;507.39;509.38;AFIB;AFIB
2586000;509.41;511.40;AFIB;AFIB
2588000;509.89;511.89;AFIB;AFIB
2590000;507.82;509.82;AFIB;AFIB
2592000;507.72;509.73;AFIB;AFIB
2594000;510.38;512.39;AFIB;AFIB
2596000;511.69;513.70;AFIB;AFIB
2598000;510.10;512.12;AFIB;AFIB
2600000;509.69;511.71;AFIB;AFIB
2602000;510.10;512.13;AFIB;AFIB
2604000;510.50;512.53;AFIB;AFIB
2606000;507.76;509.80;AFIB;AFIB
2608000;511.58;513.62;AFIB;AFIB
2610000;510.01;512.06;AFIB;AFIB
2612000;510.75;512.80;AFIB;AFIB
2614000;508.53;510.59;AFIB;AFIB
2616000;508.70;510.76;AFIB;AFIB
2618000;509.81;511.87;AFIB;AFIB
2620000;507.70;509.77;AFIB;AFIB
2622000;510.50;512.58;AFIB;AFIB
2624000;508.34;510.41;AFIB;AFIB
2626000;507.10;509.18;AFIB;AFIB
2628000;511.36;513.44;AFIB;AFIB
2630000;510.87;512.96;AFIB;AFIB
2632000;512.24;514.33;AFIB;AFIB
2634000;510.86;512.96;AFIB;AFIB
2636000;508.48;510.58;AFIB;AFIB
2638000;511.42;513.52;AFIB;AFIB
2640000;508.26;510.37;AFIB;AFIB
2642000;511.72;513.84;AFIB;AFIB
2644000;514.58;516.70;AFIB;AFIB
2646000;513.67;515.80;AFIB;AFIB
2648000;507.42;509.55;AFIB;AFIB
2650000;509.97;512.10;AFIB;AFIB
2652000;510.44;512.58;AFIB;AFIB
2654000;517.33;519.47;AFIB;AFIB
2656000;507.40;509.55;AFIB;AFIB
2658000;508.61;510.76;AFIB;AFIB
2660000;507.03;509.18;AFIB;AFIB
2662000;512.48;514.63;AFIB;AFIB
2664000;508.98;511.14;AFIB;AFIB
2666000;505.74;507.91;AFIB;AFIB
2668000;510.26;512.43;AFIB;AFIB
2670000;506.17;508.34;AFIB;AFIB
2672000;510.16;512.33;AFIB;AFIB
2674000;510.20;512.38;AFIB;AFIB
2676000;509.32;511.50;AFIB;AFIB
2678000;515.52;517.71;AFIB;AFIB
2680000;510.27;512.46;AFIB;AFIB
2682000;510.71;512.90;AFIB;AFIB
2684000;514.31;516.51;AFIB;AFIB
2686000;509.70;511.91;AFIB;AFIB
2688000;508.95;511.16;AFIB;AFIB
2690000;513.47;515.68;AFIB;AFIB
2692000;513.26;515.47;AFIB;AFIB
2694000;509.79;512.00;AFIB;AFIB
2696000;511.63;513.85;AFIB;AFIB
2698000;515.97;518.20;AFIB;AFIB
2700000;503.89;506.12;AFIB;AFIB
2702000;507.19;509.42;AFIB;AFIB
2704000;510.22;512.45;AFIB;AFIB
2706000;513.01;515.25;AFIB;AFIB
2708000;504.26;506.50;AFIB;AFIB
2710000;509.50;511.74;AFIB;AFIB
2712000;509.69;511.94;AFIB;AFIB
2714000;510.04;512.30;AFIB;AFIB
2716000;515.05;517.31;AFIB;AFIB
2718000;508.03;510.29;AFIB;AFIB
2720000;511.47;513.74;AFIB;AFIB
2722000;508.84;511.11;AFIB;AFIB
2724000;514.74;517.01;AFIB;AFIB
2726000;506.80;509.07;AFIB;AFIB
2728000;511.54;513.82;AFIB;AFIB
2730000;508.76;511.04;AFIB;AFIB
2732000;508.65;510.93;AFIB;AFIB
2734000;510.51;512.79;AFIB;AFIB
2736000;513.44;515.73;AFIB;AFIB
2738000;509.24;511.53;AFIB;AFIB
2740000;507.27;509.57;AFIB;AFIB
2742000;515.00;517.29;AFIB;AFIB
2744000;511.83;514.13;AFIB;AFIB
2746000;514.79;517.10;AFIB;AFIB
2748000;507.51;509.81;AFIB;AFIB
2750000;506.42;508.73;AFIB;AFIB
2752000;510.57;512.88;AFIB;AFIB
2754000;511.49;513.81;AFIB;AFIB
2756000;508.83;511.15;AFIB;AFIB
2758000;508.50;510.82;AFIB;AFIB
2760000;507.42;509.75;AFIB;AFIB
2762000;505.26;507.59;AFIB;AFIB
2764000;512.15;514.48;AFIB;AFIB
2766000;509.67;512.00;AFIB;AFIB
2768000;516.01;518.34;AFIB;AFIB
2770000;508.76;511.10;AFIB;AFIB
2772000;508.60;510.94;AFIB;AFIB
2774000;510.85;513.19;AFIB;AFIB
2776000;508.06;510.41;AFIB;AFIB
2778000;513.03;515.38;AFIB;AFIB
2780000;512.25;514.60;AFIB;AFIB
2782000;510.07;512.43;AFIB;AFIB
2784000;507.07;509.43;AFIB;AFIB
2786000;513.05;515.41;AFIB;AFIB
2788000;510.78;513.14;AFIB;AFIB
2790000;510.64;513.00;AFIB;AFIB
2792000;509.99;512.36;AFIB;AFIB
2794000;508.25;510.62;AFIB;AFIB
2796000;508.29;510.66;AFIB;AFIB
2798000;513.88;516.26;AFIB;AFIB
2800000;508.60;510.98;AFIB;AFIB
2802000;513.40;515.78;AFIB;AFIB
2804000;515.65;518.03;AFIB;AFIB
2806000;510.46;512.84;AFIB;AFIB
2808000;511.43;513.82;AFIB;AFIB
2810000;510.79;513.18;AFIB;AFIB
2812000;512.03;514.42;AFIB;AFIB
2814000;509.78;512.18;AFIB;AFIB
2816000;513.53;515.93;AFIB;AFIB
2818000;508.68;511.08;AFIB;AFIB
2820000;510.20;512.60;AFIB;AFIB
2822000;507.93;510.33;AFIB;AFIB
2824000;509.23;511.64;AFIB;AFIB
2826000;510.98;513.39;AFIB;AFIB
2828000;510.51;512.92;AFIB;AFIB
2830000;510.21;512.62;AFIB;AFIB
2832000;506.91;509.32;AFIB;AFIB
2834000;511.79;514.21;AFIB;AFIB
2836000;514.24;516.66;AFIB;AFIB
2838000;507.97;510.39;AFIB;AFIB
2840000;508.00;510.43;AFIB;AFIB
2842000;509.52;511.95;AFIB;AFIB
2844000;514.56;516.99;AFIB;AFIB
2846000;507.51;509.93;AFIB;AFIB
2848000;509.72;512.15;AFIB;AFIB
2850000;509.92;512.35;AFIB;AFIB
2852000;509.70;512.13;AFIB;AFIB
2854000;512.20;514.64;AFIB;AFIB
2856000;507.65;510.09;AFIB;AFIB
2858000;512.31;514.75;AFIB;AFIB
2860000;514.96;517.40;AFIB;AFIB
2862000;514.09;516.53;AFIB;AFIB
2864000;509.16;511.60;AFIB;AFIB
2866000;504.65;507.09;AFIB;AFIB
2868000;512.60;515.04;AFIB;AFIB
2870000;512.41;514.86;AFIB;AFIB
2872000;506.09;508.54;AFIB;AFIB
2874000;510.10;512.55;AFIB;AFIB
2876000;509.26;511.72;AFIB;AFIB
2878000;509.19;511.64;AFIB;AFIB
2880000;511.78;514.24;AFIB;AFIB
2882000;506.20;508.66;AFIB;AFIB
2884000;511.71;514.17;AFIB;AFIB
2886000;511.94;514.40;AFIB;AFIB
2888000;511.69;514.15;AFIB;AFIB
2890000;508.23;510.70;AFIB;AFIB
2892000;509.41;511.87;AFIB;AFIB
2894000;510.41;512.87;AFIB;AFIB
2896000;506.38;508.85;AFIB;AFIB
2898000;510.52;512.99;AFIB;AFIB
2900000;510.43;512.90;AFIB;AFIB
2902000;512.58;515.06;AFIB;AFIB
2904000;509.48;511.95;AFIB;AFIB
2906000;509.09;511.56;AFIB;AFIB
2908000;506.69;509.16;AFIB;AFIB
2910000;507.71;510.19;AFIB;AFIB
2912000;506.62;509.09;AFIB;AFIB
2914000;509.86;512.34;AFIB;AFIB
2916000;506.72;509.20;AFIB;AFIB
2918000;510.55;513.03;AFIB;AFIB
2920000;511.50;513.98;AFIB;AFIB
2922000;511.19;513.67;AFIB;AFIB
2924000;507.32;509.81;AFIB;AFIB
2926000;513.42;515.91;AFIB;AFIB
2928000;505.19;507.68;AFIB;AFIB
2930000;507.95;510.44;AFIB;AFIB
2932000;510.21;512.69;AFIB;AFIB
2934000;512.19;514.68;AFIB;AFIB
2936000;505.26;507.74;AFIB;AFIB
2938000;508.30;510.78;AFIB;AFIB
2940000;507.52;510.01;AFIB;AFIB
2942000;506.64;509.12;AFIB;AFIB
2944000;512.59;515.08;AFIB;AFIB
2946000;508.80;511.29;AFIB;AFIB
2948000;508.29;510.78;AFIB;AFIB
2950000;506.22;508.71;AFIB;AFIB
2952000;508.53;511.02;AFIB;AFIB
2954000;505.41;507.91;AFIB;AFIB
2956000;506.22;508.71;AFIB;AFIB
2958000;509.34;511.84;AFIB;AFIB
2960000;506.92;509.41;AFIB;AFIB
2962000;511.58;514.07;AFIB;AFIB
2964000;511.22;513.72;AFIB;AFIB
2966000;506.07;508.57;AFIB;AFIB
2968000;513.39;515.89;AFIB;AFIB
2970000;509.90;512.40;AFIB;AFIB
2972000;506.39;508.89;AFIB;AFIB
2974000;508.67;511.17;AFIB;AFIB
2976000;510.18;512.68;AFIB;AFIB
2978000;507.59;510.09;AFIB;AFIB
2980000;508.47;510.96;AFIB;AFIB
2982000;507.13;509.63;AFIB;AFIB
2984000;507.29;509.79;AFIB;AFIB
2986000;508.26;510.75;AFIB;AFIB
2988000;506.93;509.43;AFIB;AFIB
2990000;509.78;512.28;AFIB;AFIB
2992000;507.38;509.88;AFIB;AFIB
2994000;508.45;510.95;AFIB;AFIB
2996000;509.59;512.09;AFIB;AFIB
2998000;509.84;512.34;AFIB;AFIB
3000000;510.46;512.96;AFIB;AFIB
3002000;506.86;509.36;AFIB;AFIB
3004000;510.15;512.65;AFIB;AFIB
3006000;509.67;512.17;AFIB;AFIB
3008000;509.26;511.76;AFIB;AFIB
3010000;506.57;509.07;AFIB;AFIB
3012000;506.77;509.27;AFIB;AFIB
3014000;507.60;510.10;AFIB;AFIB
3016000;508.14;510.64;AFIB;AFIB
3018000;513.11;515.61;AFIB;AFIB
3020000;511.24;513.74;AFIB;AFIB
3022000;511.01;513.51;AFIB;AFIB
3024000;507.33;509.83;AFIB;AFIB
3026000;508.54;511.04;AFIB;AFIB
3028000;507.98;510.48;AFIB;AFIB
3030000;514.71;517.21;AFIB;AFIB
3032000;509.16;511.66;AFIB;AFIB
3034000;508.34;510.84;AFIB;AFIB
3036000;508.44;510.94;AFIB;AFIB
3038000;513.67;516.17;AFIB;AFIB
3040000;510.18;512.67;AFIB;AFIB
3042000;509.19;511.68;AFIB;AFIB
3044000;513.24;515.74;AFIB;AFIB
3046000;512.21;514.70;AFIB;AFIB
3048000;509.20;511.69;AFIB;AFIB
3050000;511.02;513.51;AFIB;AFIB
3052000;509.15;511.64;AFIB;AFIB
3054000;510.02;512.51;AFIB;AFIB
3056000;513.32;515.81;AFIB;AFIB
3058000;509.15;511.64;AFIB;AFIB
3060000;509.36;511.85;AFIB;AFIB
3062000;509.21;511.70;AFIB;AFIB
3064000;512.60;515.09;AFIB;AFIB
3066000;510.69;513.18;AFIB;AFIB
3068000;508.93;511.42;AFIB;AFIB
3070000;512.42;514.91;AFIB;AFIB
3072000;512.71;515.19;AFIB;AFIB
3074000;512.13;514.62;AFIB;AFIB
3076000;511.44;513.92;AFIB;AFIB
3078000;507.37;509.85;AFIB;AFIB
3080000;510.21;512.69;AFIB;AFIB
3082000;514.38;516.85;AFIB;AFIB
3084000;507.16;509.64;AFIB;AFIB
3086000;510.99;513.46;AFIB;AFIB
3088000;507.28;509.76;AFIB;AFIB
3090000;507.24;509.72;AFIB;AFIB
3092000;511.94;514.42;AFIB;AFIB
3094000;512.22;514.69;AFIB;AFIB
3096000;514.88;517.35;AFIB;AFIB
3098000;510.21;512.68;AFIB;AFIB
3100000;507.19;509.66;AFIB;AFIB
3102000;508.47;510.94;AFIB;AFIB
3104000;508.12;510.59;AFIB;AFIB
3106000;508.52;510.98;AFIB;AFIB
3108000;511.36;513.82;AFIB;AFIB
3110000;512.80;515.26;AFIB;AFIB
3112000;506.55;509.01;AFIB;AFIB
3114000;511.83;514.29;AFIB;AFIB
3116000;509.31;511.76;AFIB;AFIB
3118000;509.46;511.92;AFIB;AFIB
3120000;509.34;511.80;AFIB;AFIB
3122000;513.26;515.71;AFIB;AFIB
3124000;508.52;510.97;AFIB;AFIB
3126000;508.96;511.42;AFIB;AFIB
3128000;510.93;513.38;AFIB;AFIB
3130000;510.31;512.76;AFIB;AFIB
3132000;511.35;513.79;AFIB;AFIB
3134000;508.81;511.25;AFIB;AFIB
3136000;509.93;512.37;AFIB;AFIB
3138000;508.86;511.31;AFIB;AFIB
3140000;510.43;512.87;AFIB;AFIB
3142000;511.87;514.31;AFIB;AFIB
3144000;504.37;506.81;AFIB;AFIB
3146000;506.86;509.29;AFIB;AFIB
3148000;507.57;510.00;AFIB;AFIB
3150000;508.73;511.16;AFIB;AFIB
3152000;506.17;508.60;AFIB;AFIB
3154000;507.65;510.08;AFIB;AFIB
3156000;511.00;513.42;AFIB;AFIB
3158000;509.78;512.20;AFIB;AFIB
3160000;509.03;511.46;AFIB;AFIB
3162000;513.07;515.49;AFIB;AFIB
3164000;506.41;508.82;AFIB;AFIB
3166000;511.62;514.03;AFIB;AFIB
3168000;508.42;510.83;AFIB;AFIB
3170000;510.52;512.93;AFIB;AFIB
3172000;507.69;510.10;AFIB;AFIB
3174000;504.05;506.45;AFIB;AFIB
3176000;508.14;510.54;AFIB;AFIB
3178000;512.71;515.12;AFIB;AFIB
3180000;511.44;513.84;AFIB;AFIB
3182000;504.72;507.11;AFIB;AFIB
3184000;507.63;510.03;AFIB;AFIB
3186000;510.56;512.95;AFIB;AFIB
3188000;507.51;509.91;AFIB;AFIB
3190000;506.90;509.29;AFIB;AFIB
3192000;513.16;515.55;AFIB;AFIB
3194000;509.74;512.12;AFIB;AFIB
3196000;508.18;510.57;AFIB;AFIB
3198000;507.02;509.40;AFIB;AFIB
3200000;506.69;509.06;AFIB;AFIB
3202000;511.52;513.89;AFIB;AFIB
3204000;511.47;513.85;AFIB;AFIB
3206000;507.69;510.06;AFIB;AFIB
3208000;507.11;509.48;AFIB;AFIB
3210000;510.17;512.54;AFIB;AFIB
3212000;509.19;511.55;AFIB;AFIB
3214000;508.53;510.89;AFIB;AFIB
3216000;508.15;510.51;AFIB;AFIB
3218000;512.46;514.82;AFIB;AFIB
3220000;503.49;505.84;AFIB;AFIB
3222000;510.97;513.32;AFIB;AFIB
3224000;507.22;509.56;AFIB;AFIB
3226000;506.85;509.19;AFIB;AFIB
3228000;505.52;507.86;AFIB;AFIB
3230000;513.03;515.37;AFIB;AFIB
3232000;511.05;513.38;AFIB;AFIB
3234000;510.52;512.85;AFIB;AFIB
3236000;509.27;511.60;AFIB;AFIB
3238000;506.78;509.11;AFIB;AFIB
3240000;508.78;511.11;AFIB;AFIB
3242000;508.95;511.27;AFIB;AFIB
3244000;510.53;512.85;AFIB;AFIB
3246000;513.88;516.19;AFIB;AFIB
3248000;507.40;509.71;AFIB;AFIB
3250000;511.39;513.70;AFIB;AFIB
3252000;507.38;509.69;AFIB;AFIB
3254000;509.87;512.18;AFIB;AFIB
3256000;513.90;516.20;AFIB;AFIB
3258000;511.29;513.58;AFIB;AFIB
3260000;511.55;513.84;AFIB;AFIB
3262000;513.47;515.76;AFIB;AFIB
3264000;511.04;513.33;AFIB;AFIB
3266000;510.31;512.59;AFIB;AFIB
3268000;508.52;510.80;AFIB;AFIB
3270000;509.03;511.31;AFIB;AFIB
3272000;514.09;516.36;AFIB;AFIB
3274000;511.97;514.24;AFIB;AFIB
3276000;512.75;515.02;AFIB;AFIB
3278000;507.47;509.74;AFIB;AFIB
3280000;510.36;512.62;AFIB;AFIB
3282000;510.37;512.63;AFIB;AFIB
3284000;509.48;511.73;AFIB;AFIB
3286000;508.36;510.61;AFIB;AFIB
3288000;513.54;515.79;AFIB;AFIB
3290000;510.31;512.56;AFIB;AFIB
3292000;508.29;510.54;AFIB;AFIB
3294000;511.41;513.64;AFIB;AFIB
3296000;510.76;512.99;AFIB;AFIB
3298000;509.04;511.27;AFIB;AFIB
3300000;504.62;506.85;AFIB;AFIB
3302000;508.11;510.34;AFIB;AFIB
3304000;511.75;513.97;AFIB;AFIB
3306000;515.74;517.96;AFIB;AFIB
3308000;508.87;511.09;AFIB;AFIB
3310000;510.51;512.72;AFIB;AFIB
3312000;512.25;514.46;AFIB;AFIB
3314000;506.86;509.06;AFIB;AFIB
3316000;509.82;512.02;AFIB;AFIB
3318000;510.39;512.59;AFIB;AFIB
3320000;511.30;513.49;AFIB;AFIB
3322000;512.08;514.26;AFIB;AFIB
3324000;509.46;511.64;AFIB;AFIB
3326000;506.73;508.91;AFIB;AFIB
3328000;508.94;511.12;AFIB;AFIB
3330000;509.09;511.26;AFIB;AFIB
3332000;509.16;511.33;AFIB;AFIB
3334000;508.74;510.91;AFIB;AFIB
3336000;512.00;514.16;AFIB;AFIB
3338000;508.87;511.02;AFIB;AFIB
3340000;513.81;515.96;AFIB;AFIB
3342000;509.19;511.33;AFIB;AFIB
3344000;506.68;508.82;AFIB;AFIB
3346000;506.93;509.07;AFIB;AFIB
3348000;511.39;513.53;AFIB;AFIB
3350000;508.08;510.21;AFIB;AFIB
3352000;509.51;511.64;AFIB;AFIB
3354000;507.19;509.32;AFIB;AFIB
3356000;506.80;508.91;AFIB;AFIB
3358000;510.04;512.16;AFIB;AFIB
3360000;506.73;508.85;AFIB;AFIB
3362000;513.65;515.76;AFIB;AFIB
3364000;508.87;510.97;AFIB;AFIB
3366000;506.36;508.46;AFIB;AFIB
3368000;509.08;511.18;AFIB;AFIB
3370000;506.97;509.06;AFIB;AFIB
3372000;506.28;508.36;AFIB;AFIB
3374000;510.91;512.99;AFIB;AFIB
3376000;505.41;507.49;AFIB;AFIB
3378000;504.97;507.04;AFIB;AFIB
3380000;511.69;513.76;AFIB;AFIB
3382000;511.84;513.90;AFIB;AFIB
3384000;509.04;511.10;AFIB;AFIB
3386000;509.48;511.53;AFIB;AFIB
3388000;511.59;513.64;AFIB;AFIB
3390000;508.67;510.72;AFIB;AFIB
3392000;515.18;517.22;AFIB;AFIB
3394000;506.31;508.34;AFIB;AFIB
3396000;511.36;513.39;AFIB;AFIB
3398000;513.45;515.48;AFIB;AFIB
3400000;509.54;511.56;AFIB;AFIB
3402000;509.66;511.68;AFIB;AFIB
3404000;511.58;513.60;AFIB;AFIB
3406000;512.38;514.39;AFIB;AFIB
3408000;510.16;512.17;AFIB;AFIB
3410000;511.79;513.79;AFIB;AFIB
3412000;508.89;510.88;AFIB;AFIB
3414000;511.50;513.49;AFIB;AFIB
3416000;503.69;505.68;AFIB;AFIB
3418000;514.06;516.04;AFIB;AFIB
3420000;509.28;511.26;AFIB;AFIB
3422000;509.46;511.43;AFIB;AFIB
3424000;514.14;516.11;AFIB;AFIB
3426000;508.37;510.33;AFIB;AFIB
3428000;508.06;510.02;AFIB;AFIB
3430000;507.62;509.57;AFIB;AFIB
3432000;510.21;512.16;AFIB;AFIB
3434000;508.93;510.87;AFIB;AFIB
3436000;508.81;510.74;AFIB;AFIB
3438000;512.80;514.73;AFIB;AFIB
3440000;514.41;516.34;AFIB;AFIB
3442000;510.45;512.38;AFIB;AFIB
3444000;515.57;517.48;AFIB;AFIB
3446000;506.79;508.70;AFIB;AFIB
3448000;507.78;509.69;AFIB;AFIB
3450000;506.60;508.50;AFIB;AFIB
3452000;508.59;510.48;AFIB;AFIB
3454000;508.35;510.24;AFIB;AFIB
3456000;512.56;514.44;AFIB;AFIB
3458000;507.56;509.44;AFIB;AFIB
3460000;510.32;512.19;AFIB;AFIB
3462000;512.97;514.84;AFIB;AFIB
3464000;510.28;512.14;AFIB;AFIB
3466000;510.70;512.56;AFIB;AFIB
3468000;510.37;512.22;AFIB;AFIB
3470000;514.91;516.76;AFIB;AFIB
3472000;511.36;513.20;AFIB;AFIB
3474000;507.49;509.32;AFIB;AFIB
3476000;505.70;507.53;AFIB;AFIB
3478000;508.87;510.69;AFIB;AFIB
3480000;509.33;511.15;AFIB;AFIB
3482000;509.80;511.62;AFIB;AFIB
3484000;506.30;508.11;AFIB;AFIB
3486000;510.23;512.04;AFIB;AFIB
3488000;511.74;513.54;AFIB;AFIB
3490000;508.08;509.88;AFIB;AFIB
3492000;505.82;507.61;AFIB;AFIB
3494000;513.38;515.16;AFIB;AFIB
3496000;512.91;514.69;AFIB;AFIB
3498000;513.81;515.58;AFIB;AFIB
3500000;509.89;511.66;AFIB;AFIB
3502000;511.80;513.56;AFIB;AFIB
3504000;512.91;514.67;AFIB;AFIB
3506000;510.23;511.98;AFIB;AFIB
3508000;507.97;509.71;AFIB;AFIB
3510000;504.96;506.70;AFIB;AFIB
3512000;506.96;508.69;AFIB;AFIB
3514000;514.66;516.39;AFIB;AFIB
3516000;507.36;509.08;AFIB;AFIB
3518000;511.68;513.40;AFIB;AFIB
3520000;507.12;508.83;AFIB;AFIB
3522000;505.57;507.27;AFIB;AFIB
3524000;506.23;507.93;AFIB;AFIB
3526000;510.87;512.56;AFIB;AFIB
3528000;510.86;512.55;AFIB;AFIB
3530000;509.63;511.31;AFIB;AFIB
3532000;507.16;508.84;AFIB;AFIB
3534000;508.75;510.42;AFIB;AFIB
3536000;507.37;509.04;AFIB;AFIB
3538000;508.45;510.11;AFIB;AFIB
3540000;511.39;513.04;AFIB;AFIB
3542000;508.74;510.39;AFIB;AFIB
3544000;512.98;514.62;AFIB;AFIB
3546000;515.44;517.08;AFIB;AFIB
3548000;512.49;514.12;AFIB;AFIB
3550000;512.63;514.25;AFIB;AFIB
3552000;510.99;512.61;AFIB;AFIB
3554000;514.08;515.69;AFIB;AFIB
3556000;507.12;508.73;AFIB;AFIB
3558000;509.29;510.89;AFIB;AFIB
3560000;506.50;508.10;AFIB;AFIB
3562000;509.54;511.12;AFIB;AFIB
3564000;510.97;512.55;AFIB;AFIB
3566000;510.45;512.02;AFIB;AFIB
3568000;510.57;512.14;AFIB;AFIB
3570000;510.42;511.98;AFIB;AFIB
3572000;509.56;511.12;AFIB;AFIB
3574000;507.51;509.06;AFIB;AFIB
3576000;509.35;510.89;AFIB;AFIB
3578000;510.57;512.11;AFIB;AFIB
3580000;508.47;510.00;AFIB;AFIB
3582000;510.30;511.82;AFIB;AFIB
3584000;504.20;505.72;AFIB;AFIB
3586000;510.14;511.65;AFIB;AFIB
3588000;503.73;505.24;AFIB;AFIB
3590000;506.03;507.53;AFIB;AFIB
3592000;512.46;513.96;AFIB;AFIB
3594000;507.05;508.53;AFIB;AFIB
3596000;506.76;508.24;AFIB;AFIB
3598000;510.29;511.76;AFIB;AFIB
3600000;512.61;514.08;AFIB;AFIB
3602000;507.05;508.51;AFIB;AFIB
3604000;510.65;512.10;AFIB;AFIB
3606000;511.06;512.51;AFIB;AFIB
3608000;508.92;510.36;AFIB;AFIB
3610000;507.43;508.87;AFIB;AFIB
3612000;508.60;510.03;AFIB;AFIB
3614000;511.36;512.78;AFIB;AFIB
3616000;510.02;511.44;AFIB;AFIB
3618000;509.96;511.37;AFIB;AFIB
3620000;509.23;510.63;AFIB;AFIB
3622000;507.77;509.17;AFIB;AFIB
3624000;512.81;514.20;AFIB;AFIB
3626000;510.25;511.63;AFIB;AFIB
3628000;504.20;505.58;AFIB;AFIB
3630000;510.82;512.19;AFIB;AFIB
3632000;505.46;506.83;AFIB;AFIB
3634000;509.05;510.41;AFIB;AFIB
3636000;510.98;512.34;AFIB;AFIB
3638000;511.34;512.68;AFIB;AFIB
3640000;509.25;510.59;AFIB;AFIB
3642000;510.00;511.33;AFIB;AFIB
3644000;510.94;512.26;AFIB;AFIB
3646000;510.71;512.03;AFIB;AFIB
3648000;511.96;513.28;AFIB;AFIB
3650000;506.34;507.65;AFIB;AFIB
3652000;505.84;507.14;AFIB;AFIB
3654000;513.08;514.37;AFIB;AFIB
3656000;508.96;510.25;AFIB;AFIB
3658000;510.31;511.59;AFIB;AFIB
3660000;508.49;509.76;AFIB;AFIB
3662000;513.02;514.29;AFIB;AFIB
3664000;513.26;514.52;AFIB;AFIB
3666000;515.05;516.30;AFIB;AFIB
3668000;512.07;513.32;AFIB;AFIB
3670000;508.69;509.93;AFIB;AFIB
3672000;505.40;506.63;AFIB;AFIB
3674000;512.03;513.26;AFIB;AFIB
3676000;516.82;518.04;AFIB;AFIB
3678000;513.52;514.73;AFIB;AFIB
3680000;509.34;510.54;AFIB;AFIB
3682000;514.50;515.70;AFIB;AFIB
3684000;508.19;509.38;AFIB;AFIB
3686000;512.85;514.04;AFIB;AFIB
3688000;514.00;515.18;AFIB;AFIB
3690000;517.24;518.41;AFIB;AFIB
3692000;508.65;509.81;AFIB;AFIB
3694000;510.29;511.44;AFIB;AFIB
3696000;511.95;513.10;AFIB;AFIB
3698000;512.18;513.32;AFIB;AFIB
3700000;514.18;515.31;AFIB;AFIB
3702000;508.34;509.46;AFIB;AFIB
3704000;513.37;514.49;AFIB;AFIB
3706000;511.22;512.33;AFIB;AFIB
3708000;514.40;515.51;AFIB;AFIB
3710000;513.04;514.14;AFIB;AFIB
3712000;512.48;513.57;AFIB;AFIB
3714000;510.53;511.62;AFIB;AFIB
3716000;509.37;510.45;AFIB;AFIB
3718000;512.87;513.94;AFIB;AFIB
3720000;512.22;513.28;AFIB;AFIB
3722000;510.59;511.65;AFIB;AFIB
3724000;512.96;514.01;AFIB;AFIB
3726000;512.60;513.65;AFIB;AFIB
3728000;507.57;508.60;AFIB;AFIB
3730000;513.47;514.50;AFIB;AFIB
3732000;513.85;514.88;AFIB;AFIB
3734000;507.82;508.84;AFIB;AFIB
3736000;514.75;515.76;AFIB;AFIB
3738000;511.80;512.80;AFIB;AFIB
3740000;511.37;512.37;AFIB;AFIB
3742000;506.02;507.00;AFIB;AFIB
3744000;513.03;514.01;AFIB;AFIB
3746000;507.79;508.76;AFIB;AFIB
3748000;515.78;516.74;AFIB;AFIB
3750000;510.75;511.71;AFIB;AFIB
3752000;512.09;513.04;AFIB;AFIB
3754000;511.32;512.27;AFIB;AFIB
3756000;512.18;513.12;AFIB;AFIB
3758000;507.87;508.80;AFIB;AFIB
3760000;507.56;508.48;AFIB;AFIB
3762000;507.73;508.65;AFIB;AFIB
3764000;512.89;513.79;AFIB;AFIB
3766000;510.67;511.57;AFIB;AFIB
3768000;507.61;508.50;AFIB;AFIB
3770000;514.51;515.39;AFIB;AFIB
3772000;508.75;509.62;AFIB;AFIB
3774000;514.04;514.91;AFIB;AFIB
3776000;506.32;507.18;AFIB;AFIB
3778000;513.30;514.16;AFIB;AFIB
3780000;514.02;514.87;AFIB;AFIB
3782000;514.31;515.15;AFIB;AFIB
3784000;511.46;512.30;AFIB;AFIB
3786000;512.02;512.85;AFIB;AFIB
3788000;509.54;510.36;AFIB;AFIB
3790000;509.33;510.14;AFIB;AFIB
3792000;512.31;513.12;AFIB;AFIB
3794000;508.80;509.59;AFIB;AFIB
3796000;507.00;507.79;AFIB;AFIB
3798000;512.69;513.47;AFIB;AFIB
3800000;512.19;512.96;AFIB;AFIB
3802000;512.19;512.95;AFIB;AFIB
3804000;509.75;510.51;AFIB;AFIB
3806000;510.85;511.60;AFIB;AFIB
3808000;515.79;516.53;AFIB;AFIB
3810000;509.78;510.51;AFIB;AFIB
3812000;518.05;518.78;AFIB;AFIB
3814000;510.23;510.95;AFIB;AFIB
3816000;510.96;511.67;AFIB;AFIB
3818000;509.17;509.88;AFIB;AFIB
3820000;514.55;515.25;AFIB;AFIB
3822000;512.93;513.62;AFIB;AFIB
3824000;513.54;514.22;AFIB;AFIB
3826000;514.71;515.39;AFIB;AFIB
3828000;510.77;511.43;AFIB;AFIB
3830000;509.01;509.67;AFIB;AFIB
3832000;512.14;512.80;AFIB;AFIB
3834000;512.10;512.74;AFIB;AFIB
3836000;512.25;512.89;AFIB;AFIB
3838000;511.52;512.15;AFIB;AFIB
3840000;509.46;510.08;AFIB;AFIB
3842000;512.02;512.63;AFIB;AFIB
3844000;513.70;514.31;AFIB;AFIB
3846000;510.05;510.65;AFIB;AFIB
3848000;513.11;513.70;AFIB;AFIB
3850000;507.45;508.03;AFIB;AFIB
3852000;513.76;514.33;AFIB;AFIB
3854000;514.07;514.63;AFIB;AFIB
3856000;513.18;513.74;AFIB;AFIB
3858000;512.05;512.60;AFIB;AFIB
3860000;511.38;511.92;AFIB;AFIB
3862000;509.68;510.22;AFIB;AFIB
3864000;511.11;511.64;AFIB;AFIB
3866000;511.68;512.21;AFIB;AFIB
3868000;512.62;513.14;AFIB;AFIB
3870000;509.49;510.00;AFIB;AFIB
3872000;511.04;511.54;AFIB;AFIB
3874000;511.62;512.11;AFIB;AFIB
3876000;511.76;512.24;AFIB;AFIB
3878000;512.83;513.31;AFIB;AFIB
3880000;514.88;515.35;AFIB;AFIB
3882000;513.90;514.37;AFIB;AFIB
3884000;509.52;509.97;AFIB;AFIB
3886000;513.86;514.31;AFIB;AFIB
3888000;509.96;510.40;AFIB;AFIB
3890000;505.99;506.42;AFIB;AFIB
3892000;515.84;516.26;AFIB;AFIB
3894000;513.14;513.55;AFIB;AFIB
3896000;511.86;512.26;AFIB;AFIB
3898000;510.36;510.76;AFIB;AFIB
3900000;511.10;511.49;AFIB;AFIB
3902000;510.89;511.28;AFIB;AFIB
3904000;517.33;517.71;AFIB;AFIB
3906000;515.37;515.74;AFIB;AFIB
3908000;514.44;514.80;AFIB;AFIB
3910000;509.99;510.35;AFIB;AFIB
3912000;515.54;515.88;AFIB;AFIB
3914000;509.32;509.65;AFIB;AFIB
3916000;510.24;510.57;AFIB;AFIB
3918000;513.02;513.34;AFIB;AFIB
3920000;512.30;512.61;AFIB;AFIB
3922000;513.67;513.98;AFIB;AFIB
3924000;513.04;513.33;AFIB;AFIB
3926000;509.44;509.73;AFIB;AFIB
3928000;514.66;514.94;AFIB;AFIB
3930000;511.40;511.67;AFIB;AFIB
3932000;512.22;512.48;AFIB;AFIB
3934000;508.80;509.06;AFIB;AFIB
3936000;518.11;518.36;AFIB;AFIB
3938000;506.39;506.64;AFIB;AFIB
3940000;511.03;511.27;AFIB;AFIB
3942000;513.08;513.31;AFIB;AFIB
3944000;509.76;509.98;AFIB;AFIB
3946000;509.60;509.81;AFIB;AFIB
3948000;508.87;509.07;AFIB;AFIB
3950000;514.61;514.81;AFIB;AFIB
3952000;510.17;510.36;AFIB;AFIB
3954000;511.23;511.41;AFIB;AFIB
3956000;513.92;514.09;AFIB;AFIB
3958000;510.53;510.69;AFIB;AFIB
3960000;512.30;512.46;AFIB;AFIB
3962000;513.90;514.04;AFIB;AFIB
3964000;512.30;512.44;AFIB;AFIB
3966000;512.77;512.91;AFIB;AFIB
3968000;512.78;512.90;AFIB;AFIB
3970000;512.64;512.76;AFIB;AFIB
3972000;511.54;511.65;AFIB;AFIB
3974000;515.02;515.13;AFIB;AFIB
3976000;509.91;510.01;AFIB;AFIB
3978000;511.88;511.97;AFIB;AFIB
3980000;510.62;510.70;AFIB;AFIB
3982000;510.11;510.19;AFIB;AFIB
3984000;512.11;512.18;AFIB;AFIB
3986000;515.09;515.14;AFIB;AFIB
3988000;511.34;511.38;AFIB;AFIB
3990000;508.82;508.86;AFIB;AFIB
3992000;513.15;513.19;AFIB;AFIB
3994000;511.92;511.94;AFIB;AFIB
3996000;513.32;513.33;AFIB;AFIB
3998000;514.83;514.84;AFIB;AFIB
4000000;512.76;512.76;AFIB;AFIB
4002000;512.75;512.74;AFIB;AFIB
4004000;515.17;515.15;AFIB;AFIB
4006000;511.02;511.00;AFIB;AFIB
4008000;511.15;511.12;AFIB;AFIB
4010000;512.43;512.39;AFIB;AFIB
4012000;518.25;518.21;AFIB;AFIB
4014000;513.89;513.83;AFIB;AFIB
4016000;513.94;513.87;AFIB;AFIB
4018000;506.99;506.92;AFIB;AFIB
4020000;511.12;511.04;AFIB;AFIB
4022000;510.98;510.89;AFIB;AFIB
4024000;511.67;511.58;AFIB;AFIB
4026000;510.43;510.33;AFIB;AFIB
4028000;512.79;512.68;AFIB;AFIB
4030000;511.36;511.24;AFIB;AFIB
4032000;515.68;515.55;AFIB;AFIB
4034000;512.62;512.49;AFIB;AFIB
4036000;511.48;511.34;AFIB;AFIB
4038000;510.32;510.17;AFIB;AFIB
4040000;514.23;514.08;AFIB;AFIB
4042000;511.24;511.07;AFIB;AFIB
4044000;512.37;512.20;AFIB;AFIB
4046000;510.64;510.46;AFIB;AFIB
4048000;514.01;513.82;AFIB;AFIB
4050000;513.85;513.65;AFIB;AFIB
4052000;507.53;507.33;AFIB;AFIB
4054000;510.65;510.44;AFIB;AFIB
4056000;511.14;510.92;AFIB;AFIB
4058000;510.24;510.01;AFIB;AFIB
4060000;512.69;512.46;AFIB;AFIB
4062000;510.03;509.78;AFIB;AFIB
4064000;511.28;511.03;AFIB;AFIB
4066000;509.94;509.68;AFIB;AFIB
4068000;508.97;508.71;AFIB;AFIB
4070000;509.64;509.37;AFIB;AFIB
4072000;510.72;510.44;AFIB;AFIB
4074000;513.32;513.03;AFIB;AFIB
4076000;510.74;510.44;AFIB;AFIB
4078000;514.35;514.05;AFIB;AFIB
4080000;511.65;511.34;AFIB;AFIB
4082000;516.88;516.56;AFIB;AFIB
4084000;511.22;510.89;AFIB;AFIB
4086000;511.77;511.44;AFIB;AFIB
4088000;513.81;513.46;AFIB;AFIB
4090000;515.48;515.12;AFIB;AFIB
4092000;510.24;509.88;AFIB;AFIB
4094000;511.90;511.53;AFIB;AFIB
4096000;512.89;512.51;AFIB;AFIB
4098000;511.41;511.03;AFIB;AFIB
4100000;506.95;506.56;AFIB;AFIB
4102000;509.91;509.51;AFIB;AFIB
4104000;508.77;508.36;AFIB;AFIB
4106000;510.55;510.14;AFIB;AFIB
4108000;509.48;509.06;AFIB;AFIB
4110000;515.43;515.00;AFIB;AFIB
4112000;511.31;510.87;AFIB;AFIB
4114000;508.22;507.77;AFIB;AFIB
4116000;512.21;511.76;AFIB;AFIB
4118000;516.45;515.99;AFIB;AFIB
4120000;509.13;508.66;AFIB;AFIB
4122000;507.17;506.69;AFIB;AFIB
4124000;510.15;509.67;AFIB;AFIB
4126000;512.16;511.67;AFIB;AFIB
4128000;514.25;513.75;AFIB;AFIB
4130000;510.73;510.22;AFIB;AFIB
4132000;514.81;514.29;AFIB;AFIB
4134000;512.87;512.35;AFIB;AFIB
4136000;513.06;512.53;AFIB;AFIB
4138000;513.24;512.70;AFIB;AFIB
4140000;513.77;513.23;AFIB;AFIB
4142000;510.01;509.45;AFIB;AFIB
4144000;512.12;511.56;AFIB;AFIB
4146000;514.63;514.06;AFIB;AFIB
4148000;508.81;508.23;AFIB;AFIB
4150000;511.35;510.77;AFIB;AFIB
4152000;510.69;510.09;AFIB;AFIB
4154000;507.87;507.27;AFIB;AFIB
4156000;512.40;511.79;AFIB;AFIB
4158000;510.68;510.07;AFIB;AFIB
4160000;511.81;511.19;AFIB;AFIB
4162000;514.00;513.37;AFIB;AFIB
4164000;512.02;511.39;AFIB;AFIB
4166000;512.43;511.78;AFIB;AFIB
4168000;510.69;510.04;AFIB;AFIB
4170000;511.62;510.96;AFIB;AFIB
4172000;512.03;511.36;AFIB;AFIB
4174000;508.71;508.03;AFIB;AFIB
4176000;514.00;513.32;AFIB;AFIB
4178000;516.87;516.18;AFIB;AFIB
4180000;511.71;511.01;AFIB;AFIB
4182000;515.87;515.16;AFIB;AFIB
4184000;513.59;512.88;AFIB;AFIB
4186000;509.42;508.70;AFIB;AFIB
4188000;512.15;511.43;AFIB;AFIB
4190000;513.45;512.72;AFIB;AFIB
4192000;510.29;509.55;AFIB;AFIB
4194000;516.10;515.35;AFIB;AFIB
4196000;508.49;507.74;AFIB;AFIB
4198000;513.39;512.63;AFIB;AFIB
4200000;513.12;512.34;AFIB;AFIB
4202000;513.74;512.96;AFIB;AFIB
4204000;511.55;510.76;AFIB;AFIB
4206000;509.98;509.18;AFIB;AFIB
4208000;511.70;510.90;AFIB;AFIB
4210000;510.08;509.27;AFIB;AFIB
4212000;511.17;510.35;AFIB;AFIB
4214000;513.92;513.09;AFIB;AFIB
4216000;510.95;510.12;AFIB;AFIB
4218000;512.83;511.99;AFIB;AFIB
4220000;509.52;508.67;AFIB;AFIB
4222000;511.77;510.91;AFIB;AFIB
4224000;516.87;516.01;AFIB;AFIB
4226000;512.54;511.67;AFIB;AFIB
4228000;515.59;514.71;AFIB;AFIB
4230000;515.11;514.23;AFIB;AFIB
4232000;508.92;508.02;AFIB;AFIB
4234000;511.27;510.38;AFIB;AFIB
4236000;508.46;507.55;AFIB;AFIB
4238000;513.14;512.23;AFIB;AFIB
4240000;512.35;511.43;AFIB;AFIB
4242000;516.22;515.29;AFIB;AFIB
4244000;516.52;515.59;AFIB;AFIB
4246000;511.88;510.94;AFIB;AFIB
4248000;515.16;514.21;AFIB;AFIB
4250000;511.01;510.05;AFIB;AFIB
4252000;516.31;515.34;AFIB;AFIB
4254000;513.77;512.79;AFIB;AFIB
4256000;512.48;511.50;AFIB;AFIB
4258000;513.11;512.13;AFIB;AFIB
4260000;514.14;513.15;AFIB;AFIB
4262000;516.94;515.94;AFIB;AFIB
4264000;512.38;511.38;AFIB;AFIB
4266000;509.86;508.84;AFIB;AFIB
4268000;519.36;518.34;AFIB;AFIB
4270000;515.70;514.67;AFIB;AFIB
4272000;515.34;514.30;AFIB;AFIB
4274000;513.29;512.24;AFIB;AFIB
4276000;511.94;510.89;AFIB;AFIB
4278000;518.11;517.06;AFIB;AFIB
4280000;513.07;512.00;AFIB;AFIB
4282000;513.87;512.80;AFIB;AFIB
4284000;510.73;509.65;AFIB;AFIB
4286000;511.43;510.34;AFIB;AFIB
4288000;508.95;507.86;AFIB;AFIB
4290000;511.09;509.99;AFIB;AFIB
4292000;514.24;513.13;AFIB;AFIB
4294000;515.42;514.31;AFIB;AFIB
4296000;513.87;512.74;AFIB;AFIB
4298000;517.08;515.95;AFIB;AFIB
4300000;515.42;514.29;AFIB;AFIB
4302000;515.87;514.72;AFIB;AFIB
4304000;516.18;515.03;AFIB;AFIB
4306000;513.65;512.49;AFIB;AFIB
4308000;510.11;508.94;AFIB;AFIB
4310000;513.40;512.23;AFIB;AFIB
4312000;513.28;512.11;AFIB;AFIB
4314000;511.06;509.88;AFIB;AFIB
4316000;509.85;508.66;AFIB;AFIB
4318000;511.48;510.28;AFIB;AFIB
4320000;515.20;513.99;AFIB;AFIB
4322000;514.47;513.25;AFIB;AFIB
4324000;512.15;510.93;AFIB;AFIB
4326000;512.26;511.03;AFIB;AFIB
4328000;511.81;510.58;AFIB;AFIB
4330000;511.65;510.41;AFIB;AFIB
4332000;515.25;514.00;AFIB;AFIB
4334000;512.66;511.41;AFIB;AFIB
4336000;515.37;514.11;AFIB;AFIB
4338000;513.22;511.96;AFIB;AFIB
4340000;509.81;508.54;AFIB;AFIB
4342000;512.96;511.68;AFIB;AFIB
4344000;513.85;512.56;AFIB;AFIB
4346000;512.17;510.88;AFIB;AFIB
4348000;510.53;509.23;AFIB;AFIB
4350000;518.37;517.06;AFIB;AFIB
4352000;517.06;515.74;AFIB;AFIB
4354000;513.42;512.10;AFIB;AFIB
4356000;513.48;512.16;AFIB;AFIB
4358000;510.34;509.01;AFIB;AFIB
4360000;512.02;510.68;AFIB;AFIB
4362000;517.82;516.47;AFIB;AFIB
4364000;512.78;511.43;AFIB;AFIB
4366000;509.14;507.78;AFIB;AFIB
4368000;513.45;512.08;AFIB;AFIB
4370000;513.73;512.35;AFIB;AFIB
4372000;514.78;513.40;AFIB;AFIB
4374000;514.13;512.74;AFIB;AFIB
4376000;511.93;510.53;AFIB;AFIB
4378000;512.26;510.86;AFIB;AFIB
4380000;511.54;510.13;AFIB;AFIB
4382000;518.76;517.35;AFIB;AFIB
4384000;518.71;517.29;AFIB;AFIB
4386000;512.47;511.05;AFIB;AFIB
4388000;513.67;512.24;AFIB;AFIB
4390000;513.03;511.59;AFIB;AFIB
4392000;512.45;511.00;AFIB;AFIB
4394000;514.27;512.82;AFIB;AFIB
4396000;509.27;507.82;AFIB;AFIB
4398000;513.48;512.02;AFIB;AFIB
4400000;512.42;510.95;AFIB;AFIB
4402000;513.68;512.20;AFIB;AFIB
4404000;510.92;509.44;AFIB;AFIB
4406000;517.17;515.68;AFIB;AFIB
4408000;510.59;509.10;AFIB;AFIB
4410000;516.22;514.72;AFIB;AFIB
4412000;510.44;508.94;AFIB;AFIB
4414000;512.49;510.98;AFIB;AFIB
4416000;511.97;510.45;AFIB;AFIB
4418000;517.42;515.89;AFIB;AFIB
4420000;514.19;512.65;AFIB;AFIB
4422000;507.73;506.19;AFIB;AFIB
4424000;511.81;510.27;AFIB;AFIB
4426000;509.22;507.67;AFIB;AFIB
4428000;512.55;510.99;AFIB;AFIB
4430000;515.30;513.74;AFIB;AFIB
4432000;509.52;507.95;AFIB;AFIB
4434000;509.99;508.41;AFIB;AFIB
4436000;517.46;515.88;AFIB;AFIB
4438000;518.30;516.72;AFIB;AFIB
4440000;513.50;511.91;AFIB;AFIB
4442000;512.83;511.23;AFIB;AFIB
4444000;511.61;510.00;AFIB;AFIB
4446000;516.46;514.85;AFIB;AFIB
4448000;516.47;514.85;AFIB;AFIB
4450000;511.94;510.31;AFIB;AFIB
4452000;510.72;509.09;AFIB;AFIB
4454000;514.42;512.78;AFIB;AFIB
4456000;512.60;510.96;AFIB;AFIB
4458000;512.19;510.55;AFIB;AFIB
4460000;512.07;510.41;AFIB;AFIB
4462000;515.07;513.41;AFIB;AFIB
4464000;511.45;509.79;AFIB;AFIB
4466000;514.07;512.40;AFIB;AFIB
4468000;513.22;511.54;AFIB;AFIB
4470000;511.01;509.33;AFIB;AFIB
4472000;509.30;507.61;AFIB;AFIB
4474000;516.36;514.67;AFIB;AFIB
4476000;515.49;513.79;AFIB;AFIB
4478000;510.66;508.96;AFIB;AFIB
4480000;516.77;515.06;AFIB;AFIB
4482000;516.65;514.93;AFIB;AFIB
4484000;511.80;510.08;AFIB;AFIB
4486000;513.27;511.54;AFIB;AFIB
4488000;513.85;512.12;AFIB;AFIB
4490000;516.13;514.39;AFIB;AFIB
4492000;517.54;515.79;AFIB;AFIB
4494000;518.95;517.20;AFIB;AFIB
4496000;520.07;518.31;AFIB;AFIB
4498000;511.60;509.83;AFIB;AFIB
4500000;517.30;515.53;AFIB;AFIB
4502000;514.21;512.44;AFIB;AFIB
4504000;511.07;509.29;AFIB;AFIB
4506000;510.58;508.80;AFIB;AFIB
4508000;509.79;508.00;AFIB;AFIB
4510000;516.44;514.64;AFIB;AFIB
4512000;513.79;511.99;AFIB;AFIB
4514000;513.94;512.13;AFIB;AFIB
4516000;515.25;513.44;AFIB;AFIB
4518000;510.26;508.45;AFIB;AFIB
4520000;513.73;511.91;AFIB;AFIB
4522000;512.90;511.07;AFIB;AFIB
4524000;514.93;513.10;AFIB;AFIB
4526000;508.95;507.11;AFIB;AFIB
4528000;515.88;514.04;AFIB;AFIB
4530000;516.72;514.87;AFIB;AFIB
4532000;512.99;511.14;AFIB;AFIB
4534000;515.03;513.17;AFIB;AFIB
4536000;514.77;512.91;AFIB;AFIB
4538000;509.06;507.19;AFIB;AFIB
4540000;516.43;514.56;AFIB;AFIB
4542000;512.84;510.96;AFIB;AFIB
4544000;511.95;510.06;AFIB;AFIB
4546000;513.62;511.73;AFIB;AFIB
4548000;519.07;517.18;AFIB;AFIB
4550000;510.72;508.82;AFIB;AFIB
4552000;513.76;511.85;AFIB;AFIB
4554000;515.24;513.33;AFIB;AFIB
4556000;513.22;511.30;AFIB;AFIB
4558000;512.28;510.35;AFIB;AFIB
4560000;516.87;514.94;AFIB;AFIB
4562000;512.43;510.49;AFIB;AFIB
4564000;512.40;510.46;AFIB;AFIB
4566000;515.01;513.07;AFIB;AFIB
4568000;510.50;508.55;AFIB;AFIB
4570000;516.58;514.63;AFIB;AFIB
4572000;512.27;510.32;AFIB;AFIB
4574000;513.48;511.52;AFIB;AFIB
4576000;513.78;511.81;AFIB;AFIB
4578000;515.88;513.91;AFIB;AFIB
4580000;513.64;511.66;AFIB;AFIB
4582000;512.84;510.86;AFIB;AFIB
4584000;517.56;515.57;AFIB;AFIB
4586000;510.92;508.93;AFIB;AFIB
4588000;516.12;514.12;AFIB;AFIB
4590000;515.29;513.29;AFIB;AFIB
4592000;512.44;510.44;AFIB;AFIB
4594000;515.18;513.18;AFIB;AFIB
4596000;512.83;510.82;AFIB;AFIB
4598000;517.24;515.22;AFIB;AFIB
4600000;513.72;511.69;AFIB;AFIB
4602000;517.56;515.54;AFIB;AFIB
4604000;514.11;512.07;AFIB;AFIB
4606000;511.38;509.34;AFIB;AFIB
4608000;512.10;510.06;AFIB;AFIB
4610000;519.08;517.03;AFIB;AFIB
4612000;514.72;512.67;AFIB;AFIB
4614000;512.72;510.67;AFIB;AFIB
4616000;512.49;510.43;AFIB;AFIB
4618000;517.83;515.77;AFIB;AFIB
4620000;512.05;509.98;AFIB;AFIB
4622000;514.38;512.31;AFIB;AFIB
4624000;513.75;511.67;AFIB;AFIB
4626000;513.39;511.31;AFIB;AFIB
4628000;516.04;513.96;AFIB;AFIB
4630000;512.07;509.98;AFIB;AFIB
4632000;516.59;514.49;AFIB;AFIB
4634000;513.55;511.45;AFIB;AFIB
4636000;511.84;509.74;AFIB;AFIB
4638000;517.25;515.14;AFIB;AFIB
4640000;515.81;513.70;AFIB;AFIB
4642000;511.71;509.59;AFIB;AFIB
4644000;519.52;517.40;AFIB;AFIB
4646000;516.09;513.96;AFIB;AFIB
4648000;513.33;511.20;AFIB;AFIB
4650000;513.63;511.49;AFIB;AFIB
4652000;514.45;512.31;AFIB;AFIB
4654000;512.96;510.82;AFIB;AFIB
4656000;517.79;515.65;AFIB;AFIB
4658000;513.44;511.30;AFIB;AFIB
4660000;514.92;512.76;AFIB;AFIB
4662000;515.01;512.85;AFIB;AFIB
4664000;515.51;513.35;AFIB;AFIB
4666000;514.32;512.16;AFIB;AFIB
4668000;518.48;516.31;AFIB;AFIB
4670000;514.58;512.41;AFIB;AFIB
4672000;515.06;512.88;AFIB;AFIB
4674000;516.49;514.31;AFIB;AFIB
4676000;513.99;511.80;AFIB;AFIB
4678000;512.50;510.31;AFIB;AFIB
4680000;517.56;515.37;AFIB;AFIB
4682000;515.87;513.68;AFIB;AFIB
4684000;508.80;506.60;AFIB;AFIB
4686000;514.47;512.27;AFIB;AFIB
4688000;510.89;508.69;AFIB;AFIB
4690000;515.66;513.45;AFIB;AFIB
4692000;513.24;511.02;AFIB;AFIB
4694000;514.73;512.51;AFIB;AFIB
4696000;515.56;513.34;AFIB;AFIB
4698000;513.24;511.01;AFIB;AFIB
4700000;514.87;512.64;AFIB;AFIB
4702000;514.01;511.78;AFIB;AFIB
4704000;514.19;511.95;AFIB;AFIB
4706000;511.46;509.23;AFIB;AFIB
4708000;509.46;507.22;AFIB;AFIB
4710000;515.92;513.68;AFIB;AFIB
4712000;513.04;510.79;AFIB;AFIB
4714000;515.89;513.63;AFIB;AFIB
4716000;508.54;506.28;AFIB;AFIB
4718000;512.71;510.45;AFIB;AFIB
4720000;513.69;511.43;AFIB;AFIB
4722000;513.04;510.77;AFIB;AFIB
4724000;515.91;513.64;AFIB;AFIB
4726000;515.59;513.32;AFIB;AFIB
4728000;517.33;515.06;AFIB;AFIB
4730000;519.15;516.87;AFIB;AFIB
4732000;516.02;513.74;AFIB;AFIB
4734000;514.51;512.23;AFIB;AFIB
4736000;513.73;511.45;AFIB;AFIB
4738000;514.91;512.62;AFIB;AFIB
4740000;510.69;508.39;AFIB;AFIB
4742000;513.55;511.25;AFIB;AFIB
4744000;515.29;512.99;AFIB;AFIB
4746000;515.70;513.39;AFIB;AFIB
4748000;510.13;507.82;AFIB;AFIB
4750000;514.79;512.48;AFIB;AFIB
4752000;514.72;512.41;AFIB;AFIB
4754000;514.66;512.35;AFIB;AFIB
4756000;513.41;511.09;AFIB;AFIB
4758000;513.54;511.21;AFIB;AFIB
4760000;513.09;510.76;AFIB;AFIB
4762000;514.35;512.02;AFIB;AFIB
4764000;511.92;509.59;AFIB;AFIB
4766000;510.85;508.51;AFIB;AFIB
4768000;510.47;508.14;AFIB;AFIB
4770000;513.30;510.96;AFIB;AFIB
4772000;513.47;511.13;AFIB;AFIB
4774000;512.80;510.46;AFIB;AFIB
4776000;514.56;512.21;AFIB;AFIB
4778000;507.81;505.46;AFIB;AFIB
4780000;515.15;512.80;AFIB;AFIB
4782000;513.76;511.41;AFIB;AFIB
4784000;513.46;511.11;AFIB;AFIB
4786000;514.08;511.72;AFIB;AFIB
4788000;514.47;512.11;AFIB;AFIB
4790000;512.87;510.51;AFIB;AFIB
4792000;514.24;511.87;AFIB;AFIB
4794000;518.58;516.21;AFIB;AFIB
4796000;513.10;510.72;AFIB;AFIB
4798000;513.54;511.17;AFIB;AFIB
4800000;515.64;513.27;AFIB;AFIB
4802000;514.63;512.25;AFIB;AFIB
4804000;514.43;512.05;AFIB;AFIB
4806000;514.36;511.98;AFIB;AFIB
4808000;516.80;514.41;AFIB;AFIB
4810000;515.21;512.82;AFIB;AFIB
4812000;518.95;516.56;AFIB;AFIB
4814000;512.83;510.44;AFIB;AFIB
4816000;512.03;509.64;AFIB;AFIB
4818000;509.33;506.93;AFIB;AFIB
4820000;514.05;511.65;AFIB;AFIB
4822000;513.15;510.75;AFIB;AFIB
4824000;512.53;510.13;AFIB;AFIB
4826000;515.56;513.15;AFIB;AFIB
4828000;515.45;513.04;AFIB;AFIB
4830000;508.94;506.53;AFIB;AFIB
4832000;508.29;505.88;AFIB;AFIB
4834000;513.72;511.31;AFIB;AFIB
4836000;514.12;511.70;AFIB;AFIB
4838000;517.01;514.59;AFIB;AFIB
4840000;512.71;510.29;AFIB;AFIB
4842000;511.62;509.19;AFIB;AFIB
4844000;516.66;514.24;AFIB;AFIB
4846000;513.29;510.86;AFIB;AFIB
4848000;510.88;508.45;AFIB;AFIB
4850000;510.70;508.27;AFIB;AFIB
4852000;517.23;514.79;AFIB;AFIB
4854000;512.86;510.43;AFIB;AFIB
4856000;511.73;509.29;AFIB;AFIB
4858000;511.28;508.84;AFIB;AFIB
4860000;510.75;508.31;AFIB;AFIB
4862000;512.24;509.79;AFIB;AFIB
4864000;510.34;507.90;AFIB;AFIB
4866000;509.90;507.46;AFIB;AFIB
4868000;515.85;513.40;AFIB;AFIB
4870000;516.26;513.81;AFIB;AFIB
4872000;515.90;513.46;AFIB;AFIB
4874000;518.31;515.86;AFIB;AFIB
4876000;512.51;510.06;AFIB;AFIB
4878000;513.46;511.01;AFIB;AFIB
4880000;514.81;512.36;AFIB;AFIB
4882000;515.19;512.73;AFIB;AFIB
4884000;515.56;513.10;AFIB;AFIB
4886000;514.19;511.73;AFIB;AFIB
4888000;512.23;509.77;AFIB;AFIB
4890000;513.66;511.20;AFIB;AFIB
4892000;515.60;513.14;AFIB;AFIB
4894000;515.42;512.95;AFIB;AFIB
4896000;514.22;511.76;AFIB;AFIB
4898000;514.74;512.27;AFIB;AFIB
4900000;516.92;514.45;AFIB;AFIB
4902000;514.54;512.07;AFIB;AFIB
4904000;518.47;515.99;AFIB;AFIB
4906000;516.54;514.07;AFIB;AFIB
4908000;516.37;513.90;AFIB;AFIB
4910000;512.57;510.09;AFIB;AFIB
4912000;516.17;513.69;AFIB;AFIB
4914000;512.25;509.77;AFIB;AFIB
4916000;511.31;508.83;AFIB;AFIB
4918000;513.51;511.03;AFIB;AFIB
4920000;516.35;513.87;AFIB;AFIB
4922000;516.56;514.08;AFIB;AFIB
4924000;513.90;511.42;AFIB;AFIB
4926000;510.41;507.93;AFIB;AFIB
4928000;511.45;508.96;AFIB;AFIB
4930000;514.94;512.46;AFIB;AFIB
4932000;513.81;511.33;AFIB;AFIB
4934000;518.77;516.29;AFIB;AFIB
4936000;513.50;511.02;AFIB;AFIB
4938000;513.62;511.14;AFIB;AFIB
4940000;515.09;512.60;AFIB;AFIB
4942000;512.86;510.37;AFIB;AFIB
4944000;512.22;509.73;AFIB;AFIB
4946000;517.26;514.77;AFIB;AFIB
4948000;512.18;509.69;AFIB;AFIB
4950000;512.52;510.03;AFIB;AFIB
4952000;515.55;513.06;AFIB;AFIB
4954000;514.37;511.88;AFIB;AFIB
4956000;518.54;516.05;AFIB;AFIB
4958000;514.08;511.59;AFIB;AFIB
4960000;512.28;509.78;AFIB;AFIB
4962000;513.34;510.85;AFIB;AFIB
4964000;513.64;511.14;AFIB;AFIB
4966000;516.60;514.10;AFIB;AFIB
4968000;517.76;515.27;AFIB;AFIB
4970000;512.36;509.87;AFIB;AFIB
4972000;513.67;511.17;AFIB;AFIB
4974000;513.12;510.63;AFIB;AFIB
4976000;516.51;514.01;AFIB;AFIB
4978000;517.90;515.40;AFIB;AFIB
4980000;512.50;510.00;AFIB;AFIB
4982000;517.28;514.78;AFIB;AFIB
4984000;510.87;508.37;AFIB;AFIB
4986000;514.47;511.97;AFIB;AFIB
4988000;513.45;510.96;AFIB;AFIB
4990000;516.52;514.02;AFIB;AFIB
4992000;517.21;514.71;AFIB;AFIB
4994000;514.00;511.50;AFIB;AFIB
4996000;513.96;511.46;AFIB;AFIB
4998000;516.30;513.80;AFIB;AFIB
5000000;513.76;511.26;AFIB;AFIB
5002000;517.01;514.51;AFIB;AFIB
5004000;520.35;517.85;AFIB;AFIB
5006000;511.65;509.15;AFIB;AFIB
5008000;511.35;508.85;AFIB;AFIB
5010000;515.19;512.69;AFIB;AFIB
5012000;514.18;511.68;AFIB;AFIB
5014000;512.70;510.20;AFIB;AFIB
5016000;514.84;512.34;AFIB;AFIB
5018000;513.82;511.32;AFIB;AFIB
5020000;518.51;516.01;AFIB;AFIB
5022000;515.11;512.61;AFIB;AFIB
5024000;515.55;513.05;AFIB;AFIB
5026000;515.15;512.65;AFIB;AFIB
5028000;511.65;509.15;AFIB;AFIB
5030000;513.68;511.18;AFIB;AFIB
5032000;516.74;514.24;AFIB;AFIB
5034000;513.34;510.84;AFIB;AFIB
5036000;511.27;508.77;AFIB;AFIB
5038000;514.80;512.31;AFIB;AFIB
5040000;510.49;507.99;AFIB;AFIB
5042000;517.88;515.39;AFIB;AFIB
5044000;515.95;513.46;AFIB;AFIB
5046000;519.60;517.11;AFIB;AFIB
5048000;516.12;513.63;AFIB;AFIB
5050000;514.91;512.41;AFIB;AFIB
5052000;516.68;514.19;AFIB;AFIB
5054000;516.66;514.17;AFIB;AFIB
5056000;513.14;510.65;AFIB;AFIB
5058000;514.31;511.82;AFIB;AFIB
5060000;517.49;515.00;AFIB;AFIB
5062000;511.96;509.47;AFIB;AFIB
5064000;515.42;512.93;AFIB;AFIB
5066000;513.47;510.98;AFIB;AFIB
5068000;514.56;512.07;AFIB;AFIB
5070000;513.39;510.90;AFIB;AFIB
5072000;512.45;509.97;AFIB;AFIB
5074000;516.02;513.54;AFIB;AFIB
5076000;509.13;506.65;AFIB;AFIB
5078000;515.88;513.40;AFIB;AFIB
5080000;517.44;514.96;AFIB;AFIB
5082000;515.10;512.62;AFIB;AFIB
5084000;513.78;511.31;AFIB;AFIB
5086000;513.46;510.98;AFIB;AFIB
5088000;512.74;510.27;AFIB;AFIB
5090000;514.30;511.83;AFIB;AFIB
5092000;517.80;515.33;AFIB;AFIB
5094000;516.64;514.16;AFIB;AFIB
5096000;519.48;517.01;AFIB;AFIB
5098000;518.01;515.54;AFIB;AFIB
5100000;513.29;510.82;AFIB;AFIB
5102000;515.80;513.33;AFIB;AFIB
5104000;518.41;515.95;AFIB;AFIB
5106000;513.15;510.69;AFIB;AFIB
5108000;516.28;513.81;AFIB;AFIB
5110000;520.09;517.63;AFIB;AFIB
5112000;514.24;511.78;AFIB;AFIB
5114000;515.56;513.10;AFIB;AFIB
5116000;513.30;510.84;AFIB;AFIB
5118000;516.46;514.00;AFIB;AFIB
5120000;514.73;512.27;AFIB;AFIB
5122000;515.00;512.55;AFIB;AFIB
5124000;515.89;513.44;AFIB;AFIB
5126000;518.86;516.41;AFIB;AFIB
5128000;515.62;513.17;AFIB;AFIB
5130000;514.57;512.12;AFIB;AFIB
5132000;516.24;513.79;AFIB;AFIB
5134000;513.77;511.33;AFIB;AFIB
5136000;512.79;510.34;AFIB;AFIB
5138000;516.59;514.15;AFIB;AFIB
5140000;518.82;516.38;AFIB;AFIB
5142000;515.76;513.32;AFIB;AFIB
5144000;514.75;512.31;AFIB;AFIB
5146000;515.82;513.39;AFIB;AFIB
5148000;513.15;510.72;AFIB;AFIB
5150000;509.30;506.87;AFIB;AFIB
5152000;520.01;517.58;AFIB;AFIB
5154000;513.55;511.12;AFIB;AFIB
5156000;510.48;508.05;AFIB;AFIB
5158000;514.82;512.40;AFIB;AFIB
5160000;516.90;514.48;AFIB;AFIB
5162000;511.15;508.73;AFIB;AFIB
5164000;516.75;514.34;AFIB;AFIB
5166000;513.94;511.52;AFIB;AFIB
5168000;510.59;508.17;AFIB;AFIB
5170000;511.58;509.17;AFIB;AFIB
5172000;513.43;511.02;AFIB;AFIB
5174000;518.31;515.90;AFIB;AFIB
5176000;515.60;513.20;AFIB;AFIB
5178000;515.10;512.70;AFIB;AFIB
5180000;513.80;511.40;AFIB;AFIB
5182000;513.97;511.57;AFIB;AFIB
5184000;510.22;507.82;AFIB;AFIB
5186000;512.09;509.70;AFIB;AFIB
5188000;516.83;514.44;AFIB;AFIB
5190000;514.10;511.71;AFIB;AFIB
5192000;510.64;508.25;AFIB;AFIB
5194000;513.37;510.99;AFIB;AFIB
5196000;519.03;516.65;AFIB;AFIB
5198000;512.77;510.39;AFIB;AFIB
5200000;515.84;513.46;AFIB;AFIB
5202000;512.21;509.83;AFIB;AFIB
5204000;514.32;511.95;AFIB;AFIB
5206000;514.25;511.88;AFIB;AFIB
5208000;512.04;509.67;AFIB;AFIB
5210000;516.42;514.06;AFIB;AFIB
5212000;513.13;510.76;AFIB;AFIB
5214000;513.03;510.67;AFIB;AFIB
5216000;516.71;514.36;AFIB;AFIB
5218000;510.18;507.83;AFIB;AFIB
5220000;517.24;514.89;AFIB;AFIB
5222000;512.36;510.02;AFIB;AFIB
5224000;512.96;510.61;AFIB;AFIB
5226000;512.40;510.05;AFIB;AFIB
5228000;512.06;509.71;AFIB;AFIB
5230000;516.54;514.20;AFIB;AFIB
5232000;514.70;512.37;AFIB;AFIB
5234000;515.23;512.90;AFIB;AFIB
5236000;512.69;510.36;AFIB;AFIB
5238000;514.61;512.28;AFIB;AFIB
5240000;512.16;509.84;AFIB;AFIB
5242000;517.45;515.12;AFIB;AFIB
5244000;512.53;510.21;AFIB;AFIB
5246000;512.06;509.74;AFIB;AFIB
5248000;510.30;507.98;AFIB;AFIB
5250000;514.35;512.04;AFIB;AFIB
5252000;512.65;510.34;AFIB;AFIB
5254000;516.16;513.86;AFIB;AFIB
5256000;518.92;516.62;AFIB;AFIB
5258000;514.15;511.85;AFIB;AFIB
5260000;516.58;514.28;AFIB;AFIB
5262000;514.19;511.90;AFIB;AFIB
5264000;514.44;512.16;AFIB;AFIB
5266000;515.14;512.86;AFIB;AFIB
5268000;513.94;511.66;AFIB;AFIB
5270000;516.99;514.72;AFIB;AFIB
5272000;514.08;511.81;AFIB;AFIB
5274000;515.32;513.05;AFIB;AFIB
5276000;517.81;515.55;AFIB;AFIB
5278000;511.52;509.25;AFIB;AFIB
5280000;516.54;514.28;AFIB;AFIB
5282000;515.18;512.92;AFIB;AFIB
5284000;509.95;507.70;AFIB;AFIB
5286000;515.49;513.24;AFIB;AFIB
5288000;506.63;504.38;AFIB;AFIB
5290000;513.59;511.35;AFIB;AFIB
5292000;518.07;515.82;AFIB;AFIB
5294000;513.36;511.13;AFIB;AFIB
5296000;512.44;510.20;AFIB;AFIB
5298000;514.63;512.40;AFIB;AFIB
5300000;513.34;511.11;AFIB;AFIB
5302000;516.51;514.29;AFIB;AFIB
5304000;514.04;511.82;AFIB;AFIB
5306000;515.82;513.61;AFIB;AFIB
5308000;512.55;510.34;AFIB;AFIB
5310000;513.60;511.39;AFIB;AFIB
5312000;513.23;511.03;AFIB;AFIB
5314000;516.07;513.87;AFIB;AFIB
5316000;514.46;512.26;AFIB;AFIB
5318000;516.56;514.37;AFIB;AFIB
5320000;516.01;513.82;AFIB;AFIB
5322000;512.54;510.35;AFIB;AFIB
5324000;512.36;510.17;AFIB;AFIB
5326000;511.60;509.42;AFIB;AFIB
5328000;516.42;514.24;AFIB;AFIB
5330000;513.40;511.23;AFIB;AFIB
5332000;514.13;511.96;AFIB;AFIB
5334000;511.07;508.90;AFIB;AFIB
5336000;512.96;510.80;AFIB;AFIB
5338000;512.93;510.77;AFIB;AFIB
5340000;516.09;513.94;AFIB;AFIB
5342000;513.53;511.38;AFIB;AFIB
5344000;514.86;512.72;AFIB;AFIB
5346000;514.88;512.74;AFIB;AFIB
5348000;515.20;513.06;AFIB;AFIB
5350000;514.64;512.51;AFIB;AFIB
5352000;513.09;510.96;AFIB;AFIB
5354000;517.50;515.38;AFIB;AFIB
5356000;511.89;509.77;AFIB;AFIB
5358000;513.51;511.40;AFIB;AFIB
5360000;512.90;510.79;AFIB;AFIB
5362000;516.31;514.21;AFIB;AFIB
5364000;511.33;509.23;AFIB;AFIB
5366000;514.34;512.24;AFIB;AFIB
5368000;515.31;513.22;AFIB;AFIB
5370000;513.14;511.05;AFIB;AFIB
5372000;511.03;508.94;AFIB;AFIB
5374000;514.53;512.45;AFIB;AFIB
5376000;513.86;511.78;AFIB;AFIB
5378000;515.37;513.30;AFIB;AFIB
5380000;515.05;512.98;AFIB;AFIB
5382000;513.96;511.90;AFIB;AFIB
5384000;515.75;513.69;AFIB;AFIB
5386000;516.36;514.30;AFIB;AFIB
5388000;511.20;509.15;AFIB;AFIB
5390000;523.25;521.20;AFIB;AFIB
5392000;511.99;509.95;AFIB;AFIB
5394000;513.58;511.54;AFIB;AFIB
5396000;517.31;515.28;AFIB;AFIB
5398000;515.86;513.83;AFIB;AFIB
5400000;521.09;519.06;AFIB;AFIB
5402000;513.56;511.54;AFIB;AFIB
5404000;513.30;511.29;AFIB;AFIB
5406000;510.47;508.47;AFIB;AFIB
5408000;513.13;511.12;AFIB;AFIB
5410000;513.33;511.33;AFIB;AFIB
5412000;512.28;510.29;AFIB;AFIB
5414000;512.59;510.60;AFIB;AFIB
5416000;513.83;511.84;AFIB;AFIB
5418000;515.11;513.13;AFIB;AFIB
5420000;511.95;509.98;AFIB;AFIB
5422000;515.30;513.33;AFIB;AFIB
5424000;515.49;513.52;AFIB;AFIB
5426000;512.72;510.76;AFIB;AFIB
5428000;515.29;513.34;AFIB;AFIB
5430000;513.32;511.37;AFIB;AFIB
5432000;508.49;506.54;AFIB;AFIB
5434000;515.63;513.69;AFIB;AFIB
5436000;518.08;516.14;AFIB;AFIB
5438000;514.11;512.18;AFIB;AFIB
5440000;514.21;512.28;AFIB;AFIB
5442000;514.07;512.15;AFIB;AFIB
5444000;514.11;512.19;AFIB;AFIB
5446000;511.85;509.93;AFIB;AFIB
5448000;513.99;512.09;AFIB;AFIB
5450000;511.65;509.75;AFIB;AFIB
5452000;515.04;513.15;AFIB;AFIB
5454000;510.04;508.15;AFIB;AFIB
5456000;513.71;511.82;AFIB;AFIB
5458000;513.20;511.32;AFIB;AFIB
5460000;515.13;513.26;AFIB;AFIB
5462000;513.28;511.41;AFIB;AFIB
5464000;516.26;514.40;AFIB;AFIB
5466000;515.67;513.81;AFIB;AFIB
5468000;510.55;508.70;AFIB;AFIB
5470000;518.69;516.84;AFIB;AFIB
5472000;515.08;513.23;AFIB;AFIB
5474000;511.81;509.97;AFIB;AFIB
5476000;516.59;514.76;AFIB;AFIB
5478000;518.46;516.63;AFIB;AFIB
5480000;509.18;507.36;AFIB;AFIB
5482000;519.48;517.66;AFIB;AFIB
5484000;513.07;511.26;AFIB;AFIB
5486000;515.19;513.39;AFIB;AFIB
5488000;515.77;513.96;AFIB;AFIB
5490000;511.84;510.04;AFIB;AFIB
5492000;513.19;511.40;AFIB;AFIB
5494000;511.71;509.92;AFIB;AFIB
5496000;516.51;514.73;AFIB;AFIB
5498000;519.22;517.45;AFIB;AFIB
5500000;517.13;515.36;AFIB;AFIB
5502000;514.76;512.99;AFIB;AFIB
5504000;509.15;507.39;AFIB;AFIB
5506000;516.06;514.31;AFIB;AFIB
5508000;511.33;509.58;AFIB;AFIB
5510000;513.60;511.86;AFIB;AFIB
5512000;515.99;514.25;AFIB;AFIB
5514000;518.15;516.42;AFIB;AFIB
5516000;510.91;509.18;AFIB;AFIB
5518000;517.15;515.43;AFIB;AFIB
5520000;511.20;509.49;AFIB;AFIB
5522000;515.40;513.69;AFIB;AFIB
5524000;514.29;512.59;AFIB;AFIB
5526000;515.31;513.62;AFIB;AFIB
5528000;510.85;509.16;AFIB;AFIB
5530000;513.29;511.60;AFIB;AFIB
5532000;515.83;514.16;AFIB;AFIB
5534000;513.66;511.99;AFIB;AFIB
5536000;516.49;514.82;AFIB;AFIB
5538000;514.43;512.77;AFIB;AFIB
5540000;509.74;508.09;AFIB;AFIB
5542000;515.34;513.69;AFIB;AFIB
5544000;513.78;512.14;AFIB;AFIB
5546000;511.82;510.19;AFIB;AFIB
5548000;518.19;516.56;AFIB;AFIB
5550000;514.74;513.12;AFIB;AFIB
5552000;511.04;509.42;AFIB;AFIB
5554000;517.52;515.91;AFIB;AFIB
5556000;512.06;510.45;AFIB;AFIB
5558000;516.30;514.70;AFIB;AFIB
5560000;517.20;515.60;AFIB;AFIB
5562000;513.90;512.32;AFIB;AFIB
5564000;515.43;513.85;AFIB;AFIB
5566000;510.18;508.61;AFIB;AFIB
5568000;515.91;514.34;AFIB;AFIB
5570000;513.31;511.75;AFIB;AFIB
5572000;511.28;509.73;AFIB;AFIB
5574000;515.40;513.85;AFIB;AFIB
5576000;513.12;511.57;AFIB;AFIB
5578000;511.66;510.12;AFIB;AFIB
5580000;515.11;513.58;AFIB;AFIB
5582000;509.81;508.29;AFIB;AFIB
5584000;511.96;510.44;AFIB;AFIB
5586000;510.40;508.89;AFIB;AFIB
5588000;515.18;513.68;AFIB;AFIB
5590000;513.66;512.16;AFIB;AFIB
5592000;513.48;511.98;AFIB;AFIB
5594000;516.65;515.16;AFIB;AFIB
5596000;511.49;510.01;AFIB;AFIB
5598000;515.65;514.17;AFIB;AFIB
5600000;518.55;517.08;AFIB;AFIB
5602000;514.07;512.61;AFIB;AFIB
5604000;517.91;516.45;AFIB;AFIB
5606000;511.94;510.49;AFIB;AFIB
5608000;516.78;515.33;AFIB;AFIB
5610000;515.24;513.80;AFIB;AFIB
5612000;515.15;513.72;AFIB;AFIB
5614000;515.55;514.13;AFIB;AFIB
5616000;517.95;516.53;AFIB;AFIB
5618000;511.95;510.54;AFIB;AFIB
5620000;513.86;512.45;AFIB;AFIB
5622000;512.05;510.65;AFIB;AFIB
5624000;510.89;509.50;AFIB;AFIB
5626000;512.40;511.01;AFIB;AFIB
5628000;511.69;510.31;AFIB;AFIB
5630000;513.81;512.44;AFIB;AFIB
5632000;514.17;512.80;AFIB;AFIB
5634000;512.70;511.35;AFIB;AFIB
5636000;509.72;508.37;AFIB;AFIB
5638000;515.29;513.95;AFIB;AFIB
5640000;512.07;510.73;AFIB;AFIB
5642000;513.04;511.70;AFIB;AFIB
5644000;510.82;509.50;AFIB;AFIB
5646000;517.54;516.22;AFIB;AFIB
5648000;511.32;510.01;AFIB;AFIB
5650000;511.90;510.60;AFIB;AFIB
5652000;515.64;514.34;AFIB;AFIB
5654000;511.29;510.00;AFIB;AFIB
5656000;516.72;515.43;AFIB;AFIB
5658000;513.21;511.93;AFIB;AFIB
5660000;515.04;513.76;AFIB;AFIB
5662000;513.81;512.55;AFIB;AFIB
5664000;513.01;511.75;AFIB;AFIB
5666000;513.54;512.29;AFIB;AFIB
5668000;511.67;510.42;AFIB;AFIB
5670000;510.64;509.40;AFIB;AFIB
5672000;516.07;514.84;AFIB;AFIB
5674000;509.75;508.53;AFIB;AFIB
5676000;513.07;511.86;AFIB;AFIB
5678000;513.75;512.54;AFIB;AFIB
5680000;512.71;511.51;AFIB;AFIB
5682000;513.72;512.52;AFIB;AFIB
5684000;514.71;513.52;AFIB;AFIB
5686000;511.25;510.07;AFIB;AFIB
5688000;512.05;510.88;AFIB;AFIB
5690000;509.49;508.32;AFIB;AFIB
5692000;511.14;509.98;AFIB;AFIB
5694000;512.94;511.79;AFIB;AFIB
5696000;510.85;509.70;AFIB;AFIB
5698000;515.13;513.99;AFIB;AFIB
5700000;517.03;515.89;AFIB;AFIB
5702000;514.79;513.66;AFIB;AFIB
5704000;513.10;511.98;AFIB;AFIB
5706000;509.67;508.55;AFIB;AFIB
5708000;515.30;514.19;AFIB;AFIB
5710000;510.57;509.47;AFIB;AFIB
5712000;515.27;514.17;AFIB;AFIB
5714000;511.99;510.91;AFIB;AFIB
5716000;512.27;511.19;AFIB;AFIB
5718000;515.53;514.45;AFIB;AFIB
5720000;512.30;511.23;AFIB;AFIB
5722000;513.52;512.46;AFIB;AFIB
5724000;516.10;515.05;AFIB;AFIB
5726000;511.76;510.72;AFIB;AFIB
5728000;514.48;513.44;AFIB;AFIB
5730000;516.71;515.68;AFIB;AFIB
5732000;517.67;516.65;AFIB;AFIB
5734000;519.22;518.20;AFIB;AFIB
5736000;517.72;516.71;AFIB;AFIB
5738000;515.56;514.56;AFIB;AFIB
5740000;510.96;509.96;AFIB;AFIB
5742000;513.89;512.90;AFIB;AFIB
5744000;514.40;513.43;AFIB;AFIB
5746000;514.68;513.71;AFIB;AFIB
5748000;511.47;510.50;AFIB;AFIB
5750000;516.25;515.29;AFIB;AFIB
5752000;512.91;511.96;AFIB;AFIB
5754000;512.49;511.55;AFIB;AFIB
5756000;514.77;513.84;AFIB;AFIB
5758000;513.07;512.14;AFIB;AFIB
5760000;513.58;512.66;AFIB;AFIB
5762000;516.76;515.85;AFIB;AFIB
5764000;508.72;507.81;AFIB;AFIB
5766000;518.30;517.40;AFIB;AFIB
5768000;513.22;512.33;AFIB;AFIB
5770000;509.38;508.49;AFIB;AFIB
5772000;510.12;509.24;AFIB;AFIB
5774000;511.21;510.34;AFIB;AFIB
5776000;508.53;507.67;AFIB;AFIB
5778000;511.95;511.10;AFIB;AFIB
5780000;514.26;513.41;AFIB;AFIB
5782000;515.56;514.72;AFIB;AFIB
5784000;512.03;511.20;AFIB;AFIB
5786000;514.11;513.29;AFIB;AFIB
5788000;510.43;509.61;AFIB;AFIB
5790000;510.15;509.34;AFIB;AFIB
5792000;512.82;512.02;AFIB;AFIB
5794000;512.41;511.61;AFIB;AFIB
5796000;518.14;517.35;AFIB;AFIB
5798000;513.69;512.91;AFIB;AFIB
5800000;513.88;513.11;AFIB;AFIB
5802000;514.27;513.51;AFIB;AFIB
5804000;512.15;511.39;AFIB;AFIB
5806000;509.77;509.02;AFIB;AFIB
5808000;512.32;511.58;AFIB;AFIB
5810000;514.72;513.98;AFIB;AFIB
5812000;512.97;512.24;AFIB;AFIB
5814000;509.47;508.75;AFIB;AFIB
5816000;513.00;512.29;AFIB;AFIB
5818000;510.19;509.48;AFIB;AFIB
5820000;513.99;513.30;AFIB;AFIB
5822000;514.71;514.02;AFIB;AFIB
5824000;512.72;512.04;AFIB;AFIB
5826000;514.03;513.35;AFIB;AFIB
5828000;514.92;514.25;AFIB;AFIB
5830000;511.85;511.19;AFIB;AFIB
5832000;512.57;511.92;AFIB;AFIB
5834000;515.55;514.90;AFIB;AFIB
5836000;517.02;516.38;AFIB;AFIB
5838000;514.41;513.78;AFIB;AFIB
5840000;512.35;511.73;AFIB;AFIB
5842000;507.53;506.91;AFIB;AFIB
5844000;512.70;512.09;AFIB;AFIB
5846000;516.02;515.42;AFIB;AFIB
5848000;507.03;506.44;AFIB;AFIB
5850000;512.67;512.09;AFIB;AFIB
5852000;514.13;513.55;AFIB;AFIB
5854000;509.66;509.09;AFIB;AFIB
5856000;513.59;513.03;AFIB;AFIB
5858000;514.09;513.54;AFIB;AFIB
5860000;510.48;509.93;AFIB;AFIB
5862000;517.08;516.54;AFIB;AFIB
5864000;508.95;508.42;AFIB;AFIB
5866000;514.80;514.28;AFIB;AFIB
5868000;512.70;512.18;AFIB;AFIB
5870000;510.01;509.50;AFIB;AFIB
5872000;512.20;511.70;AFIB;AFIB
5874000;511.84;511.35;AFIB;AFIB
5876000;512.92;512.44;AFIB;AFIB
5878000;514.98;514.51;AFIB;AFIB
5880000;513.39;512.92;AFIB;AFIB
5882000;513.16;512.70;AFIB;AFIB
5884000;512.98;512.53;AFIB;AFIB
5886000;512.67;512.22;AFIB;AFIB
5888000;509.88;509.44;AFIB;AFIB
5890000;508.86;508.44;AFIB;AFIB
5892000;514.15;513.72;AFIB;AFIB
5894000;513.60;513.19;AFIB;AFIB
5896000;508.47;508.07;AFIB;AFIB
5898000;514.73;514.33;AFIB;AFIB
5900000;512.65;512.26;AFIB;AFIB
5902000;514.63;514.24;AFIB;AFIB
5904000;515.41;515.03;AFIB;AFIB
5906000;507.89;507.52;AFIB;AFIB
5908000;506.61;506.25;AFIB;AFIB
5910000;512.02;511.66;AFIB;AFIB
5912000;512.60;512.26;AFIB;AFIB
5914000;511.60;511.26;AFIB;AFIB
5916000;513.66;513.34;AFIB;AFIB
5918000;512.70;512.38;AFIB;AFIB
5920000;509.15;508.84;AFIB;AFIB
5922000;515.10;514.79;AFIB;AFIB
5924000;514.17;513.87;AFIB;AFIB
5926000;507.74;507.45;AFIB;AFIB
5928000;514.86;514.58;AFIB;AFIB
5930000;507.74;507.47;AFIB;AFIB
5932000;510.74;510.47;AFIB;AFIB
5934000;509.46;509.20;AFIB;AFIB
5936000;511.36;511.11;AFIB;AFIB
5938000;512.78;512.54;AFIB;AFIB
5940000;510.99;510.76;AFIB;AFIB
5942000;512.65;512.43;AFIB;AFIB
5944000;513.24;513.02;AFIB;AFIB
5946000;516.38;516.17;AFIB;AFIB
5948000;512.60;512.40;AFIB;AFIB
5950000;512.64;512.45;AFIB;AFIB
5952000;514.66;514.48;AFIB;AFIB
5954000;510.80;510.62;AFIB;AFIB
5956000;513.61;513.44;AFIB;AFIB
5958000;513.79;513.63;AFIB;AFIB
5960000;512.73;512.57;AFIB;AFIB
5962000;510.70;510.55;AFIB;AFIB
5964000;511.90;511.76;AFIB;AFIB
5966000;510.52;510.39;AFIB;AFIB
5968000;510.01;509.89;AFIB;AFIB
5970000;515.18;515.06;AFIB;AFIB
5972000;513.79;513.68;AFIB;AFIB
5974000;510.01;509.91;AFIB;AFIB
5976000;511.65;511.55;AFIB;AFIB
5978000;512.60;512.51;AFIB;AFIB
5980000;511.11;511.03;AFIB;AFIB
5982000;513.80;513.73;AFIB;AFIB
5984000;515.04;514.98;AFIB;AFIB
5986000;511.51;511.46;AFIB;AFIB
5988000;509.37;509.32;AFIB;AFIB
5990000;510.34;510.30;AFIB;AFIB
5992000;514.43;514.40;AFIB;AFIB
5994000;509.34;509.32;AFIB;AFIB
5996000;510.88;510.86;AFIB;AFIB
5998000;512.41;512.40;AFIB;AFIB
6000000;515.50;515.50;AFIB;AFIB
6002000;508.90;508.91;AFIB;AFIB
6004000;509.32;509.34;AFIB;AFIB
6006000;511.47;511.49;AFIB;AFIB
6008000;511.59;511.62;AFIB;AFIB
6010000;512.70;512.73;AFIB;AFIB
6012000;510.95;511.00;AFIB;AFIB
6014000;517.83;517.88;AFIB;AFIB
6016000;511.71;511.78;AFIB;AFIB
6018000;515.62;515.69;AFIB;AFIB
6020000;511.07;511.15;AFIB;AFIB
6022000;514.43;514.51;AFIB;AFIB
6024000;511.50;511.60;AFIB;AFIB
6026000;516.08;516.18;AFIB;AFIB
6028000;509.88;509.99;AFIB;AFIB
6030000;513.24;513.35;AFIB;AFIB
6032000;508.19;508.32;AFIB;AFIB
6034000;510.78;510.91;AFIB;AFIB
6036000;511.12;511.27;AFIB;AFIB
6038000;514.88;515.03;AFIB;AFIB
6040000;511.00;511.16;AFIB;AFIB
6042000;517.13;517.30;AFIB;AFIB
6044000;514.89;515.06;AFIB;AFIB
6046000;512.01;512.19;AFIB;AFIB
6048000;510.59;510.78;AFIB;AFIB
6050000;512.61;512.81;AFIB;AFIB
6052000;515.86;516.07;AFIB;AFIB
6054000;512.24;512.45;AFIB;AFIB
6056000;508.11;508.33;AFIB;AFIB
6058000;509.98;510.21;AFIB;AFIB
6060000;511.03;511.27;AFIB;AFIB
6062000;507.80;508.04;AFIB;AFIB
6064000;512.04;512.29;AFIB;AFIB
6066000;513.61;513.87;AFIB;AFIB
6068000;508.88;509.15;AFIB;AFIB
6070000;509.49;509.77;AFIB;AFIB
6072000;516.61;516.89;AFIB;AFIB
6074000;508.34;508.63;AFIB;AFIB
6076000;511.92;512.21;AFIB;AFIB
6078000;514.71;515.01;AFIB;AFIB
6080000;512.38;512.70;AFIB;AFIB
6082000;513.33;513.65;AFIB;AFIB
6084000;514.35;514.68;AFIB;AFIB
6086000;511.63;511.97;AFIB;AFIB
6088000;508.73;509.07;AFIB;AFIB
6090000;509.50;509.85;AFIB;AFIB
6092000;513.21;513.57;AFIB;AFIB
6094000;514.53;514.89;AFIB;AFIB
6096000;515.04;515.41;AFIB;AFIB
6098000;515.37;515.76;AFIB;AFIB
6100000;513.22;513.61;AFIB;AFIB
6102000;511.28;511.68;AFIB;AFIB
6104000;515.82;516.22;AFIB;AFIB
6106000;514.28;514.70;AFIB;AFIB
6108000;512.01;512.43;AFIB;AFIB
6110000;510.73;511.16;AFIB;AFIB
6112000;514.38;514.82;AFIB;AFIB
6114000;513.08;513.52;AFIB;AFIB
6116000;513.03;513.48;AFIB;AFIB
6118000;511.43;511.89;AFIB;AFIB
6120000;511.15;511.61;AFIB;AFIB
6122000;510.49;510.97;AFIB;AFIB
6124000;512.13;512.62;AFIB;AFIB
6126000;509.74;510.24;AFIB;AFIB
6128000;508.02;508.52;AFIB;AFIB
6130000;508.78;509.28;AFIB;AFIB
6132000;512.00;512.51;AFIB;AFIB
6134000;509.49;510.02;AFIB;AFIB
6136000;511.89;512.42;AFIB;AFIB
6138000;508.11;508.64;AFIB;AFIB
6140000;509.93;510.48;AFIB;AFIB
6142000;513.30;513.85;AFIB;AFIB
6144000;516.68;517.24;AFIB;AFIB
6146000;509.26;509.83;AFIB;AFIB
6148000;515.49;516.07;AFIB;AFIB
6150000;517.93;518.52;AFIB;AFIB
6152000;515.60;516.19;AFIB;AFIB
6154000;511.84;512.44;AFIB;AFIB
6156000;512.80;513.41;AFIB;AFIB
6158000;509.23;509.84;AFIB;AFIB
6160000;513.15;513.77;AFIB;AFIB
6162000;508.27;508.90;AFIB;AFIB
6164000;510.37;511.00;AFIB;AFIB
6166000;511.25;511.89;AFIB;AFIB
6168000;509.90;510.55;AFIB;AFIB
6170000;511.71;512.37;AFIB;AFIB
6172000;516.01;516.67;AFIB;AFIB
6174000;511.95;512.62;AFIB;AFIB
6176000;511.49;512.18;AFIB;AFIB
6178000;510.33;511.02;AFIB;AFIB
6180000;509.60;510.30;AFIB;AFIB
6182000;511.49;512.19;AFIB;AFIB
6184000;513.41;514.12;AFIB;AFIB
6186000;510.81;511.53;AFIB;AFIB
6188000;512.76;513.49;AFIB;AFIB
6190000;512.81;513.54;AFIB;AFIB
6192000;511.22;511.96;AFIB;AFIB
6194000;508.01;508.76;AFIB;AFIB
6196000;512.08;512.84;AFIB;AFIB
6198000;509.94;510.71;AFIB;AFIB
6200000;509.07;509.85;AFIB;AFIB
6202000;510.11;510.89;AFIB;AFIB
6204000;513.88;514.67;AFIB;AFIB
6206000;511.55;512.34;AFIB;AFIB
6208000;506.68;507.48;AFIB;AFIB
6210000;512.51;513.32;AFIB;AFIB
6212000;510.20;511.02;AFIB;AFIB
6214000;513.63;514.46;AFIB;AFIB
6216000;514.40;515.23;AFIB;AFIB
6218000;507.13;507.97;AFIB;AFIB
6220000;511.03;511.88;AFIB;AFIB
6222000;511.39;512.25;AFIB;AFIB
6224000;512.09;512.95;AFIB;AFIB
6226000;509.20;510.07;AFIB;AFIB
6228000;511.15;512.02;AFIB;AFIB
6230000;508.33;509.21;AFIB;AFIB
6232000;507.05;507.95;AFIB;AFIB
6234000;515.55;516.44;AFIB;AFIB
6236000;509.75;510.66;AFIB;AFIB
6238000;512.52;513.43;AFIB;AFIB
6240000;510.75;511.67;AFIB;AFIB
6242000;509.93;510.85;AFIB;AFIB
6244000;515.22;516.16;AFIB;AFIB
6246000;510.99;511.93;AFIB;AFIB
6248000;514.02;514.97;AFIB;AFIB
6250000;510.57;511.53;AFIB;AFIB
6252000;511.36;512.32;AFIB;AFIB
6254000;510.26;511.23;AFIB;AFIB
6256000;513.25;514.23;AFIB;AFIB
6258000;509.11;510.10;AFIB;AFIB
6260000;511.36;512.35;AFIB;AFIB
6262000;514.44;515.44;AFIB;AFIB
6264000;514.10;515.11;AFIB;AFIB
6266000;510.28;511.29;AFIB;AFIB
6268000;508.81;509.83;AFIB;AFIB
6270000;510.37;511.40;AFIB;AFIB
6272000;512.04;513.07;AFIB;AFIB
6274000;511.09;512.13;AFIB;AFIB
6276000;510.74;511.79;AFIB;AFIB
6278000;513.99;515.04;AFIB;AFIB
6280000;512.71;513.77;AFIB;AFIB
6282000;509.90;510.97;AFIB;AFIB
6284000;514.59;515.66;AFIB;AFIB
6286000;510.60;511.68;AFIB;AFIB
6288000;513.39;514.48;AFIB;AFIB
6290000;512.82;513.92;AFIB;AFIB
6292000;508.74;509.84;AFIB;AFIB
6294000;513.39;514.50;AFIB;AFIB
6296000;509.00;510.12;AFIB;AFIB
6298000;510.11;511.24;AFIB;AFIB
6300000;516.59;517.72;AFIB;AFIB
6302000;510.10;511.24;AFIB;AFIB
6304000;513.43;514.58;AFIB;AFIB
6306000;510.58;511.74;AFIB;AFIB
6308000;511.91;513.07;AFIB;AFIB
6310000;509.68;510.85;AFIB;AFIB
6312000;516.11;517.29;AFIB;AFIB
6314000;512.80;513.98;AFIB;AFIB
6316000;508.54;509.73;AFIB;AFIB
6318000;510.33;511.53;AFIB;AFIB
6320000;515.01;516.21;AFIB;AFIB
6322000;510.35;511.57;AFIB;AFIB
6324000;511.02;512.24;AFIB;AFIB
6326000;510.10;511.32;AFIB;AFIB
6328000;511.22;512.45;AFIB;AFIB
6330000;513.18;514.42;AFIB;AFIB
6332000;511.61;512.86;AFIB;AFIB
6334000;509.63;510.88;AFIB;AFIB
6336000;512.89;514.15;AFIB;AFIB
6338000;511.15;512.41;AFIB;AFIB
6340000;508.92;510.19;AFIB;AFIB
6342000;511.56;512.84;AFIB;AFIB
6344000;506.36;507.65;AFIB;AFIB
6346000;514.08;515.37;AFIB;AFIB
6348000;510.37;511.67;AFIB;AFIB
6350000;511.91;513.22;AFIB;AFIB
6352000;513.84;515.15;AFIB;AFIB
6354000;508.50;509.82;AFIB;AFIB
6356000;508.37;509.69;AFIB;AFIB
6358000;511.36;512.69;AFIB;AFIB
6360000;510.84;512.18;AFIB;AFIB
6362000;504.63;505.97;AFIB;AFIB
6364000;511.77;513.12;AFIB;AFIB
6366000;511.32;512.68;AFIB;AFIB
6368000;507.60;508.97;AFIB;AFIB
6370000;508.74;510.11;AFIB;AFIB
6372000;510.71;512.09;AFIB;AFIB
6374000;511.49;512.87;AFIB;AFIB
6376000;509.62;511.01;AFIB;AFIB
6378000;512.82;514.22;AFIB;AFIB
6380000;511.57;512.98;AFIB;AFIB
6382000;509.13;510.55;AFIB;AFIB
6384000;507.13;508.55;AFIB;AFIB
6386000;508.14;509.57;AFIB;AFIB
6388000;513.73;515.16;AFIB;AFIB
6390000;512.18;513.62;AFIB;AFIB
6392000;506.77;508.21;AFIB;AFIB
6394000;510.80;512.25;AFIB;AFIB
6396000;512.28;513.74;AFIB;AFIB
6398000;509.47;510.94;AFIB;AFIB
6400000;508.01;509.48;AFIB;AFIB
6402000;512.40;513.88;AFIB;AFIB
6404000;507.72;509.20;AFIB;AFIB
6406000;512.12;513.61;AFIB;AFIB
6408000;510.30;511.80;AFIB;AFIB
6410000;512.81;514.31;AFIB;AFIB
6412000;512.49;513.99;AFIB;AFIB
6414000;512.03;513.54;AFIB;AFIB
6416000;509.77;511.29;AFIB;AFIB
6418000;509.85;511.38;AFIB;AFIB
6420000;512.39;513.92;AFIB;AFIB
6422000;506.77;508.30;AFIB;AFIB
6424000;511.42;512.96;AFIB;AFIB
6426000;510.05;511.60;AFIB;AFIB
6428000;509.54;511.10;AFIB;AFIB
6430000;512.83;514.39;AFIB;AFIB
6432000;508.21;509.78;AFIB;AFIB
6434000;510.13;511.70;AFIB;AFIB
6436000;509.02;510.60;AFIB;AFIB
6438000;511.61;513.20;AFIB;AFIB
6440000;515.23;516.83;AFIB;AFIB
6442000;509.87;511.47;AFIB;AFIB
6444000;510.23;511.83;AFIB;AFIB
6446000;504.45;506.06;AFIB;AFIB
6448000;511.61;513.23;AFIB;AFIB
6450000;510.80;512.43;AFIB;AFIB
6452000;510.10;511.72;AFIB;AFIB
6454000;510.52;512.16;AFIB;AFIB
6456000;509.59;511.23;AFIB;AFIB
6458000;511.43;513.08;AFIB;AFIB
6460000;517.29;518.94;AFIB;AFIB
6462000;507.23;508.88;AFIB;AFIB
6464000;511.81;513.47;AFIB;AFIB
6466000;512.56;514.23;AFIB;AFIB
6468000;510.95;512.63;AFIB;AFIB
6470000;508.09;509.78;AFIB;AFIB
6472000;505.90;507.58;AFIB;AFIB
6474000;510.76;512.45;AFIB;AFIB
6476000;506.65;508.35;AFIB;AFIB
6478000;510.06;511.77;AFIB;AFIB
6480000;510.89;512.60;AFIB;AFIB
6482000;511.79;513.51;AFIB;AFIB
6484000;512.97;514.69;AFIB;AFIB
6486000;508.47;510.20;AFIB;AFIB
6488000;508.82;510.55;AFIB;AFIB
6490000;511.17;512.91;AFIB;AFIB
6492000;508.40;510.14;AFIB;AFIB
6494000;510.44;512.20;AFIB;AFIB
6496000;508.46;510.21;AFIB;AFIB
6498000;511.92;513.68;AFIB;AFIB
6500000;510.74;512.51;AFIB;AFIB
6502000;508.42;510.19;AFIB;AFIB
6504000;514.37;516.15;AFIB;AFIB
6506000;509.48;511.27;AFIB;AFIB
6508000;512.11;513.90;AFIB;AFIB
6510000;507.70;509.50;AFIB;AFIB
6512000;508.80;510.61;AFIB;AFIB
6514000;509.23;511.03;AFIB;AFIB
6516000;507.29;509.10;AFIB;AFIB
6518000;514.06;515.87;AFIB;AFIB
6520000;513.14;514.96;AFIB;AFIB
6522000;511.78;513.61;AFIB;AFIB
6524000;514.33;516.16;AFIB;AFIB
6526000;510.77;512.61;AFIB;AFIB
6528000;509.78;511.63;AFIB;AFIB
6530000;507.12;508.97;AFIB;AFIB
6532000;505.58;507.43;AFIB;AFIB
6534000;508.55;510.41;AFIB;AFIB
6536000;508.41;510.28;AFIB;AFIB
6538000;507.93;509.80;AFIB;AFIB
6540000;512.08;513.95;AFIB;AFIB
6542000;505.96;507.84;AFIB;AFIB
6544000;509.29;511.17;AFIB;AFIB
6546000;512.86;514.75;AFIB;AFIB
6548000;509.77;511.66;AFIB;AFIB
6550000;506.06;507.96;AFIB;AFIB
6552000;512.39;514.30;AFIB;AFIB
6554000;515.92;517.84;AFIB;AFIB
6556000;506.93;508.84;AFIB;AFIB
6558000;508.21;510.13;AFIB;AFIB
6560000;510.29;512.22;AFIB;AFIB
6562000;511.04;512.97;AFIB;AFIB
6564000;510.51;512.45;AFIB;AFIB
6566000;508.70;510.64;AFIB;AFIB
6568000;510.39;512.33;AFIB;AFIB
6570000;509.12;511.07;AFIB;AFIB
6572000;512.48;514.44;AFIB;AFIB
6574000;509.68;511.64;AFIB;AFIB
6576000;509.60;511.57;AFIB;AFIB
6578000;509.53;511.50;AFIB;AFIB
6580000;511.90;513.88;AFIB;AFIB
6582000;512.37;514.35;AFIB;AFIB
6584000;507.50;509.49;AFIB;AFIB
6586000;509.40;511.39;AFIB;AFIB
6588000;509.89;511.88;AFIB;AFIB
6590000;510.51;512.51;AFIB;AFIB
6592000;510.78;512.78;AFIB;AFIB
6594000;504.58;506.59;AFIB;AFIB
6596000;505.78;507.80;AFIB;AFIB
6598000;513.38;515.40;AFIB;AFIB
6600000;511.47;513.49;AFIB;AFIB
6602000;510.12;512.14;AFIB;AFIB
6604000;508.62;510.65;AFIB;AFIB
6606000;512.10;514.14;AFIB;AFIB
6608000;510.72;512.77;AFIB;AFIB
6610000;512.95;514.99;AFIB;AFIB
6612000;513.41;515.46;AFIB;AFIB
6614000;513.38;515.43;AFIB;AFIB
6616000;511.20;513.26;AFIB;AFIB
6618000;509.21;511.27;AFIB;AFIB
6620000;509.07;511.14;AFIB;AFIB
6622000;509.43;511.51;AFIB;AFIB
6624000;511.08;513.16;AFIB;AFIB
6626000;508.86;510.94;AFIB;AFIB
6628000;509.79;511.87;AFIB;AFIB
6630000;510.26;512.35;AFIB;AFIB
6632000;513.49;515.59;AFIB;AFIB
6634000;509.61;511.71;AFIB;AFIB
6636000;506.31;508.41;AFIB;AFIB
6638000;510.14;512.25;AFIB;AFIB
6640000;511.74;513.85;AFIB;AFIB
6642000;507.21;509.32;AFIB;AFIB
6644000;510.18;512.29;AFIB;AFIB
6646000;511.52;513.65;AFIB;AFIB
6648000;509.45;511.58;AFIB;AFIB
6650000;513.58;515.71;AFIB;AFIB
6652000;507.39;509.53;AFIB;AFIB
6654000;512.01;514.15;AFIB;AFIB
6656000;512.93;515.07;AFIB;AFIB
6658000;512.95;515.10;AFIB;AFIB
6660000;510.56;512.71;AFIB;AFIB
6662000;509.12;511.28;AFIB;AFIB
6664000;508.54;510.70;AFIB;AFIB
6666000;506.09;508.26;AFIB;AFIB
6668000;511.21;513.37;AFIB;AFIB
6670000;511.06;513.23;AFIB;AFIB
6672000;509.44;511.61;AFIB;AFIB
6674000;507.40;509.58;AFIB;AFIB
6676000;510.74;512.93;AFIB;AFIB
6678000;507.20;509.39;AFIB;AFIB
6680000;508.93;511.12;AFIB;AFIB
6682000;510.24;512.43;AFIB;AFIB
6684000;507.11;509.31;AFIB;AFIB
6686000;504.85;507.05;AFIB;AFIB
6688000;511.05;513.26;AFIB;AFIB
6690000;508.18;510.39;AFIB;AFIB
6692000;506.42;508.63;AFIB;AFIB
6694000;508.31;510.53;AFIB;AFIB
6696000;509.02;511.24;AFIB;AFIB
6698000;512.50;514.73;AFIB;AFIB
6700000;505.08;507.31;AFIB;AFIB
6702000;509.35;511.58;AFIB;AFIB
6704000;509.73;511.96;AFIB;AFIB
6706000;509.91;512.15;AFIB;AFIB
6708000;510.68;512.92;AFIB;AFIB
6710000;509.64;511.88;AFIB;AFIB
6712000;512.87;515.12;AFIB;AFIB
6714000;504.43;506.68;AFIB;AFIB
6716000;509.55;511.81;AFIB;AFIB
6718000;513.07;515.32;AFIB;AFIB
6720000;514.80;517.07;AFIB;AFIB
6722000;512.33;514.60;AFIB;AFIB
6724000;506.26;508.53;AFIB;AFIB
6726000;511.21;513.48;AFIB;AFIB
6728000;514.96;517.23;AFIB;AFIB
6730000;507.18;509.46;AFIB;AFIB
6732000;507.37;509.65;AFIB;AFIB
6734000;510.26;512.54;AFIB;AFIB
6736000;510.12;512.41;AFIB;AFIB
6738000;510.70;512.99;AFIB;AFIB
6740000;511.77;514.07;AFIB;AFIB
6742000;508.36;510.66;AFIB;AFIB
6744000;508.48;510.78;AFIB;AFIB
6746000;512.46;514.76;AFIB;AFIB
6748000;507.37;509.68;AFIB;AFIB
6750000;511.94;514.25;AFIB;AFIB
6752000;509.93;512.25;AFIB;AFIB
6754000;510.09;512.41;AFIB;AFIB
6756000;510.00;512.32;AFIB;AFIB
6758000;510.32;512.64;AFIB;AFIB
6760000;511.85;514.18;AFIB;AFIB
6762000;510.85;513.18;AFIB;AFIB
6764000;510.64;512.97;AFIB;AFIB
6766000;507.96;510.29;AFIB;AFIB
6768000;510.44;512.78;AFIB;AFIB
6770000;509.33;511.67;AFIB;AFIB
6772000;512.26;514.60;AFIB;AFIB
6774000;508.07;510.42;AFIB;AFIB
6776000;508.46;510.81;AFIB;AFIB
6778000;510.09;512.44;AFIB;AFIB
6780000;511.77;514.13;AFIB;AFIB
6782000;509.64;511.99;AFIB;AFIB
6784000;506.86;509.22;AFIB;AFIB
6786000;510.91;513.27;AFIB;AFIB
6788000;511.13;513.49;AFIB;AFIB
6790000;508.89;511.25;AFIB;AFIB
6792000;507.99;510.36;AFIB;AFIB
6794000;506.47;508.84;AFIB;AFIB
6796000;505.95;508.32;AFIB;AFIB
6798000;508.37;510.74;AFIB;AFIB
6800000;506.82;509.20;AFIB;AFIB
6802000;508.66;511.04;AFIB;AFIB
6804000;509.45;511.83;AFIB;AFIB
6806000;509.41;511.79;AFIB;AFIB
6808000;507.17;509.56;AFIB;AFIB
6810000;509.10;511.49;AFIB;AFIB
6812000;506.94;509.33;AFIB;AFIB
6814000;509.23;511.62;AFIB;AFIB
6816000;507.52;509.91;AFIB;AFIB
6818000;512.10;514.50;AFIB;AFIB
6820000;509.54;511.95;AFIB;AFIB
6822000;512.18;514.58;AFIB;AFIB
6824000;510.09;512.50;AFIB;AFIB
6826000;504.26;506.67;AFIB;AFIB
6828000;507.41;509.82;AFIB;AFIB
6830000;512.60;515.01;AFIB;AFIB
6832000;510.64;513.05;AFIB;AFIB
6834000;515.29;517.71;AFIB;AFIB
6836000;508.13;510.55;AFIB;AFIB
6838000;512.17;514.59;AFIB;AFIB
6840000;508.35;510.77;AFIB;AFIB
6842000;507.69;510.12;AFIB;AFIB
6844000;507.67;510.09;AFIB;AFIB
6846000;510.95;513.37;AFIB;AFIB
6848000;510.69;513.12;AFIB;AFIB
6850000;509.14;511.57;AFIB;AFIB
6852000;508.23;510.66;AFIB;AFIB
6854000;511.38;513.82;AFIB;AFIB
6856000;506.11;508.55;AFIB;AFIB
6858000;512.42;514.85;AFIB;AFIB
6860000;512.62;515.06;AFIB;AFIB
6862000;508.37;510.81;AFIB;AFIB
6864000;508.67;511.12;AFIB;AFIB
6866000;508.44;510.89;AFIB;AFIB
6868000;509.70;512.15;AFIB;AFIB
6870000;512.69;515.14;AFIB;AFIB
6872000;508.56;511.01;AFIB;AFIB
6874000;508.65;511.10;AFIB;AFIB
6876000;510.32;512.77;AFIB;AFIB
6878000;506.64;509.10;AFIB;AFIB
6880000;512.24;514.70;AFIB;AFIB
6882000;510.47;512.92;AFIB;AFIB
6884000;509.82;512.27;AFIB;AFIB
6886000;509.20;511.66;AFIB;AFIB
6888000;510.32;512.78;AFIB;AFIB
6890000;504.58;507.04;AFIB;AFIB
6892000;507.64;510.11;AFIB;AFIB
6894000;509.67;512.14;AFIB;AFIB
6896000;511.02;513.49;AFIB;AFIB
6898000;505.81;508.28;AFIB;AFIB
6900000;512.21;514.68;AFIB;AFIB
6902000;506.50;508.97;AFIB;AFIB
6904000;510.52;512.99;AFIB;AFIB
6906000;508.15;510.62;AFIB;AFIB
6908000;506.78;509.25;AFIB;AFIB
6910000;505.68;508.15;AFIB;AFIB
6912000;512.91;515.39;AFIB;AFIB
6914000;515.87;518.34;AFIB;AFIB
6916000;511.33;513.81;AFIB;AFIB
6918000;504.07;506.55;AFIB;AFIB
6920000;513.04;515.52;AFIB;AFIB
6922000;504.57;507.05;AFIB;AFIB
6924000;512.20;514.68;AFIB;AFIB
6926000;507.89;510.37;AFIB;AFIB
6928000;508.51;510.99;AFIB;AFIB
6930000;514.79;517.28;AFIB;AFIB
6932000;509.81;512.30;AFIB;AFIB
6934000;513.78;516.26;AFIB;AFIB
6936000;510.30;512.79;AFIB;AFIB
6938000;512.61;515.09;AFIB;AFIB
6940000;507.83;510.32;AFIB;AFIB
6942000;509.82;512.30;AFIB;AFIB
6944000;508.48;510.97;AFIB;AFIB
6946000;509.36;511.85;AFIB;AFIB
6948000;508.40;510.89;AFIB;AFIB
6950000;506.76;509.25;AFIB;AFIB
6952000;512.85;515.34;AFIB;AFIB
6954000;507.91;510.41;AFIB;AFIB
6956000;509.76;512.25;AFIB;AFIB
6958000;512.30;514.80;AFIB;AFIB
6960000;506.38;508.88;AFIB;AFIB
6962000;510.45;512.95;AFIB;AFIB
6964000;512.18;514.67;AFIB;AFIB
6966000;506.85;509.35;AFIB;AFIB
6968000;509.20;511.70;AFIB;AFIB
6970000;509.08;511.58;AFIB;AFIB
6972000;511.36;513.85;AFIB;AFIB
6974000;508.70;511.20;AFIB;AFIB
6976000;511.06;513.56;AFIB;AFIB
6978000;509.61;512.11;AFIB;AFIB
6980000;508.48;510.98;AFIB;AFIB
6982000;510.52;513.01;AFIB;AFIB
6984000;510.52;513.02;AFIB;AFIB
6986000;511.97;514.47;AFIB;AFIB
6988000;511.37;513.87;AFIB;AFIB
6990000;511.02;513.52;AFIB;AFIB
6992000;512.02;514.52;AFIB;AFIB
6994000;507.55;510.05;AFIB;AFIB
6996000;510.13;512.63;AFIB;AFIB
6998000;511.01;513.51;AFIB;AFIB
7000000;509.51;512.01;AFIB;AFIB
7002000;508.47;510.97;AFIB;AFIB
7004000;509.71;512.21;AFIB;AFIB
7006000;509.25;511.75;AFIB;AFIB
7008000;503.51;506.01;AFIB;AFIB
7010000;507.34;509.84;AFIB;AFIB
7012000;507.47;509.97;AFIB;AFIB
7014000;508.00;510.50;AFIB;AFIB
7016000;513.01;515.50;AFIB;AFIB
7018000;512.74;515.24;AFIB;AFIB
7020000;505.00;507.50;AFIB;AFIB
7022000;509.27;511.77;AFIB;AFIB
7024000;511.69;514.19;AFIB;AFIB
7026000;509.36;511.86;AFIB;AFIB
7028000;509.46;511.95;AFIB;AFIB
7030000;517.71;520.20;AFIB;AFIB
7032000;508.26;510.75;AFIB;AFIB
7034000;512.52;515.01;AFIB;AFIB
7036000;507.47;509.96;AFIB;AFIB
7038000;508.50;510.99;AFIB;AFIB
7040000;509.21;511.71;AFIB;AFIB
7042000;511.12;513.61;AFIB;AFIB
7044000;507.13;509.63;AFIB;AFIB
7046000;514.24;516.74;AFIB;AFIB
7048000;512.53;515.02;AFIB;AFIB
7050000;509.08;511.57;AFIB;AFIB
7052000;513.34;515.83;AFIB;AFIB
7054000;508.54;511.03;AFIB;AFIB
7056000;507.48;509.97;AFIB;AFIB
7058000;507.65;510.14;AFIB;AFIB
7060000;510.47;512.96;AFIB;AFIB
7062000;507.69;510.17;AFIB;AFIB
7064000;514.04;516.53;AFIB;AFIB
7066000;511.95;514.44;AFIB;AFIB
7068000;507.06;509.54;AFIB;AFIB
7070000;510.09;512.58;AFIB;AFIB
7072000;504.73;507.22;AFIB;AFIB
7074000;509.53;512.02;AFIB;AFIB
7076000;509.91;512.39;AFIB;AFIB
7078000;509.46;511.94;AFIB;AFIB
7080000;511.43;513.91;AFIB;AFIB
7082000;509.90;512.38;AFIB;AFIB
7084000;507.85;510.33;AFIB;AFIB
7086000;507.57;510.04;AFIB;AFIB
7088000;506.42;508.89;AFIB;AFIB
7090000;510.92;513.40;AFIB;AFIB
7092000;508.94;511.41;AFIB;AFIB
7094000;510.00;512.47;AFIB;AFIB
7096000;508.01;510.48;AFIB;AFIB
7098000;511.57;514.04;AFIB;AFIB
7100000;508.98;511.45;AFIB;AFIB
7102000;511.85;514.32;AFIB;AFIB
7104000;509.32;511.79;AFIB;AFIB
7106000;508.47;510.94;AFIB;AFIB
7108000;510.41;512.88;AFIB;AFIB
7110000;510.01;512.47;AFIB;AFIB
7112000;510.67;513.13;AFIB;AFIB
7114000;511.17;513.63;AFIB;AFIB
7116000;508.18;510.64;AFIB;AFIB
7118000;508.88;511.33;AFIB;AFIB
7120000;506.36;508.81;AFIB;AFIB
7122000;511.29;513.74;AFIB;AFIB
7124000;508.43;510.88;AFIB;AFIB
7126000;505.53;507.98;AFIB;AFIB
7128000;507.52;509.97;AFIB;AFIB
7130000;508.48;510.93;AFIB;AFIB
7132000;512.51;514.95;AFIB;AFIB
7134000;511.30;513.74;AFIB;AFIB
7136000;508.95;511.39;AFIB;AFIB
7138000;504.39;506.83;AFIB;AFIB
7140000;505.61;508.05;AFIB;AFIB
7142000;510.46;512.89;AFIB;AFIB
7144000;507.81;510.24;AFIB;AFIB
7146000;508.08;510.52;AFIB;AFIB
7148000;506.60;509.03;AFIB;AFIB
7150000;511.01;513.44;AFIB;AFIB
7152000;508.29;510.72;AFIB;AFIB
7154000;512.25;514.68;AFIB;AFIB
7156000;511.96;514.39;AFIB;AFIB
7158000;510.07;512.49;AFIB;AFIB
7160000;509.53;511.95;AFIB;AFIB
7162000;511.42;513.84;AFIB;AFIB
7164000;512.52;514.94;AFIB;AFIB
7166000;511.67;514.08;AFIB;AFIB
7168000;508.38;510.80;AFIB;AFIB
7170000;510.79;513.21;AFIB;AFIB
7172000;512.95;515.36;AFIB;AFIB
7174000;510.26;512.67;AFIB;AFIB
7176000;509.26;511.67;AFIB;AFIB
7178000;508.56;510.96;AFIB;AFIB
7180000;509.54;511.94;AFIB;AFIB
7182000;508.95;511.35;AFIB;AFIB
7184000;513.03;515.42;AFIB;AFIB
7186000;512.39;514.79;AFIB;AFIB
7188000;516.37;518.76;AFIB;AFIB
7190000;509.70;512.09;AFIB;AFIB
7192000;512.89;515.28;AFIB;AFIB
7194000;507.21;509.59;AFIB;AFIB
7196000;514.64;517.03;AFIB;AFIB
7198000;509.23;511.61;AFIB;AFIB
7200000;511.84;514.22;AFIB;AFIB
7202000;508.94;511.32;AFIB;AFIB
7204000;509.75;512.12;AFIB;AFIB
7206000;510.86;513.23;AFIB;AFIB
7208000;506.77;509.14;AFIB;AFIB
7210000;510.97;513.33;AFIB;AFIB
7212000;512.17;514.53;AFIB;AFIB
7214000;510.03;512.39;AFIB;AFIB
7216000;509.71;512.07;AFIB;AFIB
7218000;511.66;514.02;AFIB;AFIB
7220000;513.68;516.03;AFIB;AFIB
7222000;514.48;516.83;AFIB;AFIB
7224000;509.43;511.78;AFIB;AFIB
7226000;511.10;513.45;AFIB;AFIB
7228000;507.42;509.76;AFIB;AFIB
7230000;509.81;512.15;AFIB;AFIB
7232000;515.19;517.53;AFIB;AFIB
7234000;509.96;512.29;AFIB;AFIB
7236000;513.00;515.33;AFIB;AFIB
7238000;507.90;510.22;AFIB;AFIB
7240000;504.56;506.88;AFIB;AFIB
7242000;508.10;510.42;AFIB;AFIB
7244000;511.52;513.84;AFIB;AFIB
7246000;513.67;515.99;AFIB;AFIB
7248000;510.85;513.16;AFIB;AFIB
7250000;510.54;512.85;AFIB;AFIB
7252000;509.36;511.67;AFIB;AFIB
7254000;512.32;514.62;AFIB;AFIB
7256000;508.45;510.76;AFIB;AFIB
7258000;507.55;509.85;AFIB;AFIB
7260000;514.50;516.80;AFIB;AFIB
7262000;506.47;508.76;AFIB;AFIB
7264000;508.04;510.33;AFIB;AFIB
7266000;510.08;512.36;AFIB;AFIB
7268000;507.31;509.59;AFIB;AFIB
7270000;508.02;510.30;AFIB;AFIB
7272000;514.22;516.50;AFIB;AFIB
7274000;511.93;514.20;AFIB;AFIB
7276000;507.70;509.97;AFIB;AFIB
7278000;507.78;510.05;AFIB;AFIB
7280000;506.25;508.51;AFIB;AFIB
7282000;505.94;508.20;AFIB;AFIB
7284000;509.85;512.11;AFIB;AFIB
7286000;509.24;511.49;AFIB;AFIB
7288000;508.76;511.01;AFIB;AFIB
7290000;506.38;508.62;AFIB;AFIB
7292000;511.39;513.64;AFIB;AFIB
7294000;507.50;509.74;AFIB;AFIB
7296000;503.76;506.00;AFIB;AFIB
7298000;506.15;508.38;AFIB;AFIB
7300000;509.43;511.66;AFIB;AFIB
7302000;507.18;509.41;AFIB;AFIB
7304000;513.01;515.24;AFIB;AFIB
7306000;514.79;517.00;AFIB;AFIB
7308000;510.16;512.38;AFIB;AFIB
7310000;508.36;510.57;AFIB;AFIB
7312000;505.65;507.85;AFIB;AFIB
7314000;511.85;514.05;AFIB;AFIB
7316000;510.99;513.19;AFIB;AFIB
7318000;502.95;505.15;AFIB;AFIB
7320000;509.08;511.27;AFIB;AFIB
7322000;510.89;513.08;AFIB;AFIB
7324000;509.61;511.79;AFIB;AFIB
7326000;513.80;515.98;AFIB;AFIB
7328000;507.53;509.71;AFIB;AFIB
7330000;509.37;511.54;AFIB;AFIB
7332000;505.80;507.97;AFIB;AFIB
7334000;506.76;508.92;AFIB;AFIB
7336000;509.45;511.61;AFIB;AFIB
7338000;513.43;515.59;AFIB;AFIB
7340000;511.80;513.96;AFIB;AFIB
7342000;507.15;509.30;AFIB;AFIB
7344000;507.12;509.26;AFIB;AFIB
7346000;508.20;510.34;AFIB;AFIB
7348000;512.04;514.18;AFIB;AFIB
7350000;511.10;513.24;AFIB;AFIB
7352000;510.29;512.42;AFIB;AFIB
7354000;513.04;515.17;AFIB;AFIB
7356000;509.91;512.03;AFIB;AFIB
7358000;508.05;510.17;AFIB;AFIB
7360000;510.50;512.61;AFIB;AFIB
7362000;509.56;511.67;AFIB;AFIB
7364000;512.43;514.53;AFIB;AFIB
7366000;510.11;512.21;AFIB;AFIB
7368000;507.21;509.30;AFIB;AFIB
7370000;506.69;508.78;AFIB;AFIB
7372000;508.63;510.71;AFIB;AFIB
7374000;507.15;509.23;AFIB;AFIB
7376000;513.21;515.28;AFIB;AFIB
7378000;511.27;513.34;AFIB;AFIB
7380000;507.14;509.21;AFIB;AFIB
7382000;508.41;510.47;AFIB;AFIB
7384000;512.23;514.29;AFIB;AFIB
7386000;507.34;509.40;AFIB;AFIB
7388000;511.44;513.49;AFIB;AFIB
7390000;509.54;511.58;AFIB;AFIB
7392000;509.86;511.90;AFIB;AFIB
7394000;513.76;515.79;AFIB;AFIB
7396000;508.39;510.42;AFIB;AFIB
7398000;509.55;511.57;AFIB;AFIB
7400000;509.11;511.13;AFIB;AFIB
7402000;509.13;511.15;AFIB;AFIB
7404000;510.70;512.72;AFIB;AFIB
7406000;512.86;514.87;AFIB;AFIB
7408000;511.13;513.13;AFIB;AFIB
7410000;508.06;510.06;AFIB;AFIB
7412000;512.60;514.59;AFIB;AFIB
7414000;512.90;514.89;AFIB;AFIB
7416000;511.38;513.37;AFIB;AFIB
7418000;509.09;511.07;AFIB;AFIB
7420000;507.93;509.90;AFIB;AFIB
7422000;512.88;514.85;AFIB;AFIB
7424000;514.77;516.74;AFIB;AFIB
7426000;510.13;512.09;AFIB;AFIB
7428000;506.19;508.14;AFIB;AFIB
7430000;513.55;515.51;AFIB;AFIB
7432000;512.59;514.54;AFIB;AFIB
7434000;509.82;511.77;AFIB;AFIB
7436000;508.10;510.03;AFIB;AFIB
7438000;512.50;514.44;AFIB;AFIB
7440000;510.89;512.81;AFIB;AFIB
7442000;509.94;511.86;AFIB;AFIB
7444000;512.02;513.94;AFIB;AFIB
7446000;503.59;505.50;AFIB;AFIB
7448000;510.12;512.03;AFIB;AFIB
7450000;515.15;517.05;AFIB;AFIB
7452000;509.45;511.34;AFIB;AFIB
7454000;507.52;509.41;AFIB;AFIB
7456000;508.31;510.20;AFIB;AFIB
7458000;509.15;511.04;AFIB;AFIB
7460000;511.58;513.45;AFIB;AFIB
7462000;509.38;511.25;AFIB;AFIB
7464000;514.57;516.44;AFIB;AFIB
7466000;511.92;513.78;AFIB;AFIB
7468000;516.04;517.89;AFIB;AFIB
7470000;514.15;516.00;AFIB;AFIB
7472000;510.85;512.69;AFIB;AFIB
7474000;509.51;511.34;AFIB;AFIB
7476000;507.05;508.89;AFIB;AFIB
7478000;508.42;510.25;AFIB;AFIB
7480000;510.72;512.54;AFIB;AFIB
7482000;510.00;511.82;AFIB;AFIB
7484000;514.55;516.36;AFIB;AFIB
7486000;510.34;512.15;AFIB;AFIB
7488000;510.81;512.61;AFIB;AFIB
7490000;514.40;516.19;AFIB;AFIB
7492000;509.91;511.70;AFIB;AFIB
7494000;513.42;515.21;AFIB;AFIB
7496000;508.96;510.74;AFIB;AFIB
7498000;511.72;513.49;AFIB;AFIB
7500000;511.02;512.79;AFIB;AFIB
7502000;507.91;509.67;AFIB;AFIB
7504000;505.79;507.55;AFIB;AFIB
7506000;514.45;516.20;AFIB;AFIB
7508000;507.65;509.40;AFIB;AFIB
7510000;511.55;513.29;AFIB;AFIB
7512000;509.69;511.43;AFIB;AFIB
7514000;505.15;506.87;AFIB;AFIB
7516000;512.82;514.54;AFIB;AFIB
7518000;510.32;512.03;AFIB;AFIB
7520000;510.62;512.34;AFIB;AFIB
7522000;511.38;513.09;AFIB;AFIB
7524000;508.53;510.23;AFIB;AFIB
7526000;508.12;509.81;AFIB;AFIB
7528000;509.05;510.74;AFIB;AFIB
7530000;508.46;510.14;AFIB;AFIB
7532000;510.26;511.94;AFIB;AFIB
7534000;508.99;510.66;AFIB;AFIB
7536000;514.45;516.12;AFIB;AFIB
7538000;514.46;516.12;AFIB;AFIB
7540000;511.26;512.92;AFIB;AFIB
7542000;510.79;512.44;AFIB;AFIB
7544000;516.04;517.68;AFIB;AFIB
7546000;510.07;511.71;AFIB;AFIB
7548000;512.13;513.76;AFIB;AFIB
7550000;507.08;508.70;AFIB;AFIB
7552000;514.93;516.55;AFIB;AFIB
7554000;510.29;511.90;AFIB;AFIB
7556000;511.25;512.85;AFIB;AFIB
7558000;506.68;508.28;AFIB;AFIB
7560000;510.12;511.71;AFIB;AFIB
7562000;508.28;509.86;AFIB;AFIB
7564000;510.07;511.65;AFIB;AFIB
7566000;510.50;512.08;AFIB;AFIB
7568000;508.69;510.26;AFIB;AFIB
7570000;509.60;511.17;AFIB;AFIB
7572000;509.46;511.02;AFIB;AFIB
7574000;511.42;512.97;AFIB;AFIB
7576000;513.15;514.69;AFIB;AFIB
7578000;512.27;513.80;AFIB;AFIB
7580000;507.98;509.52;AFIB;AFIB
7582000;508.98;510.51;AFIB;AFIB
7584000;513.03;514.55;AFIB;AFIB
7586000;512.92;514.43;AFIB;AFIB
7588000;510.18;511.69;AFIB;AFIB
7590000;508.05;509.55;AFIB;AFIB
7592000;514.33;515.82;AFIB;AFIB
7594000;509.25;510.74;AFIB;AFIB
7596000;509.09;510.57;AFIB;AFIB
7598000;510.05;511.52;AFIB;AFIB
7600000;509.91;511.37;AFIB;AFIB
7602000;512.39;513.85;AFIB;AFIB
7604000;509.48;510.94;AFIB;AFIB
7606000;510.79;512.24;AFIB;AFIB
7608000;507.01;508.45;AFIB;AFIB
7610000;512.65;514.09;AFIB;AFIB
7612000;508.86;510.29;AFIB;AFIB
7614000;511.71;513.13;AFIB;AFIB
7616000;509.51;510.93;AFIB;AFIB
7618000;508.48;509.89;AFIB;AFIB
7620000;511.30;512.71;AFIB;AFIB
7622000;512.71;514.11;AFIB;AFIB
7624000;514.25;515.64;AFIB;AFIB
7626000;510.22;511.61;AFIB;AFIB
7628000;508.04;509.42;AFIB;AFIB
7630000;512.03;513.41;AFIB;AFIB
7632000;505.40;506.77;AFIB;AFIB
7634000;513.40;514.76;AFIB;AFIB
7636000;511.94;513.29;AFIB;AFIB
7638000;509.59;510.93;AFIB;AFIB
7640000;509.32;510.66;AFIB;AFIB
7642000;510.13;511.46;AFIB;AFIB
7644000;510.46;511.79;AFIB;AFIB
7646000;509.05;510.37;AFIB;AFIB
7648000;508.27;509.58;AFIB;AFIB
7650000;515.82;517.12;AFIB;AFIB
7652000;513.06;514.36;AFIB;AFIB
7654000;515.27;516.57;AFIB;AFIB
7656000;510.30;511.59;AFIB;AFIB
7658000;509.80;511.08;AFIB;AFIB
7660000;506.86;508.13;AFIB;AFIB
7662000;512.04;513.31;AFIB;AFIB
7664000;511.26;512.52;AFIB;AFIB
7666000;513.34;514.59;AFIB;AFIB
7668000;508.93;510.17;AFIB;AFIB
7670000;512.01;513.25;AFIB;AFIB
7672000;512.59;513.82;AFIB;AFIB
7674000;507.70;508.92;AFIB;AFIB
7676000;506.10;507.31;AFIB;AFIB
7678000;513.26;514.47;AFIB;AFIB
7680000;510.92;512.12;AFIB;AFIB
7682000;516.02;517.22;AFIB;AFIB
7684000;514.79;515.98;AFIB;AFIB
7686000;510.19;511.37;AFIB;AFIB
7688000;514.84;516.02;AFIB;AFIB
7690000;512.70;513.87;AFIB;AFIB
7692000;511.81;512.97;AFIB;AFIB
7694000;513.71;514.86;AFIB;AFIB
7696000;507.64;508.79;AFIB;AFIB
7698000;512.11;513.26;AFIB;AFIB
7700000;509.29;510.42;AFIB;AFIB
7702000;510.48;511.60;AFIB;AFIB
7704000;511.46;512.58;AFIB;AFIB
7706000;509.86;510.97;AFIB;AFIB
7708000;511.87;512.97;AFIB;AFIB
7710000;513.74;514.84;AFIB;AFIB
7712000;513.03;514.13;AFIB;AFIB
7714000;511.27;512.36;AFIB;AFIB
7716000;514.09;515.17;AFIB;AFIB
7718000;510.75;511.82;AFIB;AFIB
7720000;510.49;511.55;AFIB;AFIB
7722000;508.62;509.67;AFIB;AFIB
7724000;507.67;508.72;AFIB;AFIB
7726000;510.94;511.98;AFIB;AFIB
7728000;511.32;512.36;AFIB;AFIB
7730000;508.41;509.44;AFIB;AFIB
7732000;509.76;510.78;AFIB;AFIB
7734000;509.80;510.81;AFIB;AFIB
7736000;511.95;512.96;AFIB;AFIB
7738000;513.64;514.64;AFIB;AFIB
7740000;513.98;514.97;AFIB;AFIB
7742000;509.36;510.34;AFIB;AFIB
7744000;504.77;505.74;AFIB;AFIB
7746000;515.15;516.12;AFIB;AFIB
7748000;509.78;510.74;AFIB;AFIB
7750000;509.97;510.92;AFIB;AFIB
7752000;511.09;512.04;AFIB;AFIB
7754000;514.40;515.34;AFIB;AFIB
7756000;511.89;512.82;AFIB;AFIB
7758000;510.99;511.92;AFIB;AFIB
7760000;508.63;509.55;AFIB;AFIB
7762000;511.86;512.77;AFIB;AFIB
7764000;514.59;515.50;AFIB;AFIB
7766000;509.99;510.88;AFIB;AFIB
7768000;514.49;515.38;AFIB;AFIB
7770000;510.37;511.26;AFIB;AFIB
7772000;515.35;516.22;AFIB;AFIB
7774000;509.66;510.53;AFIB;AFIB
7776000;512.25;513.11;AFIB;AFIB
7778000;507.53;508.38;AFIB;AFIB
7780000;508.72;509.56;AFIB;AFIB
7782000;508.09;508.93;AFIB;AFIB
7784000;506.23;507.06;AFIB;AFIB
7786000;512.03;512.85;AFIB;AFIB
7788000;517.92;518.74;AFIB;AFIB
7790000;505.99;506.80;AFIB;AFIB
7792000;511.08;511.88;AFIB;AFIB
7794000;511.05;511.85;AFIB;AFIB
7796000;507.37;508.15;AFIB;AFIB
7798000;509.71;510.49;AFIB;AFIB
7800000;513.13;513.91;AFIB;AFIB
7802000;512.19;512.96;AFIB;AFIB
7804000;513.22;513.98;AFIB;AFIB
7806000;509.41;510.16;AFIB;AFIB
7808000;509.61;510.35;AFIB;AFIB
7810000;508.84;509.57;AFIB;AFIB
7812000;510.15;510.88;AFIB;AFIB
7814000;510.59;511.31;AFIB;AFIB
7816000;511.32;512.04;AFIB;AFIB
7818000;511.36;512.07;AFIB;AFIB
7820000;513.76;514.46;AFIB;AFIB
7822000;506.81;507.50;AFIB;AFIB
7824000;515.59;516.27;AFIB;AFIB
7826000;507.61;508.28;AFIB;AFIB
7828000;511.76;512.43;AFIB;AFIB
7830000;513.80;514.46;AFIB;AFIB
7832000;513.34;513.99;AFIB;AFIB
7834000;509.89;510.53;AFIB;AFIB
7836000;509.41;510.05;AFIB;AFIB
7838000;509.41;510.04;AFIB;AFIB
7840000;513.29;513.91;AFIB;AFIB
7842000;515.07;515.68;AFIB;AFIB
7844000;511.41;512.01;AFIB;AFIB
7846000;510.27;510.87;AFIB;AFIB
7848000;513.67;514.26;AFIB;AFIB
7850000;515.43;516.01;AFIB;AFIB
7852000;515.96;516.54;AFIB;AFIB
7854000;510.32;510.89;AFIB;AFIB
7856000;518.28;518.84;AFIB;AFIB
7858000;512.56;513.11;AFIB;AFIB
7860000;511.19;511.73;AFIB;AFIB
7862000;513.11;513.65;AFIB;AFIB
7864000;510.16;510.69;AFIB;AFIB
7866000;512.30;512.83;AFIB;AFIB
7868000;508.35;508.86;AFIB;AFIB
7870000;510.39;510.90;AFIB;AFIB
7872000;509.43;509.92;AFIB;AFIB
7874000;511.93;512.42;AFIB;AFIB
7876000;513.58;514.06;AFIB;AFIB
7878000;512.93;513.40;AFIB;AFIB
7880000;514.76;515.23;AFIB;AFIB
7882000;510.89;511.35;AFIB;AFIB
7884000;517.10;517.55;AFIB;AFIB
7886000;508.79;509.23;AFIB;AFIB
7888000;508.20;508.64;AFIB;AFIB
7890000;513.73;514.16;AFIB;AFIB
7892000;512.52;512.94;AFIB;AFIB
7894000;512.96;513.37;AFIB;AFIB
7896000;513.12;513.53;AFIB;AFIB
7898000;511.60;512.00;AFIB;AFIB
7900000;515.27;515.66;AFIB;AFIB
7902000;507.66;508.04;AFIB;AFIB
7904000;514.99;515.37;AFIB;AFIB
7906000;513.20;513.56;AFIB;AFIB
7908000;511.19;511.55;AFIB;AFIB
7910000;510.18;510.53;AFIB;AFIB
7912000;513.51;513.86;AFIB;AFIB
7914000;510.53;510.87;AFIB;AFIB
7916000;512.20;512.53;AFIB;AFIB
7918000;512.05;512.38;AFIB;AFIB
7920000;512.82;513.13;AFIB;AFIB
7922000;510.29;510.60;AFIB;AFIB
7924000;512.81;513.10;AFIB;AFIB
7926000;511.72;512.01;AFIB;AFIB
7928000;511.54;511.82;AFIB;AFIB
7930000;509.09;509.37;AFIB;AFIB
7932000;509.62;509.88;AFIB;AFIB
7934000;506.87;507.13;AFIB;AFIB
7936000;511.94;512.19;AFIB;AFIB
7938000;508.93;509.18;AFIB;AFIB
7940000;511.11;511.35;AFIB;AFIB
7942000;507.39;507.62;AFIB;AFIB
7944000;510.74;510.96;AFIB;AFIB
7946000;511.28;511.49;AFIB;AFIB
7948000;508.33;508.54;AFIB;AFIB
7950000;509.43;509.63;AFIB;AFIB
7952000;510.80;510.99;AFIB;AFIB
7954000;514.65;514.83;AFIB;AFIB
7956000;515.64;515.81;AFIB;AFIB
7958000;508.15;508.31;AFIB;AFIB
7960000;506.97;507.12;AFIB;AFIB
7962000;513.37;513.52;AFIB;AFIB
7964000;512.21;512.35;AFIB;AFIB
7966000;516.03;516.16;AFIB;AFIB
7968000;507.88;508.00;AFIB;AFIB
7970000;512.11;512.23;AFIB;AFIB
7972000;518.43;518.54;AFIB;AFIB
7974000;512.27;512.37;AFIB;AFIB
7976000;508.34;508.43;AFIB;AFIB
7978000;510.95;511.03;AFIB;AFIB
7980000;511.99;512.06;AFIB;AFIB
7982000;512.87;512.94;AFIB;AFIB
7984000;512.86;512.92;AFIB;AFIB
7986000;511.90;511.96;AFIB;AFIB
7988000;509.81;509.85;AFIB;AFIB
7990000;516.51;516.55;AFIB;AFIB
7992000;514.02;514.05;AFIB;AFIB
7994000;514.50;514.52;AFIB;AFIB
7996000;512.05;512.06;AFIB;AFIB
7998000;511.87;511.87;AFIB;AFIB
8000000;513.68;513.68;AFIB;AFIB
8002000;514.04;514.03;AFIB;AFIB
8004000;518.64;518.63;AFIB;AFIB
8006000;515.56;515.53;AFIB;AFIB
8008000;517.37;517.34;AFIB;AFIB
8010000;512.01;511.97;AFIB;AFIB
8012000;512.51;512.47;AFIB;AFIB
8014000;514.42;514.36;AFIB;AFIB
8016000;514.21;514.15;AFIB;AFIB
8018000;516.46;516.39;AFIB;AFIB
8020000;516.24;516.16;AFIB;AFIB
8022000;511.85;511.76;AFIB;AFIB
8024000;512.05;511.96;AFIB;AFIB
8026000;514.14;514.04;AFIB;AFIB
8028000;515.73;515.62;AFIB;AFIB
8030000;512.50;512.38;AFIB;AFIB
8032000;515.05;514.92;AFIB;AFIB
8034000;513.30;513.16;AFIB;AFIB
8036000;511.47;511.33;AFIB;AFIB
8038000;509.95;509.80;AFIB;AFIB
8040000;510.63;510.48;AFIB;AFIB
8042000;510.27;510.10;AFIB;AFIB
8044000;511.68;511.51;AFIB;AFIB
8046000;517.69;517.50;AFIB;AFIB
8048000;514.93;514.74;AFIB;AFIB
8050000;511.18;510.98;AFIB;AFIB
8052000;513.81;513.61;AFIB;AFIB
8054000;515.89;515.68;AFIB;AFIB
8056000;508.61;508.39;AFIB;AFIB
8058000;510.31;510.09;AFIB;AFIB
8060000;513.18;512.94;AFIB;AFIB
8062000;515.70;515.46;AFIB;AFIB
8064000;510.10;509.85;AFIB;AFIB
8066000;509.13;508.87;AFIB;AFIB
8068000;515.41;515.14;AFIB;AFIB
8070000;510.91;510.63;AFIB;AFIB
8072000;512.29;512.00;AFIB;AFIB
8074000;511.70;511.41;AFIB;AFIB
8076000;511.41;511.12;AFIB;AFIB
8078000;514.10;513.79;AFIB;AFIB
8080000;512.95;512.64;AFIB;AFIB
8082000;517.32;517.00;AFIB;AFIB
8084000;515.08;514.75;AFIB;AFIB
8086000;512.29;511.95;AFIB;AFIB
8088000;509.86;509.51;AFIB;AFIB
8090000;511.62;511.27;AFIB;AFIB
8092000;512.06;511.70;AFIB;AFIB
8094000;509.74;509.37;AFIB;AFIB
8096000;514.50;514.12;AFIB;AFIB
8098000;514.20;513.82;AFIB;AFIB
8100000;514.51;514.12;AFIB;AFIB
8102000;508.63;508.23;AFIB;AFIB
8104000;509.60;509.20;AFIB;AFIB
8106000;511.07;510.66;AFIB;AFIB
8108000;509.14;508.71;AFIB;AFIB
8110000;506.85;506.42;AFIB;AFIB
8112000;515.72;515.28;AFIB;AFIB
8114000;514.52;514.07;AFIB;AFIB
8116000;512.24;511.79;AFIB;AFIB
8118000;511.18;510.72;AFIB;AFIB
8120000;508.06;507.59;AFIB;AFIB
8122000;513.59;513.12;AFIB;AFIB
8124000;510.77;510.28;AFIB;AFIB
8126000;511.82;511.32;AFIB;AFIB
8128000;514.21;513.72;AFIB;AFIB
8130000;510.54;510.03;AFIB;AFIB
8132000;510.33;509.81;AFIB;AFIB
8134000;509.58;509.06;AFIB;AFIB
8136000;507.63;507.10;AFIB;AFIB
8138000;508.41;507.88;AFIB;AFIB
8140000;512.05;511.51;AFIB;AFIB
8142000;510.08;509.53;AFIB;AFIB
8144000;510.57;510.01;AFIB;AFIB
8146000;513.26;512.69;AFIB;AFIB
8148000;512.62;512.04;AFIB;AFIB
8150000;516.56;515.98;AFIB;AFIB
8152000;513.21;512.62;AFIB;AFIB
8154000;515.98;515.38;AFIB;AFIB
8156000;514.20;513.59;AFIB;AFIB
8158000;511.44;510.83;AFIB;AFIB
8160000;510.04;509.42;AFIB;AFIB
8162000;511.81;511.18;AFIB;AFIB
8164000;514.86;514.22;AFIB;AFIB
8166000;514.98;514.34;AFIB;AFIB
8168000;510.68;510.02;AFIB;AFIB
8170000;508.19;507.53;AFIB;AFIB
8172000;508.63;507.96;AFIB;AFIB
8174000;509.34;508.66;AFIB;AFIB
8176000;510.43;509.75;AFIB;AFIB
8178000;513.03;512.34;AFIB;AFIB
8180000;510.52;509.82;AFIB;AFIB
8182000;515.22;514.51;AFIB;AFIB
8184000;513.44;512.73;AFIB;AFIB
8186000;514.78;514.06;AFIB;AFIB
8188000;511.76;511.03;AFIB;AFIB
8190000;515.09;514.35;AFIB;AFIB
8192000;511.06;510.31;AFIB;AFIB
8194000;511.07;510.32;AFIB;AFIB
8196000;511.23;510.47;AFIB;AFIB
8198000;517.85;517.09;AFIB;AFIB
8200000;508.96;508.18;AFIB;AFIB
8202000;510.88;510.10;AFIB;AFIB
8204000;516.33;515.54;AFIB;AFIB
8206000;515.15;514.35;AFIB;AFIB
8208000;513.31;512.51;AFIB;AFIB
8210000;514.30;513.49;AFIB;AFIB
8212000;512.70;511.89;AFIB;AFIB
8214000;510.66;509.84;AFIB;AFIB
8216000;514.56;513.72;AFIB;AFIB
8218000;512.64;511.80;AFIB;AFIB
8220000;513.15;512.30;AFIB;AFIB
8222000;515.16;514.31;AFIB;AFIB
8224000;510.24;509.38;AFIB;AFIB
8226000;516.43;515.56;AFIB;AFIB
8228000;510.04;509.16;AFIB;AFIB
8230000;512.07;511.19;AFIB;AFIB
8232000;509.78;508.89;AFIB;AFIB
8234000;513.89;512.99;AFIB;AFIB
8236000;512.41;511.50;AFIB;AFIB
8238000;509.64;508.72;AFIB;AFIB
8240000;511.30;510.38;AFIB;AFIB
8242000;513.66;512.73;AFIB;AFIB
8244000;514.59;513.66;AFIB;AFIB
8246000;515.23;514.29;AFIB;AFIB
8248000;509.23;508.28;AFIB;AFIB
8250000;510.26;509.30;AFIB;AFIB
8252000;511.60;510.63;AFIB;AFIB
8254000;513.29;512.32;AFIB;AFIB
8256000;516.68;515.70;AFIB;AFIB
8258000;512.33;511.35;AFIB;AFIB
8260000;515.07;514.08;AFIB;AFIB
8262000;510.57;509.57;AFIB;AFIB
8264000;511.34;510.33;AFIB;AFIB
8266000;513.60;512.58;AFIB;AFIB
8268000;515.58;514.56;AFIB;AFIB
8270000;516.67;515.64;AFIB;AFIB
8272000;512.86;511.82;AFIB;AFIB
8274000;515.84;514.80;AFIB;AFIB
8276000;509.21;508.16;AFIB;AFIB
8278000;508.55;507.49;AFIB;AFIB
8280000;511.81;510.74;AFIB;AFIB
8282000;509.12;508.05;AFIB;AFIB
8284000;511.03;509.95;AFIB;AFIB
8286000;515.35;514.26;AFIB;AFIB
8288000;511.47;510.38;AFIB;AFIB
8290000;514.03;512.93;AFIB;AFIB
8292000;512.59;511.48;AFIB;AFIB
8294000;513.44;512.33;AFIB;AFIB
8296000;518.65;517.53;AFIB;AFIB
8298000;510.31;509.18;AFIB;AFIB
8300000;513.98;512.85;AFIB;AFIB
8302000;511.91;510.77;AFIB;AFIB
8304000;515.47;514.32;AFIB;AFIB
8306000;514.85;513.69;AFIB;AFIB
8308000;508.64;507.48;AFIB;AFIB
8310000;517.72;516.55;AFIB;AFIB
8312000;513.70;512.53;AFIB;AFIB
8314000;515.30;514.12;AFIB;AFIB
8316000;514.89;513.70;AFIB;AFIB
8318000;514.81;513.62;AFIB;AFIB
8320000;512.27;511.06;AFIB;AFIB
8322000;513.97;512.76;AFIB;AFIB
8324000;510.45;509.23;AFIB;AFIB
8326000;515.68;514.46;AFIB;AFIB
8328000;512.60;511.37;AFIB;AFIB
8330000;512.68;511.45;AFIB;AFIB
8332000;514.82;513.57;AFIB;AFIB
8334000;514.26;513.01;AFIB;AFIB
8336000;515.17;513.91;AFIB;AFIB
8338000;517.08;515.81;AFIB;AFIB
8340000;511.29;510.02;AFIB;AFIB
8342000;516.85;515.57;AFIB;AFIB
8344000;513.91;512.62;AFIB;AFIB
8346000;512.53;511.24;AFIB;AFIB
8348000;509.80;508.50;AFIB;AFIB
8350000;516.02;514.71;AFIB;AFIB
8352000;511.82;510.51;AFIB;AFIB
8354000;515.57;514.25;AFIB;AFIB
8356000;513.24;511.92;AFIB;AFIB
8358000;520.95;519.62;AFIB;AFIB
8360000;517.01;515.67;AFIB;AFIB
8362000;514.38;513.03;AFIB;AFIB
8364000;513.14;511.79;AFIB;AFIB
8366000;516.22;514.86;AFIB;AFIB
8368000;517.34;515.97;AFIB;AFIB
8370000;511.96;510.59;AFIB;AFIB
8372000;513.97;512.59;AFIB;AFIB
8374000;509.54;508.15;AFIB;AFIB
8376000;511.50;510.11;AFIB;AFIB
8378000;513.34;511.94;AFIB;AFIB
8380000;513.43;512.02;AFIB;AFIB
8382000;515.82;514.41;AFIB;AFIB
8384000;514.43;513.01;AFIB;AFIB
8386000;516.81;515.38;AFIB;AFIB
8388000;514.68;513.25;AFIB;AFIB
8390000;516.31;514.88;AFIB;AFIB
8392000;515.75;514.31;AFIB;AFIB
8394000;514.11;512.66;AFIB;AFIB
8396000;512.86;511.41;AFIB;AFIB
8398000;513.70;512.24;AFIB;AFIB
8400000;510.19;508.72;AFIB;AFIB
8402000;510.58;509.11;AFIB;AFIB
8404000;513.71;512.22;AFIB;AFIB
8406000;514.08;512.59;AFIB;AFIB
8408000;511.43;509.94;AFIB;AFIB
8410000;513.48;511.98;AFIB;AFIB
8412000;514.41;512.90;AFIB;AFIB
8414000;511.23;509.72;AFIB;AFIB
8416000;515.30;513.78;AFIB;AFIB
8418000;513.28;511.76;AFIB;AFIB
8420000;509.62;508.09;AFIB;AFIB
8422000;511.17;509.63;AFIB;AFIB
8424000;519.94;518.40;AFIB;AFIB
8426000;518.46;516.90;AFIB;AFIB
8428000;514.23;512.67;AFIB;AFIB
8430000;513.06;511.50;AFIB;AFIB
8432000;513.20;511.63;AFIB;AFIB
8434000;513.60;512.03;AFIB;AFIB
8436000;511.51;509.93;AFIB;AFIB
8438000;513.42;511.83;AFIB;AFIB
8440000;514.42;512.83;AFIB;AFIB
8442000;511.17;509.57;AFIB;AFIB
8444000;515.76;514.15;AFIB;AFIB
8446000;513.58;511.96;AFIB;AFIB
8448000;516.89;515.27;AFIB;AFIB
8450000;513.35;511.73;AFIB;AFIB
8452000;516.51;514.88;AFIB;AFIB
8454000;515.51;513.87;AFIB;AFIB
8456000;515.57;513.93;AFIB;AFIB
8458000;513.44;511.79;AFIB;AFIB
8460000;514.07;512.42;AFIB;AFIB
8462000;510.55;508.89;AFIB;AFIB
8464000;510.50;508.84;AFIB;AFIB
8466000;513.53;511.86;AFIB;AFIB
8468000;506.14;504.46;AFIB;AFIB
8470000;513.01;511.33;AFIB;AFIB
8472000;515.89;514.21;AFIB;AFIB
8474000;514.90;513.21;AFIB;AFIB
8476000;518.94;517.24;AFIB;AFIB
8478000;517.93;516.22;AFIB;AFIB
8480000;514.94;513.23;AFIB;AFIB
8482000;510.06;508.34;AFIB;AFIB
8484000;509.92;508.20;AFIB;AFIB
8486000;517.98;516.25;AFIB;AFIB
8488000;513.40;511.66;AFIB;AFIB
8490000;515.50;513.76;AFIB;AFIB
8492000;511.40;509.65;AFIB;AFIB
8494000;510.69;508.94;AFIB;AFIB
8496000;513.33;511.57;AFIB;AFIB
8498000;511.67;509.90;AFIB;AFIB
8500000;514.35;512.58;AFIB;AFIB
8502000;514.22;512.45;AFIB;AFIB
8504000;512.45;510.67;AFIB;AFIB
8506000;517.01;515.23;AFIB;AFIB
8508000;513.32;511.53;AFIB;AFIB
8510000;516.60;514.81;AFIB;AFIB
8512000;518.00;516.20;AFIB;AFIB
8514000;512.77;510.96;AFIB;AFIB
8516000;512.27;510.46;AFIB;AFIB
8518000;512.77;510.95;AFIB;AFIB
8520000;514.93;513.11;AFIB;AFIB
8522000;515.25;513.43;AFIB;AFIB
8524000;514.07;512.23;AFIB;AFIB
8526000;514.91;513.07;AFIB;AFIB
8528000;516.40;514.56;AFIB;AFIB
8530000;514.86;513.01;AFIB;AFIB
8532000;511.53;509.68;AFIB;AFIB
8534000;518.17;516.31;AFIB;AFIB
8536000;511.59;509.72;AFIB;AFIB
8538000;515.15;513.28;AFIB;AFIB
8540000;513.08;511.21;AFIB;AFIB
8542000;513.90;512.02;AFIB;AFIB
8544000;512.65;510.76;AFIB;AFIB
8546000;516.60;514.70;AFIB;AFIB
8548000;513.50;511.60;AFIB;AFIB
8550000;516.03;514.13;AFIB;AFIB
8552000;511.61;509.71;AFIB;AFIB
8554000;516.48;514.57;AFIB;AFIB
8556000;508.67;506.76;AFIB;AFIB
8558000;511.39;509.47;AFIB;AFIB
8560000;514.44;512.51;AFIB;AFIB
8562000;518.90;516.97;AFIB;AFIB
8564000;510.94;509.00;AFIB;AFIB
8566000;516.52;514.57;AFIB;AFIB
8568000;511.06;509.11;AFIB;AFIB
8570000;514.14;512.19;AFIB;AFIB
8572000;516.66;514.70;AFIB;AFIB
8574000;519.29;517.33;AFIB;AFIB
8576000;511.18;509.22;AFIB;AFIB
8578000;510.74;508.77;AFIB;AFIB
8580000;518.11;516.14;AFIB;AFIB
8582000;510.61;508.63;AFIB;AFIB
8584000;515.77;513.79;AFIB;AFIB
8586000;516.05;514.06;AFIB;AFIB
8588000;508.04;506.05;AFIB;AFIB
8590000;512.79;510.79;AFIB;AFIB
8592000;516.18;514.18;AFIB;AFIB
8594000;514.71;512.70;AFIB;AFIB
8596000;514.42;512.40;AFIB;AFIB
8598000;517.77;515.75;AFIB;AFIB
8600000;512.19;510.17;AFIB;AFIB
8602000;510.46;508.44;AFIB;AFIB
8604000;517.56;515.53;AFIB;AFIB
8606000;511.00;508.96;AFIB;AFIB
8608000;515.55;513.51;AFIB;AFIB
8610000;516.13;514.09;AFIB;AFIB
8612000;511.65;509.60;AFIB;AFIB
8614000;514.73;512.68;AFIB;AFIB
8616000;514.92;512.87;AFIB;AFIB
8618000;512.74;510.68;AFIB;AFIB
8620000;514.47;512.41;AFIB;AFIB
8622000;515.43;513.36;AFIB;AFIB
8624000;513.81;511.74;AFIB;AFIB
8626000;515.07;512.99;AFIB;AFIB
8628000;513.56;511.47;AFIB;AFIB
8630000;514.82;512.73;AFIB;AFIB
8632000;517.99;515.90;AFIB;AFIB
8634000;514.10;512.00;AFIB;AFIB
8636000;515.39;513.29;AFIB;AFIB
8638000;511.36;509.25;AFIB;AFIB
8640000;514.36;512.25;AFIB;AFIB
8642000;511.02;508.90;AFIB;AFIB
8644000;514.48;512.36;AFIB;AFIB
8646000;518.59;516.47;AFIB;AFIB
8648000;511.36;509.23;AFIB;AFIB
8650000;514.30;512.17;AFIB;AFIB
8652000;516.15;514.01;AFIB;AFIB
8654000;514.98;512.84;AFIB;AFIB
8656000;510.22;508.08;AFIB;AFIB
8658000;512.10;509.95;AFIB;AFIB
8660000;516.54;514.39;AFIB;AFIB
8662000;514.33;512.17;AFIB;AFIB
8664000;514.46;512.30;AFIB;AFIB
8666000;509.33;507.17;AFIB;AFIB
8668000;515.21;513.04;AFIB;AFIB
8670000;516.19;514.02;AFIB;AFIB
8672000;511.77;509.60;AFIB;AFIB
8674000;512.92;510.74;AFIB;AFIB
8676000;516.27;514.09;AFIB;AFIB
8678000;510.10;507.91;AFIB;AFIB
8680000;514.60;512.41;AFIB;AFIB
8682000;515.33;513.13;AFIB;AFIB
8684000;514.60;512.41;AFIB;AFIB
8686000;514.68;512.48;AFIB;AFIB
8688000;510.69;508.48;AFIB;AFIB
8690000;512.17;509.96;AFIB;AFIB
8692000;515.37;513.16;AFIB;AFIB
8694000;512.70;510.49;AFIB;AFIB
8696000;517.11;514.89;AFIB;AFIB
8698000;516.15;513.93;AFIB;AFIB
8700000;515.67;513.45;AFIB;AFIB
8702000;513.84;511.61;AFIB;AFIB
8704000;514.10;511.87;AFIB;AFIB
8706000;511.72;509.48;AFIB;AFIB
8708000;515.41;513.17;AFIB;AFIB
8710000;509.52;507.28;AFIB;AFIB
8712000;513.28;511.03;AFIB;AFIB
8714000;518.39;516.14;AFIB;AFIB
8716000;514.69;512.43;AFIB;AFIB
8718000;513.87;511.61;AFIB;AFIB
8720000;511.58;509.31;AFIB;AFIB
8722000;515.37;513.11;AFIB;AFIB
8724000;514.48;512.22;AFIB;AFIB
8726000;513.87;511.60;AFIB;AFIB
8728000;514.73;512.46;AFIB;AFIB
8730000;515.20;512.92;AFIB;AFIB
8732000;513.94;511.66;AFIB;AFIB
8734000;515.68;513.39;AFIB;AFIB
8736000;515.09;512.80;AFIB;AFIB
8738000;512.91;510.62;AFIB;AFIB
8740000;515.96;513.67;AFIB;AFIB
8742000;512.55;510.26;AFIB;AFIB
8744000;513.63;511.33;AFIB;AFIB
8746000;515.62;513.32;AFIB;AFIB
8748000;519.73;517.43;AFIB;AFIB
8750000;514.60;512.29;AFIB;AFIB
8752000;514.11;511.80;AFIB;AFIB
8754000;518.55;516.23;AFIB;AFIB
8756000;515.92;513.60;AFIB;AFIB
8758000;514.48;512.16;AFIB;AFIB
8760000;513.23;510.90;AFIB;AFIB
8762000;517.29;514.96;AFIB;AFIB
8764000;519.03;516.70;AFIB;AFIB
8766000;516.59;514.26;AFIB;AFIB
8768000;515.42;513.08;AFIB;AFIB
8770000;510.21;507.87;AFIB;AFIB
8772000;517.69;515.35;AFIB;AFIB
8774000;513.65;511.31;AFIB;AFIB
8776000;512.32;509.97;AFIB;AFIB
8778000;516.19;513.84;AFIB;AFIB
8780000;517.87;515.52;AFIB;AFIB
8782000;514.50;512.15;AFIB;AFIB
8784000;509.96;507.60;AFIB;AFIB
8786000;516.71;514.35;AFIB;AFIB
8788000;517.62;515.25;AFIB;AFIB
8790000;517.08;514.71;AFIB;AFIB
8792000;513.69;511.32;AFIB;AFIB
8794000;514.42;512.05;AFIB;AFIB
8796000;510.89;508.51;AFIB;AFIB
8798000;515.40;513.02;AFIB;AFIB
8800000;511.69;509.31;AFIB;AFIB
8802000;513.58;511.20;AFIB;AFIB
8804000;517.72;515.33;AFIB;AFIB
8806000;513.34;510.96;AFIB;AFIB
8808000;516.91;514.53;AFIB;AFIB
8810000;516.43;514.04;AFIB;AFIB
8812000;513.17;510.78;AFIB;AFIB
8814000;516.65;514.25;AFIB;AFIB
8816000;514.07;511.67;AFIB;AFIB
8818000;512.22;509.82;AFIB;AFIB
8820000;516.79;514.39;AFIB;AFIB
8822000;516.42;514.02;AFIB;AFIB
8824000;518.22;515.82;AFIB;AFIB
8826000;517.01;514.60;AFIB;AFIB
8828000;512.96;510.55;AFIB;AFIB
8830000;516.57;514.16;AFIB;AFIB
8832000;513.26;510.85;AFIB;AFIB
8834000;513.70;511.29;AFIB;AFIB
8836000;514.62;512.21;AFIB;AFIB
8838000;516.60;514.19;AFIB;AFIB
8840000;511.30;508.88;AFIB;AFIB
8842000;511.18;508.76;AFIB;AFIB
8844000;518.75;516.33;AFIB;AFIB
8846000;514.40;511.98;AFIB;AFIB
8848000;511.90;509.47;AFIB;AFIB
8850000;512.68;510.24;AFIB;AFIB
8852000;513.43;511.00;AFIB;AFIB
8854000;516.99;514.55;AFIB;AFIB
8856000;516.36;513.92;AFIB;AFIB
8858000;515.28;512.84;AFIB;AFIB
8860000;514.14;511.70;AFIB;AFIB
8862000;513.21;510.77;AFIB;AFIB
8864000;515.59;513.14;AFIB;AFIB
8866000;510.94;508.49;AFIB;AFIB
8868000;515.86;513.41;AFIB;AFIB
8870000;512.08;509.64;AFIB;AFIB
8872000;513.95;511.50;AFIB;AFIB
8874000;510.88;508.43;AFIB;AFIB
8876000;513.95;511.50;AFIB;AFIB
8878000;517.75;515.30;AFIB;AFIB
8880000;509.35;506.89;AFIB;AFIB
8882000;514.75;512.29;AFIB;AFIB
8884000;517.56;515.10;AFIB;AFIB
8886000;515.04;512.58;AFIB;AFIB
8888000;512.60;510.14;AFIB;AFIB
8890000;513.39;510.92;AFIB;AFIB
8892000;513.40;510.93;AFIB;AFIB
8894000;517.74;515.27;AFIB;AFIB
8896000;516.13;513.66;AFIB;AFIB
8898000;516.26;513.79;AFIB;AFIB
8900000;513.87;511.40;AFIB;AFIB
8902000;513.60;511.13;AFIB;AFIB
8904000;513.45;510.98;AFIB;AFIB
8906000;514.29;511.82;AFIB;AFIB
8908000;517.76;515.28;AFIB;AFIB
8910000;512.94;510.46;AFIB;AFIB
8912000;518.07;515.59;AFIB;AFIB
8914000;516.85;514.37;AFIB;AFIB
8916000;518.59;516.11;AFIB;AFIB
8918000;514.42;511.94;AFIB;AFIB
8920000;517.18;514.70;AFIB;AFIB
8922000;515.81;513.33;AFIB;AFIB
8924000;511.42;508.94;AFIB;AFIB
8926000;516.60;514.12;AFIB;AFIB
8928000;512.18;509.69;AFIB;AFIB
8930000;511.21;508.72;AFIB;AFIB
8932000;519.39;516.90;AFIB;AFIB
8934000;514.30;511.81;AFIB;AFIB
8936000;516.46;513.97;AFIB;AFIB
8938000;517.58;515.09;AFIB;AFIB
8940000;519.20;516.71;AFIB;AFIB
8942000;515.32;512.83;AFIB;AFIB
8944000;517.95;515.46;AFIB;AFIB
8946000;511.09;508.60;AFIB;AFIB
8948000;517.43;514.94;AFIB;AFIB
8950000;512.12;509.62;AFIB;AFIB
8952000;511.89;509.39;AFIB;AFIB
8954000;516.17;513.68;AFIB;AFIB
8956000;512.76;510.27;AFIB;AFIB
8958000;517.64;515.14;AFIB;AFIB
8960000;514.74;512.24;AFIB;AFIB
8962000;516.50;514.01;AFIB;AFIB
8964000;519.28;516.79;AFIB;AFIB
8966000;515.95;513.45;AFIB;AFIB
8968000;515.46;512.96;AFIB;AFIB
8970000;519.15;516.66;AFIB;AFIB
8972000;511.71;509.21;AFIB;AFIB
8974000;511.29;508.79;AFIB;AFIB
8976000;514.97;512.47;AFIB;AFIB
8978000;514.56;512.06;AFIB;AFIB
8980000;514.00;511.50;AFIB;AFIB
8982000;517.17;514.67;AFIB;AFIB
8984000;510.46;507.96;AFIB;AFIB
8986000;514.41;511.91;AFIB;AFIB
8988000;515.19;512.69;AFIB;AFIB
8990000;510.82;508.32;AFIB;AFIB
8992000;513.59;511.09;AFIB;AFIB
8994000;515.88;513.38;AFIB;AFIB
8996000;514.43;511.93;AFIB;AFIB
8998000;511.41;508.91;AFIB;AFIB
9000000;515.03;512.53;AFIB;AFIB
9002000;514.28;511.78;AFIB;AFIB
9004000;519.65;517.15;AFIB;AFIB
9006000;514.82;512.33;AFIB;AFIB
9008000;514.38;511.88;AFIB;AFIB
9010000;513.94;511.44;AFIB;AFIB
9012000;516.63;514.14;AFIB;AFIB
9014000;512.82;510.32;AFIB;AFIB
9016000;520.77;518.27;AFIB;AFIB
9018000;512.53;510.03;AFIB;AFIB
9020000;519.38;516.88;AFIB;AFIB
9022000;513.96;511.46;AFIB;AFIB
9024000;514.75;512.25;AFIB;AFIB
9026000;514.80;512.30;AFIB;AFIB
9028000;513.88;511.38;AFIB;AFIB
9030000;514.37;511.87;AFIB;AFIB
9032000;513.56;511.06;AFIB;AFIB
9034000;517.95;515.45;AFIB;AFIB
9036000;515.28;512.79;AFIB;AFIB
9038000;512.53;510.03;AFIB;AFIB
9040000;513.66;511.16;AFIB;AFIB
9042000;514.42;511.93;AFIB;AFIB
9044000;517.44;514.95;AFIB;AFIB
9046000;510.72;508.23;AFIB;AFIB
9048000;517.88;515.39;AFIB;AFIB
9050000;512.01;509.52;AFIB;AFIB
9052000;515.37;512.88;AFIB;AFIB
9054000;510.99;508.50;AFIB;AFIB
9056000;511.31;508.82;AFIB;AFIB
9058000;515.73;513.24;AFIB;AFIB
9060000;517.24;514.75;AFIB;AFIB
9062000;519.07;516.59;AFIB;AFIB
9064000;514.61;512.13;AFIB;AFIB
9066000;511.08;508.59;AFIB;AFIB
9068000;513.30;510.82;AFIB;AFIB
9070000;512.42;509.93;AFIB;AFIB
9072000;511.97;509.48;AFIB;AFIB
9074000;514.25;511.77;AFIB;AFIB
9076000;520.38;517.90;AFIB;AFIB
9078000;513.47;510.99;AFIB;AFIB
9080000;517.76;515.28;AFIB;AFIB
9082000;512.05;509.57;AFIB;AFIB
9084000;518.28;515.80;AFIB;AFIB
9086000;509.45;506.97;AFIB;AFIB
9088000;515.97;513.49;AFIB;AFIB
9090000;512.88;510.40;AFIB;AFIB
9092000;517.11;514.63;AFIB;AFIB
9094000;514.51;512.03;AFIB;AFIB
9096000;516.78;514.31;AFIB;AFIB
9098000;512.76;510.29;AFIB;AFIB
9100000;519.14;516.67;AFIB;AFIB
9102000;514.58;512.11;AFIB;AFIB
9104000;514.10;511.63;AFIB;AFIB
9106000;516.18;513.72;AFIB;AFIB
9108000;515.06;512.59;AFIB;AFIB
9110000;510.32;507.86;AFIB;AFIB
9112000;512.46;510.00;AFIB;AFIB
9114000;514.67;512.21;AFIB;AFIB
9116000;516.18;513.72;AFIB;AFIB
9118000;513.54;511.08;AFIB;AFIB
9120000;511.82;509.37;AFIB;AFIB
9122000;512.46;510.01;AFIB;AFIB
9124000;515.38;512.93;AFIB;AFIB
9126000;514.75;512.30;AFIB;AFIB
9128000;513.46;511.01;AFIB;AFIB
9130000;518.37;515.92;AFIB;AFIB
9132000;509.59;507.14;AFIB;AFIB
9134000;517.56;515.11;AFIB;AFIB
9136000;512.33;509.89;AFIB;AFIB
9138000;514.57;512.12;AFIB;AFIB
9140000;516.80;514.36;AFIB;AFIB
9142000;511.40;508.97;AFIB;AFIB
9144000;514.91;512.47;AFIB;AFIB
9146000;515.44;513.01;AFIB;AFIB
9148000;513.23;510.80;AFIB;AFIB
9150000;514.59;512.15;AFIB;AFIB
9152000;515.31;512.88;AFIB;AFIB
9154000;517.44;515.01;AFIB;AFIB
9156000;513.26;510.83;AFIB;AFIB
9158000;512.13;509.70;AFIB;AFIB
9160000;510.96;508.54;AFIB;AFIB
9162000;512.99;510.57;AFIB;AFIB
9164000;515.05;512.64;AFIB;AFIB
9166000;510.41;508.00;AFIB;AFIB
9168000;515.63;513.21;AFIB;AFIB
9170000;512.24;509.83;AFIB;AFIB
9172000;514.71;512.30;AFIB;AFIB
9174000;516.23;513.83;AFIB;AFIB
9176000;513.30;510.89;AFIB;AFIB
9178000;516.93;514.52;AFIB;AFIB
9180000;514.30;511.90;AFIB;AFIB
9182000;510.30;507.90;AFIB;AFIB
9184000;513.50;511.10;AFIB;AFIB
9186000;516.86;514.47;AFIB;AFIB
9188000;513.16;510.77;AFIB;AFIB
9190000;516.49;514.10;AFIB;AFIB
9192000;514.84;512.45;AFIB;AFIB
9194000;516.67;514.28;AFIB;AFIB
9196000;513.78;511.40;AFIB;AFIB
9198000;512.96;510.58;AFIB;AFIB
9200000;515.54;513.16;AFIB;AFIB
9202000;514.47;512.10;AFIB;AFIB
9204000;513.16;510.78;AFIB;AFIB
9206000;514.20;511.83;AFIB;AFIB
9208000;517.15;514.78;AFIB;AFIB
9210000;512.54;510.18;AFIB;AFIB
9212000;516.49;514.12;AFIB;AFIB
9214000;514.00;511.64;AFIB;AFIB
9216000;515.89;513.53;AFIB;AFIB
9218000;519.32;516.96;AFIB;AFIB
9220000;516.21;513.85;AFIB;AFIB
9222000;516.00;513.65;AFIB;AFIB
9224000;515.29;512.95;AFIB;AFIB
9226000;516.07;513.73;AFIB;AFIB
9228000;516.12;513.78;AFIB;AFIB
9230000;517.99;515.65;AFIB;AFIB
9232000;514.01;511.67;AFIB;AFIB
9234000;514.70;512.37;AFIB;AFIB
9236000;513.64;511.31;AFIB;AFIB
9238000;515.42;513.10;AFIB;AFIB
9240000;512.91;510.59;AFIB;AFIB
9242000;512.81;510.49;AFIB;AFIB
9244000;517.91;515.60;AFIB;AFIB
9246000;513.70;511.38;AFIB;AFIB
9248000;512.41;510.09;AFIB;AFIB
9250000;517.20;514.89;AFIB;AFIB
9252000;517.18;514.87;AFIB;AFIB
9254000;517.48;515.17;AFIB;AFIB
9256000;510.49;508.19;AFIB;AFIB
9258000;513.45;511.15;AFIB;AFIB
9260000;515.06;512.77;AFIB;AFIB
9262000;510.88;508.59;AFIB;AFIB
9264000;514.22;511.93;AFIB;AFIB
9266000;510.90;508.62;AFIB;AFIB
9268000;514.79;512.51;AFIB;AFIB
9270000;511.40;509.12;AFIB;AFIB
9272000;517.38;515.11;AFIB;AFIB
9274000;515.77;513.50;AFIB;AFIB
9276000;517.79;515.52;AFIB;AFIB
9278000;515.82;513.55;AFIB;AFIB
9280000;510.11;507.85;AFIB;AFIB
9282000;513.88;511.62;AFIB;AFIB
9284000;512.20;509.95;AFIB;AFIB
9286000;516.26;514.00;AFIB;AFIB
9288000;520.37;518.12;AFIB;AFIB
9290000;511.08;508.84;AFIB;AFIB
9292000;513.18;510.94;AFIB;AFIB
9294000;514.69;512.45;AFIB;AFIB
9296000;515.96;513.73;AFIB;AFIB
9298000;516.37;514.14;AFIB;AFIB
9300000;513.14;510.91;AFIB;AFIB
9302000;513.90;511.67;AFIB;AFIB
9304000;509.32;507.10;AFIB;AFIB
9306000;517.23;515.01;AFIB;AFIB
9308000;511.81;509.60;AFIB;AFIB
9310000;514.25;512.04;AFIB;AFIB
9312000;513.44;511.23;AFIB;AFIB
9314000;513.30;511.09;AFIB;AFIB
9316000;514.04;511.85;AFIB;AFIB
9318000;514.37;512.18;AFIB;AFIB
9320000;511.60;509.41;AFIB;AFIB
9322000;513.00;510.82;AFIB;AFIB
9324000;517.09;514.91;AFIB;AFIB
9326000;514.58;512.40;AFIB;AFIB
9328000;518.09;515.91;AFIB;AFIB
9330000;512.00;509.83;AFIB;AFIB
9332000;514.85;512.68;AFIB;AFIB
9334000;512.39;510.23;AFIB;AFIB
9336000;513.72;511.56;AFIB;AFIB
9338000;516.86;514.70;AFIB;AFIB
9340000;515.43;513.28;AFIB;AFIB
9342000;514.48;512.34;AFIB;AFIB
9344000;510.63;508.48;AFIB;AFIB
9346000;511.36;509.22;AFIB;AFIB
9348000;515.63;513.49;AFIB;AFIB
9350000;515.17;513.04;AFIB;AFIB
9352000;513.12;511.00;AFIB;AFIB
9354000;515.64;513.52;AFIB;AFIB
9356000;514.51;512.39;AFIB;AFIB
9358000;517.38;515.27;AFIB;AFIB
9360000;515.72;513.61;AFIB;AFIB
9362000;516.90;514.79;AFIB;AFIB
9364000;508.18;506.08;AFIB;AFIB
9366000;515.85;513.75;AFIB;AFIB
9368000;509.05;506.95;AFIB;AFIB
9370000;511.56;509.47;AFIB;AFIB
9372000;514.08;512.00;AFIB;AFIB
9374000;511.69;509.61;AFIB;AFIB
9376000;514.60;512.52;AFIB;AFIB
9378000;518.56;516.49;AFIB;AFIB
9380000;515.42;513.36;AFIB;AFIB
9382000;513.43;511.37;AFIB;AFIB
9384000;510.01;507.95;AFIB;AFIB
9386000;515.32;513.26;AFIB;AFIB
9388000;513.78;511.73;AFIB;AFIB
9390000;516.67;514.63;AFIB;AFIB
9392000;513.19;511.15;AFIB;AFIB
9394000;511.21;509.17;AFIB;AFIB
9396000;510.79;508.76;AFIB;AFIB
9398000;518.67;516.64;AFIB;AFIB
9400000;514.79;512.77;AFIB;AFIB
9402000;516.13;514.11;AFIB;AFIB
9404000;510.01;508.00;AFIB;AFIB
9406000;512.92;510.91;AFIB;AFIB
9408000;515.86;513.86;AFIB;AFIB
9410000;516.74;514.74;AFIB;AFIB
9412000;513.83;511.84;AFIB;AFIB
9414000;512.67;510.68;AFIB;AFIB
9416000;510.47;508.49;AFIB;AFIB
9418000;514.02;512.04;AFIB;AFIB
9420000;510.98;509.00;AFIB;AFIB
9422000;513.10;511.13;AFIB;AFIB
9424000;516.99;515.02;AFIB;AFIB
9426000;514.49;512.53;AFIB;AFIB
9428000;510.85;508.90;AFIB;AFIB
9430000;511.03;509.08;AFIB;AFIB
9432000;512.26;510.32;AFIB;AFIB
9434000;512.67;510.73;AFIB;AFIB
9436000;508.76;506.82;AFIB;AFIB
9438000;513.02;511.09;AFIB;AFIB
9440000;515.56;513.64;AFIB;AFIB
9442000;513.62;511.70;AFIB;AFIB
9444000;518.31;516.39;AFIB;AFIB
9446000;512.24;510.33;AFIB;AFIB
9448000;512.88;510.97;AFIB;AFIB
9450000;510.69;508.79;AFIB;AFIB
9452000;510.79;508.90;AFIB;AFIB
9454000;513.40;511.51;AFIB;AFIB
9456000;517.35;515.46;AFIB;AFIB
9458000;519.48;517.60;AFIB;AFIB
9460000;514.57;512.69;AFIB;AFIB
9462000;513.73;511.86;AFIB;AFIB
9464000;517.67;515.81;AFIB;AFIB
9466000;515.37;513.51;AFIB;AFIB
9468000;513.40;511.54;AFIB;AFIB
9470000;512.67;510.82;AFIB;AFIB
9472000;511.82;509.97;AFIB;AFIB
9474000;516.59;514.75;AFIB;AFIB
9476000;511.76;509.92;AFIB;AFIB
9478000;516.81;514.98;AFIB;AFIB
9480000;516.90;515.08;AFIB;AFIB
9482000;511.01;509.19;AFIB;AFIB
9484000;514.94;513.13;AFIB;AFIB
9486000;516.21;514.41;AFIB;AFIB
9488000;513.64;511.83;AFIB;AFIB
9490000;516.15;514.35;AFIB;AFIB
9492000;515.61;513.82;AFIB;AFIB
9494000;515.70;513.91;AFIB;AFIB
9496000;512.89;511.11;AFIB;AFIB
9498000;514.36;512.59;AFIB;AFIB
9500000;517.41;515.64;AFIB;AFIB
9502000;511.45;509.69;AFIB;AFIB
9504000;514.61;512.86;AFIB;AFIB
9506000;510.39;508.64;AFIB;AFIB
9508000;516.14;514.39;AFIB;AFIB
9510000;515.66;513.92;AFIB;AFIB
9512000;514.54;512.81;AFIB;AFIB
9514000;515.99;514.26;AFIB;AFIB
9516000;513.28;511.56;AFIB;AFIB
9518000;517.81;516.09;AFIB;AFIB
9520000;508.99;507.28;AFIB;AFIB
9522000;505.54;503.84;AFIB;AFIB
9524000;512.52;510.82;AFIB;AFIB
9526000;512.28;510.59;AFIB;AFIB
9528000;513.59;511.90;AFIB;AFIB
9530000;513.96;512.27;AFIB;AFIB
9532000;513.15;511.48;AFIB;AFIB
9534000;513.46;511.78;AFIB;AFIB
9536000;515.67;514.00;AFIB;AFIB
9538000;511.49;509.83;AFIB;AFIB
9540000;512.40;510.75;AFIB;AFIB
9542000;519.76;518.12;AFIB;AFIB
9544000;517.03;515.39;AFIB;AFIB
9546000;515.73;514.09;AFIB;AFIB
9548000;515.69;514.06;AFIB;AFIB
9550000;510.61;508.98;AFIB;AFIB
9552000;513.57;511.96;AFIB;AFIB
9554000;514.34;512.73;AFIB;AFIB
9556000;516.65;515.04;AFIB;AFIB
9558000;511.33;509.73;AFIB;AFIB
9560000;510.00;508.41;AFIB;AFIB
9562000;515.10;513.52;AFIB;AFIB
9564000;510.71;509.13;AFIB;AFIB
9566000;513.48;511.90;AFIB;AFIB
9568000;511.14;509.57;AFIB;AFIB
9570000;517.51;515.94;AFIB;AFIB
9572000;510.84;509.29;AFIB;AFIB
9574000;515.20;513.65;AFIB;AFIB
9576000;510.94;509.39;AFIB;AFIB
9578000;511.83;510.29;AFIB;AFIB
9580000;511.81;510.28;AFIB;AFIB
9582000;512.63;511.10;AFIB;AFIB
9584000;515.64;514.12;AFIB;AFIB
9586000;514.18;512.67;AFIB;AFIB
9588000;511.65;510.14;AFIB;AFIB
9590000;514.45;512.95;AFIB;AFIB
9592000;515.56;514.06;AFIB;AFIB
9594000;517.20;515.71;AFIB;AFIB
9596000;512.60;511.11;AFIB;AFIB
9598000;516.20;514.72;AFIB;AFIB
9600000;515.05;513.58;AFIB;AFIB
9602000;518.31;516.84;AFIB;AFIB
9604000;510.24;508.79;AFIB;AFIB
9606000;512.11;510.66;AFIB;AFIB
9608000;511.51;510.07;AFIB;AFIB
9610000;510.72;509.28;AFIB;AFIB
9612000;515.08;513.65;AFIB;AFIB
9614000;507.81;506.38;AFIB;AFIB
9616000;514.82;513.41;AFIB;AFIB
9618000;504.57;503.16;AFIB;AFIB
9620000;512.91;511.50;AFIB;AFIB
9622000;516.11;514.71;AFIB;AFIB
9624000;517.04;515.65;AFIB;AFIB
9626000;510.55;509.16;AFIB;AFIB
9628000;513.86;512.49;AFIB;AFIB
9630000;516.44;515.06;AFIB;AFIB
9632000;510.16;508.80;AFIB;AFIB
9634000;510.66;509.30;AFIB;AFIB
9636000;512.60;511.24;AFIB;AFIB
9638000;514.17;512.82;AFIB;AFIB
9640000;511.39;510.05;AFIB;AFIB
9642000;511.67;510.34;AFIB;AFIB
9644000;514.50;513.18;AFIB;AFIB
9646000;512.74;511.42;AFIB;AFIB
9648000;515.93;514.62;AFIB;AFIB
9650000;514.82;513.52;AFIB;AFIB
9652000;507.87;506.57;AFIB;AFIB
9654000;514.27;512.98;AFIB;AFIB
9656000;513.05;511.77;AFIB;AFIB
9658000;511.76;510.48;AFIB;AFIB
9660000;514.50;513.23;AFIB;AFIB
9662000;512.10;510.83;AFIB;AFIB
9664000;516.68;515.42;AFIB;AFIB
9666000;515.73;514.48;AFIB;AFIB
9668000;515.42;514.17;AFIB;AFIB
9670000;515.59;514.35;AFIB;AFIB
9672000;511.71;510.48;AFIB;AFIB
9674000;509.83;508.60;AFIB;AFIB
9676000;514.62;513.40;AFIB;AFIB
9678000;510.57;509.36;AFIB;AFIB
9680000;514.63;513.42;AFIB;AFIB
9682000;514.06;512.87;AFIB;AFIB
9684000;510.85;509.66;AFIB;AFIB
9686000;514.92;513.73;AFIB;AFIB
9688000;517.51;516.34;AFIB;AFIB
9690000;512.85;511.68;AFIB;AFIB
9692000;510.46;509.30;AFIB;AFIB
9694000;511.25;510.10;AFIB;AFIB
9696000;513.65;512.50;AFIB;AFIB
9698000;512.35;511.20;AFIB;AFIB
9700000;518.52;517.38;AFIB;AFIB
9702000;513.46;512.33;AFIB;AFIB
9704000;513.19;512.07;AFIB;AFIB
9706000;509.50;508.39;AFIB;AFIB
9708000;515.01;513.90;AFIB;AFIB
9710000;510.46;509.36;AFIB;AFIB
9712000;513.29;512.20;AFIB;AFIB
9714000;518.01;516.92;AFIB;AFIB
9716000;515.81;514.74;AFIB;AFIB
9718000;515.73;514.65;AFIB;AFIB
9720000;514.77;513.70;AFIB;AFIB
9722000;509.26;508.20;AFIB;AFIB
9724000;513.26;512.21;AFIB;AFIB
9726000;514.69;513.64;AFIB;AFIB
9728000;508.68;507.64;AFIB;AFIB
9730000;514.81;513.78;AFIB;AFIB
9732000;512.17;511.15;AFIB;AFIB
9734000;512.00;510.99;AFIB;AFIB
9736000;510.30;509.29;AFIB;AFIB
9738000;511.15;510.15;AFIB;AFIB
9740000;515.35;514.35;AFIB;AFIB
9742000;514.63;513.64;AFIB;AFIB
9744000;513.85;512.87;AFIB;AFIB
9746000;511.11;510.14;AFIB;AFIB
9748000;512.78;511.82;AFIB;AFIB
9750000;509.05;508.09;AFIB;AFIB
9752000;510.13;509.18;AFIB;AFIB
9754000;514.02;513.08;AFIB;AFIB
9756000;513.54;512.60;AFIB;AFIB
9758000;510.34;509.42;AFIB;AFIB
9760000;515.14;514.22;AFIB;AFIB
9762000;514.52;513.61;AFIB;AFIB
9764000;509.46;508.55;AFIB;AFIB
9766000;513.61;512.72;AFIB;AFIB
9768000;514.42;513.52;AFIB;AFIB
9770000;511.49;510.61;AFIB;AFIB
9772000;514.83;513.95;AFIB;AFIB
9774000;513.44;512.57;AFIB;AFIB
9776000;509.12;508.26;AFIB;AFIB
9778000;515.65;514.80;AFIB;AFIB
9780000;512.71;511.86;AFIB;AFIB
9782000;512.96;512.12;AFIB;AFIB
9784000;513.61;512.78;AFIB;AFIB
9786000;513.84;513.01;AFIB;AFIB
9788000;515.67;514.85;AFIB;AFIB
9790000;514.58;513.77;AFIB;AFIB
9792000;511.15;510.35;AFIB;AFIB
9794000;510.95;510.16;AFIB;AFIB
9796000;512.09;511.30;AFIB;AFIB
9798000;514.80;514.02;AFIB;AFIB
9800000;510.40;509.63;AFIB;AFIB
9802000;509.84;509.07;AFIB;AFIB
9804000;510.47;509.71;AFIB;AFIB
9806000;516.90;516.15;AFIB;AFIB
9808000;515.82;515.08;AFIB;AFIB
9810000;513.86;513.12;AFIB;AFIB
9812000;509.64;508.92;AFIB;AFIB
9814000;514.59;513.87;AFIB;AFIB
9816000;512.02;511.30;AFIB;AFIB
9818000;513.71;513.00;AFIB;AFIB
9820000;511.40;510.71;AFIB;AFIB
9822000;510.24;509.55;AFIB;AFIB
9824000;511.81;511.12;AFIB;AFIB
9826000;508.85;508.18;AFIB;AFIB
9828000;510.87;510.20;AFIB;AFIB
9830000;517.51;516.85;AFIB;AFIB
9832000;515.89;515.23;AFIB;AFIB
9834000;510.98;510.33;AFIB;AFIB
9836000;511.96;511.32;AFIB;AFIB
9838000;515.44;514.82;AFIB;AFIB
9840000;511.76;511.14;AFIB;AFIB
9842000;509.56;508.94;AFIB;AFIB
9844000;513.79;513.18;AFIB;AFIB
9846000;512.27;511.67;AFIB;AFIB
9848000;517.33;516.74;AFIB;AFIB
9850000;509.78;509.19;AFIB;AFIB
9852000;511.14;510.56;AFIB;AFIB
9854000;508.89;508.32;AFIB;AFIB
9856000;516.00;515.44;AFIB;AFIB
9858000;513.78;513.22;AFIB;AFIB
9860000;513.77;513.23;AFIB;AFIB
9862000;512.67;512.13;AFIB;AFIB
9864000;511.23;510.70;AFIB;AFIB
9866000;519.02;518.49;AFIB;AFIB
9868000;509.33;508.81;AFIB;AFIB
9870000;513.26;512.75;AFIB;AFIB
9872000;511.05;510.55;AFIB;AFIB
9874000;509.77;509.28;AFIB;AFIB
9876000;515.68;515.19;AFIB;AFIB
9878000;515.49;515.01;AFIB;AFIB
9880000;514.02;513.56;AFIB;AFIB
9882000;511.82;511.36;AFIB;AFIB
9884000;513.43;512.98;AFIB;AFIB
9886000;510.87;510.43;AFIB;AFIB
9888000;512.68;512.24;AFIB;AFIB
9890000;511.07;510.64;AFIB;AFIB
9892000;511.63;511.20;AFIB;AFIB
9894000;515.38;514.96;AFIB;AFIB
9896000;511.04;510.63;AFIB;AFIB
9898000;510.07;509.67;AFIB;AFIB
9900000;510.44;510.05;AFIB;AFIB
9902000;510.55;510.16;AFIB;AFIB
9904000;516.07;515.69;AFIB;AFIB
9906000;511.80;511.44;AFIB;AFIB
9908000;509.88;509.52;AFIB;AFIB
9910000;511.85;511.50;AFIB;AFIB
9912000;513.17;512.83;AFIB;AFIB
9914000;512.90;512.57;AFIB;AFIB
9916000;512.65;512.32;AFIB;AFIB
9918000;516.19;515.87;AFIB;AFIB
9920000;509.94;509.63;AFIB;AFIB
9922000;514.42;514.12;AFIB;AFIB
9924000;511.20;510.90;AFIB;AFIB
9926000;511.59;511.30;AFIB;AFIB
9928000;511.62;511.34;AFIB;AFIB
9930000;513.22;512.94;AFIB;AFIB
9932000;511.43;511.17;AFIB;AFIB
9934000;515.47;515.21;AFIB;AFIB
9936000;513.24;512.99;AFIB;AFIB
9938000;514.00;513.75;AFIB;AFIB
9940000;510.27;510.03;AFIB;AFIB
9942000;516.49;516.27;AFIB;AFIB
9944000;514.12;513.90;AFIB;AFIB
9946000;508.39;508.18;AFIB;AFIB
9948000;513.11;512.91;AFIB;AFIB
9950000;516.14;515.94;AFIB;AFIB
9952000;512.53;512.34;AFIB;AFIB
9954000;511.53;511.35;AFIB;AFIB
9956000;511.20;511.03;AFIB;AFIB
9958000;512.59;512.43;AFIB;AFIB
9960000;507.50;507.35;AFIB;AFIB
9962000;509.88;509.73;AFIB;AFIB
9964000;512.60;512.46;AFIB;AFIB
9966000;512.14;512.01;AFIB;AFIB
9968000;514.51;514.38;AFIB;AFIB
9970000;514.05;513.93;AFIB;AFIB
9972000;511.86;511.75;AFIB;AFIB
9974000;515.47;515.37;AFIB;AFIB
9976000;513.73;513.64;AFIB;AFIB
9978000;511.10;511.02;AFIB;AFIB
9980000;513.10;513.02;AFIB;AFIB
9982000;506.96;506.89;AFIB;AFIB
9984000;513.84;513.78;AFIB;AFIB
9986000;508.91;508.85;AFIB;AFIB
9988000;510.82;510.77;AFIB;AFIB
9990000;511.28;511.24;AFIB;AFIB
9992000;509.38;509.34;AFIB;AFIB
9994000;513.49;513.47;AFIB;AFIB
9996000;511.91;511.89;AFIB;AFIB
9998000;511.59;511.58;AFIB;AFIB
