timestamp_us;raw_adc;filtered_val;rhythm;class_code
0;512.28;512.28;TACHYCARDIA;TACHY
2000;513.46;513.46;TACHYCARDIA;TACHY
4000;512.07;512.06;TACHYCARDIA;TACHY
6000;512.60;512.59;TACHYCARDIA;TACHY
8000;511.84;511.82;TACHYCARDIA;TACHY
10000;511.27;511.26;TACHYCARDIA;TACHY
12000;511.63;511.61;TACHYCARDIA;TACHY
14000;513.12;513.10;TACHYCARDIA;TACHY
16000;512.58;512.55;TACHYCARDIA;TACHY
18000;512.31;512.28;TACHYCARDIA;TACHY
20000;513.08;513.05;TACHYCARDIA;TACHY
22000;512.56;512.53;TACHYCARDIA;TACHY
24000;510.20;510.16;TACHYCARDIA;TACHY
26000;512.23;512.19;TACHYCARDIA;TACHY
28000;511.25;511.21;TACHYCARDIA;TACHY
30000;512.19;512.14;TACHYCARDIA;TACHY
32000;512.43;512.38;TACHYCARDIA;TACHY
34000;511.42;511.37;TACHYCARDIA;TACHY
36000;512.49;512.44;TACHYCARDIA;TACHY
38000;513.23;513.17;TACHYCARDIA;TACHY
40000;513.46;513.39;TACHYCARDIA;TACHY
42000;511.51;511.44;TACHYCARDIA;TACHY
44000;512.07;512.00;TACHYCARDIA;TACHY
46000;512.78;512.71;TACHYCARDIA;TACHY
48000;511.25;511.18;TACHYCARDIA;TACHY
50000;511.65;511.57;TACHYCARDIA;TACHY
52000;510.88;510.80;TACHYCARDIA;TACHY
54000;509.78;509.69;TACHYCARDIA;TACHY
56000;511.75;511.67;TACHYCARDIA;TACHY
58000;511.10;511.00;TACHYCARDIA;TACHY
60000;512.56;512.47;TACHYCARDIA;TACHY
62000;512.05;511.96;TACHYCARDIA;TACHY
64000;512.10;512.00;TACHYCARDIA;TACHY
66000;512.24;512.13;TACHYCARDIA;TACHY
68000;511.00;510.89;TACHYCARDIA;TACHY
70000;512.19;512.08;TACHYCARDIA;TACHY
72000;509.98;509.86;TACHYCARDIA;TACHY
74000;511.05;510.93;TACHYCARDIA;TACHY
76000;511.22;511.11;TACHYCARDIA;TACHY
78000;512.12;512.00;TACHYCARDIA;TACHY
80000;512.10;511.97;TACHYCARDIA;TACHY
82000;512.29;512.16;TACHYCARDIA;TACHY
84000;512.88;512.75;TACHYCARDIA;TACHY
86000;512.89;512.75;TACHYCARDIA;TACHY
88000;511.24;511.11;TACHYCARDIA;TACHY
90000;511.70;511.56;TACHYCARDIA;TACHY
92000;511.80;511.65;TACHYCARDIA;TACHY
94000;511.98;511.83;TACHYCARDIA;TACHY
96000;510.93;510.78;TACHYCARDIA;TACHY
98000;513.55;513.39;TACHYCARDIA;TACHY
100000;513.04;512.89;TACHYCARDIA;TACHY
102000;512.75;512.59;TACHYCARDIA;TACHY
104000;512.58;512.42;TACHYCARDIA;TACHY
106000;512.06;511.89;TACHYCARDIA;TACHY
108000;511.61;511.44;TACHYCARDIA;TACHY
110000;510.30;510.13;TACHYCARDIA;TACHY
112000;511.62;511.44;TACHYCARDIA;TACHY
114000;511.77;511.60;TACHYCARDIA;TACHY
116000;512.91;512.73;TACHYCARDIA;TACHY
118000;512.64;512.46;TACHYCARDIA;TACHY
120000;512.96;512.78;TACHYCARDIA;TACHY
122000;511.68;511.49;TACHYCARDIA;TACHY
124000;511.32;511.12;TACHYCARDIA;TACHY
126000;513.12;512.92;TACHYCARDIA;TACHY
128000;512.42;512.22;TACHYCARDIA;TACHY
130000;512.15;511.94;TACHYCARDIA;TACHY
132000;513.94;513.74;TACHYCARDIA;TACHY
134000;511.98;511.77;TACHYCARDIA;TACHY
136000;510.80;510.59;TACHYCARDIA;TACHY
138000;511.94;511.72;TACHYCARDIA;TACHY
140000;511.38;511.16;TACHYCARDIA;TACHY
142000;512.63;512.41;TACHYCARDIA;TACHY
144000;511.99;511.76;TACHYCARDIA;TACHY
146000;513.59;513.37;TACHYCARDIA;TACHY
148000;513.36;513.13;TACHYCARDIA;TACHY
150000;513.51;513.28;TACHYCARDIA;TACHY
152000;511.79;511.56;TACHYCARDIA;TACHY
154000;511.44;511.20;TACHYCARDIA;TACHY
156000;511.43;511.19;TACHYCARDIA;TACHY
158000;513.24;512.99;TACHYCARDIA;TACHY
160000;513.05;512.80;TACHYCARDIA;TACHY
162000;512.07;511.82;TACHYCARDIA;TACHY
164000;512.64;512.39;TACHYCARDIA;TACHY
166000;511.57;511.31;TACHYCARDIA;TACHY
168000;510.96;510.70;TACHYCARDIA;TACHY
170000;513.81;513.55;TACHYCARDIA;TACHY
172000;513.29;513.02;TACHYCARDIA;TACHY
174000;513.06;512.79;TACHYCARDIA;TACHY
176000;512.38;512.11;TACHYCARDIA;TACHY
178000;513.20;512.92;TACHYCARDIA;TACHY
180000;512.44;512.17;TACHYCARDIA;TACHY
182000;512.14;511.86;TACHYCARDIA;TACHY
184000;513.67;513.39;TACHYCARDIA;TACHY
186000;511.48;511.19;TACHYCARDIA;TACHY
188000;510.67;510.38;TACHYCARDIA;TACHY
190000;513.43;513.14;TACHYCARDIA;TACHY
192000;513.07;512.77;TACHYCARDIA;TACHY
194000;511.65;511.35;TACHYCARDIA;TACHY
196000;512.22;511.91;TACHYCARDIA;TACHY
198000;511.98;511.67;TACHYCARDIA;TACHY
200000;512.30;511.99;TACHYCARDIA;TACHY
202000;512.05;511.73;TACHYCARDIA;TACHY
204000;512.83;512.52;TACHYCARDIA;TACHY
206000;512.73;512.41;TACHYCARDIA;TACHY
208000;512.42;512.10;TACHYCARDIA;TACHY
210000;510.70;510.37;TACHYCARDIA;TACHY
212000;512.30;511.97;TACHYCARDIA;TACHY
214000;511.72;511.39;TACHYCARDIA;TACHY
216000;512.64;512.31;TACHYCARDIA;TACHY
218000;512.24;511.91;TACHYCARDIA;TACHY
220000;512.09;511.75;TACHYCARDIA;TACHY
222000;513.01;512.67;TACHYCARDIA;TACHY
224000;512.31;511.97;TACHYCARDIA;TACHY
226000;512.51;512.17;TACHYCARDIA;TACHY
228000;511.55;511.20;TACHYCARDIA;TACHY
230000;511.61;511.26;TACHYCARDIA;TACHY
232000;512.51;512.16;TACHYCARDIA;TACHY
234000;513.21;512.85;TACHYCARDIA;TACHY
236000;511.67;511.31;TACHYCARDIA;TACHY
238000;511.49;511.13;TACHYCARDIA;TACHY
240000;511.97;511.60;TACHYCARDIA;TACHY
242000;512.43;512.06;TACHYCARDIA;TACHY
244000;512.58;512.21;TACHYCARDIA;TACHY
246000;511.96;511.59;TACHYCARDIA;TACHY
248000;511.19;510.81;TACHYCARDIA;TACHY
250000;513.93;513.55;TACHYCARDIA;TACHY
252000;513.12;512.74;TACHYCARDIA;TACHY
254000;512.59;512.20;TACHYCARDIA;TACHY
256000;513.49;513.10;TACHYCARDIA;TACHY
258000;512.74;512.35;TACHYCARDIA;TACHY
260000;512.71;512.31;TACHYCARDIA;TACHY
262000;512.40;512.00;TACHYCARDIA;TACHY
264000;512.23;511.83;TACHYCARDIA;TACHY
266000;512.40;512.00;TACHYCARDIA;TACHY
268000;512.74;512.33;TACHYCARDIA;TACHY
270000;511.68;511.27;TACHYCARDIA;TACHY
272000;513.48;513.06;TACHYCARDIA;TACHY
274000;512.83;512.41;TACHYCARDIA;TACHY
276000;512.30;511.88;TACHYCARDIA;TACHY
278000;513.76;513.34;TACHYCARDIA;TACHY
280000;512.68;512.25;TACHYCARDIA;TACHY
282000;511.38;510.95;TACHYCARDIA;TACHY
284000;512.61;512.18;TACHYCARDIA;TACHY
286000;511.86;511.42;TACHYCARDIA;TACHY
288000;510.82;510.39;TACHYCARDIA;TACHY
290000;510.54;510.10;TACHYCARDIA;TACHY
292000;512.53;512.09;TACHYCARDIA;TACHY
294000;512.00;511.56;TACHYCARDIA;TACHY
296000;512.26;511.81;TACHYCARDIA;TACHY
298000;511.72;511.27;TACHYCARDIA;TACHY
300000;512.26;511.81;TACHYCARDIA;TACHY
302000;512.11;511.66;TACHYCARDIA;TACHY
304000;512.83;512.37;TACHYCARDIA;TACHY
306000;512.23;511.77;TACHYCARDIA;TACHY
308000;512.80;512.34;TACHYCARDIA;TACHY
310000;512.37;511.90;TACHYCARDIA;TACHY
312000;513.24;512.77;TACHYCARDIA;TACHY
314000;511.93;511.45;TACHYCARDIA;TACHY
316000;511.30;510.82;TACHYCARDIA;TACHY
318000;511.25;510.78;TACHYCARDIA;TACHY
320000;513.39;512.91;TACHYCARDIA;TACHY
322000;513.15;512.66;TACHYCARDIA;TACHY
324000;512.16;511.67;TACHYCARDIA;TACHY
326000;513.67;513.18;TACHYCARDIA;TACHY
328000;513.52;513.03;TACHYCARDIA;TACHY
330000;512.51;512.01;TACHYCARDIA;TACHY
332000;510.88;510.38;TACHYCARDIA;TACHY
334000;514.47;513.97;TACHYCARDIA;TACHY
336000;511.23;510.73;TACHYCARDIA;TACHY
338000;513.01;512.50;TACHYCARDIA;TACHY
340000;513.17;512.66;TACHYCARDIA;TACHY
342000;511.68;511.17;TACHYCARDIA;TACHY
344000;513.56;513.05;TACHYCARDIA;TACHY
346000;510.60;510.09;TACHYCARDIA;TACHY
348000;511.09;510.57;TACHYCARDIA;TACHY
350000;512.90;512.37;TACHYCARDIA;TACHY
352000;510.68;510.16;TACHYCARDIA;TACHY
354000;511.06;510.53;TACHYCARDIA;TACHY
356000;512.36;511.83;TACHYCARDIA;TACHY
358000;511.80;511.27;TACHYCARDIA;TACHY
360000;512.22;511.68;TACHYCARDIA;TACHY
362000;513.66;513.12;TACHYCARDIA;TACHY
364000;512.39;511.85;TACHYCARDIA;TACHY
366000;512.34;511.80;TACHYCARDIA;TACHY
368000;512.63;512.08;TACHYCARDIA;TACHY
370000;513.27;512.72;TACHYCARDIA;TACHY
372000;513.12;512.57;TACHYCARDIA;TACHY
374000;512.62;512.07;TACHYCARDIA;TACHY
376000;515.07;514.51;TACHYCARDIA;TACHY
378000;513.40;512.84;TACHYCARDIA;TACHY
380000;512.84;512.28;TACHYCARDIA;TACHY
382000;512.16;511.60;TACHYCARDIA;TACHY
384000;512.15;511.58;TACHYCARDIA;TACHY
386000;513.44;512.87;TACHYCARDIA;TACHY
388000;512.05;511.48;TACHYCARDIA;TACHY
390000;512.15;511.57;TACHYCARDIA;TACHY
392000;512.18;511.60;TACHYCARDIA;TACHY
394000;513.17;512.59;TACHYCARDIA;TACHY
396000;512.80;512.22;TACHYCARDIA;TACHY
398000;512.41;511.83;TACHYCARDIA;TACHY
400000;511.08;510.49;TACHYCARDIA;TACHY
402000;513.62;513.03;TACHYCARDIA;TACHY
404000;511.12;510.53;TACHYCARDIA;TACHY
406000;512.64;512.04;TACHYCARDIA;TACHY
408000;511.30;510.70;TACHYCARDIA;TACHY
410000;512.36;511.76;TACHYCARDIA;TACHY
412000;512.15;511.55;TACHYCARDIA;TACHY
414000;513.33;512.73;TACHYCARDIA;TACHY
416000;512.99;512.39;TACHYCARDIA;TACHY
418000;513.43;512.82;TACHYCARDIA;TACHY
420000;512.10;511.48;TACHYCARDIA;TACHY
422000;512.43;511.82;TACHYCARDIA;TACHY
424000;511.96;511.34;TACHYCARDIA;TACHY
426000;512.17;511.55;TACHYCARDIA;TACHY
428000;511.57;510.94;TACHYCARDIA;TACHY
430000;512.89;512.27;TACHYCARDIA;TACHY
432000;512.88;512.25;TACHYCARDIA;TACHY
434000;512.79;512.16;TACHYCARDIA;TACHY
436000;511.67;511.04;TACHYCARDIA;TACHY
438000;511.69;511.05;TACHYCARDIA;TACHY
440000;512.17;511.53;TACHYCARDIA;TACHY
442000;512.55;511.91;TACHYCARDIA;TACHY
444000;513.16;512.52;TACHYCARDIA;TACHY
446000;512.80;512.15;TACHYCARDIA;TACHY
448000;513.85;513.21;TACHYCARDIA;TACHY
450000;513.13;512.48;TACHYCARDIA;TACHY
452000;513.37;512.72;TACHYCARDIA;TACHY
454000;511.61;510.96;TACHYCARDIA;TACHY
456000;513.85;513.20;TACHYCARDIA;TACHY
458000;512.67;512.01;TACHYCARDIA;TACHY
460000;512.78;512.12;TACHYCARDIA;TACHY
462000;512.96;512.29;TACHYCARDIA;TACHY
464000;512.16;511.49;TACHYCARDIA;TACHY
466000;511.73;511.06;TACHYCARDIA;TACHY
468000;512.15;511.47;TACHYCARDIA;TACHY
470000;514.04;513.36;TACHYCARDIA;TACHY
472000;514.19;513.52;TACHYCARDIA;TACHY
474000;512.75;512.07;TACHYCARDIA;TACHY
476000;512.24;511.56;TACHYCARDIA;TACHY
478000;512.45;511.77;TACHYCARDIA;TACHY
480000;513.09;512.40;TACHYCARDIA;TACHY
482000;513.00;512.31;TACHYCARDIA;TACHY
484000;512.96;512.27;TACHYCARDIA;TACHY
486000;513.42;512.73;TACHYCARDIA;TACHY
488000;511.94;511.24;TACHYCARDIA;TACHY
490000;511.82;511.12;TACHYCARDIA;TACHY
492000;511.84;511.14;TACHYCARDIA;TACHY
494000;512.56;511.86;TACHYCARDIA;TACHY
496000;513.63;512.93;TACHYCARDIA;TACHY
498000;512.18;511.47;TACHYCARDIA;TACHY
500000;513.15;512.45;TACHYCARDIA;TACHY
502000;513.53;512.82;TACHYCARDIA;TACHY
504000;513.72;513.01;TACHYCARDIA;TACHY
506000;512.90;512.19;TACHYCARDIA;TACHY
508000;513.49;512.78;TACHYCARDIA;TACHY
510000;514.06;513.34;TACHYCARDIA;TACHY
512000;512.84;512.12;TACHYCARDIA;TACHY
514000;513.47;512.75;TACHYCARDIA;TACHY
516000;513.38;512.65;TACHYCARDIA;TACHY
518000;512.95;512.22;TACHYCARDIA;TACHY
520000;512.46;511.73;TACHYCARDIA;TACHY
522000;513.70;512.97;TACHYCARDIA;TACHY
524000;512.59;511.86;TACHYCARDIA;TACHY
526000;513.93;513.20;TACHYCARDIA;TACHY
528000;513.86;513.12;TACHYCARDIA;TACHY
530000;514.58;513.84;TACHYCARDIA;TACHY
532000;512.26;511.52;TACHYCARDIA;TACHY
534000;514.07;513.33;TACHYCARDIA;TACHY
536000;512.78;512.04;TACHYCARDIA;TACHY
538000;513.22;512.48;TACHYCARDIA;TACHY
540000;512.53;511.78;TACHYCARDIA;TACHY
542000;512.55;511.80;TACHYCARDIA;TACHY
544000;512.57;511.82;TACHYCARDIA;TACHY
546000;512.24;511.48;TACHYCARDIA;TACHY
548000;513.18;512.42;TACHYCARDIA;TACHY
550000;512.54;511.78;TACHYCARDIA;TACHY
552000;512.55;511.79;TACHYCARDIA;TACHY
554000;511.91;511.14;TACHYCARDIA;TACHY
556000;512.85;512.08;TACHYCARDIA;TACHY
558000;512.21;511.45;TACHYCARDIA;TACHY
560000;513.17;512.40;TACHYCARDIA;TACHY
562000;512.33;511.56;TACHYCARDIA;TACHY
564000;512.05;511.28;TACHYCARDIA;TACHY
566000;512.28;511.51;TACHYCARDIA;TACHY
568000;512.68;511.90;TACHYCARDIA;TACHY
570000;512.75;511.97;TACHYCARDIA;TACHY
572000;512.58;511.80;TACHYCARDIA;TACHY
574000;513.09;512.31;TACHYCARDIA;TACHY
576000;512.71;511.92;TACHYCARDIA;TACHY
578000;512.57;511.79;TACHYCARDIA;TACHY
580000;512.67;511.88;TACHYCARDIA;TACHY
582000;513.37;512.58;TACHYCARDIA;TACHY
584000;512.91;512.11;TACHYCARDIA;TACHY
586000;512.20;511.40;TACHYCARDIA;TACHY
588000;512.06;511.26;TACHYCARDIA;TACHY
590000;511.17;510.37;TACHYCARDIA;TACHY
592000;511.86;511.05;TACHYCARDIA;TACHY
594000;512.91;512.11;TACHYCARDIA;TACHY
596000;513.75;512.95;TACHYCARDIA;TACHY
598000;513.43;512.62;TACHYCARDIA;TACHY
600000;513.77;512.96;TACHYCARDIA;TACHY
602000;512.44;511.63;TACHYCARDIA;TACHY
604000;512.63;511.82;TACHYCARDIA;TACHY
606000;514.46;513.64;TACHYCARDIA;TACHY
608000;512.80;511.98;TACHYCARDIA;TACHY
610000;512.82;512.00;TACHYCARDIA;TACHY
612000;512.39;511.57;TACHYCARDIA;TACHY
614000;512.63;511.80;TACHYCARDIA;TACHY
616000;514.23;513.41;TACHYCARDIA;TACHY
618000;513.21;512.38;TACHYCARDIA;TACHY
620000;512.33;511.51;TACHYCARDIA;TACHY
622000;510.97;510.14;TACHYCARDIA;TACHY
624000;514.36;513.53;TACHYCARDIA;TACHY
626000;513.32;512.49;TACHYCARDIA;TACHY
628000;511.86;511.03;TACHYCARDIA;TACHY
630000;513.07;512.24;TACHYCARDIA;TACHY
632000;512.87;512.03;TACHYCARDIA;TACHY
634000;514.06;513.23;TACHYCARDIA;TACHY
636000;511.97;511.13;TACHYCARDIA;TACHY
638000;512.15;511.30;TACHYCARDIA;TACHY
640000;513.41;512.57;TACHYCARDIA;TACHY
642000;513.45;512.61;TACHYCARDIA;TACHY
644000;512.46;511.62;TACHYCARDIA;TACHY
646000;512.31;511.46;TACHYCARDIA;TACHY
648000;514.35;513.50;TACHYCARDIA;TACHY
650000;513.80;512.95;TACHYCARDIA;TACHY
652000;512.46;511.61;TACHYCARDIA;TACHY
654000;512.79;511.94;TACHYCARDIA;TACHY
656000;513.86;513.00;TACHYCARDIA;TACHY
658000;513.00;512.14;TACHYCARDIA;TACHY
660000;511.41;510.55;TACHYCARDIA;TACHY
662000;512.69;511.83;TACHYCARDIA;TACHY
664000;512.39;511.52;TACHYCARDIA;TACHY
666000;514.72;513.86;TACHYCARDIA;TACHY
668000;510.70;509.83;TACHYCARDIA;TACHY
670000;514.20;513.33;TACHYCARDIA;TACHY
672000;512.81;511.94;TACHYCARDIA;TACHY
674000;513.06;512.19;TACHYCARDIA;TACHY
676000;514.10;513.23;TACHYCARDIA;TACHY
678000;512.30;511.42;TACHYCARDIA;TACHY
680000;512.46;511.59;TACHYCARDIA;TACHY
682000;513.19;512.31;TACHYCARDIA;TACHY
684000;514.65;513.77;TACHYCARDIA;TACHY
686000;511.59;510.71;TACHYCARDIA;TACHY
688000;514.12;513.24;TACHYCARDIA;TACHY
690000;513.77;512.88;TACHYCARDIA;TACHY
692000;512.84;511.95;TACHYCARDIA;TACHY
694000;512.99;512.11;TACHYCARDIA;TACHY
696000;513.32;512.43;TACHYCARDIA;TACHY
698000;511.23;510.34;TACHYCARDIA;TACHY
700000;512.21;511.32;TACHYCARDIA;TACHY
702000;512.88;511.98;TACHYCARDIA;TACHY
704000;511.62;510.73;TACHYCARDIA;TACHY
706000;512.36;511.47;TACHYCARDIA;TACHY
708000;512.30;511.40;TACHYCARDIA;TACHY
710000;512.73;511.83;TACHYCARDIA;TACHY
712000;513.41;512.51;TACHYCARDIA;TACHY
714000;513.35;512.45;TACHYCARDIA;TACHY
716000;511.20;510.30;TACHYCARDIA;TACHY
718000;512.88;511.98;TACHYCARDIA;TACHY
720000;513.04;512.13;TACHYCARDIA;TACHY
722000;512.54;511.63;TACHYCARDIA;TACHY
724000;511.14;510.23;TACHYCARDIA;TACHY
726000;514.14;513.23;TACHYCARDIA;TACHY
728000;512.93;512.02;TACHYCARDIA;TACHY
730000;512.02;511.11;TACHYCARDIA;TACHY
732000;513.57;512.66;TACHYCARDIA;TACHY
734000;514.80;513.88;TACHYCARDIA;TACHY
736000;512.98;512.07;TACHYCARDIA;TACHY
738000;512.83;511.92;TACHYCARDIA;TACHY
740000;513.61;512.69;TACHYCARDIA;TACHY
742000;513.87;512.95;TACHYCARDIA;TACHY
744000;513.56;512.64;TACHYCARDIA;TACHY
746000;513.68;512.76;TACHYCARDIA;TACHY
748000;513.29;512.37;TACHYCARDIA;TACHY
750000;513.67;512.74;TACHYCARDIA;TACHY
752000;513.63;512.70;TACHYCARDIA;TACHY
754000;510.92;509.99;TACHYCARDIA;TACHY
756000;511.59;510.66;TACHYCARDIA;TACHY
758000;512.34;511.42;TACHYCARDIA;TACHY
760000;513.79;512.86;TACHYCARDIA;TACHY
762000;514.00;513.07;TACHYCARDIA;TACHY
764000;513.15;512.22;TACHYCARDIA;TACHY
766000;513.59;512.66;TACHYCARDIA;TACHY
768000;512.77;511.83;TACHYCARDIA;TACHY
770000;513.52;512.58;TACHYCARDIA;TACHY
772000;513.39;512.46;TACHYCARDIA;TACHY
774000;511.68;510.74;TACHYCARDIA;TACHY
776000;512.65;511.71;TACHYCARDIA;TACHY
778000;513.81;512.87;TACHYCARDIA;TACHY
780000;511.05;510.11;TACHYCARDIA;TACHY
782000;512.59;511.65;TACHYCARDIA;TACHY
784000;511.72;510.78;TACHYCARDIA;TACHY
786000;513.16;512.21;TACHYCARDIA;TACHY
788000;512.32;511.37;TACHYCARDIA;TACHY
790000;512.62;511.68;TACHYCARDIA;TACHY
792000;512.53;511.58;TACHYCARDIA;TACHY
794000;513.64;512.69;TACHYCARDIA;TACHY
796000;513.79;512.84;TACHYCARDIA;TACHY
798000;514.12;513.17;TACHYCARDIA;TACHY
800000;513.04;512.09;TACHYCARDIA;TACHY
802000;513.72;512.76;TACHYCARDIA;TACHY
804000;512.14;511.19;TACHYCARDIA;TACHY
806000;513.86;512.90;TACHYCARDIA;TACHY
808000;512.14;511.19;TACHYCARDIA;TACHY
810000;514.43;513.48;TACHYCARDIA;TACHY
812000;512.39;511.43;TACHYCARDIA;TACHY
814000;512.93;511.97;TACHYCARDIA;TACHY
816000;512.72;511.76;TACHYCARDIA;TACHY
818000;513.10;512.14;TACHYCARDIA;TACHY
820000;514.01;513.05;TACHYCARDIA;TACHY
822000;513.18;512.22;TACHYCARDIA;TACHY
824000;513.17;512.21;TACHYCARDIA;TACHY
826000;513.88;512.92;TACHYCARDIA;TACHY
828000;513.74;512.78;TACHYCARDIA;TACHY
830000;512.05;511.09;TACHYCARDIA;TACHY
832000;512.56;511.59;TACHYCARDIA;TACHY
834000;513.86;512.89;TACHYCARDIA;TACHY
836000;512.27;511.30;TACHYCARDIA;TACHY
838000;513.82;512.85;TACHYCARDIA;TACHY
840000;514.04;513.07;TACHYCARDIA;TACHY
842000;513.58;512.61;TACHYCARDIA;TACHY
844000;512.09;511.12;TACHYCARDIA;TACHY
846000;512.18;511.21;TACHYCARDIA;TACHY
848000;513.96;512.99;TACHYCARDIA;TACHY
850000;512.55;511.58;TACHYCARDIA;TACHY
852000;514.27;513.30;TACHYCARDIA;TACHY
854000;513.53;512.56;TACHYCARDIA;TACHY
856000;513.10;512.13;TACHYCARDIA;TACHY
858000;511.96;510.98;TACHYCARDIA;TACHY
860000;512.02;511.04;TACHYCARDIA;TACHY
862000;511.54;510.56;TACHYCARDIA;TACHY
864000;513.09;512.11;TACHYCARDIA;TACHY
866000;513.55;512.57;TACHYCARDIA;TACHY
868000;512.69;511.71;TACHYCARDIA;TACHY
870000;513.23;512.25;TACHYCARDIA;TACHY
872000;513.99;513.01;TACHYCARDIA;TACHY
874000;512.01;511.03;TACHYCARDIA;TACHY
876000;513.22;512.24;TACHYCARDIA;TACHY
878000;512.37;511.39;TACHYCARDIA;TACHY
880000;512.00;511.02;TACHYCARDIA;TACHY
882000;513.83;512.84;TACHYCARDIA;TACHY
884000;512.50;511.51;TACHYCARDIA;TACHY
886000;513.38;512.39;TACHYCARDIA;TACHY
888000;513.45;512.47;TACHYCARDIA;TACHY
890000;514.02;513.04;TACHYCARDIA;TACHY
892000;512.52;511.53;TACHYCARDIA;TACHY
894000;512.72;511.74;TACHYCARDIA;TACHY
896000;513.93;512.95;TACHYCARDIA;TACHY
898000;513.07;512.08;TACHYCARDIA;TACHY
900000;512.62;511.63;TACHYCARDIA;TACHY
902000;512.18;511.19;TACHYCARDIA;TACHY
904000;511.53;510.54;TACHYCARDIA;TACHY
906000;514.12;513.13;TACHYCARDIA;TACHY
908000;513.37;512.38;TACHYCARDIA;TACHY
910000;512.30;511.31;TACHYCARDIA;TACHY
912000;512.68;511.69;TACHYCARDIA;TACHY
914000;513.54;512.55;TACHYCARDIA;TACHY
916000;512.35;511.36;TACHYCARDIA;TACHY
918000;514.06;513.07;TACHYCARDIA;TACHY
920000;512.77;511.78;TACHYCARDIA;TACHY
922000;512.82;511.83;TACHYCARDIA;TACHY
924000;513.57;512.58;TACHYCARDIA;TACHY
926000;513.28;512.28;TACHYCARDIA;TACHY
928000;513.05;512.06;TACHYCARDIA;TACHY
930000;514.08;513.09;TACHYCARDIA;TACHY
932000;512.45;511.46;TACHYCARDIA;TACHY
934000;513.14;512.15;TACHYCARDIA;TACHY
936000;512.83;511.83;TACHYCARDIA;TACHY
938000;513.68;512.69;TACHYCARDIA;TACHY
940000;512.42;511.43;TACHYCARDIA;TACHY
942000;511.43;510.43;TACHYCARDIA;TACHY
944000;513.09;512.10;TACHYCARDIA;TACHY
946000;512.26;511.26;TACHYCARDIA;TACHY
948000;513.27;512.27;TACHYCARDIA;TACHY
950000;514.21;513.21;TACHYCARDIA;TACHY
952000;511.38;510.38;TACHYCARDIA;TACHY
954000;511.81;510.81;TACHYCARDIA;TACHY
956000;513.97;512.97;TACHYCARDIA;TACHY
958000;512.45;511.45;TACHYCARDIA;TACHY
960000;512.09;511.09;TACHYCARDIA;TACHY
962000;511.19;510.19;TACHYCARDIA;TACHY
964000;512.14;511.15;TACHYCARDIA;TACHY
966000;512.68;511.68;TACHYCARDIA;TACHY
968000;512.71;511.71;TACHYCARDIA;TACHY
970000;513.72;512.72;TACHYCARDIA;TACHY
972000;512.78;511.78;TACHYCARDIA;TACHY
974000;512.24;511.25;TACHYCARDIA;TACHY
976000;515.13;514.13;TACHYCARDIA;TACHY
978000;513.73;512.73;TACHYCARDIA;TACHY
980000;513.30;512.30;TACHYCARDIA;TACHY
982000;513.22;512.22;TACHYCARDIA;TACHY
984000;513.05;512.05;TACHYCARDIA;TACHY
986000;514.07;513.07;TACHYCARDIA;TACHY
988000;514.39;513.39;TACHYCARDIA;TACHY
990000;513.51;512.51;TACHYCARDIA;TACHY
992000;513.02;512.02;TACHYCARDIA;TACHY
994000;512.10;511.10;TACHYCARDIA;TACHY
996000;512.97;511.97;TACHYCARDIA;TACHY
998000;513.19;512.19;TACHYCARDIA;TACHY
1000000;513.38;512.38;TACHYCARDIA;TACHY
1002000;510.80;509.80;TACHYCARDIA;TACHY
1004000;510.48;509.48;TACHYCARDIA;TACHY
1006000;513.43;512.43;TACHYCARDIA;TACHY
1008000;513.21;512.21;TACHYCARDIA;TACHY
1010000;512.56;511.56;TACHYCARDIA;TACHY
1012000;512.54;511.54;TACHYCARDIA;TACHY
1014000;512.15;511.15;TACHYCARDIA;TACHY
1016000;514.32;513.32;TACHYCARDIA;TACHY
1018000;512.49;511.49;TACHYCARDIA;TACHY
1020000;513.22;512.22;TACHYCARDIA;TACHY
1022000;513.29;512.29;TACHYCARDIA;TACHY
1024000;513.07;512.07;TACHYCARDIA;TACHY
1026000;513.24;512.24;TACHYCARDIA;TACHY
1028000;512.80;511.80;TACHYCARDIA;TACHY
1030000;511.61;510.61;TACHYCARDIA;TACHY
1032000;513.10;512.10;TACHYCARDIA;TACHY
1034000;511.86;510.86;TACHYCARDIA;TACHY
1036000;513.29;512.30;TACHYCARDIA;TACHY
1038000;513.97;512.97;TACHYCARDIA;TACHY
1040000;512.49;511.49;TACHYCARDIA;TACHY
1042000;511.41;510.42;TACHYCARDIA;TACHY
1044000;513.45;512.45;TACHYCARDIA;TACHY
1046000;512.96;511.97;TACHYCARDIA;TACHY
1048000;512.33;511.34;TACHYCARDIA;TACHY
1050000;513.10;512.10;TACHYCARDIA;TACHY
1052000;513.84;512.84;TACHYCARDIA;TACHY
1054000;513.27;512.27;TACHYCARDIA;TACHY
1056000;513.71;512.71;TACHYCARDIA;TACHY
1058000;513.29;512.29;TACHYCARDIA;TACHY
1060000;513.09;512.10;TACHYCARDIA;TACHY
1062000;511.35;510.35;TACHYCARDIA;TACHY
1064000;511.77;510.77;TACHYCARDIA;TACHY
1066000;513.39;512.39;TACHYCARDIA;TACHY
1068000;511.78;510.78;TACHYCARDIA;TACHY
1070000;514.05;513.06;TACHYCARDIA;TACHY
1072000;513.14;512.15;TACHYCARDIA;TACHY
1074000;513.06;512.07;TACHYCARDIA;TACHY
1076000;512.29;511.30;TACHYCARDIA;TACHY
1078000;513.45;512.46;TACHYCARDIA;TACHY
1080000;513.35;512.35;TACHYCARDIA;TACHY
1082000;512.42;511.43;TACHYCARDIA;TACHY
1084000;512.67;511.68;TACHYCARDIA;TACHY
1086000;514.20;513.21;TACHYCARDIA;TACHY
1088000;514.12;513.13;TACHYCARDIA;TACHY
1090000;511.37;510.38;TACHYCARDIA;TACHY
1092000;512.40;511.42;TACHYCARDIA;TACHY
1094000;511.65;510.66;TACHYCARDIA;TACHY
1096000;513.53;512.55;TACHYCARDIA;TACHY
1098000;513.52;512.54;TACHYCARDIA;TACHY
1100000;513.11;512.12;TACHYCARDIA;TACHY
1102000;512.12;511.13;TACHYCARDIA;TACHY
1104000;512.55;511.56;TACHYCARDIA;TACHY
1106000;513.14;512.15;TACHYCARDIA;TACHY
1108000;511.89;510.90;TACHYCARDIA;TACHY
1110000;513.82;512.83;TACHYCARDIA;TACHY
1112000;514.15;513.16;TACHYCARDIA;TACHY
1114000;512.94;511.96;TACHYCARDIA;TACHY
1116000;511.92;510.94;TACHYCARDIA;TACHY
1118000;513.34;512.36;TACHYCARDIA;TACHY
1120000;512.89;511.90;TACHYCARDIA;TACHY
1122000;512.65;511.67;TACHYCARDIA;TACHY
1124000;514.11;513.13;TACHYCARDIA;TACHY
1126000;513.64;512.66;TACHYCARDIA;TACHY
1128000;513.27;512.29;TACHYCARDIA;TACHY
1130000;511.91;510.93;TACHYCARDIA;TACHY
1132000;514.53;513.55;TACHYCARDIA;TACHY
1134000;512.25;511.27;TACHYCARDIA;TACHY
1136000;514.04;513.06;TACHYCARDIA;TACHY
1138000;513.60;512.63;TACHYCARDIA;TACHY
1140000;512.37;511.40;TACHYCARDIA;TACHY
1142000;512.19;511.21;TACHYCARDIA;TACHY
1144000;511.52;510.55;TACHYCARDIA;TACHY
1146000;513.17;512.19;TACHYCARDIA;TACHY
1148000;513.02;512.05;TACHYCARDIA;TACHY
1150000;513.37;512.40;TACHYCARDIA;TACHY
1152000;512.60;511.63;TACHYCARDIA;TACHY
1154000;511.78;510.81;TACHYCARDIA;TACHY
1156000;513.88;512.91;TACHYCARDIA;TACHY
1158000;513.24;512.27;TACHYCARDIA;TACHY
1160000;512.26;511.29;TACHYCARDIA;TACHY
1162000;513.59;512.62;TACHYCARDIA;TACHY
1164000;513.65;512.69;TACHYCARDIA;TACHY
1166000;513.71;512.75;TACHYCARDIA;TACHY
1168000;512.77;511.81;TACHYCARDIA;TACHY
1170000;512.73;511.77;TACHYCARDIA;TACHY
1172000;512.02;511.05;TACHYCARDIA;TACHY
1174000;512.57;511.60;TACHYCARDIA;TACHY
1176000;513.23;512.27;TACHYCARDIA;TACHY
1178000;513.12;512.16;TACHYCARDIA;TACHY
1180000;513.80;512.84;TACHYCARDIA;TACHY
1182000;514.37;513.41;TACHYCARDIA;TACHY
1184000;513.26;512.30;TACHYCARDIA;TACHY
1186000;513.40;512.45;TACHYCARDIA;TACHY
1188000;512.20;511.25;TACHYCARDIA;TACHY
1190000;512.19;511.24;TACHYCARDIA;TACHY
1192000;513.20;512.25;TACHYCARDIA;TACHY
1194000;513.64;512.68;TACHYCARDIA;TACHY
1196000;513.27;512.32;TACHYCARDIA;TACHY
1198000;511.95;511.00;TACHYCARDIA;TACHY
1200000;513.69;512.74;TACHYCARDIA;TACHY
1202000;512.54;511.59;TACHYCARDIA;TACHY
1204000;512.84;511.89;TACHYCARDIA;TACHY
1206000;512.25;511.30;TACHYCARDIA;TACHY
1208000;511.65;510.70;TACHYCARDIA;TACHY
1210000;513.75;512.80;TACHYCARDIA;TACHY
1212000;512.19;511.24;TACHYCARDIA;TACHY
1214000;513.04;512.10;TACHYCARDIA;TACHY
1216000;512.26;511.31;TACHYCARDIA;TACHY
1218000;514.02;513.08;TACHYCARDIA;TACHY
1220000;512.33;511.39;TACHYCARDIA;TACHY
1222000;512.86;511.92;TACHYCARDIA;TACHY
1224000;511.59;510.65;TACHYCARDIA;TACHY
1226000;513.28;512.34;TACHYCARDIA;TACHY
1228000;513.57;512.63;TACHYCARDIA;TACHY
1230000;512.89;511.96;TACHYCARDIA;TACHY
1232000;513.40;512.47;TACHYCARDIA;TACHY
1234000;513.47;512.54;TACHYCARDIA;TACHY
1236000;512.12;511.18;TACHYCARDIA;TACHY
1238000;513.49;512.56;TACHYCARDIA;TACHY
1240000;512.76;511.83;TACHYCARDIA;TACHY
1242000;514.74;513.81;TACHYCARDIA;TACHY
1244000;513.50;512.57;TACHYCARDIA;TACHY
1246000;512.81;511.88;TACHYCARDIA;TACHY
1248000;512.35;511.42;TACHYCARDIA;TACHY
1250000;512.87;511.95;TACHYCARDIA;TACHY
1252000;512.51;511.58;TACHYCARDIA;TACHY
1254000;512.56;511.64;TACHYCARDIA;TACHY
1256000;512.71;511.79;TACHYCARDIA;TACHY
1258000;513.91;512.99;TACHYCARDIA;TACHY
1260000;512.98;512.06;TACHYCARDIA;TACHY
1262000;513.64;512.73;TACHYCARDIA;TACHY
1264000;513.21;512.29;TACHYCARDIA;TACHY
1266000;513.28;512.36;TACHYCARDIA;TACHY
1268000;512.76;511.84;TACHYCARDIA;TACHY
1270000;512.17;511.26;TACHYCARDIA;TACHY
1272000;514.02;513.11;TACHYCARDIA;TACHY
1274000;512.81;511.90;TACHYCARDIA;TACHY
1276000;513.57;512.66;TACHYCARDIA;TACHY
1278000;511.95;511.04;TACHYCARDIA;TACHY
1280000;512.16;511.26;TACHYCARDIA;TACHY
1282000;512.41;511.51;TACHYCARDIA;TACHY
1284000;511.54;510.64;TACHYCARDIA;TACHY
1286000;513.50;512.60;TACHYCARDIA;TACHY
1288000;513.36;512.46;TACHYCARDIA;TACHY
1290000;512.61;511.72;TACHYCARDIA;TACHY
1292000;512.34;511.44;TACHYCARDIA;TACHY
1294000;512.62;511.72;TACHYCARDIA;TACHY
1296000;513.84;512.95;TACHYCARDIA;TACHY
1298000;512.49;511.60;TACHYCARDIA;TACHY
1300000;511.83;510.94;TACHYCARDIA;TACHY
1302000;512.38;511.49;TACHYCARDIA;TACHY
1304000;511.29;510.40;TACHYCARDIA;TACHY
1306000;512.22;511.33;TACHYCARDIA;TACHY
1308000;514.62;513.74;TACHYCARDIA;TACHY
1310000;512.85;511.97;TACHYCARDIA;TACHY
1312000;513.92;513.03;TACHYCARDIA;TACHY
1314000;513.53;512.65;TACHYCARDIA;TACHY
1316000;513.29;512.41;TACHYCARDIA;TACHY
1318000;513.50;512.63;TACHYCARDIA;TACHY
1320000;512.15;511.28;TACHYCARDIA;TACHY
1322000;512.72;511.85;TACHYCARDIA;TACHY
1324000;511.87;511.00;TACHYCARDIA;TACHY
1326000;511.64;510.77;TACHYCARDIA;TACHY
1328000;513.15;512.28;TACHYCARDIA;TACHY
1330000;513.88;513.01;TACHYCARDIA;TACHY
1332000;512.14;511.28;TACHYCARDIA;TACHY
1334000;513.64;512.78;TACHYCARDIA;TACHY
1336000;512.47;511.61;TACHYCARDIA;TACHY
1338000;512.41;511.55;TACHYCARDIA;TACHY
1340000;513.20;512.34;TACHYCARDIA;TACHY
1342000;512.89;512.04;TACHYCARDIA;TACHY
1344000;512.47;511.61;TACHYCARDIA;TACHY
1346000;513.12;512.27;TACHYCARDIA;TACHY
1348000;512.61;511.75;TACHYCARDIA;TACHY
1350000;513.44;512.59;TACHYCARDIA;TACHY
1352000;512.80;511.95;TACHYCARDIA;TACHY
1354000;512.01;511.16;TACHYCARDIA;TACHY
1356000;512.46;511.61;TACHYCARDIA;TACHY
1358000;512.79;511.95;TACHYCARDIA;TACHY
1360000;513.02;512.18;TACHYCARDIA;TACHY
1362000;513.44;512.60;TACHYCARDIA;TACHY
1364000;513.45;512.61;TACHYCARDIA;TACHY
1366000;513.14;512.30;TACHYCARDIA;TACHY
1368000;513.58;512.74;TACHYCARDIA;TACHY
1370000;514.65;513.81;TACHYCARDIA;TACHY
1372000;513.36;512.52;TACHYCARDIA;TACHY
1374000;512.35;511.52;TACHYCARDIA;TACHY
1376000;512.82;511.99;TACHYCARDIA;TACHY
1378000;511.86;511.03;TACHYCARDIA;TACHY
1380000;511.66;510.83;TACHYCARDIA;TACHY
1382000;511.24;510.41;TACHYCARDIA;TACHY
1384000;513.84;513.02;TACHYCARDIA;TACHY
1386000;513.93;513.10;TACHYCARDIA;TACHY
1388000;513.95;513.13;TACHYCARDIA;TACHY
1390000;512.53;511.71;TACHYCARDIA;TACHY
1392000;512.69;511.87;TACHYCARDIA;TACHY
1394000;512.66;511.85;TACHYCARDIA;TACHY
1396000;512.86;512.05;TACHYCARDIA;TACHY
1398000;512.08;511.27;TACHYCARDIA;TACHY
1400000;512.45;511.64;TACHYCARDIA;TACHY
1402000;512.43;511.63;TACHYCARDIA;TACHY
1404000;512.70;511.90;TACHYCARDIA;TACHY
1406000;513.20;512.39;TACHYCARDIA;TACHY
1408000;512.82;512.02;TACHYCARDIA;TACHY
1410000;514.05;513.25;TACHYCARDIA;TACHY
1412000;512.04;511.25;TACHYCARDIA;TACHY
1414000;513.94;513.15;TACHYCARDIA;TACHY
1416000;512.50;511.70;TACHYCARDIA;TACHY
1418000;512.73;511.94;TACHYCARDIA;TACHY
1420000;513.67;512.88;TACHYCARDIA;TACHY
1422000;512.87;512.08;TACHYCARDIA;TACHY
1424000;513.87;513.08;TACHYCARDIA;TACHY
1426000;513.31;512.53;TACHYCARDIA;TACHY
1428000;513.36;512.58;TACHYCARDIA;TACHY
1430000;513.58;512.80;TACHYCARDIA;TACHY
1432000;513.11;512.34;TACHYCARDIA;TACHY
1434000;513.52;512.74;TACHYCARDIA;TACHY
1436000;515.27;514.50;TACHYCARDIA;TACHY
1438000;512.69;511.91;TACHYCARDIA;TACHY
1440000;512.55;511.78;TACHYCARDIA;TACHY
1442000;512.77;512.00;TACHYCARDIA;TACHY
1444000;513.25;512.48;TACHYCARDIA;TACHY
1446000;512.25;511.49;TACHYCARDIA;TACHY
1448000;513.13;512.36;TACHYCARDIA;TACHY
1450000;512.98;512.22;TACHYCARDIA;TACHY
1452000;512.81;512.05;TACHYCARDIA;TACHY
1454000;512.53;511.77;TACHYCARDIA;TACHY
1456000;512.67;511.92;TACHYCARDIA;TACHY
1458000;513.51;512.76;TACHYCARDIA;TACHY
1460000;512.60;511.85;TACHYCARDIA;TACHY
1462000;513.13;512.38;TACHYCARDIA;TACHY
1464000;511.96;511.22;TACHYCARDIA;TACHY
1466000;513.06;512.31;TACHYCARDIA;TACHY
1468000;512.53;511.79;TACHYCARDIA;TACHY
1470000;512.00;511.26;TACHYCARDIA;TACHY
1472000;512.17;511.43;TACHYCARDIA;TACHY
1474000;512.25;511.51;TACHYCARDIA;TACHY
1476000;513.49;512.76;TACHYCARDIA;TACHY
1478000;511.55;510.82;TACHYCARDIA;TACHY
1480000;511.24;510.51;TACHYCARDIA;TACHY
1482000;513.53;512.80;TACHYCARDIA;TACHY
1484000;511.88;511.15;TACHYCARDIA;TACHY
1486000;513.21;512.49;TACHYCARDIA;TACHY
1488000;512.14;511.42;TACHYCARDIA;TACHY
1490000;512.31;511.60;TACHYCARDIA;TACHY
1492000;512.96;512.25;TACHYCARDIA;TACHY
1494000;512.67;511.95;TACHYCARDIA;TACHY
1496000;512.95;512.24;TACHYCARDIA;TACHY
1498000;511.80;511.09;TACHYCARDIA;TACHY
1500000;513.69;512.98;TACHYCARDIA;TACHY
1502000;512.57;511.87;TACHYCARDIA;TACHY
1504000;512.91;512.20;TACHYCARDIA;TACHY
1506000;513.72;513.02;TACHYCARDIA;TACHY
1508000;512.60;511.90;TACHYCARDIA;TACHY
1510000;515.36;514.66;TACHYCARDIA;TACHY
1512000;512.80;512.10;TACHYCARDIA;TACHY
1514000;513.10;512.41;TACHYCARDIA;TACHY
1516000;512.50;511.82;TACHYCARDIA;TACHY
1518000;512.16;511.48;TACHYCARDIA;TACHY
1520000;512.88;512.20;TACHYCARDIA;TACHY
1522000;513.05;512.37;TACHYCARDIA;TACHY
1524000;512.44;511.76;TACHYCARDIA;TACHY
1526000;512.04;511.36;TACHYCARDIA;TACHY
1528000;512.46;511.79;TACHYCARDIA;TACHY
1530000;511.95;511.27;TACHYCARDIA;TACHY
1532000;512.69;512.02;TACHYCARDIA;TACHY
1534000;514.20;513.53;TACHYCARDIA;TACHY
1536000;513.26;512.59;TACHYCARDIA;TACHY
1538000;513.42;512.76;TACHYCARDIA;TACHY
1540000;512.81;512.15;TACHYCARDIA;TACHY
1542000;512.28;511.63;TACHYCARDIA;TACHY
1544000;512.24;511.58;TACHYCARDIA;TACHY
1546000;513.14;512.49;TACHYCARDIA;TACHY
1548000;510.94;510.28;TACHYCARDIA;TACHY
1550000;513.25;512.60;TACHYCARDIA;TACHY
1552000;511.89;511.25;TACHYCARDIA;TACHY
1554000;513.00;512.35;TACHYCARDIA;TACHY
1556000;512.87;512.22;TACHYCARDIA;TACHY
1558000;512.87;512.23;TACHYCARDIA;TACHY
1560000;512.43;511.79;TACHYCARDIA;TACHY
1562000;512.02;511.38;TACHYCARDIA;TACHY
1564000;513.06;512.43;TACHYCARDIA;TACHY
1566000;513.76;513.13;TACHYCARDIA;TACHY
1568000;513.36;512.73;TACHYCARDIA;TACHY
1570000;512.77;512.14;TACHYCARDIA;TACHY
1572000;512.50;511.88;TACHYCARDIA;TACHY
1574000;512.47;511.85;TACHYCARDIA;TACHY
1576000;513.38;512.76;TACHYCARDIA;TACHY
1578000;512.71;512.09;TACHYCARDIA;TACHY
1580000;512.25;511.64;TACHYCARDIA;TACHY
1582000;512.00;511.39;TACHYCARDIA;TACHY
1584000;512.35;511.75;TACHYCARDIA;TACHY
1586000;511.95;511.34;TACHYCARDIA;TACHY
1588000;512.90;512.30;TACHYCARDIA;TACHY
1590000;513.84;513.24;TACHYCARDIA;TACHY
1592000;512.20;511.61;TACHYCARDIA;TACHY
1594000;512.11;511.51;TACHYCARDIA;TACHY
1596000;513.24;512.64;TACHYCARDIA;TACHY
1598000;512.26;511.67;TACHYCARDIA;TACHY
1600000;513.43;512.85;TACHYCARDIA;TACHY
1602000;511.66;511.07;TACHYCARDIA;TACHY
1604000;511.93;511.35;TACHYCARDIA;TACHY
1606000;510.61;510.03;TACHYCARDIA;TACHY
1608000;512.41;511.83;TACHYCARDIA;TACHY
1610000;513.34;512.77;TACHYCARDIA;TACHY
1612000;513.81;513.23;TACHYCARDIA;TACHY
1614000;511.04;510.47;TACHYCARDIA;TACHY
1616000;513.06;512.49;TACHYCARDIA;TACHY
1618000;512.66;512.10;TACHYCARDIA;TACHY
1620000;512.46;511.90;TACHYCARDIA;TACHY
1622000;512.87;512.31;TACHYCARDIA;TACHY
1624000;512.92;512.36;TACHYCARDIA;TACHY
1626000;512.29;511.74;TACHYCARDIA;TACHY
1628000;513.62;513.07;TACHYCARDIA;TACHY
1630000;513.00;512.45;TACHYCARDIA;TACHY
1632000;512.55;512.00;TACHYCARDIA;TACHY
1634000;512.21;511.67;TACHYCARDIA;TACHY
1636000;513.85;513.31;TACHYCARDIA;TACHY
1638000;512.04;511.50;TACHYCARDIA;TACHY
1640000;512.46;511.92;TACHYCARDIA;TACHY
1642000;513.06;512.53;TACHYCARDIA;TACHY
1644000;512.69;512.16;TACHYCARDIA;TACHY
1646000;512.08;511.55;TACHYCARDIA;TACHY
1648000;513.37;512.84;TACHYCARDIA;TACHY
1650000;511.45;510.93;TACHYCARDIA;TACHY
1652000;511.68;511.16;TACHYCARDIA;TACHY
1654000;512.74;512.22;TACHYCARDIA;TACHY
1656000;512.22;511.71;TACHYCARDIA;TACHY
1658000;511.62;511.10;TACHYCARDIA;TACHY
1660000;512.88;512.37;TACHYCARDIA;TACHY
1662000;513.59;513.08;TACHYCARDIA;TACHY
1664000;511.93;511.42;TACHYCARDIA;TACHY
1666000;512.58;512.07;TACHYCARDIA;TACHY
1668000;512.84;512.34;TACHYCARDIA;TACHY
1670000;512.53;512.03;TACHYCARDIA;TACHY
1672000;513.52;513.03;TACHYCARDIA;TACHY
1674000;513.01;512.52;TACHYCARDIA;TACHY
1676000;511.38;510.89;TACHYCARDIA;TACHY
1678000;512.81;512.33;TACHYCARDIA;TACHY
1680000;511.74;511.26;TACHYCARDIA;TACHY
1682000;513.19;512.71;TACHYCARDIA;TACHY
1684000;513.61;513.13;TACHYCARDIA;TACHY
1686000;511.75;511.28;TACHYCARDIA;TACHY
1688000;512.61;512.13;TACHYCARDIA;TACHY
1690000;512.50;512.03;TACHYCARDIA;TACHY
1692000;510.89;510.42;TACHYCARDIA;TACHY
1694000;512.17;511.70;TACHYCARDIA;TACHY
1696000;511.43;510.97;TACHYCARDIA;TACHY
1698000;511.74;511.29;TACHYCARDIA;TACHY
1700000;513.69;513.23;TACHYCARDIA;TACHY
1702000;512.08;511.63;TACHYCARDIA;TACHY
1704000;512.32;511.87;TACHYCARDIA;TACHY
1706000;512.26;511.82;TACHYCARDIA;TACHY
1708000;513.33;512.88;TACHYCARDIA;TACHY
1710000;512.41;511.97;TACHYCARDIA;TACHY
1712000;513.38;512.94;TACHYCARDIA;TACHY
1714000;513.05;512.62;TACHYCARDIA;TACHY
1716000;513.03;512.60;TACHYCARDIA;TACHY
1718000;513.86;513.43;TACHYCARDIA;TACHY
1720000;511.91;511.48;TACHYCARDIA;TACHY
1722000;512.18;511.76;TACHYCARDIA;TACHY
1724000;511.51;511.09;TACHYCARDIA;TACHY
1726000;512.33;511.91;TACHYCARDIA;TACHY
1728000;512.43;512.01;TACHYCARDIA;TACHY
1730000;512.98;512.56;TACHYCARDIA;TACHY
1732000;512.83;512.42;TACHYCARDIA;TACHY
1734000;511.98;511.58;TACHYCARDIA;TACHY
1736000;512.24;511.84;TACHYCARDIA;TACHY
1738000;513.08;512.68;TACHYCARDIA;TACHY
1740000;513.17;512.77;TACHYCARDIA;TACHY
1742000;511.65;511.25;TACHYCARDIA;TACHY
1744000;511.96;511.57;TACHYCARDIA;TACHY
1746000;512.96;512.57;TACHYCARDIA;TACHY
1748000;512.02;511.63;TACHYCARDIA;TACHY
1750000;512.74;512.36;TACHYCARDIA;TACHY
1752000;512.80;512.42;TACHYCARDIA;TACHY
1754000;512.37;511.99;TACHYCARDIA;TACHY
1756000;512.29;511.91;TACHYCARDIA;TACHY
1758000;512.31;511.94;TACHYCARDIA;TACHY
1760000;512.09;511.72;TACHYCARDIA;TACHY
1762000;511.95;511.58;TACHYCARDIA;TACHY
1764000;512.11;511.75;TACHYCARDIA;TACHY
1766000;512.70;512.34;TACHYCARDIA;TACHY
1768000;511.79;511.43;TACHYCARDIA;TACHY
1770000;512.25;511.90;TACHYCARDIA;TACHY
1772000;511.75;511.40;TACHYCARDIA;TACHY
1774000;509.27;508.93;TACHYCARDIA;TACHY
1776000;512.11;511.76;TACHYCARDIA;TACHY
1778000;512.21;511.86;TACHYCARDIA;TACHY
1780000;512.83;512.49;TACHYCARDIA;TACHY
1782000;512.29;511.96;TACHYCARDIA;TACHY
1784000;512.29;511.96;TACHYCARDIA;TACHY
1786000;513.90;513.57;TACHYCARDIA;TACHY
1788000;511.23;510.90;TACHYCARDIA;TACHY
1790000;510.61;510.29;TACHYCARDIA;TACHY
1792000;513.70;513.38;TACHYCARDIA;TACHY
1794000;512.13;511.82;TACHYCARDIA;TACHY
1796000;511.57;511.26;TACHYCARDIA;TACHY
1798000;512.44;512.13;TACHYCARDIA;TACHY
1800000;514.15;513.84;TACHYCARDIA;TACHY
1802000;513.02;512.72;TACHYCARDIA;TACHY
1804000;511.59;511.29;TACHYCARDIA;TACHY
1806000;513.10;512.80;TACHYCARDIA;TACHY
1808000;512.20;511.90;TACHYCARDIA;TACHY
1810000;512.62;512.33;TACHYCARDIA;TACHY
1812000;512.02;511.73;TACHYCARDIA;TACHY
1814000;512.47;512.18;TACHYCARDIA;TACHY
1816000;511.67;511.38;TACHYCARDIA;TACHY
1818000;512.49;512.21;TACHYCARDIA;TACHY
1820000;511.69;511.41;TACHYCARDIA;TACHY
1822000;512.86;512.58;TACHYCARDIA;TACHY
1824000;512.16;511.88;TACHYCARDIA;TACHY
1826000;512.46;512.19;TACHYCARDIA;TACHY
1828000;512.23;511.96;TACHYCARDIA;TACHY
1830000;512.07;511.81;TACHYCARDIA;TACHY
1832000;511.66;511.40;TACHYCARDIA;TACHY
1834000;511.76;511.50;TACHYCARDIA;TACHY
1836000;513.27;513.02;TACHYCARDIA;TACHY
1838000;513.37;513.12;TACHYCARDIA;TACHY
1840000;511.12;510.87;TACHYCARDIA;TACHY
1842000;513.08;512.83;TACHYCARDIA;TACHY
1844000;510.74;510.50;TACHYCARDIA;TACHY
1846000;512.11;511.87;TACHYCARDIA;TACHY
1848000;511.65;511.41;TACHYCARDIA;TACHY
1850000;510.87;510.64;TACHYCARDIA;TACHY
1852000;512.86;512.63;TACHYCARDIA;TACHY
1854000;511.62;511.39;TACHYCARDIA;TACHY
1856000;511.85;511.62;TACHYCARDIA;TACHY
1858000;512.08;511.86;TACHYCARDIA;TACHY
1860000;511.64;511.42;TACHYCARDIA;TACHY
1862000;511.79;511.57;TACHYCARDIA;TACHY
1864000;514.38;514.17;TACHYCARDIA;TACHY
1866000;512.20;511.99;TACHYCARDIA;TACHY
1868000;512.27;512.06;TACHYCARDIA;TACHY
1870000;510.46;510.26;TACHYCARDIA;TACHY
1872000;510.80;510.60;TACHYCARDIA;TACHY
1874000;513.06;512.86;TACHYCARDIA;TACHY
1876000;511.89;511.69;TACHYCARDIA;TACHY
1878000;510.99;510.80;TACHYCARDIA;TACHY
1880000;513.69;513.50;TACHYCARDIA;TACHY
1882000;510.62;510.44;TACHYCARDIA;TACHY
1884000;513.00;512.81;TACHYCARDIA;TACHY
1886000;512.87;512.70;TACHYCARDIA;TACHY
1888000;511.22;511.04;TACHYCARDIA;TACHY
1890000;512.56;512.39;TACHYCARDIA;TACHY
1892000;512.27;512.10;TACHYCARDIA;TACHY
1894000;511.18;511.01;TACHYCARDIA;TACHY
1896000;513.48;513.32;TACHYCARDIA;TACHY
1898000;512.17;512.01;TACHYCARDIA;TACHY
1900000;512.55;512.40;TACHYCARDIA;TACHY
1902000;512.94;512.79;TACHYCARDIA;TACHY
1904000;511.56;511.41;TACHYCARDIA;TACHY
1906000;511.04;510.89;TACHYCARDIA;TACHY
1908000;512.65;512.50;TACHYCARDIA;TACHY
1910000;512.05;511.91;TACHYCARDIA;TACHY
1912000;511.61;511.47;TACHYCARDIA;TACHY
1914000;510.95;510.82;TACHYCARDIA;TACHY
1916000;512.31;512.17;TACHYCARDIA;TACHY
1918000;511.49;511.36;TACHYCARDIA;TACHY
1920000;511.38;511.26;TACHYCARDIA;TACHY
1922000;512.21;512.09;TACHYCARDIA;TACHY
1924000;511.71;511.59;TACHYCARDIA;TACHY
1926000;511.79;511.67;TACHYCARDIA;TACHY
1928000;511.01;510.90;TACHYCARDIA;TACHY
1930000;511.18;511.07;TACHYCARDIA;TACHY
1932000;512.71;512.61;TACHYCARDIA;TACHY
1934000;512.03;511.93;TACHYCARDIA;TACHY
1936000;512.11;512.01;TACHYCARDIA;TACHY
1938000;511.26;511.16;TACHYCARDIA;TACHY
1940000;512.89;512.80;TACHYCARDIA;TACHY
1942000;511.22;511.13;TACHYCARDIA;TACHY
1944000;512.68;512.59;TACHYCARDIA;TACHY
1946000;511.05;510.96;TACHYCARDIA;TACHY
1948000;510.29;510.21;TACHYCARDIA;TACHY
1950000;513.86;513.78;TACHYCARDIA;TACHY
1952000;512.25;512.17;TACHYCARDIA;TACHY
1954000;512.01;511.93;TACHYCARDIA;TACHY
1956000;511.46;511.39;TACHYCARDIA;TACHY
1958000;510.79;510.72;TACHYCARDIA;TACHY
1960000;511.63;511.57;TACHYCARDIA;TACHY
1962000;511.98;511.92;TACHYCARDIA;TACHY
1964000;512.75;512.69;TACHYCARDIA;TACHY
1966000;512.42;512.37;TACHYCARDIA;TACHY
1968000;511.75;511.70;TACHYCARDIA;TACHY
1970000;512.08;512.03;TACHYCARDIA;TACHY
1972000;512.60;512.56;TACHYCARDIA;TACHY
1974000;511.36;511.32;TACHYCARDIA;TACHY
1976000;512.77;512.73;TACHYCARDIA;TACHY
1978000;511.41;511.37;TACHYCARDIA;TACHY
1980000;510.85;510.82;TACHYCARDIA;TACHY
1982000;511.84;511.81;TACHYCARDIA;TACHY
1984000;511.22;511.19;TACHYCARDIA;TACHY
1986000;511.62;511.59;TACHYCARDIA;TACHY
1988000;513.33;513.32;TACHYCARDIA;TACHY
1990000;511.55;511.54;TACHYCARDIA;TACHY
1992000;511.84;511.83;TACHYCARDIA;TACHY
1994000;511.45;511.44;TACHYCARDIA;TACHY
1996000;510.93;510.92;TACHYCARDIA;TACHY
1998000;512.30;512.30;TACHYCARDIA;TACHY
2000000;512.13;512.13;TACHYCARDIA;TACHY
2002000;510.58;510.59;TACHYCARDIA;TACHY
2004000;512.57;512.58;TACHYCARDIA;TACHY
2006000;511.75;511.76;TACHYCARDIA;TACHY
2008000;510.45;510.46;TACHYCARDIA;TACHY
2010000;512.22;512.24;TACHYCARDIA;TACHY
2012000;510.68;510.70;TACHYCARDIA;TACHY
2014000;512.49;512.51;TACHYCARDIA;TACHY
2016000;511.89;511.91;TACHYCARDIA;TACHY
2018000;512.55;512.58;TACHYCARDIA;TACHY
2020000;512.76;512.80;TACHYCARDIA;TACHY
2022000;511.20;511.24;TACHYCARDIA;TACHY
2024000;511.89;511.93;TACHYCARDIA;TACHY
2026000;512.29;512.33;TACHYCARDIA;TACHY
2028000;513.26;513.31;TACHYCARDIA;TACHY
2030000;511.50;511.55;TACHYCARDIA;TACHY
2032000;511.64;511.69;TACHYCARDIA;TACHY
2034000;513.17;513.22;TACHYCARDIA;TACHY
2036000;511.10;511.16;TACHYCARDIA;TACHY
2038000;511.77;511.83;TACHYCARDIA;TACHY
2040000;512.32;512.38;TACHYCARDIA;TACHY
2042000;511.03;511.09;TACHYCARDIA;TACHY
2044000;512.29;512.36;TACHYCARDIA;TACHY
2046000;512.12;512.19;TACHYCARDIA;TACHY
2048000;512.12;512.20;TACHYCARDIA;TACHY
2050000;512.72;512.80;TACHYCARDIA;TACHY
2052000;510.12;510.20;TACHYCARDIA;TACHY
2054000;510.69;510.77;TACHYCARDIA;TACHY
2056000;512.59;512.68;TACHYCARDIA;TACHY
2058000;511.46;511.55;TACHYCARDIA;TACHY
2060000;512.11;512.20;TACHYCARDIA;TACHY
2062000;510.99;511.09;TACHYCARDIA;TACHY
2064000;511.89;511.99;TACHYCARDIA;TACHY
2066000;511.17;511.27;TACHYCARDIA;TACHY
2068000;512.37;512.48;TACHYCARDIA;TACHY
2070000;512.46;512.57;TACHYCARDIA;TACHY
2072000;511.04;511.15;TACHYCARDIA;TACHY
2074000;511.61;511.73;TACHYCARDIA;TACHY
2076000;511.48;511.60;TACHYCARDIA;TACHY
2078000;513.81;513.93;TACHYCARDIA;TACHY
2080000;512.56;512.69;TACHYCARDIA;TACHY
2082000;511.44;511.57;TACHYCARDIA;TACHY
2084000;512.69;512.82;TACHYCARDIA;TACHY
2086000;512.32;512.45;TACHYCARDIA;TACHY
2088000;512.79;512.93;TACHYCARDIA;TACHY
2090000;512.01;512.15;TACHYCARDIA;TACHY
2092000;512.91;513.05;TACHYCARDIA;TACHY
2094000;512.11;512.25;TACHYCARDIA;TACHY
2096000;510.99;511.14;TACHYCARDIA;TACHY
2098000;511.40;511.55;TACHYCARDIA;TACHY
2100000;511.85;512.01;TACHYCARDIA;TACHY
2102000;511.39;511.55;TACHYCARDIA;TACHY
2104000;513.79;513.95;TACHYCARDIA;TACHY
2106000;511.00;511.17;TACHYCARDIA;TACHY
2108000;510.07;510.24;TACHYCARDIA;TACHY
2110000;512.95;513.12;TACHYCARDIA;TACHY
2112000;511.53;511.71;TACHYCARDIA;TACHY
2114000;510.52;510.70;TACHYCARDIA;TACHY
2116000;512.52;512.70;TACHYCARDIA;TACHY
2118000;511.58;511.77;TACHYCARDIA;TACHY
2120000;512.07;512.25;TACHYCARDIA;TACHY
2122000;512.01;512.20;TACHYCARDIA;TACHY
2124000;510.49;510.69;TACHYCARDIA;TACHY
2126000;511.97;512.17;TACHYCARDIA;TACHY
2128000;510.86;511.06;TACHYCARDIA;TACHY
2130000;511.26;511.46;TACHYCARDIA;TACHY
2132000;511.82;512.02;TACHYCARDIA;TACHY
2134000;510.75;510.96;TACHYCARDIA;TACHY
2136000;513.54;513.75;TACHYCARDIA;TACHY
2138000;512.04;512.26;TACHYCARDIA;TACHY
2140000;513.47;513.69;TACHYCARDIA;TACHY
2142000;511.78;512.00;TACHYCARDIA;TACHY
2144000;511.99;512.21;TACHYCARDIA;TACHY
2146000;513.37;513.59;TACHYCARDIA;TACHY
2148000;511.84;512.07;TACHYCARDIA;TACHY
2150000;510.06;510.30;TACHYCARDIA;TACHY
2152000;511.36;511.60;TACHYCARDIA;TACHY
2154000;511.88;512.12;TACHYCARDIA;TACHY
2156000;513.54;513.78;TACHYCARDIA;TACHY
2158000;510.49;510.74;TACHYCARDIA;TACHY
2160000;512.47;512.72;TACHYCARDIA;TACHY
2162000;510.40;510.65;TACHYCARDIA;TACHY
2164000;512.06;512.31;TACHYCARDIA;TACHY
2166000;511.14;511.40;TACHYCARDIA;TACHY
2168000;511.25;511.51;TACHYCARDIA;TACHY
2170000;510.70;510.96;TACHYCARDIA;TACHY
2172000;511.58;511.84;TACHYCARDIA;TACHY
2174000;512.93;513.20;TACHYCARDIA;TACHY
2176000;511.23;511.50;TACHYCARDIA;TACHY
2178000;511.75;512.03;TACHYCARDIA;TACHY
2180000;511.35;511.63;TACHYCARDIA;TACHY
2182000;510.59;510.87;TACHYCARDIA;TACHY
2184000;512.17;512.45;TACHYCARDIA;TACHY
2186000;512.67;512.96;TACHYCARDIA;TACHY
2188000;511.37;511.66;TACHYCARDIA;TACHY
2190000;510.31;510.60;TACHYCARDIA;TACHY
2192000;511.30;511.60;TACHYCARDIA;TACHY
2194000;511.96;512.26;TACHYCARDIA;TACHY
2196000;512.72;513.02;TACHYCARDIA;TACHY
2198000;511.49;511.79;TACHYCARDIA;TACHY
2200000;513.32;513.63;TACHYCARDIA;TACHY
2202000;512.03;512.34;TACHYCARDIA;TACHY
2204000;511.62;511.94;TACHYCARDIA;TACHY
2206000;510.59;510.90;TACHYCARDIA;TACHY
2208000;509.56;509.88;TACHYCARDIA;TACHY
2210000;510.34;510.67;TACHYCARDIA;TACHY
2212000;511.73;512.06;TACHYCARDIA;TACHY
2214000;512.05;512.38;TACHYCARDIA;TACHY
2216000;510.89;511.22;TACHYCARDIA;TACHY
2218000;511.47;511.80;TACHYCARDIA;TACHY
2220000;512.83;513.17;TACHYCARDIA;TACHY
2222000;511.92;512.26;TACHYCARDIA;TACHY
2224000;511.83;512.18;TACHYCARDIA;TACHY
2226000;510.74;511.08;TACHYCARDIA;TACHY
2228000;512.13;512.48;TACHYCARDIA;TACHY
2230000;511.99;512.34;TACHYCARDIA;TACHY
2232000;511.55;511.91;TACHYCARDIA;TACHY
2234000;511.24;511.60;TACHYCARDIA;TACHY
2236000;511.24;511.60;TACHYCARDIA;TACHY
2238000;512.43;512.80;TACHYCARDIA;TACHY
2240000;511.64;512.01;TACHYCARDIA;TACHY
2242000;512.61;512.99;TACHYCARDIA;TACHY
2244000;511.13;511.51;TACHYCARDIA;TACHY
2246000;512.42;512.79;TACHYCARDIA;TACHY
2248000;512.07;512.45;TACHYCARDIA;TACHY
2250000;511.87;512.25;TACHYCARDIA;TACHY
2252000;510.97;511.35;TACHYCARDIA;TACHY
2254000;511.47;511.86;TACHYCARDIA;TACHY
2256000;510.60;510.99;TACHYCARDIA;TACHY
2258000;511.88;512.27;TACHYCARDIA;TACHY
2260000;512.82;513.22;TACHYCARDIA;TACHY
2262000;511.18;511.58;TACHYCARDIA;TACHY
2264000;512.22;512.62;TACHYCARDIA;TACHY
2266000;510.63;511.04;TACHYCARDIA;TACHY
2268000;510.41;510.82;TACHYCARDIA;TACHY
2270000;512.46;512.87;TACHYCARDIA;TACHY
2272000;512.16;512.57;TACHYCARDIA;TACHY
2274000;511.42;511.84;TACHYCARDIA;TACHY
2276000;510.52;510.94;TACHYCARDIA;TACHY
2278000;511.61;512.03;TACHYCARDIA;TACHY
2280000;512.44;512.87;TACHYCARDIA;TACHY
2282000;511.75;512.18;TACHYCARDIA;TACHY
2284000;510.76;511.19;TACHYCARDIA;TACHY
2286000;511.92;512.36;TACHYCARDIA;TACHY
2288000;513.52;513.96;TACHYCARDIA;TACHY
2290000;513.32;513.76;TACHYCARDIA;TACHY
2292000;511.01;511.45;TACHYCARDIA;TACHY
2294000;511.73;512.17;TACHYCARDIA;TACHY
2296000;509.80;510.25;TACHYCARDIA;TACHY
2298000;511.38;511.83;TACHYCARDIA;TACHY
2300000;510.89;511.34;TACHYCARDIA;TACHY
2302000;510.37;510.83;TACHYCARDIA;TACHY
2304000;512.04;512.50;TACHYCARDIA;TACHY
2306000;512.23;512.69;TACHYCARDIA;TACHY
2308000;511.27;511.74;TACHYCARDIA;TACHY
2310000;511.35;511.82;TACHYCARDIA;TACHY
2312000;511.35;511.82;TACHYCARDIA;TACHY
2314000;510.20;510.67;TACHYCARDIA;TACHY
2316000;513.56;514.04;TACHYCARDIA;TACHY
2318000;511.97;512.45;TACHYCARDIA;TACHY
2320000;510.18;510.66;TACHYCARDIA;TACHY
2322000;512.17;512.66;TACHYCARDIA;TACHY
2324000;511.94;512.42;TACHYCARDIA;TACHY
2326000;511.31;511.80;TACHYCARDIA;TACHY
2328000;511.76;512.26;TACHYCARDIA;TACHY
2330000;511.43;511.93;TACHYCARDIA;TACHY
2332000;510.59;511.09;TACHYCARDIA;TACHY
2334000;511.11;511.61;TACHYCARDIA;TACHY
2336000;511.47;511.98;TACHYCARDIA;TACHY
2338000;510.21;510.72;TACHYCARDIA;TACHY
2340000;510.75;511.26;TACHYCARDIA;TACHY
2342000;511.16;511.67;TACHYCARDIA;TACHY
2344000;511.23;511.75;TACHYCARDIA;TACHY
2346000;510.89;511.41;TACHYCARDIA;TACHY
2348000;512.65;513.17;TACHYCARDIA;TACHY
2350000;511.98;512.50;TACHYCARDIA;TACHY
2352000;510.05;510.58;TACHYCARDIA;TACHY
2354000;511.67;512.20;TACHYCARDIA;TACHY
2356000;512.48;513.01;TACHYCARDIA;TACHY
2358000;510.71;511.25;TACHYCARDIA;TACHY
2360000;511.08;511.62;TACHYCARDIA;TACHY
2362000;512.72;513.25;TACHYCARDIA;TACHY
2364000;511.50;512.04;TACHYCARDIA;TACHY
2366000;511.28;511.82;TACHYCARDIA;TACHY
2368000;510.27;510.82;TACHYCARDIA;TACHY
2370000;511.36;511.90;TACHYCARDIA;TACHY
2372000;511.06;511.61;TACHYCARDIA;TACHY
2374000;512.50;513.05;TACHYCARDIA;TACHY
2376000;510.83;511.38;TACHYCARDIA;TACHY
2378000;511.89;512.45;TACHYCARDIA;TACHY
2380000;511.27;511.83;TACHYCARDIA;TACHY
2382000;511.43;512.00;TACHYCARDIA;TACHY
2384000;511.26;511.83;TACHYCARDIA;TACHY
2386000;512.74;513.31;TACHYCARDIA;TACHY
2388000;510.94;511.52;TACHYCARDIA;TACHY
2390000;512.25;512.83;TACHYCARDIA;TACHY
2392000;510.39;510.97;TACHYCARDIA;TACHY
2394000;512.35;512.93;TACHYCARDIA;TACHY
2396000;512.99;513.58;TACHYCARDIA;TACHY
2398000;511.98;512.57;TACHYCARDIA;TACHY
2400000;512.50;513.08;TACHYCARDIA;TACHY
2402000;511.76;512.35;TACHYCARDIA;TACHY
2404000;511.72;512.31;TACHYCARDIA;TACHY
2406000;511.90;512.50;TACHYCARDIA;TACHY
2408000;510.04;510.63;TACHYCARDIA;TACHY
2410000;510.75;511.35;TACHYCARDIA;TACHY
2412000;510.60;511.20;TACHYCARDIA;TACHY
2414000;510.99;511.60;TACHYCARDIA;TACHY
2416000;511.72;512.33;TACHYCARDIA;TACHY
2418000;509.84;510.45;TACHYCARDIA;TACHY
2420000;510.56;511.18;TACHYCARDIA;TACHY
2422000;510.78;511.39;TACHYCARDIA;TACHY
2424000;511.06;511.68;TACHYCARDIA;TACHY
2426000;512.12;512.74;TACHYCARDIA;TACHY
2428000;512.02;512.65;TACHYCARDIA;TACHY
2430000;510.16;510.78;TACHYCARDIA;TACHY
2432000;511.96;512.59;TACHYCARDIA;TACHY
2434000;511.21;511.84;TACHYCARDIA;TACHY
2436000;512.02;512.65;TACHYCARDIA;TACHY
2438000;511.23;511.86;TACHYCARDIA;TACHY
2440000;509.60;510.23;TACHYCARDIA;TACHY
2442000;511.14;511.78;TACHYCARDIA;TACHY
2444000;511.83;512.47;TACHYCARDIA;TACHY
2446000;512.09;512.73;TACHYCARDIA;TACHY
2448000;511.45;512.09;TACHYCARDIA;TACHY
2450000;511.45;512.10;TACHYCARDIA;TACHY
2452000;511.37;512.03;TACHYCARDIA;TACHY
2454000;511.93;512.58;TACHYCARDIA;TACHY
2456000;512.63;513.29;TACHYCARDIA;TACHY
2458000;511.17;511.83;TACHYCARDIA;TACHY
2460000;511.26;511.92;TACHYCARDIA;TACHY
2462000;511.78;512.44;TACHYCARDIA;TACHY
2464000;510.27;510.93;TACHYCARDIA;TACHY
2466000;511.81;512.48;TACHYCARDIA;TACHY
2468000;512.14;512.81;TACHYCARDIA;TACHY
2470000;510.91;511.59;TACHYCARDIA;TACHY
2472000;511.62;512.30;TACHYCARDIA;TACHY
2474000;510.49;511.17;TACHYCARDIA;TACHY
2476000;511.09;511.77;TACHYCARDIA;TACHY
2478000;511.07;511.75;TACHYCARDIA;TACHY
2480000;512.41;513.09;TACHYCARDIA;TACHY
2482000;511.32;512.01;TACHYCARDIA;TACHY
2484000;510.95;511.64;TACHYCARDIA;TACHY
2486000;510.52;511.21;TACHYCARDIA;TACHY
2488000;510.00;510.70;TACHYCARDIA;TACHY
2490000;512.23;512.92;TACHYCARDIA;TACHY
2492000;512.24;512.94;TACHYCARDIA;TACHY
2494000;511.04;511.74;TACHYCARDIA;TACHY
2496000;511.21;511.91;TACHYCARDIA;TACHY
2498000;510.78;511.48;TACHYCARDIA;TACHY
2500000;511.19;511.90;TACHYCARDIA;TACHY
2502000;510.92;511.63;TACHYCARDIA;TACHY
2504000;513.53;514.24;TACHYCARDIA;TACHY
2506000;512.71;513.43;TACHYCARDIA;TACHY
2508000;511.98;512.70;TACHYCARDIA;TACHY
2510000;512.68;513.40;TACHYCARDIA;TACHY
2512000;511.30;512.02;TACHYCARDIA;TACHY
2514000;512.50;513.22;TACHYCARDIA;TACHY
2516000;511.31;512.04;TACHYCARDIA;TACHY
2518000;511.58;512.31;TACHYCARDIA;TACHY
2520000;511.52;512.25;TACHYCARDIA;TACHY
2522000;511.42;512.15;TACHYCARDIA;TACHY
2524000;510.92;511.66;TACHYCARDIA;TACHY
2526000;510.84;511.58;TACHYCARDIA;TACHY
2528000;511.51;512.24;TACHYCARDIA;TACHY
2530000;511.78;512.52;TACHYCARDIA;TACHY
2532000;509.39;510.13;TACHYCARDIA;TACHY
2534000;512.84;513.58;TACHYCARDIA;TACHY
2536000;512.11;512.86;TACHYCARDIA;TACHY
2538000;510.00;510.74;TACHYCARDIA;TACHY
2540000;511.19;511.94;TACHYCARDIA;TACHY
2542000;509.79;510.55;TACHYCARDIA;TACHY
2544000;511.63;512.38;TACHYCARDIA;TACHY
2546000;510.72;511.47;TACHYCARDIA;TACHY
2548000;510.52;511.27;TACHYCARDIA;TACHY
2550000;510.97;511.73;TACHYCARDIA;TACHY
2552000;510.23;510.99;TACHYCARDIA;TACHY
2554000;511.95;512.72;TACHYCARDIA;TACHY
2556000;511.68;512.45;TACHYCARDIA;TACHY
2558000;512.03;512.80;TACHYCARDIA;TACHY
2560000;509.99;510.76;TACHYCARDIA;TACHY
2562000;510.53;511.30;TACHYCARDIA;TACHY
2564000;511.24;512.02;TACHYCARDIA;TACHY
2566000;512.02;512.79;TACHYCARDIA;TACHY
2568000;511.34;512.11;TACHYCARDIA;TACHY
2570000;509.70;510.48;TACHYCARDIA;TACHY
2572000;510.85;511.63;TACHYCARDIA;TACHY
2574000;511.26;512.05;TACHYCARDIA;TACHY
2576000;511.37;512.16;TACHYCARDIA;TACHY
2578000;511.59;512.38;TACHYCARDIA;TACHY
2580000;512.26;513.05;TACHYCARDIA;TACHY
2582000;510.58;511.37;TACHYCARDIA;TACHY
2584000;509.95;510.74;TACHYCARDIA;TACHY
2586000;512.10;512.89;TACHYCARDIA;TACHY
2588000;510.95;511.75;TACHYCARDIA;TACHY
2590000;511.51;512.31;TACHYCARDIA;TACHY
2592000;510.88;511.68;TACHYCARDIA;TACHY
2594000;510.04;510.84;TACHYCARDIA;TACHY
2596000;510.25;511.05;TACHYCARDIA;TACHY
2598000;512.60;513.41;TACHYCARDIA;TACHY
2600000;510.27;511.08;TACHYCARDIA;TACHY
2602000;511.70;512.51;TACHYCARDIA;TACHY
2604000;510.56;511.37;TACHYCARDIA;TACHY
2606000;511.20;512.02;TACHYCARDIA;TACHY
2608000;512.56;513.38;TACHYCARDIA;TACHY
2610000;513.05;513.87;TACHYCARDIA;TACHY
2612000;511.35;512.17;TACHYCARDIA;TACHY
2614000;510.06;510.89;TACHYCARDIA;TACHY
2616000;511.86;512.69;TACHYCARDIA;TACHY
2618000;512.34;513.16;TACHYCARDIA;TACHY
2620000;510.97;511.80;TACHYCARDIA;TACHY
2622000;510.72;511.55;TACHYCARDIA;TACHY
2624000;510.45;511.28;TACHYCARDIA;TACHY
2626000;510.71;511.54;TACHYCARDIA;TACHY
2628000;511.50;512.33;TACHYCARDIA;TACHY
2630000;512.00;512.84;TACHYCARDIA;TACHY
2632000;513.02;513.86;TACHYCARDIA;TACHY
2634000;512.00;512.84;TACHYCARDIA;TACHY
2636000;511.13;511.97;TACHYCARDIA;TACHY
2638000;510.97;511.81;TACHYCARDIA;TACHY
2640000;510.91;511.76;TACHYCARDIA;TACHY
2642000;511.14;511.98;TACHYCARDIA;TACHY
2644000;510.86;511.70;TACHYCARDIA;TACHY
2646000;510.44;511.29;TACHYCARDIA;TACHY
2648000;511.50;512.35;TACHYCARDIA;TACHY
2650000;510.93;511.78;TACHYCARDIA;TACHY
2652000;510.44;511.29;TACHYCARDIA;TACHY
2654000;511.97;512.83;TACHYCARDIA;TACHY
2656000;510.98;511.84;TACHYCARDIA;TACHY
2658000;510.73;511.58;TACHYCARDIA;TACHY
2660000;511.08;511.94;TACHYCARDIA;TACHY
2662000;511.54;512.40;TACHYCARDIA;TACHY
2664000;510.30;511.17;TACHYCARDIA;TACHY
2666000;510.99;511.86;TACHYCARDIA;TACHY
2668000;512.55;513.41;TACHYCARDIA;TACHY
2670000;510.96;511.83;TACHYCARDIA;TACHY
2672000;510.75;511.62;TACHYCARDIA;TACHY
2674000;511.07;511.94;TACHYCARDIA;TACHY
2676000;510.83;511.71;TACHYCARDIA;TACHY
2678000;511.40;512.27;TACHYCARDIA;TACHY
2680000;510.74;511.62;TACHYCARDIA;TACHY
2682000;509.57;510.44;TACHYCARDIA;TACHY
2684000;510.09;510.96;TACHYCARDIA;TACHY
2686000;512.11;513.00;TACHYCARDIA;TACHY
2688000;511.12;512.00;TACHYCARDIA;TACHY
2690000;510.44;511.32;TACHYCARDIA;TACHY
2692000;512.50;513.38;TACHYCARDIA;TACHY
2694000;510.79;511.68;TACHYCARDIA;TACHY
2696000;511.02;511.91;TACHYCARDIA;TACHY
2698000;510.65;511.54;TACHYCARDIA;TACHY
2700000;510.86;511.75;TACHYCARDIA;TACHY
2702000;510.50;511.40;TACHYCARDIA;TACHY
2704000;511.73;512.62;TACHYCARDIA;TACHY
2706000;511.83;512.73;TACHYCARDIA;TACHY
2708000;511.47;512.37;TACHYCARDIA;TACHY
2710000;512.28;513.18;TACHYCARDIA;TACHY
2712000;511.39;512.29;TACHYCARDIA;TACHY
2714000;510.95;511.86;TACHYCARDIA;TACHY
2716000;509.37;510.27;TACHYCARDIA;TACHY
2718000;511.54;512.44;TACHYCARDIA;TACHY
2720000;509.36;510.27;TACHYCARDIA;TACHY
2722000;510.70;511.61;TACHYCARDIA;TACHY
2724000;510.86;511.77;TACHYCARDIA;TACHY
2726000;511.82;512.73;TACHYCARDIA;TACHY
2728000;511.45;512.36;TACHYCARDIA;TACHY
2730000;510.76;511.67;TACHYCARDIA;TACHY
2732000;512.05;512.97;TACHYCARDIA;TACHY
2734000;510.73;511.65;TACHYCARDIA;TACHY
2736000;510.21;511.12;TACHYCARDIA;TACHY
2738000;510.95;511.87;TACHYCARDIA;TACHY
2740000;511.71;512.63;TACHYCARDIA;TACHY
2742000;511.25;512.17;TACHYCARDIA;TACHY
2744000;510.95;511.87;TACHYCARDIA;TACHY
2746000;511.04;511.96;TACHYCARDIA;TACHY
2748000;509.92;510.85;TACHYCARDIA;TACHY
2750000;510.86;511.79;TACHYCARDIA;TACHY
2752000;510.95;511.87;TACHYCARDIA;TACHY
2754000;509.70;510.62;TACHYCARDIA;TACHY
2756000;510.87;511.79;TACHYCARDIA;TACHY
2758000;511.05;511.98;TACHYCARDIA;TACHY
2760000;511.45;512.38;TACHYCARDIA;TACHY
2762000;512.39;513.32;TACHYCARDIA;TACHY
2764000;511.70;512.63;TACHYCARDIA;TACHY
2766000;512.42;513.35;TACHYCARDIA;TACHY
2768000;511.13;512.07;TACHYCARDIA;TACHY
2770000;509.83;510.76;TACHYCARDIA;TACHY
2772000;510.50;511.44;TACHYCARDIA;TACHY
2774000;510.23;511.17;TACHYCARDIA;TACHY
2776000;509.48;510.41;TACHYCARDIA;TACHY
2778000;512.07;513.01;TACHYCARDIA;TACHY
2780000;510.78;511.72;TACHYCARDIA;TACHY
2782000;510.52;511.46;TACHYCARDIA;TACHY
2784000;511.89;512.83;TACHYCARDIA;TACHY
2786000;510.12;511.06;TACHYCARDIA;TACHY
2788000;510.27;511.21;TACHYCARDIA;TACHY
2790000;510.92;511.87;TACHYCARDIA;TACHY
2792000;510.59;511.54;TACHYCARDIA;TACHY
2794000;510.83;511.78;TACHYCARDIA;TACHY
2796000;510.87;511.82;TACHYCARDIA;TACHY
2798000;511.04;511.99;TACHYCARDIA;TACHY
2800000;512.50;513.45;TACHYCARDIA;TACHY
2802000;510.90;511.86;TACHYCARDIA;TACHY
2804000;511.90;512.85;TACHYCARDIA;TACHY
2806000;511.58;512.53;TACHYCARDIA;TACHY
2808000;511.73;512.69;TACHYCARDIA;TACHY
2810000;510.48;511.44;TACHYCARDIA;TACHY
2812000;510.99;511.94;TACHYCARDIA;TACHY
2814000;511.61;512.57;TACHYCARDIA;TACHY
2816000;512.13;513.09;TACHYCARDIA;TACHY
2818000;509.87;510.83;TACHYCARDIA;TACHY
2820000;510.90;511.86;TACHYCARDIA;TACHY
2822000;510.99;511.95;TACHYCARDIA;TACHY
2824000;510.99;511.95;TACHYCARDIA;TACHY
2826000;511.28;512.24;TACHYCARDIA;TACHY
2828000;511.02;511.98;TACHYCARDIA;TACHY
2830000;509.75;510.71;TACHYCARDIA;TACHY
2832000;511.46;512.42;TACHYCARDIA;TACHY
2834000;511.97;512.94;TACHYCARDIA;TACHY
2836000;510.88;511.84;TACHYCARDIA;TACHY
2838000;511.30;512.26;TACHYCARDIA;TACHY
2840000;511.22;512.19;TACHYCARDIA;TACHY
2842000;510.47;511.44;TACHYCARDIA;TACHY
2844000;511.32;512.29;TACHYCARDIA;TACHY
2846000;509.57;510.54;TACHYCARDIA;TACHY
2848000;510.36;511.33;TACHYCARDIA;TACHY
2850000;512.33;513.31;TACHYCARDIA;TACHY
2852000;512.40;513.37;TACHYCARDIA;TACHY
2854000;510.88;511.85;TACHYCARDIA;TACHY
2856000;511.25;512.22;TACHYCARDIA;TACHY
2858000;511.65;512.63;TACHYCARDIA;TACHY
2860000;510.67;511.65;TACHYCARDIA;TACHY
2862000;509.83;510.80;TACHYCARDIA;TACHY
2864000;510.47;511.45;TACHYCARDIA;TACHY
2866000;511.23;512.21;TACHYCARDIA;TACHY
2868000;510.63;511.61;TACHYCARDIA;TACHY
2870000;511.05;512.03;TACHYCARDIA;TACHY
2872000;510.94;511.92;TACHYCARDIA;TACHY
2874000;510.36;511.35;TACHYCARDIA;TACHY
2876000;512.07;513.06;TACHYCARDIA;TACHY
2878000;512.46;513.45;TACHYCARDIA;TACHY
2880000;511.42;512.40;TACHYCARDIA;TACHY
2882000;512.15;513.13;TACHYCARDIA;TACHY
2884000;510.89;511.87;TACHYCARDIA;TACHY
2886000;512.96;513.95;TACHYCARDIA;TACHY
2888000;510.65;511.64;TACHYCARDIA;TACHY
2890000;511.62;512.61;TACHYCARDIA;TACHY
2892000;511.28;512.26;TACHYCARDIA;TACHY
2894000;510.02;511.01;TACHYCARDIA;TACHY
2896000;510.16;511.14;TACHYCARDIA;TACHY
2898000;511.51;512.50;TACHYCARDIA;TACHY
2900000;511.99;512.98;TACHYCARDIA;TACHY
2902000;511.88;512.87;TACHYCARDIA;TACHY
2904000;510.50;511.49;TACHYCARDIA;TACHY
2906000;511.03;512.02;TACHYCARDIA;TACHY
2908000;511.62;512.61;TACHYCARDIA;TACHY
2910000;510.05;511.04;TACHYCARDIA;TACHY
2912000;511.13;512.12;TACHYCARDIA;TACHY
2914000;511.25;512.24;TACHYCARDIA;TACHY
2916000;510.47;511.46;TACHYCARDIA;TACHY
2918000;510.17;511.17;TACHYCARDIA;TACHY
2920000;510.51;511.50;TACHYCARDIA;TACHY
2922000;510.53;511.52;TACHYCARDIA;TACHY
2924000;512.17;513.17;TACHYCARDIA;TACHY
2926000;511.14;512.13;TACHYCARDIA;TACHY
2928000;511.37;512.37;TACHYCARDIA;TACHY
2930000;509.77;510.76;TACHYCARDIA;TACHY
2932000;510.62;511.61;TACHYCARDIA;TACHY
2934000;511.24;512.23;TACHYCARDIA;TACHY
2936000;510.29;511.28;TACHYCARDIA;TACHY
2938000;511.58;512.57;TACHYCARDIA;TACHY
2940000;510.63;511.63;TACHYCARDIA;TACHY
2942000;511.26;512.26;TACHYCARDIA;TACHY
2944000;509.75;510.75;TACHYCARDIA;TACHY
2946000;511.30;512.29;TACHYCARDIA;TACHY
2948000;510.97;511.96;TACHYCARDIA;TACHY
2950000;510.38;511.38;TACHYCARDIA;TACHY
2952000;511.77;512.77;TACHYCARDIA;TACHY
2954000;510.90;511.89;TACHYCARDIA;TACHY
2956000;510.81;511.81;TACHYCARDIA;TACHY
2958000;511.58;512.58;TACHYCARDIA;TACHY
2960000;511.56;512.56;TACHYCARDIA;TACHY
2962000;511.58;512.58;TACHYCARDIA;TACHY
2964000;511.19;512.19;TACHYCARDIA;TACHY
2966000;511.39;512.39;TACHYCARDIA;TACHY
2968000;509.99;510.98;TACHYCARDIA;TACHY
2970000;510.88;511.88;TACHYCARDIA;TACHY
2972000;511.88;512.88;TACHYCARDIA;TACHY
2974000;511.17;512.17;TACHYCARDIA;TACHY
2976000;510.12;511.12;TACHYCARDIA;TACHY
2978000;510.48;511.48;TACHYCARDIA;TACHY
2980000;510.73;511.73;TACHYCARDIA;TACHY
2982000;511.41;512.41;TACHYCARDIA;TACHY
2984000;511.86;512.85;TACHYCARDIA;TACHY
2986000;510.29;511.29;TACHYCARDIA;TACHY
2988000;511.03;512.03;TACHYCARDIA;TACHY
2990000;510.68;511.68;TACHYCARDIA;TACHY
2992000;510.61;511.61;TACHYCARDIA;TACHY
2994000;511.22;512.22;TACHYCARDIA;TACHY
2996000;511.76;512.76;TACHYCARDIA;TACHY
2998000;511.16;512.16;TACHYCARDIA;TACHY
3000000;511.95;512.95;TACHYCARDIA;TACHY
3002000;511.08;512.08;TACHYCARDIA;TACHY
3004000;509.83;510.83;TACHYCARDIA;TACHY
3006000;510.70;511.70;TACHYCARDIA;TACHY
3008000;510.67;511.67;TACHYCARDIA;TACHY
3010000;510.15;511.15;TACHYCARDIA;TACHY
3012000;511.62;512.62;TACHYCARDIA;TACHY
3014000;511.31;512.31;TACHYCARDIA;TACHY
3016000;510.98;511.98;TACHYCARDIA;TACHY
3018000;510.51;511.51;TACHYCARDIA;TACHY
3020000;511.27;512.27;TACHYCARDIA;TACHY
3022000;510.60;511.60;TACHYCARDIA;TACHY
3024000;510.87;511.86;TACHYCARDIA;TACHY
3026000;509.77;510.77;TACHYCARDIA;TACHY
3028000;510.59;511.59;TACHYCARDIA;TACHY
3030000;511.26;512.26;TACHYCARDIA;TACHY
3032000;510.17;511.17;TACHYCARDIA;TACHY
3034000;512.36;513.35;TACHYCARDIA;TACHY
3036000;510.44;511.44;TACHYCARDIA;TACHY
3038000;510.72;511.72;TACHYCARDIA;TACHY
3040000;510.21;511.21;TACHYCARDIA;TACHY
3042000;511.38;512.38;TACHYCARDIA;TACHY
3044000;510.08;511.08;TACHYCARDIA;TACHY
3046000;510.84;511.84;TACHYCARDIA;TACHY
3048000;511.31;512.30;TACHYCARDIA;TACHY
3050000;510.90;511.90;TACHYCARDIA;TACHY
3052000;510.70;511.70;TACHYCARDIA;TACHY
3054000;511.41;512.41;TACHYCARDIA;TACHY
3056000;511.43;512.42;TACHYCARDIA;TACHY
3058000;510.98;511.98;TACHYCARDIA;TACHY
3060000;511.97;512.97;TACHYCARDIA;TACHY
3062000;510.52;511.52;TACHYCARDIA;TACHY
3064000;510.90;511.90;TACHYCARDIA;TACHY
3066000;510.79;511.78;TACHYCARDIA;TACHY
3068000;510.46;511.46;TACHYCARDIA;TACHY
3070000;510.13;511.13;TACHYCARDIA;TACHY
3072000;512.15;513.15;TACHYCARDIA;TACHY
3074000;511.58;512.58;TACHYCARDIA;TACHY
3076000;511.73;512.72;TACHYCARDIA;TACHY
3078000;510.53;511.53;TACHYCARDIA;TACHY
3080000;510.92;511.91;TACHYCARDIA;TACHY
3082000;510.16;511.16;TACHYCARDIA;TACHY
3084000;511.46;512.46;TACHYCARDIA;TACHY
3086000;511.43;512.42;TACHYCARDIA;TACHY
3088000;510.60;511.59;TACHYCARDIA;TACHY
3090000;510.11;511.10;TACHYCARDIA;TACHY
3092000;511.90;512.89;TACHYCARDIA;TACHY
3094000;510.63;511.62;TACHYCARDIA;TACHY
3096000;510.96;511.95;TACHYCARDIA;TACHY
3098000;511.34;512.33;TACHYCARDIA;TACHY
3100000;510.76;511.75;TACHYCARDIA;TACHY
3102000;511.31;512.29;TACHYCARDIA;TACHY
3104000;510.24;511.23;TACHYCARDIA;TACHY
3106000;511.09;512.08;TACHYCARDIA;TACHY
3108000;510.69;511.67;TACHYCARDIA;TACHY
3110000;511.44;512.43;TACHYCARDIA;TACHY
3112000;511.47;512.45;TACHYCARDIA;TACHY
3114000;511.31;512.30;TACHYCARDIA;TACHY
3116000;511.32;512.31;TACHYCARDIA;TACHY
3118000;512.51;513.50;TACHYCARDIA;TACHY
3120000;511.95;512.93;TACHYCARDIA;TACHY
3122000;511.47;512.45;TACHYCARDIA;TACHY
3124000;511.46;512.44;TACHYCARDIA;TACHY
3126000;509.85;510.83;TACHYCARDIA;TACHY
3128000;509.77;510.75;TACHYCARDIA;TACHY
3130000;509.34;510.32;TACHYCARDIA;TACHY
3132000;510.65;511.63;TACHYCARDIA;TACHY
3134000;511.24;512.22;TACHYCARDIA;TACHY
3136000;511.40;512.38;TACHYCARDIA;TACHY
3138000;510.14;511.11;TACHYCARDIA;TACHY
3140000;510.82;511.80;TACHYCARDIA;TACHY
3142000;511.69;512.66;TACHYCARDIA;TACHY
3144000;509.45;510.43;TACHYCARDIA;TACHY
3146000;511.75;512.72;TACHYCARDIA;TACHY
3148000;510.56;511.54;TACHYCARDIA;TACHY
3150000;511.29;512.26;TACHYCARDIA;TACHY
3152000;510.95;511.92;TACHYCARDIA;TACHY
3154000;511.23;512.20;TACHYCARDIA;TACHY
3156000;511.12;512.09;TACHYCARDIA;TACHY
3158000;510.82;511.79;TACHYCARDIA;TACHY
3160000;508.94;509.91;TACHYCARDIA;TACHY
3162000;510.58;511.54;TACHYCARDIA;TACHY
3164000;511.54;512.51;TACHYCARDIA;TACHY
3166000;509.87;510.83;TACHYCARDIA;TACHY
3168000;510.87;511.84;TACHYCARDIA;TACHY
3170000;510.01;510.97;TACHYCARDIA;TACHY
3172000;511.58;512.54;TACHYCARDIA;TACHY
3174000;511.19;512.15;TACHYCARDIA;TACHY
3176000;511.80;512.76;TACHYCARDIA;TACHY
3178000;510.05;511.01;TACHYCARDIA;TACHY
3180000;510.46;511.42;TACHYCARDIA;TACHY
3182000;511.11;512.07;TACHYCARDIA;TACHY
3184000;511.73;512.69;TACHYCARDIA;TACHY
3186000;510.83;511.79;TACHYCARDIA;TACHY
3188000;511.31;512.27;TACHYCARDIA;TACHY
3190000;511.15;512.11;TACHYCARDIA;TACHY
3192000;511.62;512.57;TACHYCARDIA;TACHY
3194000;511.53;512.49;TACHYCARDIA;TACHY
3196000;512.21;513.16;TACHYCARDIA;TACHY
3198000;510.73;511.68;TACHYCARDIA;TACHY
3200000;510.71;511.66;TACHYCARDIA;TACHY
3202000;510.13;511.08;TACHYCARDIA;TACHY
3204000;511.08;512.03;TACHYCARDIA;TACHY
3206000;511.31;512.26;TACHYCARDIA;TACHY
3208000;510.89;511.83;TACHYCARDIA;TACHY
3210000;510.37;511.32;TACHYCARDIA;TACHY
3212000;511.43;512.38;TACHYCARDIA;TACHY
3214000;511.39;512.34;TACHYCARDIA;TACHY
3216000;509.40;510.34;TACHYCARDIA;TACHY
3218000;510.93;511.88;TACHYCARDIA;TACHY
3220000;510.32;511.26;TACHYCARDIA;TACHY
3222000;511.41;512.35;TACHYCARDIA;TACHY
3224000;512.43;513.37;TACHYCARDIA;TACHY
3226000;511.80;512.74;TACHYCARDIA;TACHY
3228000;509.28;510.21;TACHYCARDIA;TACHY
3230000;511.70;512.63;TACHYCARDIA;TACHY
3232000;510.11;511.04;TACHYCARDIA;TACHY
3234000;511.86;512.79;TACHYCARDIA;TACHY
3236000;509.92;510.85;TACHYCARDIA;TACHY
3238000;511.44;512.37;TACHYCARDIA;TACHY
3240000;512.28;513.21;TACHYCARDIA;TACHY
3242000;511.63;512.56;TACHYCARDIA;TACHY
3244000;511.57;512.50;TACHYCARDIA;TACHY
3246000;511.12;512.05;TACHYCARDIA;TACHY
3248000;510.23;511.15;TACHYCARDIA;TACHY
3250000;509.83;510.76;TACHYCARDIA;TACHY
3252000;510.60;511.52;TACHYCARDIA;TACHY
3254000;510.18;511.10;TACHYCARDIA;TACHY
3256000;511.21;512.13;TACHYCARDIA;TACHY
3258000;510.52;511.44;TACHYCARDIA;TACHY
3260000;511.41;512.32;TACHYCARDIA;TACHY
3262000;511.00;511.92;TACHYCARDIA;TACHY
3264000;511.67;512.59;TACHYCARDIA;TACHY
3266000;510.92;511.83;TACHYCARDIA;TACHY
3268000;511.91;512.83;TACHYCARDIA;TACHY
3270000;510.24;511.15;TACHYCARDIA;TACHY
3272000;510.75;511.66;TACHYCARDIA;TACHY
3274000;511.16;512.06;TACHYCARDIA;TACHY
3276000;510.74;511.65;TACHYCARDIA;TACHY
3278000;511.31;512.22;TACHYCARDIA;TACHY
3280000;510.66;511.56;TACHYCARDIA;TACHY
3282000;511.16;512.07;TACHYCARDIA;TACHY
3284000;512.15;513.05;TACHYCARDIA;TACHY
3286000;511.42;512.32;TACHYCARDIA;TACHY
3288000;511.25;512.15;TACHYCARDIA;TACHY
3290000;511.92;512.82;TACHYCARDIA;TACHY
3292000;510.08;510.98;TACHYCARDIA;TACHY
3294000;510.96;511.85;TACHYCARDIA;TACHY
3296000;510.39;511.28;TACHYCARDIA;TACHY
3298000;509.62;510.52;TACHYCARDIA;TACHY
3300000;510.93;511.82;TACHYCARDIA;TACHY
3302000;510.98;511.87;TACHYCARDIA;TACHY
3304000;511.36;512.25;TACHYCARDIA;TACHY
3306000;509.82;510.70;TACHYCARDIA;TACHY
3308000;509.93;510.82;TACHYCARDIA;TACHY
3310000;512.75;513.63;TACHYCARDIA;TACHY
3312000;512.18;513.06;TACHYCARDIA;TACHY
3314000;511.01;511.89;TACHYCARDIA;TACHY
3316000;511.32;512.20;TACHYCARDIA;TACHY
3318000;511.14;512.01;TACHYCARDIA;TACHY
3320000;511.57;512.44;TACHYCARDIA;TACHY
3322000;511.46;512.34;TACHYCARDIA;TACHY
3324000;511.32;512.20;TACHYCARDIA;TACHY
3326000;511.06;511.94;TACHYCARDIA;TACHY
3328000;510.77;511.64;TACHYCARDIA;TACHY
3330000;511.08;511.95;TACHYCARDIA;TACHY
3332000;511.09;511.95;TACHYCARDIA;TACHY
3334000;510.76;511.63;TACHYCARDIA;TACHY
3336000;510.48;511.35;TACHYCARDIA;TACHY
3338000;509.76;510.63;TACHYCARDIA;TACHY
3340000;510.59;511.45;TACHYCARDIA;TACHY
3342000;509.90;510.76;TACHYCARDIA;TACHY
3344000;510.76;511.61;TACHYCARDIA;TACHY
3346000;510.95;511.80;TACHYCARDIA;TACHY
3348000;510.74;511.59;TACHYCARDIA;TACHY
3350000;510.70;511.56;TACHYCARDIA;TACHY
3352000;511.11;511.96;TACHYCARDIA;TACHY
3354000;511.13;511.98;TACHYCARDIA;TACHY
3356000;509.24;510.09;TACHYCARDIA;TACHY
3358000;509.75;510.59;TACHYCARDIA;TACHY
3360000;511.31;512.15;TACHYCARDIA;TACHY
3362000;512.04;512.88;TACHYCARDIA;TACHY
3364000;510.68;511.52;TACHYCARDIA;TACHY
3366000;509.87;510.70;TACHYCARDIA;TACHY
3368000;510.89;511.72;TACHYCARDIA;TACHY
3370000;509.89;510.72;TACHYCARDIA;TACHY
3372000;511.53;512.36;TACHYCARDIA;TACHY
3374000;510.58;511.41;TACHYCARDIA;TACHY
3376000;511.59;512.42;TACHYCARDIA;TACHY
3378000;511.05;511.87;TACHYCARDIA;TACHY
3380000;511.23;512.06;TACHYCARDIA;TACHY
3382000;510.89;511.72;TACHYCARDIA;TACHY
3384000;511.59;512.41;TACHYCARDIA;TACHY
3386000;510.94;511.77;TACHYCARDIA;TACHY
3388000;511.89;512.71;TACHYCARDIA;TACHY
3390000;510.48;511.30;TACHYCARDIA;TACHY
3392000;511.52;512.34;TACHYCARDIA;TACHY
3394000;511.89;512.70;TACHYCARDIA;TACHY
3396000;511.92;512.73;TACHYCARDIA;TACHY
3398000;510.32;511.13;TACHYCARDIA;TACHY
3400000;510.69;511.50;TACHYCARDIA;TACHY
3402000;512.06;512.86;TACHYCARDIA;TACHY
3404000;510.21;511.02;TACHYCARDIA;TACHY
3406000;511.30;512.10;TACHYCARDIA;TACHY
3408000;511.91;512.71;TACHYCARDIA;TACHY
3410000;510.43;511.23;TACHYCARDIA;TACHY
3412000;509.99;510.79;TACHYCARDIA;TACHY
3414000;510.67;511.47;TACHYCARDIA;TACHY
3416000;510.77;511.56;TACHYCARDIA;TACHY
3418000;510.38;511.18;TACHYCARDIA;TACHY
3420000;511.05;511.84;TACHYCARDIA;TACHY
3422000;511.64;512.43;TACHYCARDIA;TACHY
3424000;510.30;511.08;TACHYCARDIA;TACHY
3426000;511.43;512.22;TACHYCARDIA;TACHY
3428000;511.98;512.76;TACHYCARDIA;TACHY
3430000;510.52;511.30;TACHYCARDIA;TACHY
3432000;511.16;511.94;TACHYCARDIA;TACHY
3434000;510.96;511.74;TACHYCARDIA;TACHY
3436000;512.30;513.08;TACHYCARDIA;TACHY
3438000;511.34;512.12;TACHYCARDIA;TACHY
3440000;511.78;512.55;TACHYCARDIA;TACHY
3442000;511.00;511.77;TACHYCARDIA;TACHY
3444000;511.55;512.31;TACHYCARDIA;TACHY
3446000;509.48;510.24;TACHYCARDIA;TACHY
3448000;511.23;511.99;TACHYCARDIA;TACHY
3450000;511.48;512.24;TACHYCARDIA;TACHY
3452000;511.98;512.74;TACHYCARDIA;TACHY
3454000;511.13;511.89;TACHYCARDIA;TACHY
3456000;511.13;511.89;TACHYCARDIA;TACHY
3458000;510.90;511.65;TACHYCARDIA;TACHY
3460000;510.97;511.72;TACHYCARDIA;TACHY
3462000;510.38;511.13;TACHYCARDIA;TACHY
3464000;510.83;511.57;TACHYCARDIA;TACHY
3466000;512.01;512.75;TACHYCARDIA;TACHY
3468000;512.06;512.81;TACHYCARDIA;TACHY
3470000;510.06;510.80;TACHYCARDIA;TACHY
3472000;511.54;512.28;TACHYCARDIA;TACHY
3474000;512.00;512.74;TACHYCARDIA;TACHY
3476000;510.30;511.03;TACHYCARDIA;TACHY
3478000;511.09;511.82;TACHYCARDIA;TACHY
3480000;510.81;511.54;TACHYCARDIA;TACHY
3482000;510.97;511.70;TACHYCARDIA;TACHY
3484000;510.04;510.76;TACHYCARDIA;TACHY
3486000;510.84;511.56;TACHYCARDIA;TACHY
3488000;511.20;511.92;TACHYCARDIA;TACHY
3490000;511.82;512.54;TACHYCARDIA;TACHY
3492000;511.74;512.46;TACHYCARDIA;TACHY
3494000;511.84;512.55;TACHYCARDIA;TACHY
3496000;510.79;511.50;TACHYCARDIA;TACHY
3498000;511.72;512.43;TACHYCARDIA;TACHY
3500000;510.26;510.97;TACHYCARDIA;TACHY
3502000;512.25;512.95;TACHYCARDIA;TACHY
3504000;510.78;511.49;TACHYCARDIA;TACHY
3506000;511.67;512.37;TACHYCARDIA;TACHY
3508000;508.65;509.35;TACHYCARDIA;TACHY
3510000;511.37;512.07;TACHYCARDIA;TACHY
3512000;511.00;511.69;TACHYCARDIA;TACHY
3514000;511.22;511.91;TACHYCARDIA;TACHY
3516000;511.74;512.43;TACHYCARDIA;TACHY
3518000;512.11;512.79;TACHYCARDIA;TACHY
3520000;512.42;513.11;TACHYCARDIA;TACHY
3522000;512.39;513.07;TACHYCARDIA;TACHY
3524000;511.05;511.73;TACHYCARDIA;TACHY
3526000;510.79;511.47;TACHYCARDIA;TACHY
3528000;512.53;513.20;TACHYCARDIA;TACHY
3530000;510.44;511.11;TACHYCARDIA;TACHY
3532000;510.62;511.29;TACHYCARDIA;TACHY
3534000;512.35;513.01;TACHYCARDIA;TACHY
3536000;510.94;511.61;TACHYCARDIA;TACHY
3538000;511.16;511.82;TACHYCARDIA;TACHY
3540000;512.43;513.09;TACHYCARDIA;TACHY
3542000;512.13;512.79;TACHYCARDIA;TACHY
3544000;511.00;511.66;TACHYCARDIA;TACHY
3546000;511.61;512.27;TACHYCARDIA;TACHY
3548000;511.31;511.96;TACHYCARDIA;TACHY
3550000;511.27;511.92;TACHYCARDIA;TACHY
3552000;511.54;512.19;TACHYCARDIA;TACHY
3554000;510.74;511.39;TACHYCARDIA;TACHY
3556000;510.84;511.48;TACHYCARDIA;TACHY
3558000;509.90;510.54;TACHYCARDIA;TACHY
3560000;511.69;512.33;TACHYCARDIA;TACHY
3562000;511.72;512.36;TACHYCARDIA;TACHY
3564000;512.89;513.52;TACHYCARDIA;TACHY
3566000;511.79;512.42;TACHYCARDIA;TACHY
3568000;511.33;511.96;TACHYCARDIA;TACHY
3570000;512.18;512.80;TACHYCARDIA;TACHY
3572000;511.44;512.06;TACHYCARDIA;TACHY
3574000;510.52;511.14;TACHYCARDIA;TACHY
3576000;510.62;511.24;TACHYCARDIA;TACHY
3578000;511.97;512.59;TACHYCARDIA;TACHY
3580000;513.30;513.92;TACHYCARDIA;TACHY
3582000;511.79;512.40;TACHYCARDIA;TACHY
3584000;511.11;511.72;TACHYCARDIA;TACHY
3586000;511.35;511.96;TACHYCARDIA;TACHY
3588000;511.29;511.90;TACHYCARDIA;TACHY
3590000;510.68;511.28;TACHYCARDIA;TACHY
3592000;509.70;510.30;TACHYCARDIA;TACHY
3594000;512.14;512.74;TACHYCARDIA;TACHY
3596000;512.23;512.83;TACHYCARDIA;TACHY
3598000;512.11;512.70;TACHYCARDIA;TACHY
3600000;511.04;511.63;TACHYCARDIA;TACHY
3602000;510.41;511.00;TACHYCARDIA;TACHY
3604000;510.56;511.14;TACHYCARDIA;TACHY
3606000;511.28;511.86;TACHYCARDIA;TACHY
3608000;512.49;513.07;TACHYCARDIA;TACHY
3610000;511.42;511.99;TACHYCARDIA;TACHY
3612000;512.30;512.87;TACHYCARDIA;TACHY
3614000;511.28;511.85;TACHYCARDIA;TACHY
3616000;511.77;512.33;TACHYCARDIA;TACHY
3618000;512.37;512.94;TACHYCARDIA;TACHY
3620000;511.48;512.04;TACHYCARDIA;TACHY
3622000;511.95;512.51;TACHYCARDIA;TACHY
3624000;511.91;512.47;TACHYCARDIA;TACHY
3626000;511.54;512.09;TACHYCARDIA;TACHY
3628000;513.18;513.73;TACHYCARDIA;TACHY
3630000;510.87;511.42;TACHYCARDIA;TACHY
3632000;513.38;513.93;TACHYCARDIA;TACHY
3634000;511.66;512.20;TACHYCARDIA;TACHY
3636000;511.28;511.82;TACHYCARDIA;TACHY
3638000;511.67;512.21;TACHYCARDIA;TACHY
3640000;511.03;511.56;TACHYCARDIA;TACHY
3642000;513.98;514.51;TACHYCARDIA;TACHY
3644000;510.49;511.02;TACHYCARDIA;TACHY
3646000;511.26;511.79;TACHYCARDIA;TACHY
3648000;511.22;511.75;TACHYCARDIA;TACHY
3650000;510.78;511.31;TACHYCARDIA;TACHY
3652000;510.78;511.30;TACHYCARDIA;TACHY
3654000;511.20;511.71;TACHYCARDIA;TACHY
3656000;511.03;511.54;TACHYCARDIA;TACHY
3658000;510.93;511.44;TACHYCARDIA;TACHY
3660000;510.31;510.82;TACHYCARDIA;TACHY
3662000;512.19;512.70;TACHYCARDIA;TACHY
3664000;512.58;513.09;TACHYCARDIA;TACHY
3666000;512.03;512.53;TACHYCARDIA;TACHY
3668000;511.54;512.04;TACHYCARDIA;TACHY
3670000;512.50;512.99;TACHYCARDIA;TACHY
3672000;512.07;512.56;TACHYCARDIA;TACHY
3674000;512.47;512.96;TACHYCARDIA;TACHY
3676000;511.70;512.19;TACHYCARDIA;TACHY
3678000;510.97;511.45;TACHYCARDIA;TACHY
3680000;510.60;511.08;TACHYCARDIA;TACHY
3682000;511.62;512.10;TACHYCARDIA;TACHY
3684000;511.86;512.34;TACHYCARDIA;TACHY
3686000;510.93;511.40;TACHYCARDIA;TACHY
3688000;511.57;512.04;TACHYCARDIA;TACHY
3690000;511.89;512.36;TACHYCARDIA;TACHY
3692000;510.78;511.24;TACHYCARDIA;TACHY
3694000;512.82;513.28;TACHYCARDIA;TACHY
3696000;510.72;511.18;TACHYCARDIA;TACHY
3698000;511.74;512.20;TACHYCARDIA;TACHY
3700000;510.55;511.00;TACHYCARDIA;TACHY
3702000;510.77;511.23;TACHYCARDIA;TACHY
3704000;511.46;511.91;TACHYCARDIA;TACHY
3706000;511.86;512.30;TACHYCARDIA;TACHY
3708000;512.65;513.09;TACHYCARDIA;TACHY
3710000;512.26;512.70;TACHYCARDIA;TACHY
3712000;511.71;512.15;TACHYCARDIA;TACHY
3714000;511.18;511.61;TACHYCARDIA;TACHY
3716000;511.79;512.22;TACHYCARDIA;TACHY
3718000;511.15;511.57;TACHYCARDIA;TACHY
3720000;511.98;512.41;TACHYCARDIA;TACHY
3722000;511.14;511.56;TACHYCARDIA;TACHY
3724000;509.91;510.33;TACHYCARDIA;TACHY
3726000;512.02;512.44;TACHYCARDIA;TACHY
3728000;511.36;511.77;TACHYCARDIA;TACHY
3730000;511.64;512.05;TACHYCARDIA;TACHY
3732000;510.77;511.18;TACHYCARDIA;TACHY
3734000;511.84;512.25;TACHYCARDIA;TACHY
3736000;512.10;512.50;TACHYCARDIA;TACHY
3738000;512.12;512.52;TACHYCARDIA;TACHY
3740000;510.44;510.84;TACHYCARDIA;TACHY
3742000;511.43;511.82;TACHYCARDIA;TACHY
3744000;512.14;512.53;TACHYCARDIA;TACHY
3746000;510.92;511.31;TACHYCARDIA;TACHY
3748000;511.36;511.74;TACHYCARDIA;TACHY
3750000;512.87;513.25;TACHYCARDIA;TACHY
3752000;510.93;511.31;TACHYCARDIA;TACHY
3754000;512.90;513.28;TACHYCARDIA;TACHY
3756000;510.74;511.11;TACHYCARDIA;TACHY
3758000;511.60;511.97;TACHYCARDIA;TACHY
3760000;510.66;511.03;TACHYCARDIA;TACHY
3762000;511.48;511.84;TACHYCARDIA;TACHY
3764000;510.68;511.04;TACHYCARDIA;TACHY
3766000;511.81;512.17;TACHYCARDIA;TACHY
3768000;511.53;511.88;TACHYCARDIA;TACHY
3770000;511.75;512.11;TACHYCARDIA;TACHY
3772000;510.17;510.52;TACHYCARDIA;TACHY
3774000;512.35;512.70;TACHYCARDIA;TACHY
3776000;511.16;511.50;TACHYCARDIA;TACHY
3778000;511.03;511.38;TACHYCARDIA;TACHY
3780000;512.25;512.59;TACHYCARDIA;TACHY
3782000;511.76;512.10;TACHYCARDIA;TACHY
3784000;511.98;512.31;TACHYCARDIA;TACHY
3786000;512.11;512.44;TACHYCARDIA;TACHY
3788000;513.29;513.61;TACHYCARDIA;TACHY
3790000;512.73;513.05;TACHYCARDIA;TACHY
3792000;512.41;512.73;TACHYCARDIA;TACHY
3794000;511.01;511.33;TACHYCARDIA;TACHY
3796000;511.36;511.67;TACHYCARDIA;TACHY
3798000;510.29;510.60;TACHYCARDIA;TACHY
3800000;511.99;512.30;TACHYCARDIA;TACHY
3802000;512.32;512.62;TACHYCARDIA;TACHY
3804000;511.23;511.53;TACHYCARDIA;TACHY
3806000;511.71;512.01;TACHYCARDIA;TACHY
3808000;511.05;511.34;TACHYCARDIA;TACHY
3810000;511.83;512.12;TACHYCARDIA;TACHY
3812000;513.67;513.96;TACHYCARDIA;TACHY
3814000;511.06;511.35;TACHYCARDIA;TACHY
3816000;511.54;511.82;TACHYCARDIA;TACHY
3818000;513.11;513.40;TACHYCARDIA;TACHY
3820000;512.27;512.55;TACHYCARDIA;TACHY
3822000;512.82;513.09;TACHYCARDIA;TACHY
3824000;510.81;511.08;TACHYCARDIA;TACHY
3826000;510.51;510.78;TACHYCARDIA;TACHY
3828000;512.02;512.29;TACHYCARDIA;TACHY
3830000;512.54;512.80;TACHYCARDIA;TACHY
3832000;513.90;514.16;TACHYCARDIA;TACHY
3834000;512.53;512.79;TACHYCARDIA;TACHY
3836000;511.64;511.89;TACHYCARDIA;TACHY
3838000;513.30;513.55;TACHYCARDIA;TACHY
3840000;512.18;512.43;TACHYCARDIA;TACHY
3842000;513.10;513.35;TACHYCARDIA;TACHY
3844000;511.03;511.27;TACHYCARDIA;TACHY
3846000;510.75;510.99;TACHYCARDIA;TACHY
3848000;511.89;512.13;TACHYCARDIA;TACHY
3850000;510.87;511.11;TACHYCARDIA;TACHY
3852000;511.65;511.88;TACHYCARDIA;TACHY
3854000;511.62;511.85;TACHYCARDIA;TACHY
3856000;511.98;512.21;TACHYCARDIA;TACHY
3858000;513.12;513.35;TACHYCARDIA;TACHY
3860000;511.06;511.28;TACHYCARDIA;TACHY
3862000;511.90;512.12;TACHYCARDIA;TACHY
3864000;511.18;511.39;TACHYCARDIA;TACHY
3866000;512.42;512.63;TACHYCARDIA;TACHY
3868000;511.46;511.66;TACHYCARDIA;TACHY
3870000;512.04;512.24;TACHYCARDIA;TACHY
3872000;511.07;511.27;TACHYCARDIA;TACHY
3874000;510.96;511.15;TACHYCARDIA;TACHY
3876000;511.84;512.03;TACHYCARDIA;TACHY
3878000;511.91;512.10;TACHYCARDIA;TACHY
3880000;513.27;513.46;TACHYCARDIA;TACHY
3882000;512.33;512.52;TACHYCARDIA;TACHY
3884000;511.47;511.65;TACHYCARDIA;TACHY
3886000;513.01;513.19;TACHYCARDIA;TACHY
3888000;512.59;512.76;TACHYCARDIA;TACHY
3890000;512.58;512.75;TACHYCARDIA;TACHY
3892000;511.34;511.51;TACHYCARDIA;TACHY
3894000;512.08;512.24;TACHYCARDIA;TACHY
3896000;511.73;511.89;TACHYCARDIA;TACHY
3898000;512.13;512.29;TACHYCARDIA;TACHY
3900000;512.04;512.19;TACHYCARDIA;TACHY
3902000;511.51;511.66;TACHYCARDIA;TACHY
3904000;511.69;511.84;TACHYCARDIA;TACHY
3906000;510.99;511.14;TACHYCARDIA;TACHY
3908000;512.16;512.31;TACHYCARDIA;TACHY
3910000;510.65;510.79;TACHYCARDIA;TACHY
3912000;511.95;512.09;TACHYCARDIA;TACHY
3914000;511.69;511.83;TACHYCARDIA;TACHY
3916000;512.78;512.91;TACHYCARDIA;TACHY
3918000;510.92;511.04;TACHYCARDIA;TACHY
3920000;512.10;512.22;TACHYCARDIA;TACHY
3922000;512.76;512.89;TACHYCARDIA;TACHY
3924000;512.41;512.53;TACHYCARDIA;TACHY
3926000;510.70;510.82;TACHYCARDIA;TACHY
3928000;512.93;513.04;TACHYCARDIA;TACHY
3930000;512.15;512.26;TACHYCARDIA;TACHY
3932000;513.03;513.13;TACHYCARDIA;TACHY
3934000;511.21;511.31;TACHYCARDIA;TACHY
3936000;512.48;512.58;TACHYCARDIA;TACHY
3938000;511.81;511.91;TACHYCARDIA;TACHY
3940000;512.46;512.55;TACHYCARDIA;TACHY
3942000;512.64;512.73;TACHYCARDIA;TACHY
3944000;511.40;511.49;TACHYCARDIA;TACHY
3946000;512.36;512.44;TACHYCARDIA;TACHY
3948000;512.12;512.20;TACHYCARDIA;TACHY
3950000;511.18;511.26;TACHYCARDIA;TACHY
3952000;510.98;511.05;TACHYCARDIA;TACHY
3954000;511.92;512.00;TACHYCARDIA;TACHY
3956000;512.11;512.18;TACHYCARDIA;TACHY
3958000;512.67;512.74;TACHYCARDIA;TACHY
3960000;511.56;511.62;TACHYCARDIA;TACHY
3962000;512.02;512.07;TACHYCARDIA;TACHY
3964000;512.45;512.50;TACHYCARDIA;TACHY
3966000;513.37;513.42;TACHYCARDIA;TACHY
3968000;511.84;511.89;TACHYCARDIA;TACHY
3970000;512.27;512.31;TACHYCARDIA;TACHY
3972000;511.42;511.47;TACHYCARDIA;TACHY
3974000;511.63;511.67;TACHYCARDIA;TACHY
3976000;510.81;510.84;TACHYCARDIA;TACHY
3978000;511.92;511.95;TACHYCARDIA;TACHY
3980000;511.84;511.87;TACHYCARDIA;TACHY
3982000;511.80;511.83;TACHYCARDIA;TACHY
3984000;511.71;511.74;TACHYCARDIA;TACHY
3986000;511.65;511.67;TACHYCARDIA;TACHY
3988000;511.48;511.50;TACHYCARDIA;TACHY
3990000;512.60;512.61;TACHYCARDIA;TACHY
3992000;511.99;512.00;TACHYCARDIA;TACHY
3994000;511.58;511.59;TACHYCARDIA;TACHY
3996000;511.41;511.42;TACHYCARDIA;TACHY
3998000;512.72;512.72;TACHYCARDIA;TACHY
4000000;511.19;511.19;TACHYCARDIA;TACHY
4002000;511.82;511.82;TACHYCARDIA;TACHY
4004000;512.77;512.77;TACHYCARDIA;TACHY
4006000;512.20;512.19;TACHYCARDIA;TACHY
4008000;511.06;511.05;TACHYCARDIA;TACHY
4010000;513.08;513.07;TACHYCARDIA;TACHY
4012000;512.02;512.01;TACHYCARDIA;TACHY
4014000;511.62;511.60;TACHYCARDIA;TACHY
4016000;511.49;511.47;TACHYCARDIA;TACHY
4018000;511.61;511.58;TACHYCARDIA;TACHY
4020000;512.04;512.01;TACHYCARDIA;TACHY
4022000;511.50;511.46;TACHYCARDIA;TACHY
4024000;511.22;511.19;TACHYCARDIA;TACHY
4026000;512.36;512.32;TACHYCARDIA;TACHY
4028000;511.11;511.07;TACHYCARDIA;TACHY
4030000;511.67;511.62;TACHYCARDIA;TACHY
4032000;512.71;512.66;TACHYCARDIA;TACHY
4034000;512.45;512.40;TACHYCARDIA;TACHY
4036000;512.49;512.43;TACHYCARDIA;TACHY
4038000;512.61;512.55;TACHYCARDIA;TACHY
4040000;512.79;512.73;TACHYCARDIA;TACHY
4042000;512.23;512.16;TACHYCARDIA;TACHY
4044000;513.06;512.99;TACHYCARDIA;TACHY
4046000;511.43;511.36;TACHYCARDIA;TACHY
4048000;511.88;511.81;TACHYCARDIA;TACHY
4050000;511.91;511.83;TACHYCARDIA;TACHY
4052000;511.04;510.96;TACHYCARDIA;TACHY
4054000;511.97;511.88;TACHYCARDIA;TACHY
4056000;512.30;512.21;TACHYCARDIA;TACHY
4058000;511.61;511.52;TACHYCARDIA;TACHY
4060000;511.05;510.96;TACHYCARDIA;TACHY
4062000;512.20;512.10;TACHYCARDIA;TACHY
4064000;512.84;512.74;TACHYCARDIA;TACHY
4066000;511.47;511.37;TACHYCARDIA;TACHY
4068000;512.75;512.64;TACHYCARDIA;TACHY
4070000;511.64;511.53;TACHYCARDIA;TACHY
4072000;511.11;511.00;TACHYCARDIA;TACHY
4074000;512.26;512.15;TACHYCARDIA;TACHY
4076000;512.54;512.42;TACHYCARDIA;TACHY
4078000;512.18;512.06;TACHYCARDIA;TACHY
4080000;511.79;511.66;TACHYCARDIA;TACHY
4082000;511.94;511.81;TACHYCARDIA;TACHY
4084000;513.74;513.61;TACHYCARDIA;TACHY
4086000;510.44;510.30;TACHYCARDIA;TACHY
4088000;511.65;511.52;TACHYCARDIA;TACHY
4090000;513.03;512.89;TACHYCARDIA;TACHY
4092000;511.22;511.07;TACHYCARDIA;TACHY
4094000;510.71;510.57;TACHYCARDIA;TACHY
4096000;513.71;513.56;TACHYCARDIA;TACHY
4098000;511.95;511.80;TACHYCARDIA;TACHY
4100000;512.35;512.19;TACHYCARDIA;TACHY
4102000;512.40;512.24;TACHYCARDIA;TACHY
4104000;512.02;511.86;TACHYCARDIA;TACHY
4106000;512.31;512.14;TACHYCARDIA;TACHY
4108000;512.91;512.74;TACHYCARDIA;TACHY
4110000;512.34;512.16;TACHYCARDIA;TACHY
4112000;511.14;510.96;TACHYCARDIA;TACHY
4114000;513.00;512.82;TACHYCARDIA;TACHY
4116000;512.97;512.79;TACHYCARDIA;TACHY
4118000;513.13;512.95;TACHYCARDIA;TACHY
4120000;511.19;511.01;TACHYCARDIA;TACHY
4122000;512.79;512.60;TACHYCARDIA;TACHY
4124000;511.81;511.62;TACHYCARDIA;TACHY
4126000;512.94;512.74;TACHYCARDIA;TACHY
4128000;511.93;511.73;TACHYCARDIA;TACHY
4130000;514.05;513.85;TACHYCARDIA;TACHY
4132000;511.78;511.58;TACHYCARDIA;TACHY
4134000;511.64;511.44;TACHYCARDIA;TACHY
4136000;511.64;511.42;TACHYCARDIA;TACHY
4138000;512.12;511.90;TACHYCARDIA;TACHY
4140000;512.73;512.51;TACHYCARDIA;TACHY
4142000;513.63;513.40;TACHYCARDIA;TACHY
4144000;512.38;512.15;TACHYCARDIA;TACHY
4146000;512.88;512.65;TACHYCARDIA;TACHY
4148000;512.60;512.37;TACHYCARDIA;TACHY
4150000;512.08;511.85;TACHYCARDIA;TACHY
4152000;513.09;512.85;TACHYCARDIA;TACHY
4154000;512.83;512.59;TACHYCARDIA;TACHY
4156000;512.75;512.51;TACHYCARDIA;TACHY
4158000;511.73;511.48;TACHYCARDIA;TACHY
4160000;512.76;512.51;TACHYCARDIA;TACHY
4162000;512.57;512.32;TACHYCARDIA;TACHY
4164000;511.96;511.70;TACHYCARDIA;TACHY
4166000;511.50;511.24;TACHYCARDIA;TACHY
4168000;512.62;512.36;TACHYCARDIA;TACHY
4170000;513.25;512.99;TACHYCARDIA;TACHY
4172000;512.17;511.91;TACHYCARDIA;TACHY
4174000;512.69;512.42;TACHYCARDIA;TACHY
4176000;512.19;511.92;TACHYCARDIA;TACHY
4178000;512.34;512.07;TACHYCARDIA;TACHY
4180000;510.79;510.51;TACHYCARDIA;TACHY
4182000;511.34;511.06;TACHYCARDIA;TACHY
4184000;511.48;511.20;TACHYCARDIA;TACHY
4186000;512.06;511.77;TACHYCARDIA;TACHY
4188000;511.70;511.40;TACHYCARDIA;TACHY
4190000;512.20;511.91;TACHYCARDIA;TACHY
4192000;511.90;511.60;TACHYCARDIA;TACHY
4194000;511.31;511.01;TACHYCARDIA;TACHY
4196000;511.46;511.15;TACHYCARDIA;TACHY
4198000;513.68;513.37;TACHYCARDIA;TACHY
4200000;511.74;511.43;TACHYCARDIA;TACHY
4202000;512.77;512.46;TACHYCARDIA;TACHY
4204000;511.12;510.81;TACHYCARDIA;TACHY
4206000;510.98;510.66;TACHYCARDIA;TACHY
4208000;512.32;512.00;TACHYCARDIA;TACHY
4210000;512.14;511.81;TACHYCARDIA;TACHY
4212000;512.90;512.57;TACHYCARDIA;TACHY
4214000;510.66;510.33;TACHYCARDIA;TACHY
4216000;512.95;512.61;TACHYCARDIA;TACHY
4218000;511.03;510.70;TACHYCARDIA;TACHY
4220000;513.00;512.66;TACHYCARDIA;TACHY
4222000;512.86;512.52;TACHYCARDIA;TACHY
4224000;511.96;511.62;TACHYCARDIA;TACHY
4226000;511.90;511.55;TACHYCARDIA;TACHY
4228000;512.23;511.88;TACHYCARDIA;TACHY
4230000;510.90;510.54;TACHYCARDIA;TACHY
4232000;512.80;512.45;TACHYCARDIA;TACHY
4234000;511.84;511.48;TACHYCARDIA;TACHY
4236000;512.31;511.94;TACHYCARDIA;TACHY
4238000;511.77;511.40;TACHYCARDIA;TACHY
4240000;513.58;513.22;TACHYCARDIA;TACHY
4242000;512.10;511.73;TACHYCARDIA;TACHY
4244000;513.81;513.43;TACHYCARDIA;TACHY
4246000;513.12;512.74;TACHYCARDIA;TACHY
4248000;513.63;513.25;TACHYCARDIA;TACHY
4250000;512.30;511.91;TACHYCARDIA;TACHY
4252000;511.85;511.47;TACHYCARDIA;TACHY
4254000;513.45;513.07;TACHYCARDIA;TACHY
4256000;514.58;514.19;TACHYCARDIA;TACHY
4258000;513.41;513.01;TACHYCARDIA;TACHY
4260000;511.13;510.74;TACHYCARDIA;TACHY
4262000;512.13;511.73;TACHYCARDIA;TACHY
4264000;512.09;511.69;TACHYCARDIA;TACHY
4266000;512.56;512.16;TACHYCARDIA;TACHY
4268000;512.11;511.70;TACHYCARDIA;TACHY
4270000;511.94;511.53;TACHYCARDIA;TACHY
4272000;513.11;512.69;TACHYCARDIA;TACHY
4274000;512.16;511.74;TACHYCARDIA;TACHY
4276000;512.82;512.40;TACHYCARDIA;TACHY
4278000;512.32;511.89;TACHYCARDIA;TACHY
4280000;511.25;510.82;TACHYCARDIA;TACHY
4282000;512.11;511.69;TACHYCARDIA;TACHY
4284000;512.42;511.99;TACHYCARDIA;TACHY
4286000;512.74;512.31;TACHYCARDIA;TACHY
4288000;512.74;512.30;TACHYCARDIA;TACHY
4290000;512.01;511.58;TACHYCARDIA;TACHY
4292000;512.62;512.18;TACHYCARDIA;TACHY
4294000;511.37;510.92;TACHYCARDIA;TACHY
4296000;512.58;512.13;TACHYCARDIA;TACHY
4298000;511.86;511.41;TACHYCARDIA;TACHY
4300000;512.10;511.65;TACHYCARDIA;TACHY
4302000;514.21;513.75;TACHYCARDIA;TACHY
4304000;510.46;510.00;TACHYCARDIA;TACHY
4306000;513.68;513.21;TACHYCARDIA;TACHY
4308000;513.30;512.83;TACHYCARDIA;TACHY
4310000;512.66;512.19;TACHYCARDIA;TACHY
4312000;513.05;512.58;TACHYCARDIA;TACHY
4314000;512.85;512.38;TACHYCARDIA;TACHY
4316000;512.21;511.73;TACHYCARDIA;TACHY
4318000;513.33;512.85;TACHYCARDIA;TACHY
4320000;513.15;512.67;TACHYCARDIA;TACHY
4322000;513.33;512.85;TACHYCARDIA;TACHY
4324000;511.62;511.13;TACHYCARDIA;TACHY
4326000;512.97;512.48;TACHYCARDIA;TACHY
4328000;512.56;512.06;TACHYCARDIA;TACHY
4330000;511.92;511.43;TACHYCARDIA;TACHY
4332000;511.40;510.90;TACHYCARDIA;TACHY
4334000;513.06;512.56;TACHYCARDIA;TACHY
4336000;512.62;512.11;TACHYCARDIA;TACHY
4338000;511.26;510.75;TACHYCARDIA;TACHY
4340000;512.36;511.85;TACHYCARDIA;TACHY
4342000;513.37;512.86;TACHYCARDIA;TACHY
4344000;512.80;512.28;TACHYCARDIA;TACHY
4346000;512.25;511.73;TACHYCARDIA;TACHY
4348000;512.08;511.56;TACHYCARDIA;TACHY
4350000;512.19;511.67;TACHYCARDIA;TACHY
4352000;511.91;511.38;TACHYCARDIA;TACHY
4354000;511.72;511.19;TACHYCARDIA;TACHY
4356000;513.28;512.75;TACHYCARDIA;TACHY
4358000;512.16;511.63;TACHYCARDIA;TACHY
4360000;512.82;512.29;TACHYCARDIA;TACHY
4362000;512.77;512.23;TACHYCARDIA;TACHY
4364000;512.28;511.74;TACHYCARDIA;TACHY
4366000;511.50;510.96;TACHYCARDIA;TACHY
4368000;512.80;512.25;TACHYCARDIA;TACHY
4370000;512.35;511.80;TACHYCARDIA;TACHY
4372000;512.86;512.31;TACHYCARDIA;TACHY
4374000;510.73;510.17;TACHYCARDIA;TACHY
4376000;510.64;510.08;TACHYCARDIA;TACHY
4378000;512.68;512.13;TACHYCARDIA;TACHY
4380000;513.24;512.67;TACHYCARDIA;TACHY
4382000;513.29;512.72;TACHYCARDIA;TACHY
4384000;513.98;513.42;TACHYCARDIA;TACHY
4386000;513.64;513.07;TACHYCARDIA;TACHY
4388000;512.69;512.11;TACHYCARDIA;TACHY
4390000;511.36;510.79;TACHYCARDIA;TACHY
4392000;512.47;511.90;TACHYCARDIA;TACHY
4394000;513.68;513.10;TACHYCARDIA;TACHY
4396000;512.73;512.15;TACHYCARDIA;TACHY
4398000;512.39;511.81;TACHYCARDIA;TACHY
4400000;512.66;512.08;TACHYCARDIA;TACHY
4402000;509.83;509.24;TACHYCARDIA;TACHY
4404000;510.87;510.27;TACHYCARDIA;TACHY
4406000;511.43;510.83;TACHYCARDIA;TACHY
4408000;512.26;511.66;TACHYCARDIA;TACHY
4410000;512.35;511.75;TACHYCARDIA;TACHY
4412000;513.31;512.70;TACHYCARDIA;TACHY
4414000;514.14;513.53;TACHYCARDIA;TACHY
4416000;512.49;511.88;TACHYCARDIA;TACHY
4418000;511.29;510.68;TACHYCARDIA;TACHY
4420000;512.75;512.14;TACHYCARDIA;TACHY
4422000;512.77;512.15;TACHYCARDIA;TACHY
4424000;512.61;511.99;TACHYCARDIA;TACHY
4426000;511.94;511.32;TACHYCARDIA;TACHY
4428000;512.20;511.58;TACHYCARDIA;TACHY
4430000;512.16;511.53;TACHYCARDIA;TACHY
4432000;512.19;511.56;TACHYCARDIA;TACHY
4434000;512.68;512.05;TACHYCARDIA;TACHY
4436000;511.20;510.56;TACHYCARDIA;TACHY
4438000;511.25;510.61;TACHYCARDIA;TACHY
4440000;512.30;511.67;TACHYCARDIA;TACHY
4442000;513.11;512.47;TACHYCARDIA;TACHY
4444000;511.32;510.68;TACHYCARDIA;TACHY
4446000;512.82;512.17;TACHYCARDIA;TACHY
4448000;513.21;512.56;TACHYCARDIA;TACHY
4450000;513.20;512.55;TACHYCARDIA;TACHY
4452000;513.28;512.62;TACHYCARDIA;TACHY
4454000;512.50;511.85;TACHYCARDIA;TACHY
4456000;513.08;512.43;TACHYCARDIA;TACHY
4458000;512.35;511.69;TACHYCARDIA;TACHY
4460000;511.47;510.81;TACHYCARDIA;TACHY
4462000;513.55;512.89;TACHYCARDIA;TACHY
4464000;512.30;511.64;TACHYCARDIA;TACHY
4466000;512.00;511.33;TACHYCARDIA;TACHY
4468000;512.49;511.82;TACHYCARDIA;TACHY
4470000;511.63;510.96;TACHYCARDIA;TACHY
4472000;512.40;511.72;TACHYCARDIA;TACHY
4474000;510.45;509.77;TACHYCARDIA;TACHY
4476000;512.91;512.23;TACHYCARDIA;TACHY
4478000;511.99;511.30;TACHYCARDIA;TACHY
4480000;510.77;510.09;TACHYCARDIA;TACHY
4482000;512.29;511.60;TACHYCARDIA;TACHY
4484000;512.37;511.68;TACHYCARDIA;TACHY
4486000;513.13;512.44;TACHYCARDIA;TACHY
4488000;511.59;510.89;TACHYCARDIA;TACHY
4490000;512.68;511.98;TACHYCARDIA;TACHY
4492000;512.90;512.20;TACHYCARDIA;TACHY
4494000;513.79;513.09;TACHYCARDIA;TACHY
4496000;512.33;511.63;TACHYCARDIA;TACHY
4498000;512.61;511.91;TACHYCARDIA;TACHY
4500000;511.77;511.06;TACHYCARDIA;TACHY
4502000;513.23;512.52;TACHYCARDIA;TACHY
4504000;511.15;510.44;TACHYCARDIA;TACHY
4506000;513.20;512.48;TACHYCARDIA;TACHY
4508000;514.06;513.34;TACHYCARDIA;TACHY
4510000;512.32;511.60;TACHYCARDIA;TACHY
4512000;511.23;510.51;TACHYCARDIA;TACHY
4514000;512.81;512.08;TACHYCARDIA;TACHY
4516000;510.59;509.86;TACHYCARDIA;TACHY
4518000;512.16;511.43;TACHYCARDIA;TACHY
4520000;511.78;511.05;TACHYCARDIA;TACHY
4522000;512.79;512.06;TACHYCARDIA;TACHY
4524000;513.28;512.54;TACHYCARDIA;TACHY
4526000;513.45;512.71;TACHYCARDIA;TACHY
4528000;512.76;512.02;TACHYCARDIA;TACHY
4530000;513.48;512.74;TACHYCARDIA;TACHY
4532000;514.45;513.71;TACHYCARDIA;TACHY
4534000;512.23;511.49;TACHYCARDIA;TACHY
4536000;510.56;509.82;TACHYCARDIA;TACHY
4538000;514.20;513.45;TACHYCARDIA;TACHY
4540000;511.60;510.85;TACHYCARDIA;TACHY
4542000;511.51;510.76;TACHYCARDIA;TACHY
4544000;513.14;512.38;TACHYCARDIA;TACHY
4546000;512.54;511.78;TACHYCARDIA;TACHY
4548000;512.95;512.19;TACHYCARDIA;TACHY
4550000;513.34;512.58;TACHYCARDIA;TACHY
4552000;512.93;512.17;TACHYCARDIA;TACHY
4554000;513.40;512.63;TACHYCARDIA;TACHY
4556000;512.86;512.09;TACHYCARDIA;TACHY
4558000;514.09;513.33;TACHYCARDIA;TACHY
4560000;511.89;511.12;TACHYCARDIA;TACHY
4562000;512.46;511.68;TACHYCARDIA;TACHY
4564000;512.46;511.68;TACHYCARDIA;TACHY
4566000;512.49;511.71;TACHYCARDIA;TACHY
4568000;512.19;511.41;TACHYCARDIA;TACHY
4570000;513.47;512.69;TACHYCARDIA;TACHY
4572000;512.20;511.42;TACHYCARDIA;TACHY
4574000;513.19;512.41;TACHYCARDIA;TACHY
4576000;513.72;512.93;TACHYCARDIA;TACHY
4578000;513.73;512.94;TACHYCARDIA;TACHY
4580000;513.99;513.20;TACHYCARDIA;TACHY
4582000;513.87;513.08;TACHYCARDIA;TACHY
4584000;512.11;511.32;TACHYCARDIA;TACHY
4586000;513.21;512.41;TACHYCARDIA;TACHY
4588000;512.64;511.84;TACHYCARDIA;TACHY
4590000;512.79;511.99;TACHYCARDIA;TACHY
4592000;511.76;510.96;TACHYCARDIA;TACHY
4594000;512.84;512.03;TACHYCARDIA;TACHY
4596000;513.52;512.71;TACHYCARDIA;TACHY
4598000;512.51;511.70;TACHYCARDIA;TACHY
4600000;512.21;511.40;TACHYCARDIA;TACHY
4602000;513.96;513.15;TACHYCARDIA;TACHY
4604000;512.84;512.02;TACHYCARDIA;TACHY
4606000;513.44;512.62;TACHYCARDIA;TACHY
4608000;513.75;512.93;TACHYCARDIA;TACHY
4610000;511.83;511.02;TACHYCARDIA;TACHY
4612000;511.95;511.13;TACHYCARDIA;TACHY
4614000;513.89;513.07;TACHYCARDIA;TACHY
4616000;512.57;511.74;TACHYCARDIA;TACHY
4618000;512.48;511.66;TACHYCARDIA;TACHY
4620000;510.83;510.00;TACHYCARDIA;TACHY
4622000;513.30;512.47;TACHYCARDIA;TACHY
4624000;512.55;511.72;TACHYCARDIA;TACHY
4626000;512.87;512.04;TACHYCARDIA;TACHY
4628000;511.80;510.96;TACHYCARDIA;TACHY
4630000;513.45;512.61;TACHYCARDIA;TACHY
4632000;511.96;511.12;TACHYCARDIA;TACHY
4634000;514.06;513.22;TACHYCARDIA;TACHY
4636000;512.92;512.08;TACHYCARDIA;TACHY
4638000;511.68;510.84;TACHYCARDIA;TACHY
4640000;512.44;511.60;TACHYCARDIA;TACHY
4642000;512.14;511.29;TACHYCARDIA;TACHY
4644000;513.22;512.37;TACHYCARDIA;TACHY
4646000;512.75;511.90;TACHYCARDIA;TACHY
4648000;512.05;511.20;TACHYCARDIA;TACHY
4650000;514.68;513.83;TACHYCARDIA;TACHY
4652000;512.55;511.70;TACHYCARDIA;TACHY
4654000;512.13;511.27;TACHYCARDIA;TACHY
4656000;514.27;513.41;TACHYCARDIA;TACHY
4658000;515.21;514.35;TACHYCARDIA;TACHY
4660000;511.79;510.93;TACHYCARDIA;TACHY
4662000;511.90;511.03;TACHYCARDIA;TACHY
4664000;513.44;512.57;TACHYCARDIA;TACHY
4666000;513.76;512.89;TACHYCARDIA;TACHY
4668000;513.02;512.15;TACHYCARDIA;TACHY
4670000;512.98;512.11;TACHYCARDIA;TACHY
4672000;513.73;512.86;TACHYCARDIA;TACHY
4674000;512.68;511.81;TACHYCARDIA;TACHY
4676000;513.17;512.30;TACHYCARDIA;TACHY
4678000;512.30;511.42;TACHYCARDIA;TACHY
4680000;512.46;511.58;TACHYCARDIA;TACHY
4682000;513.60;512.72;TACHYCARDIA;TACHY
4684000;513.71;512.83;TACHYCARDIA;TACHY
4686000;512.13;511.25;TACHYCARDIA;TACHY
4688000;514.04;513.16;TACHYCARDIA;TACHY
4690000;512.76;511.88;TACHYCARDIA;TACHY
4692000;513.28;512.39;TACHYCARDIA;TACHY
4694000;512.61;511.72;TACHYCARDIA;TACHY
4696000;512.83;511.94;TACHYCARDIA;TACHY
4698000;512.22;511.33;TACHYCARDIA;TACHY
4700000;513.07;512.18;TACHYCARDIA;TACHY
4702000;511.91;511.02;TACHYCARDIA;TACHY
4704000;513.62;512.73;TACHYCARDIA;TACHY
4706000;512.07;511.18;TACHYCARDIA;TACHY
4708000;512.17;511.27;TACHYCARDIA;TACHY
4710000;511.95;511.05;TACHYCARDIA;TACHY
4712000;514.74;513.85;TACHYCARDIA;TACHY
4714000;512.02;511.12;TACHYCARDIA;TACHY
4716000;512.22;511.32;TACHYCARDIA;TACHY
4718000;512.37;511.47;TACHYCARDIA;TACHY
4720000;514.28;513.37;TACHYCARDIA;TACHY
4722000;511.86;510.95;TACHYCARDIA;TACHY
4724000;512.78;511.87;TACHYCARDIA;TACHY
4726000;512.63;511.72;TACHYCARDIA;TACHY
4728000;512.44;511.53;TACHYCARDIA;TACHY
4730000;514.08;513.17;TACHYCARDIA;TACHY
4732000;512.04;511.13;TACHYCARDIA;TACHY
4734000;512.50;511.58;TACHYCARDIA;TACHY
4736000;511.99;511.07;TACHYCARDIA;TACHY
4738000;513.43;512.51;TACHYCARDIA;TACHY
4740000;511.13;510.21;TACHYCARDIA;TACHY
4742000;512.01;511.10;TACHYCARDIA;TACHY
4744000;510.87;509.95;TACHYCARDIA;TACHY
4746000;512.09;511.17;TACHYCARDIA;TACHY
4748000;513.03;512.11;TACHYCARDIA;TACHY
4750000;513.67;512.75;TACHYCARDIA;TACHY
4752000;513.31;512.39;TACHYCARDIA;TACHY
4754000;512.12;511.19;TACHYCARDIA;TACHY
4756000;513.20;512.27;TACHYCARDIA;TACHY
4758000;513.01;512.09;TACHYCARDIA;TACHY
4760000;512.11;511.18;TACHYCARDIA;TACHY
4762000;513.31;512.37;TACHYCARDIA;TACHY
4764000;512.68;511.74;TACHYCARDIA;TACHY
4766000;512.21;511.28;TACHYCARDIA;TACHY
4768000;512.17;511.24;TACHYCARDIA;TACHY
4770000;513.15;512.21;TACHYCARDIA;TACHY
4772000;513.62;512.68;TACHYCARDIA;TACHY
4774000;513.20;512.26;TACHYCARDIA;TACHY
4776000;512.91;511.97;TACHYCARDIA;TACHY
4778000;512.75;511.81;TACHYCARDIA;TACHY
4780000;512.26;511.32;TACHYCARDIA;TACHY
4782000;513.18;512.24;TACHYCARDIA;TACHY
4784000;513.14;512.20;TACHYCARDIA;TACHY
4786000;514.19;513.24;TACHYCARDIA;TACHY
4788000;512.77;511.82;TACHYCARDIA;TACHY
4790000;511.49;510.54;TACHYCARDIA;TACHY
4792000;512.44;511.49;TACHYCARDIA;TACHY
4794000;512.04;511.10;TACHYCARDIA;TACHY
4796000;512.58;511.63;TACHYCARDIA;TACHY
4798000;512.75;511.80;TACHYCARDIA;TACHY
4800000;511.94;510.99;TACHYCARDIA;TACHY
4802000;514.06;513.11;TACHYCARDIA;TACHY
4804000;513.39;512.44;TACHYCARDIA;TACHY
4806000;511.38;510.43;TACHYCARDIA;TACHY
4808000;513.28;512.33;TACHYCARDIA;TACHY
4810000;512.85;511.90;TACHYCARDIA;TACHY
4812000;514.95;513.99;TACHYCARDIA;TACHY
4814000;513.19;512.23;TACHYCARDIA;TACHY
4816000;512.80;511.84;TACHYCARDIA;TACHY
4818000;514.31;513.35;TACHYCARDIA;TACHY
4820000;512.91;511.95;TACHYCARDIA;TACHY
4822000;513.35;512.39;TACHYCARDIA;TACHY
4824000;512.52;511.56;TACHYCARDIA;TACHY
4826000;513.32;512.36;TACHYCARDIA;TACHY
4828000;512.80;511.84;TACHYCARDIA;TACHY
4830000;513.80;512.83;TACHYCARDIA;TACHY
4832000;513.43;512.46;TACHYCARDIA;TACHY
4834000;512.74;511.77;TACHYCARDIA;TACHY
4836000;512.84;511.87;TACHYCARDIA;TACHY
4838000;514.14;513.18;TACHYCARDIA;TACHY
4840000;513.75;512.78;TACHYCARDIA;TACHY
4842000;512.42;511.45;TACHYCARDIA;TACHY
4844000;511.66;510.69;TACHYCARDIA;TACHY
4846000;512.10;511.13;TACHYCARDIA;TACHY
4848000;512.88;511.91;TACHYCARDIA;TACHY
4850000;512.51;511.54;TACHYCARDIA;TACHY
4852000;513.54;512.56;TACHYCARDIA;TACHY
4854000;512.42;511.45;TACHYCARDIA;TACHY
4856000;512.40;511.43;TACHYCARDIA;TACHY
4858000;511.51;510.54;TACHYCARDIA;TACHY
4860000;513.59;512.61;TACHYCARDIA;TACHY
4862000;514.41;513.43;TACHYCARDIA;TACHY
4864000;513.63;512.65;TACHYCARDIA;TACHY
4866000;512.51;511.53;TACHYCARDIA;TACHY
4868000;513.01;512.03;TACHYCARDIA;TACHY
4870000;512.92;511.94;TACHYCARDIA;TACHY
4872000;513.30;512.32;TACHYCARDIA;TACHY
4874000;511.33;510.35;TACHYCARDIA;TACHY
4876000;513.46;512.47;TACHYCARDIA;TACHY
4878000;512.15;511.17;TACHYCARDIA;TACHY
4880000;514.40;513.42;TACHYCARDIA;TACHY
4882000;512.70;511.72;TACHYCARDIA;TACHY
4884000;513.67;512.69;TACHYCARDIA;TACHY
4886000;514.59;513.61;TACHYCARDIA;TACHY
4888000;513.41;512.42;TACHYCARDIA;TACHY
4890000;512.58;511.60;TACHYCARDIA;TACHY
4892000;513.55;512.57;TACHYCARDIA;TACHY
4894000;511.58;510.60;TACHYCARDIA;TACHY
4896000;513.26;512.27;TACHYCARDIA;TACHY
4898000;513.74;512.76;TACHYCARDIA;TACHY
4900000;513.63;512.64;TACHYCARDIA;TACHY
4902000;512.23;511.24;TACHYCARDIA;TACHY
4904000;512.53;511.54;TACHYCARDIA;TACHY
4906000;512.11;511.12;TACHYCARDIA;TACHY
4908000;513.00;512.01;TACHYCARDIA;TACHY
4910000;513.38;512.39;TACHYCARDIA;TACHY
4912000;512.88;511.89;TACHYCARDIA;TACHY
4914000;512.92;511.93;TACHYCARDIA;TACHY
4916000;514.38;513.39;TACHYCARDIA;TACHY
4918000;514.26;513.27;TACHYCARDIA;TACHY
4920000;513.60;512.60;TACHYCARDIA;TACHY
4922000;512.03;511.03;TACHYCARDIA;TACHY
4924000;512.94;511.94;TACHYCARDIA;TACHY
4926000;511.25;510.25;TACHYCARDIA;TACHY
4928000;513.50;512.50;TACHYCARDIA;TACHY
4930000;513.17;512.18;TACHYCARDIA;TACHY
4932000;513.01;512.01;TACHYCARDIA;TACHY
4934000;513.05;512.05;TACHYCARDIA;TACHY
4936000;513.24;512.25;TACHYCARDIA;TACHY
4938000;512.68;511.69;TACHYCARDIA;TACHY
4940000;512.35;511.35;TACHYCARDIA;TACHY
4942000;512.73;511.73;TACHYCARDIA;TACHY
4944000;512.14;511.14;TACHYCARDIA;TACHY
4946000;513.57;512.57;TACHYCARDIA;TACHY
4948000;513.69;512.69;TACHYCARDIA;TACHY
4950000;513.18;512.18;TACHYCARDIA;TACHY
4952000;513.12;512.12;TACHYCARDIA;TACHY
4954000;513.46;512.46;TACHYCARDIA;TACHY
4956000;513.66;512.66;TACHYCARDIA;TACHY
4958000;513.36;512.36;TACHYCARDIA;TACHY
4960000;513.27;512.27;TACHYCARDIA;TACHY
4962000;511.91;510.92;TACHYCARDIA;TACHY
4964000;512.85;511.85;TACHYCARDIA;TACHY
4966000;511.48;510.48;TACHYCARDIA;TACHY
4968000;512.37;511.37;TACHYCARDIA;TACHY
4970000;513.59;512.59;TACHYCARDIA;TACHY
4972000;513.24;512.24;TACHYCARDIA;TACHY
4974000;513.28;512.28;TACHYCARDIA;TACHY
4976000;513.67;512.67;TACHYCARDIA;TACHY
4978000;513.50;512.50;TACHYCARDIA;TACHY
4980000;512.97;511.97;TACHYCARDIA;TACHY
4982000;512.90;511.90;TACHYCARDIA;TACHY
4984000;511.54;510.54;TACHYCARDIA;TACHY
4986000;513.02;512.02;TACHYCARDIA;TACHY
4988000;512.22;511.22;TACHYCARDIA;TACHY
4990000;512.69;511.69;TACHYCARDIA;TACHY
4992000;513.27;512.27;TACHYCARDIA;TACHY
4994000;513.70;512.70;TACHYCARDIA;TACHY
4996000;512.79;511.79;TACHYCARDIA;TACHY
4998000;513.32;512.32;TACHYCARDIA;TACHY
5000000;511.08;510.08;TACHYCARDIA;TACHY
5002000;513.80;512.80;TACHYCARDIA;TACHY
5004000;513.30;512.30;TACHYCARDIA;TACHY
5006000;514.07;513.07;TACHYCARDIA;TACHY
5008000;513.27;512.27;TACHYCARDIA;TACHY
5010000;512.38;511.38;TACHYCARDIA;TACHY
5012000;512.92;511.92;TACHYCARDIA;TACHY
5014000;512.17;511.17;TACHYCARDIA;TACHY
5016000;513.23;512.23;TACHYCARDIA;TACHY
5018000;512.31;511.31;TACHYCARDIA;TACHY
5020000;513.05;512.05;TACHYCARDIA;TACHY
5022000;512.86;511.86;TACHYCARDIA;TACHY
5024000;513.66;512.66;TACHYCARDIA;TACHY
5026000;512.58;511.58;TACHYCARDIA;TACHY
5028000;511.22;510.22;TACHYCARDIA;TACHY
5030000;512.71;511.71;TACHYCARDIA;TACHY
5032000;513.18;512.18;TACHYCARDIA;TACHY
5034000;512.88;511.88;TACHYCARDIA;TACHY
5036000;513.49;512.49;TACHYCARDIA;TACHY
5038000;514.50;513.50;TACHYCARDIA;TACHY
5040000;513.10;512.10;TACHYCARDIA;TACHY
5042000;510.46;509.46;TACHYCARDIA;TACHY
5044000;512.85;511.85;TACHYCARDIA;TACHY
5046000;512.91;511.92;TACHYCARDIA;TACHY
5048000;514.58;513.59;TACHYCARDIA;TACHY
5050000;512.43;511.44;TACHYCARDIA;TACHY
5052000;512.73;511.73;TACHYCARDIA;TACHY
5054000;512.04;511.04;TACHYCARDIA;TACHY
5056000;512.66;511.66;TACHYCARDIA;TACHY
5058000;512.85;511.85;TACHYCARDIA;TACHY
5060000;512.40;511.41;TACHYCARDIA;TACHY
5062000;512.79;511.80;TACHYCARDIA;TACHY
5064000;513.48;512.49;TACHYCARDIA;TACHY
5066000;512.39;511.40;TACHYCARDIA;TACHY
5068000;514.89;513.89;TACHYCARDIA;TACHY
5070000;511.81;510.81;TACHYCARDIA;TACHY
5072000;513.42;512.42;TACHYCARDIA;TACHY
5074000;513.17;512.18;TACHYCARDIA;TACHY
5076000;513.18;512.19;TACHYCARDIA;TACHY
5078000;511.75;510.76;TACHYCARDIA;TACHY
5080000;513.11;512.12;TACHYCARDIA;TACHY
5082000;512.64;511.65;TACHYCARDIA;TACHY
5084000;512.19;511.20;TACHYCARDIA;TACHY
5086000;514.84;513.85;TACHYCARDIA;TACHY
5088000;511.89;510.90;TACHYCARDIA;TACHY
5090000;514.40;513.41;TACHYCARDIA;TACHY
5092000;511.49;510.50;TACHYCARDIA;TACHY
5094000;513.23;512.24;TACHYCARDIA;TACHY
5096000;514.10;513.11;TACHYCARDIA;TACHY
5098000;511.40;510.41;TACHYCARDIA;TACHY
5100000;513.48;512.49;TACHYCARDIA;TACHY
5102000;512.87;511.88;TACHYCARDIA;TACHY
5104000;513.07;512.08;TACHYCARDIA;TACHY
5106000;512.41;511.42;TACHYCARDIA;TACHY
5108000;511.93;510.95;TACHYCARDIA;TACHY
5110000;512.64;511.65;TACHYCARDIA;TACHY
5112000;513.68;512.69;TACHYCARDIA;TACHY
5114000;512.12;511.14;TACHYCARDIA;TACHY
5116000;513.26;512.27;TACHYCARDIA;TACHY
5118000;513.49;512.51;TACHYCARDIA;TACHY
5120000;512.72;511.73;TACHYCARDIA;TACHY
5122000;512.71;511.73;TACHYCARDIA;TACHY
5124000;512.86;511.88;TACHYCARDIA;TACHY
5126000;512.98;512.00;TACHYCARDIA;TACHY
5128000;512.42;511.44;TACHYCARDIA;TACHY
5130000;513.19;512.21;TACHYCARDIA;TACHY
5132000;512.74;511.76;TACHYCARDIA;TACHY
5134000;512.60;511.62;TACHYCARDIA;TACHY
5136000;513.07;512.10;TACHYCARDIA;TACHY
5138000;513.77;512.80;TACHYCARDIA;TACHY
5140000;512.97;512.00;TACHYCARDIA;TACHY
5142000;512.20;511.22;TACHYCARDIA;TACHY
5144000;513.05;512.07;TACHYCARDIA;TACHY
5146000;512.79;511.81;TACHYCARDIA;TACHY
5148000;513.26;512.28;TACHYCARDIA;TACHY
5150000;512.86;511.89;TACHYCARDIA;TACHY
5152000;513.15;512.18;TACHYCARDIA;TACHY
5154000;513.48;512.51;TACHYCARDIA;TACHY
5156000;511.60;510.63;TACHYCARDIA;TACHY
5158000;513.30;512.33;TACHYCARDIA;TACHY
5160000;513.12;512.15;TACHYCARDIA;TACHY
5162000;514.12;513.15;TACHYCARDIA;TACHY
5164000;512.72;511.75;TACHYCARDIA;TACHY
5166000;512.67;511.71;TACHYCARDIA;TACHY
5168000;514.04;513.07;TACHYCARDIA;TACHY
5170000;513.92;512.96;TACHYCARDIA;TACHY
5172000;512.37;511.41;TACHYCARDIA;TACHY
5174000;512.99;512.03;TACHYCARDIA;TACHY
5176000;513.34;512.38;TACHYCARDIA;TACHY
5178000;513.97;513.01;TACHYCARDIA;TACHY
5180000;512.87;511.91;TACHYCARDIA;TACHY
5182000;513.35;512.39;TACHYCARDIA;TACHY
5184000;512.86;511.90;TACHYCARDIA;TACHY
5186000;512.46;511.51;TACHYCARDIA;TACHY
5188000;511.57;510.61;TACHYCARDIA;TACHY
5190000;512.77;511.81;TACHYCARDIA;TACHY
5192000;513.14;512.18;TACHYCARDIA;TACHY
5194000;513.37;512.42;TACHYCARDIA;TACHY
5196000;513.59;512.64;TACHYCARDIA;TACHY
5198000;513.55;512.60;TACHYCARDIA;TACHY
5200000;513.47;512.52;TACHYCARDIA;TACHY
5202000;512.90;511.95;TACHYCARDIA;TACHY
5204000;513.44;512.49;TACHYCARDIA;TACHY
5206000;512.88;511.93;TACHYCARDIA;TACHY
5208000;511.74;510.79;TACHYCARDIA;TACHY
5210000;512.93;511.98;TACHYCARDIA;TACHY
5212000;513.01;512.07;TACHYCARDIA;TACHY
5214000;513.81;512.86;TACHYCARDIA;TACHY
5216000;511.47;510.53;TACHYCARDIA;TACHY
5218000;511.61;510.67;TACHYCARDIA;TACHY
5220000;513.53;512.59;TACHYCARDIA;TACHY
5222000;513.28;512.34;TACHYCARDIA;TACHY
5224000;513.40;512.46;TACHYCARDIA;TACHY
5226000;514.39;513.46;TACHYCARDIA;TACHY
5228000;512.98;512.04;TACHYCARDIA;TACHY
5230000;512.58;511.65;TACHYCARDIA;TACHY
5232000;512.58;511.65;TACHYCARDIA;TACHY
5234000;512.43;511.50;TACHYCARDIA;TACHY
5236000;513.24;512.31;TACHYCARDIA;TACHY
5238000;512.37;511.44;TACHYCARDIA;TACHY
5240000;512.43;511.50;TACHYCARDIA;TACHY
5242000;514.10;513.17;TACHYCARDIA;TACHY
5244000;511.66;510.73;TACHYCARDIA;TACHY
5246000;511.48;510.55;TACHYCARDIA;TACHY
5248000;512.76;511.84;TACHYCARDIA;TACHY
5250000;511.95;511.02;TACHYCARDIA;TACHY
5252000;513.64;512.72;TACHYCARDIA;TACHY
5254000;512.39;511.47;TACHYCARDIA;TACHY
5256000;510.44;509.52;TACHYCARDIA;TACHY
5258000;512.29;511.37;TACHYCARDIA;TACHY
5260000;512.53;511.61;TACHYCARDIA;TACHY
5262000;513.10;512.18;TACHYCARDIA;TACHY
5264000;514.50;513.59;TACHYCARDIA;TACHY
5266000;512.75;511.83;TACHYCARDIA;TACHY
5268000;511.86;510.94;TACHYCARDIA;TACHY
5270000;512.13;511.22;TACHYCARDIA;TACHY
5272000;513.75;512.84;TACHYCARDIA;TACHY
5274000;513.37;512.46;TACHYCARDIA;TACHY
5276000;513.90;512.99;TACHYCARDIA;TACHY
5278000;512.35;511.44;TACHYCARDIA;TACHY
5280000;511.69;510.79;TACHYCARDIA;TACHY
5282000;512.35;511.44;TACHYCARDIA;TACHY
5284000;513.83;512.93;TACHYCARDIA;TACHY
5286000;511.47;510.57;TACHYCARDIA;TACHY
5288000;511.89;510.99;TACHYCARDIA;TACHY
5290000;513.82;512.93;TACHYCARDIA;TACHY
5292000;513.40;512.51;TACHYCARDIA;TACHY
5294000;513.01;512.12;TACHYCARDIA;TACHY
5296000;513.77;512.88;TACHYCARDIA;TACHY
5298000;513.34;512.45;TACHYCARDIA;TACHY
5300000;513.81;512.92;TACHYCARDIA;TACHY
5302000;513.71;512.82;TACHYCARDIA;TACHY
5304000;512.68;511.79;TACHYCARDIA;TACHY
5306000;513.90;513.02;TACHYCARDIA;TACHY
5308000;511.60;510.72;TACHYCARDIA;TACHY
5310000;512.25;511.36;TACHYCARDIA;TACHY
5312000;513.33;512.45;TACHYCARDIA;TACHY
5314000;513.02;512.14;TACHYCARDIA;TACHY
5316000;513.01;512.13;TACHYCARDIA;TACHY
5318000;512.50;511.62;TACHYCARDIA;TACHY
5320000;512.95;512.08;TACHYCARDIA;TACHY
5322000;513.96;513.09;TACHYCARDIA;TACHY
5324000;511.45;510.58;TACHYCARDIA;TACHY
5326000;513.07;512.20;TACHYCARDIA;TACHY
5328000;512.22;511.35;TACHYCARDIA;TACHY
5330000;514.90;514.03;TACHYCARDIA;TACHY
5332000;512.86;511.99;TACHYCARDIA;TACHY
5334000;511.97;511.11;TACHYCARDIA;TACHY
5336000;513.72;512.86;TACHYCARDIA;TACHY
5338000;512.87;512.00;TACHYCARDIA;TACHY
5340000;513.35;512.49;TACHYCARDIA;TACHY
5342000;511.91;511.05;TACHYCARDIA;TACHY
5344000;514.01;513.15;TACHYCARDIA;TACHY
5346000;513.02;512.16;TACHYCARDIA;TACHY
5348000;513.41;512.55;TACHYCARDIA;TACHY
5350000;511.76;510.91;TACHYCARDIA;TACHY
5352000;512.04;511.19;TACHYCARDIA;TACHY
5354000;511.88;511.03;TACHYCARDIA;TACHY
5356000;512.65;511.80;TACHYCARDIA;TACHY
5358000;511.47;510.63;TACHYCARDIA;TACHY
5360000;511.21;510.37;TACHYCARDIA;TACHY
5362000;512.11;511.27;TACHYCARDIA;TACHY
5364000;512.81;511.96;TACHYCARDIA;TACHY
5366000;512.85;512.01;TACHYCARDIA;TACHY
5368000;512.46;511.62;TACHYCARDIA;TACHY
5370000;512.54;511.70;TACHYCARDIA;TACHY
5372000;513.52;512.69;TACHYCARDIA;TACHY
5374000;511.83;511.00;TACHYCARDIA;TACHY
5376000;513.75;512.92;TACHYCARDIA;TACHY
5378000;512.60;511.77;TACHYCARDIA;TACHY
5380000;511.28;510.46;TACHYCARDIA;TACHY
5382000;512.30;511.48;TACHYCARDIA;TACHY
5384000;512.87;512.05;TACHYCARDIA;TACHY
5386000;512.12;511.30;TACHYCARDIA;TACHY
5388000;513.91;513.09;TACHYCARDIA;TACHY
5390000;513.31;512.50;TACHYCARDIA;TACHY
5392000;513.42;512.60;TACHYCARDIA;TACHY
5394000;513.24;512.43;TACHYCARDIA;TACHY
5396000;511.91;511.09;TACHYCARDIA;TACHY
5398000;513.32;512.51;TACHYCARDIA;TACHY
5400000;514.42;513.61;TACHYCARDIA;TACHY
5402000;512.23;511.42;TACHYCARDIA;TACHY
5404000;511.98;511.18;TACHYCARDIA;TACHY
5406000;511.47;510.67;TACHYCARDIA;TACHY
5408000;514.02;513.21;TACHYCARDIA;TACHY
5410000;514.12;513.32;TACHYCARDIA;TACHY
5412000;513.15;512.35;TACHYCARDIA;TACHY
5414000;513.30;512.51;TACHYCARDIA;TACHY
5416000;512.21;511.42;TACHYCARDIA;TACHY
5418000;512.19;511.39;TACHYCARDIA;TACHY
5420000;512.98;512.19;TACHYCARDIA;TACHY
5422000;512.83;512.04;TACHYCARDIA;TACHY
5424000;512.88;512.09;TACHYCARDIA;TACHY
5426000;512.13;511.34;TACHYCARDIA;TACHY
5428000;512.85;512.07;TACHYCARDIA;TACHY
5430000;512.52;511.74;TACHYCARDIA;TACHY
5432000;512.57;511.79;TACHYCARDIA;TACHY
5434000;512.98;512.20;TACHYCARDIA;TACHY
5436000;514.04;513.26;TACHYCARDIA;TACHY
5438000;513.13;512.36;TACHYCARDIA;TACHY
5440000;512.86;512.09;TACHYCARDIA;TACHY
5442000;511.10;510.33;TACHYCARDIA;TACHY
5444000;513.15;512.38;TACHYCARDIA;TACHY
5446000;512.90;512.14;TACHYCARDIA;TACHY
5448000;512.42;511.66;TACHYCARDIA;TACHY
5450000;512.94;512.18;TACHYCARDIA;TACHY
5452000;512.09;511.33;TACHYCARDIA;TACHY
5454000;513.12;512.36;TACHYCARDIA;TACHY
5456000;513.04;512.28;TACHYCARDIA;TACHY
5458000;512.71;511.96;TACHYCARDIA;TACHY
5460000;513.89;513.14;TACHYCARDIA;TACHY
5462000;512.28;511.53;TACHYCARDIA;TACHY
5464000;512.83;512.09;TACHYCARDIA;TACHY
5466000;512.89;512.15;TACHYCARDIA;TACHY
5468000;513.56;512.82;TACHYCARDIA;TACHY
5470000;512.21;511.47;TACHYCARDIA;TACHY
5472000;512.89;512.16;TACHYCARDIA;TACHY
5474000;513.91;513.18;TACHYCARDIA;TACHY
5476000;512.10;511.37;TACHYCARDIA;TACHY
5478000;512.42;511.68;TACHYCARDIA;TACHY
5480000;511.51;510.78;TACHYCARDIA;TACHY
5482000;513.66;512.94;TACHYCARDIA;TACHY
5484000;513.24;512.52;TACHYCARDIA;TACHY
5486000;512.73;512.00;TACHYCARDIA;TACHY
5488000;512.74;512.02;TACHYCARDIA;TACHY
5490000;513.21;512.49;TACHYCARDIA;TACHY
5492000;512.99;512.27;TACHYCARDIA;TACHY
5494000;512.75;512.04;TACHYCARDIA;TACHY
5496000;513.17;512.46;TACHYCARDIA;TACHY
5498000;513.35;512.64;TACHYCARDIA;TACHY
5500000;513.44;512.74;TACHYCARDIA;TACHY
5502000;513.73;513.02;TACHYCARDIA;TACHY
5504000;512.62;511.91;TACHYCARDIA;TACHY
5506000;511.44;510.74;TACHYCARDIA;TACHY
5508000;514.33;513.64;TACHYCARDIA;TACHY
5510000;511.89;511.19;TACHYCARDIA;TACHY
5512000;513.89;513.20;TACHYCARDIA;TACHY
5514000;512.32;511.63;TACHYCARDIA;TACHY
5516000;512.12;511.43;TACHYCARDIA;TACHY
5518000;512.69;512.00;TACHYCARDIA;TACHY
5520000;512.77;512.08;TACHYCARDIA;TACHY
5522000;511.59;510.91;TACHYCARDIA;TACHY
5524000;512.84;512.16;TACHYCARDIA;TACHY
5526000;512.57;511.89;TACHYCARDIA;TACHY
5528000;512.18;511.50;TACHYCARDIA;TACHY
5530000;512.87;512.19;TACHYCARDIA;TACHY
5532000;513.32;512.65;TACHYCARDIA;TACHY
5534000;512.99;512.32;TACHYCARDIA;TACHY
5536000;512.34;511.68;TACHYCARDIA;TACHY
5538000;513.37;512.71;TACHYCARDIA;TACHY
5540000;511.68;511.02;TACHYCARDIA;TACHY
5542000;512.38;511.72;TACHYCARDIA;TACHY
5544000;512.16;511.50;TACHYCARDIA;TACHY
5546000;511.78;511.12;TACHYCARDIA;TACHY
5548000;511.77;511.12;TACHYCARDIA;TACHY
5550000;513.13;512.48;TACHYCARDIA;TACHY
5552000;513.12;512.47;TACHYCARDIA;TACHY
5554000;512.94;512.30;TACHYCARDIA;TACHY
5556000;512.45;511.81;TACHYCARDIA;TACHY
5558000;513.42;512.78;TACHYCARDIA;TACHY
5560000;511.78;511.14;TACHYCARDIA;TACHY
5562000;511.18;510.54;TACHYCARDIA;TACHY
5564000;512.17;511.54;TACHYCARDIA;TACHY
5566000;511.29;510.66;TACHYCARDIA;TACHY
5568000;513.23;512.60;TACHYCARDIA;TACHY
5570000;514.23;513.60;TACHYCARDIA;TACHY
5572000;511.09;510.47;TACHYCARDIA;TACHY
5574000;513.62;513.00;TACHYCARDIA;TACHY
5576000;513.63;513.02;TACHYCARDIA;TACHY
5578000;514.62;514.00;TACHYCARDIA;TACHY
5580000;511.63;511.01;TACHYCARDIA;TACHY
5582000;512.15;511.54;TACHYCARDIA;TACHY
5584000;512.22;511.61;TACHYCARDIA;TACHY
5586000;512.83;512.23;TACHYCARDIA;TACHY
5588000;510.79;510.19;TACHYCARDIA;TACHY
5590000;512.35;511.75;TACHYCARDIA;TACHY
5592000;513.29;512.69;TACHYCARDIA;TACHY
5594000;511.64;511.05;TACHYCARDIA;TACHY
5596000;513.02;512.42;TACHYCARDIA;TACHY
5598000;512.10;511.51;TACHYCARDIA;TACHY
5600000;512.19;511.60;TACHYCARDIA;TACHY
5602000;512.41;511.83;TACHYCARDIA;TACHY
5604000;512.24;511.65;TACHYCARDIA;TACHY
5606000;512.90;512.32;TACHYCARDIA;TACHY
5608000;512.25;511.67;TACHYCARDIA;TACHY
5610000;512.01;511.44;TACHYCARDIA;TACHY
5612000;512.58;512.01;TACHYCARDIA;TACHY
5614000;512.73;512.16;TACHYCARDIA;TACHY
5616000;512.09;511.52;TACHYCARDIA;TACHY
5618000;513.70;513.14;TACHYCARDIA;TACHY
5620000;513.14;512.58;TACHYCARDIA;TACHY
5622000;513.34;512.78;TACHYCARDIA;TACHY
5624000;511.80;511.24;TACHYCARDIA;TACHY
5626000;514.87;514.31;TACHYCARDIA;TACHY
5628000;513.92;513.37;TACHYCARDIA;TACHY
5630000;512.48;511.93;TACHYCARDIA;TACHY
5632000;513.48;512.93;TACHYCARDIA;TACHY
5634000;512.76;512.22;TACHYCARDIA;TACHY
5636000;511.23;510.69;TACHYCARDIA;TACHY
5638000;513.50;512.96;TACHYCARDIA;TACHY
5640000;511.62;511.08;TACHYCARDIA;TACHY
5642000;512.31;511.77;TACHYCARDIA;TACHY
5644000;513.11;512.58;TACHYCARDIA;TACHY
5646000;512.89;512.36;TACHYCARDIA;TACHY
5648000;512.62;512.10;TACHYCARDIA;TACHY
5650000;511.66;511.14;TACHYCARDIA;TACHY
5652000;511.84;511.32;TACHYCARDIA;TACHY
5654000;513.22;512.70;TACHYCARDIA;TACHY
5656000;511.92;511.41;TACHYCARDIA;TACHY
5658000;513.18;512.67;TACHYCARDIA;TACHY
5660000;512.83;512.32;TACHYCARDIA;TACHY
5662000;513.28;512.78;TACHYCARDIA;TACHY
5664000;512.38;511.87;TACHYCARDIA;TACHY
5666000;513.00;512.50;TACHYCARDIA;TACHY
5668000;513.00;512.51;TACHYCARDIA;TACHY
5670000;511.60;511.10;TACHYCARDIA;TACHY
5672000;512.63;512.14;TACHYCARDIA;TACHY
5674000;512.16;511.67;TACHYCARDIA;TACHY
5676000;514.23;513.75;TACHYCARDIA;TACHY
5678000;511.97;511.48;TACHYCARDIA;TACHY
5680000;512.96;512.48;TACHYCARDIA;TACHY
5682000;513.02;512.54;TACHYCARDIA;TACHY
5684000;511.70;511.22;TACHYCARDIA;TACHY
5686000;512.25;511.78;TACHYCARDIA;TACHY
5688000;512.43;511.96;TACHYCARDIA;TACHY
5690000;512.47;512.00;TACHYCARDIA;TACHY
5692000;512.51;512.05;TACHYCARDIA;TACHY
5694000;511.54;511.08;TACHYCARDIA;TACHY
5696000;511.63;511.17;TACHYCARDIA;TACHY
5698000;512.69;512.23;TACHYCARDIA;TACHY
5700000;511.95;511.50;TACHYCARDIA;TACHY
5702000;511.19;510.73;TACHYCARDIA;TACHY
5704000;511.69;511.24;TACHYCARDIA;TACHY
5706000;512.82;512.37;TACHYCARDIA;TACHY
5708000;513.35;512.91;TACHYCARDIA;TACHY
5710000;510.88;510.44;TACHYCARDIA;TACHY
5712000;511.15;510.71;TACHYCARDIA;TACHY
5714000;511.37;510.94;TACHYCARDIA;TACHY
5716000;512.66;512.23;TACHYCARDIA;TACHY
5718000;512.29;511.87;TACHYCARDIA;TACHY
5720000;513.38;512.96;TACHYCARDIA;TACHY
5722000;513.76;513.34;TACHYCARDIA;TACHY
5724000;512.80;512.38;TACHYCARDIA;TACHY
5726000;511.82;511.40;TACHYCARDIA;TACHY
5728000;512.33;511.91;TACHYCARDIA;TACHY
5730000;512.35;511.94;TACHYCARDIA;TACHY
5732000;513.17;512.77;TACHYCARDIA;TACHY
5734000;512.34;511.94;TACHYCARDIA;TACHY
5736000;511.63;511.23;TACHYCARDIA;TACHY
5738000;511.58;511.18;TACHYCARDIA;TACHY
5740000;511.95;511.55;TACHYCARDIA;TACHY
5742000;512.97;512.58;TACHYCARDIA;TACHY
5744000;512.02;511.63;TACHYCARDIA;TACHY
5746000;512.53;512.14;TACHYCARDIA;TACHY
5748000;511.84;511.46;TACHYCARDIA;TACHY
5750000;513.23;512.85;TACHYCARDIA;TACHY
5752000;511.64;511.26;TACHYCARDIA;TACHY
5754000;512.61;512.24;TACHYCARDIA;TACHY
5756000;512.09;511.72;TACHYCARDIA;TACHY
5758000;511.84;511.47;TACHYCARDIA;TACHY
5760000;512.23;511.86;TACHYCARDIA;TACHY
5762000;511.28;510.92;TACHYCARDIA;TACHY
5764000;512.69;512.32;TACHYCARDIA;TACHY
5766000;512.09;511.73;TACHYCARDIA;TACHY
5768000;510.78;510.42;TACHYCARDIA;TACHY
5770000;511.87;511.51;TACHYCARDIA;TACHY
5772000;512.95;512.60;TACHYCARDIA;TACHY
5774000;512.69;512.34;TACHYCARDIA;TACHY
5776000;511.71;511.36;TACHYCARDIA;TACHY
5778000;512.98;512.64;TACHYCARDIA;TACHY
5780000;511.37;511.03;TACHYCARDIA;TACHY
5782000;512.80;512.47;TACHYCARDIA;TACHY
5784000;511.43;511.09;TACHYCARDIA;TACHY
5786000;512.01;511.68;TACHYCARDIA;TACHY
5788000;512.88;512.56;TACHYCARDIA;TACHY
5790000;511.14;510.82;TACHYCARDIA;TACHY
5792000;511.44;511.12;TACHYCARDIA;TACHY
5794000;510.99;510.67;TACHYCARDIA;TACHY
5796000;511.11;510.79;TACHYCARDIA;TACHY
5798000;512.79;512.48;TACHYCARDIA;TACHY
5800000;511.83;511.52;TACHYCARDIA;TACHY
5802000;511.40;511.09;TACHYCARDIA;TACHY
5804000;513.98;513.67;TACHYCARDIA;TACHY
5806000;512.50;512.20;TACHYCARDIA;TACHY
5808000;513.49;513.19;TACHYCARDIA;TACHY
5810000;512.85;512.56;TACHYCARDIA;TACHY
5812000;509.99;509.70;TACHYCARDIA;TACHY
5814000;510.96;510.67;TACHYCARDIA;TACHY
5816000;513.61;513.33;TACHYCARDIA;TACHY
5818000;512.99;512.71;TACHYCARDIA;TACHY
5820000;512.51;512.23;TACHYCARDIA;TACHY
5822000;512.76;512.48;TACHYCARDIA;TACHY
5824000;513.31;513.03;TACHYCARDIA;TACHY
5826000;512.44;512.17;TACHYCARDIA;TACHY
5828000;511.47;511.20;TACHYCARDIA;TACHY
5830000;511.88;511.62;TACHYCARDIA;TACHY
5832000;512.38;512.12;TACHYCARDIA;TACHY
5834000;511.93;511.67;TACHYCARDIA;TACHY
5836000;512.08;511.83;TACHYCARDIA;TACHY
5838000;512.73;512.48;TACHYCARDIA;TACHY
5840000;513.21;512.96;TACHYCARDIA;TACHY
5842000;511.71;511.46;TACHYCARDIA;TACHY
5844000;511.84;511.59;TACHYCARDIA;TACHY
5846000;511.72;511.48;TACHYCARDIA;TACHY
5848000;511.77;511.53;TACHYCARDIA;TACHY
5850000;512.39;512.16;TACHYCARDIA;TACHY
5852000;513.13;512.90;TACHYCARDIA;TACHY
5854000;512.38;512.16;TACHYCARDIA;TACHY
5856000;511.99;511.77;TACHYCARDIA;TACHY
5858000;511.76;511.54;TACHYCARDIA;TACHY
5860000;512.78;512.56;TACHYCARDIA;TACHY
5862000;512.53;512.32;TACHYCARDIA;TACHY
5864000;512.02;511.81;TACHYCARDIA;TACHY
5866000;512.05;511.84;TACHYCARDIA;TACHY
5868000;511.89;511.68;TACHYCARDIA;TACHY
5870000;512.26;512.06;TACHYCARDIA;TACHY
5872000;512.15;511.95;TACHYCARDIA;TACHY
5874000;511.35;511.15;TACHYCARDIA;TACHY
5876000;512.13;511.93;TACHYCARDIA;TACHY
5878000;512.62;512.43;TACHYCARDIA;TACHY
5880000;510.87;510.69;TACHYCARDIA;TACHY
5882000;511.90;511.72;TACHYCARDIA;TACHY
5884000;513.23;513.05;TACHYCARDIA;TACHY
5886000;511.58;511.40;TACHYCARDIA;TACHY
5888000;511.52;511.34;TACHYCARDIA;TACHY
5890000;512.23;512.06;TACHYCARDIA;TACHY
5892000;511.23;511.06;TACHYCARDIA;TACHY
5894000;513.76;513.60;TACHYCARDIA;TACHY
5896000;512.80;512.64;TACHYCARDIA;TACHY
5898000;512.19;512.03;TACHYCARDIA;TACHY
5900000;512.12;511.96;TACHYCARDIA;TACHY
5902000;511.96;511.80;TACHYCARDIA;TACHY
5904000;510.89;510.74;TACHYCARDIA;TACHY
5906000;513.20;513.06;TACHYCARDIA;TACHY
5908000;512.19;512.04;TACHYCARDIA;TACHY
5910000;512.61;512.47;TACHYCARDIA;TACHY
5912000;511.20;511.06;TACHYCARDIA;TACHY
5914000;511.62;511.49;TACHYCARDIA;TACHY
5916000;511.72;511.59;TACHYCARDIA;TACHY
5918000;513.16;513.03;TACHYCARDIA;TACHY
5920000;512.43;512.31;TACHYCARDIA;TACHY
5922000;512.69;512.57;TACHYCARDIA;TACHY
5924000;512.15;512.03;TACHYCARDIA;TACHY
5926000;512.40;512.29;TACHYCARDIA;TACHY
5928000;511.92;511.81;TACHYCARDIA;TACHY
5930000;510.96;510.85;TACHYCARDIA;TACHY
5932000;512.32;512.21;TACHYCARDIA;TACHY
5934000;512.84;512.73;TACHYCARDIA;TACHY
5936000;511.67;511.57;TACHYCARDIA;TACHY
5938000;510.27;510.18;TACHYCARDIA;TACHY
5940000;511.77;511.67;TACHYCARDIA;TACHY
5942000;512.33;512.24;TACHYCARDIA;TACHY
5944000;511.67;511.58;TACHYCARDIA;TACHY
5946000;512.15;512.06;TACHYCARDIA;TACHY
5948000;512.86;512.78;TACHYCARDIA;TACHY
5950000;511.48;511.40;TACHYCARDIA;TACHY
5952000;511.68;511.61;TACHYCARDIA;TACHY
5954000;511.90;511.83;TACHYCARDIA;TACHY
5956000;513.71;513.64;TACHYCARDIA;TACHY
5958000;511.27;511.20;TACHYCARDIA;TACHY
5960000;511.49;511.43;TACHYCARDIA;TACHY
5962000;512.60;512.54;TACHYCARDIA;TACHY
5964000;512.73;512.67;TACHYCARDIA;TACHY
5966000;511.34;511.28;TACHYCARDIA;TACHY
5968000;513.20;513.15;TACHYCARDIA;TACHY
5970000;511.49;511.44;TACHYCARDIA;TACHY
5972000;511.50;511.46;TACHYCARDIA;TACHY
5974000;511.57;511.53;TACHYCARDIA;TACHY
5976000;512.31;512.27;TACHYCARDIA;TACHY
5978000;512.92;512.88;TACHYCARDIA;TACHY
5980000;513.54;513.50;TACHYCARDIA;TACHY
5982000;512.89;512.86;TACHYCARDIA;TACHY
5984000;512.08;512.05;TACHYCARDIA;TACHY
5986000;513.27;513.25;TACHYCARDIA;TACHY
5988000;512.42;512.40;TACHYCARDIA;TACHY
5990000;511.91;511.89;TACHYCARDIA;TACHY
5992000;511.31;511.30;TACHYCARDIA;TACHY
5994000;511.92;511.91;TACHYCARDIA;TACHY
5996000;511.88;511.87;TACHYCARDIA;TACHY
5998000;511.57;511.57;TACHYCARDIA;TACHY
6000000;512.15;512.15;TACHYCARDIA;TACHY
6002000;512.03;512.03;TACHYCARDIA;TACHY
6004000;511.50;511.51;TACHYCARDIA;TACHY
6006000;512.45;512.45;TACHYCARDIA;TACHY
6008000;512.94;512.95;TACHYCARDIA;TACHY
6010000;511.65;511.67;TACHYCARDIA;TACHY
6012000;511.04;511.05;TACHYCARDIA;TACHY
6014000;510.98;511.01;TACHYCARDIA;TACHY
6016000;513.21;513.24;TACHYCARDIA;TACHY
6018000;511.96;511.99;TACHYCARDIA;TACHY
6020000;513.87;513.90;TACHYCARDIA;TACHY
6022000;511.28;511.31;TACHYCARDIA;TACHY
6024000;512.00;512.04;TACHYCARDIA;TACHY
6026000;512.47;512.51;TACHYCARDIA;TACHY
6028000;510.71;510.75;TACHYCARDIA;TACHY
6030000;512.92;512.97;TACHYCARDIA;TACHY
6032000;511.31;511.36;TACHYCARDIA;TACHY
6034000;511.93;511.98;TACHYCARDIA;TACHY
6036000;512.46;512.52;TACHYCARDIA;TACHY
6038000;511.35;511.41;TACHYCARDIA;TACHY
6040000;511.91;511.98;TACHYCARDIA;TACHY
6042000;513.18;513.24;TACHYCARDIA;TACHY
6044000;511.63;511.70;TACHYCARDIA;TACHY
6046000;512.35;512.42;TACHYCARDIA;TACHY
6048000;511.04;511.11;TACHYCARDIA;TACHY
6050000;512.72;512.80;TACHYCARDIA;TACHY
6052000;511.07;511.16;TACHYCARDIA;TACHY
6054000;512.98;513.06;TACHYCARDIA;TACHY
6056000;510.76;510.85;TACHYCARDIA;TACHY
6058000;513.54;513.63;TACHYCARDIA;TACHY
6060000;512.20;512.29;TACHYCARDIA;TACHY
6062000;512.35;512.44;TACHYCARDIA;TACHY
6064000;511.55;511.65;TACHYCARDIA;TACHY
6066000;512.48;512.58;TACHYCARDIA;TACHY
6068000;510.94;511.05;TACHYCARDIA;TACHY
6070000;510.74;510.85;TACHYCARDIA;TACHY
6072000;511.81;511.92;TACHYCARDIA;TACHY
6074000;510.92;511.03;TACHYCARDIA;TACHY
6076000;509.94;510.06;TACHYCARDIA;TACHY
6078000;511.15;511.27;TACHYCARDIA;TACHY
6080000;513.22;513.34;TACHYCARDIA;TACHY
6082000;511.33;511.46;TACHYCARDIA;TACHY
6084000;511.76;511.89;TACHYCARDIA;TACHY
6086000;511.99;512.13;TACHYCARDIA;TACHY
6088000;511.62;511.76;TACHYCARDIA;TACHY
6090000;511.50;511.64;TACHYCARDIA;TACHY
6092000;511.62;511.77;TACHYCARDIA;TACHY
6094000;512.44;512.59;TACHYCARDIA;TACHY
6096000;511.75;511.90;TACHYCARDIA;TACHY
6098000;513.98;514.14;TACHYCARDIA;TACHY
6100000;512.18;512.34;TACHYCARDIA;TACHY
6102000;511.84;512.00;TACHYCARDIA;TACHY
6104000;511.07;511.23;TACHYCARDIA;TACHY
6106000;512.53;512.69;TACHYCARDIA;TACHY
6108000;511.81;511.98;TACHYCARDIA;TACHY
6110000;511.48;511.65;TACHYCARDIA;TACHY
6112000;512.14;512.32;TACHYCARDIA;TACHY
6114000;512.18;512.36;TACHYCARDIA;TACHY
6116000;510.42;510.60;TACHYCARDIA;TACHY
6118000;510.13;510.32;TACHYCARDIA;TACHY
6120000;512.59;512.77;TACHYCARDIA;TACHY
6122000;511.39;511.58;TACHYCARDIA;TACHY
6124000;510.45;510.64;TACHYCARDIA;TACHY
6126000;510.66;510.85;TACHYCARDIA;TACHY
6128000;511.11;511.31;TACHYCARDIA;TACHY
6130000;511.87;512.07;TACHYCARDIA;TACHY
6132000;512.30;512.51;TACHYCARDIA;TACHY
6134000;511.62;511.83;TACHYCARDIA;TACHY
6136000;511.66;511.87;TACHYCARDIA;TACHY
6138000;512.09;512.30;TACHYCARDIA;TACHY
6140000;512.14;512.35;TACHYCARDIA;TACHY
6142000;511.11;511.33;TACHYCARDIA;TACHY
6144000;512.62;512.85;TACHYCARDIA;TACHY
6146000;512.21;512.43;TACHYCARDIA;TACHY
6148000;510.92;511.15;TACHYCARDIA;TACHY
6150000;512.30;512.54;TACHYCARDIA;TACHY
6152000;511.14;511.38;TACHYCARDIA;TACHY
6154000;512.51;512.75;TACHYCARDIA;TACHY
6156000;511.84;512.08;TACHYCARDIA;TACHY
6158000;511.28;511.52;TACHYCARDIA;TACHY
6160000;512.83;513.08;TACHYCARDIA;TACHY
6162000;512.33;512.59;TACHYCARDIA;TACHY
6164000;512.37;512.63;TACHYCARDIA;TACHY
6166000;511.59;511.85;TACHYCARDIA;TACHY
6168000;511.48;511.74;TACHYCARDIA;TACHY
6170000;511.54;511.81;TACHYCARDIA;TACHY
6172000;511.27;511.54;TACHYCARDIA;TACHY
6174000;511.36;511.63;TACHYCARDIA;TACHY
6176000;512.43;512.71;TACHYCARDIA;TACHY
6178000;511.67;511.94;TACHYCARDIA;TACHY
6180000;510.99;511.27;TACHYCARDIA;TACHY
6182000;512.05;512.33;TACHYCARDIA;TACHY
6184000;511.26;511.54;TACHYCARDIA;TACHY
6186000;511.34;511.63;TACHYCARDIA;TACHY
6188000;511.96;512.25;TACHYCARDIA;TACHY
6190000;512.44;512.73;TACHYCARDIA;TACHY
6192000;511.86;512.16;TACHYCARDIA;TACHY
6194000;512.45;512.75;TACHYCARDIA;TACHY
6196000;512.22;512.53;TACHYCARDIA;TACHY
6198000;511.88;512.18;TACHYCARDIA;TACHY
6200000;511.87;512.18;TACHYCARDIA;TACHY
6202000;510.95;511.26;TACHYCARDIA;TACHY
6204000;511.80;512.11;TACHYCARDIA;TACHY
6206000;511.80;512.12;TACHYCARDIA;TACHY
6208000;511.27;511.59;TACHYCARDIA;TACHY
6210000;511.47;511.79;TACHYCARDIA;TACHY
6212000;511.73;512.06;TACHYCARDIA;TACHY
6214000;511.23;511.56;TACHYCARDIA;TACHY
6216000;512.41;512.75;TACHYCARDIA;TACHY
6218000;511.02;511.35;TACHYCARDIA;TACHY
6220000;512.41;512.75;TACHYCARDIA;TACHY
6222000;511.54;511.89;TACHYCARDIA;TACHY
6224000;512.13;512.48;TACHYCARDIA;TACHY
6226000;512.84;513.19;TACHYCARDIA;TACHY
6228000;511.38;511.73;TACHYCARDIA;TACHY
6230000;511.71;512.07;TACHYCARDIA;TACHY
6232000;511.78;512.14;TACHYCARDIA;TACHY
6234000;510.58;510.94;TACHYCARDIA;TACHY
6236000;510.71;511.08;TACHYCARDIA;TACHY
6238000;511.39;511.76;TACHYCARDIA;TACHY
6240000;511.14;511.51;TACHYCARDIA;TACHY
6242000;512.09;512.46;TACHYCARDIA;TACHY
6244000;511.40;511.78;TACHYCARDIA;TACHY
6246000;511.48;511.86;TACHYCARDIA;TACHY
6248000;512.36;512.74;TACHYCARDIA;TACHY
6250000;511.36;511.75;TACHYCARDIA;TACHY
6252000;511.71;512.10;TACHYCARDIA;TACHY
6254000;512.29;512.68;TACHYCARDIA;TACHY
6256000;512.66;513.05;TACHYCARDIA;TACHY
6258000;510.46;510.86;TACHYCARDIA;TACHY
6260000;511.55;511.95;TACHYCARDIA;TACHY
6262000;511.42;511.82;TACHYCARDIA;TACHY
6264000;511.01;511.41;TACHYCARDIA;TACHY
6266000;511.52;511.92;TACHYCARDIA;TACHY
6268000;510.92;511.33;TACHYCARDIA;TACHY
6270000;512.49;512.90;TACHYCARDIA;TACHY
6272000;512.20;512.61;TACHYCARDIA;TACHY
6274000;510.85;511.27;TACHYCARDIA;TACHY
6276000;511.48;511.90;TACHYCARDIA;TACHY
6278000;510.06;510.48;TACHYCARDIA;TACHY
6280000;511.04;511.47;TACHYCARDIA;TACHY
6282000;512.37;512.80;TACHYCARDIA;TACHY
6284000;511.92;512.35;TACHYCARDIA;TACHY
6286000;512.26;512.69;TACHYCARDIA;TACHY
6288000;511.93;512.37;TACHYCARDIA;TACHY
6290000;510.39;510.83;TACHYCARDIA;TACHY
6292000;511.46;511.90;TACHYCARDIA;TACHY
6294000;510.27;510.72;TACHYCARDIA;TACHY
6296000;512.52;512.97;TACHYCARDIA;TACHY
6298000;510.37;510.82;TACHYCARDIA;TACHY
6300000;510.33;510.79;TACHYCARDIA;TACHY
6302000;510.70;511.16;TACHYCARDIA;TACHY
6304000;510.96;511.42;TACHYCARDIA;TACHY
6306000;511.15;511.62;TACHYCARDIA;TACHY
6308000;511.88;512.35;TACHYCARDIA;TACHY
6310000;511.15;511.62;TACHYCARDIA;TACHY
6312000;511.24;511.71;TACHYCARDIA;TACHY
6314000;512.32;512.79;TACHYCARDIA;TACHY
6316000;511.59;512.07;TACHYCARDIA;TACHY
6318000;511.55;512.02;TACHYCARDIA;TACHY
6320000;511.86;512.34;TACHYCARDIA;TACHY
6322000;511.12;511.60;TACHYCARDIA;TACHY
6324000;511.07;511.56;TACHYCARDIA;TACHY
6326000;510.38;510.87;TACHYCARDIA;TACHY
6328000;512.09;512.58;TACHYCARDIA;TACHY
6330000;511.47;511.97;TACHYCARDIA;TACHY
6332000;511.55;512.05;TACHYCARDIA;TACHY
6334000;511.29;511.79;TACHYCARDIA;TACHY
6336000;511.49;511.99;TACHYCARDIA;TACHY
6338000;510.35;510.86;TACHYCARDIA;TACHY
6340000;512.58;513.09;TACHYCARDIA;TACHY
6342000;511.21;511.72;TACHYCARDIA;TACHY
6344000;511.93;512.45;TACHYCARDIA;TACHY
6346000;512.71;513.23;TACHYCARDIA;TACHY
6348000;509.86;510.38;TACHYCARDIA;TACHY
6350000;512.76;513.28;TACHYCARDIA;TACHY
6352000;512.57;513.10;TACHYCARDIA;TACHY
6354000;511.06;511.59;TACHYCARDIA;TACHY
6356000;512.24;512.77;TACHYCARDIA;TACHY
6358000;511.32;511.85;TACHYCARDIA;TACHY
6360000;511.97;512.51;TACHYCARDIA;TACHY
6362000;512.36;512.90;TACHYCARDIA;TACHY
6364000;511.57;512.11;TACHYCARDIA;TACHY
6366000;511.47;512.02;TACHYCARDIA;TACHY
6368000;511.49;512.04;TACHYCARDIA;TACHY
6370000;510.21;510.76;TACHYCARDIA;TACHY
6372000;511.58;512.13;TACHYCARDIA;TACHY
6374000;510.97;511.52;TACHYCARDIA;TACHY
6376000;511.90;512.46;TACHYCARDIA;TACHY
6378000;511.27;511.83;TACHYCARDIA;TACHY
6380000;512.00;512.56;TACHYCARDIA;TACHY
6382000;511.41;511.98;TACHYCARDIA;TACHY
6384000;511.48;512.05;TACHYCARDIA;TACHY
6386000;511.31;511.88;TACHYCARDIA;TACHY
6388000;511.99;512.56;TACHYCARDIA;TACHY
6390000;511.73;512.30;TACHYCARDIA;TACHY
6392000;510.91;511.49;TACHYCARDIA;TACHY
6394000;513.51;514.09;TACHYCARDIA;TACHY
6396000;512.28;512.86;TACHYCARDIA;TACHY
6398000;512.11;512.69;TACHYCARDIA;TACHY
6400000;510.55;511.14;TACHYCARDIA;TACHY
6402000;511.51;512.10;TACHYCARDIA;TACHY
6404000;510.75;511.34;TACHYCARDIA;TACHY
6406000;510.86;511.46;TACHYCARDIA;TACHY
6408000;512.05;512.65;TACHYCARDIA;TACHY
6410000;511.07;511.67;TACHYCARDIA;TACHY
6412000;511.35;511.95;TACHYCARDIA;TACHY
6414000;509.88;510.49;TACHYCARDIA;TACHY
6416000;512.74;513.35;TACHYCARDIA;TACHY
6418000;512.55;513.16;TACHYCARDIA;TACHY
6420000;511.95;512.57;TACHYCARDIA;TACHY
6422000;512.62;513.23;TACHYCARDIA;TACHY
6424000;511.46;512.08;TACHYCARDIA;TACHY
6426000;511.30;511.92;TACHYCARDIA;TACHY
6428000;511.48;512.11;TACHYCARDIA;TACHY
6430000;510.58;511.20;TACHYCARDIA;TACHY
6432000;510.21;510.84;TACHYCARDIA;TACHY
6434000;510.66;511.29;TACHYCARDIA;TACHY
6436000;511.62;512.25;TACHYCARDIA;TACHY
6438000;511.63;512.26;TACHYCARDIA;TACHY
6440000;512.38;513.02;TACHYCARDIA;TACHY
6442000;512.14;512.78;TACHYCARDIA;TACHY
6444000;511.73;512.37;TACHYCARDIA;TACHY
6446000;510.47;511.12;TACHYCARDIA;TACHY
6448000;511.08;511.73;TACHYCARDIA;TACHY
6450000;509.65;510.30;TACHYCARDIA;TACHY
6452000;511.39;512.04;TACHYCARDIA;TACHY
6454000;511.31;511.96;TACHYCARDIA;TACHY
6456000;510.71;511.37;TACHYCARDIA;TACHY
6458000;510.69;511.35;TACHYCARDIA;TACHY
6460000;510.63;511.29;TACHYCARDIA;TACHY
6462000;512.00;512.66;TACHYCARDIA;TACHY
6464000;511.24;511.91;TACHYCARDIA;TACHY
6466000;512.86;513.53;TACHYCARDIA;TACHY
6468000;512.70;513.37;TACHYCARDIA;TACHY
6470000;510.23;510.90;TACHYCARDIA;TACHY
6472000;512.09;512.76;TACHYCARDIA;TACHY
6474000;511.29;511.96;TACHYCARDIA;TACHY
6476000;511.23;511.91;TACHYCARDIA;TACHY
6478000;511.39;512.08;TACHYCARDIA;TACHY
6480000;511.50;512.19;TACHYCARDIA;TACHY
6482000;511.00;511.69;TACHYCARDIA;TACHY
6484000;511.58;512.27;TACHYCARDIA;TACHY
6486000;510.61;511.30;TACHYCARDIA;TACHY
6488000;512.15;512.84;TACHYCARDIA;TACHY
6490000;511.34;512.04;TACHYCARDIA;TACHY
6492000;511.85;512.55;TACHYCARDIA;TACHY
6494000;510.56;511.26;TACHYCARDIA;TACHY
6496000;511.04;511.75;TACHYCARDIA;TACHY
6498000;511.68;512.39;TACHYCARDIA;TACHY
6500000;511.60;512.31;TACHYCARDIA;TACHY
6502000;511.00;511.71;TACHYCARDIA;TACHY
6504000;510.99;511.70;TACHYCARDIA;TACHY
6506000;509.95;510.66;TACHYCARDIA;TACHY
6508000;512.07;512.78;TACHYCARDIA;TACHY
6510000;511.79;512.50;TACHYCARDIA;TACHY
6512000;511.17;511.89;TACHYCARDIA;TACHY
6514000;511.11;511.83;TACHYCARDIA;TACHY
6516000;511.47;512.20;TACHYCARDIA;TACHY
6518000;511.40;512.12;TACHYCARDIA;TACHY
6520000;510.21;510.93;TACHYCARDIA;TACHY
6522000;511.76;512.49;TACHYCARDIA;TACHY
6524000;511.90;512.63;TACHYCARDIA;TACHY
6526000;511.48;512.21;TACHYCARDIA;TACHY
6528000;511.45;512.18;TACHYCARDIA;TACHY
6530000;511.02;511.76;TACHYCARDIA;TACHY
6532000;510.55;511.30;TACHYCARDIA;TACHY
6534000;512.15;512.90;TACHYCARDIA;TACHY
6536000;510.94;511.69;TACHYCARDIA;TACHY
6538000;511.52;512.27;TACHYCARDIA;TACHY
6540000;510.77;511.52;TACHYCARDIA;TACHY
6542000;511.82;512.57;TACHYCARDIA;TACHY
6544000;511.83;512.58;TACHYCARDIA;TACHY
6546000;511.22;511.97;TACHYCARDIA;TACHY
6548000;511.52;512.28;TACHYCARDIA;TACHY
6550000;512.20;512.96;TACHYCARDIA;TACHY
6552000;511.39;512.16;TACHYCARDIA;TACHY
6554000;511.67;512.43;TACHYCARDIA;TACHY
6556000;511.47;512.24;TACHYCARDIA;TACHY
6558000;511.60;512.37;TACHYCARDIA;TACHY
6560000;511.62;512.39;TACHYCARDIA;TACHY
6562000;511.78;512.56;TACHYCARDIA;TACHY
6564000;511.11;511.88;TACHYCARDIA;TACHY
6566000;511.45;512.22;TACHYCARDIA;TACHY
6568000;510.40;511.18;TACHYCARDIA;TACHY
6570000;510.54;511.32;TACHYCARDIA;TACHY
6572000;510.97;511.75;TACHYCARDIA;TACHY
6574000;511.14;511.92;TACHYCARDIA;TACHY
6576000;510.02;510.81;TACHYCARDIA;TACHY
6578000;510.96;511.75;TACHYCARDIA;TACHY
6580000;510.09;510.88;TACHYCARDIA;TACHY
6582000;511.78;512.57;TACHYCARDIA;TACHY
6584000;511.29;512.08;TACHYCARDIA;TACHY
6586000;511.08;511.88;TACHYCARDIA;TACHY
6588000;509.85;510.65;TACHYCARDIA;TACHY
6590000;509.12;509.92;TACHYCARDIA;TACHY
6592000;510.77;511.57;TACHYCARDIA;TACHY
6594000;510.67;511.48;TACHYCARDIA;TACHY
6596000;509.62;510.43;TACHYCARDIA;TACHY
6598000;511.82;512.62;TACHYCARDIA;TACHY
6600000;511.51;512.32;TACHYCARDIA;TACHY
6602000;512.50;513.31;TACHYCARDIA;TACHY
6604000;511.67;512.48;TACHYCARDIA;TACHY
6606000;510.45;511.27;TACHYCARDIA;TACHY
6608000;511.34;512.15;TACHYCARDIA;TACHY
6610000;511.55;512.37;TACHYCARDIA;TACHY
6612000;510.40;511.22;TACHYCARDIA;TACHY
6614000;510.69;511.51;TACHYCARDIA;TACHY
6616000;510.76;511.58;TACHYCARDIA;TACHY
6618000;512.23;513.06;TACHYCARDIA;TACHY
6620000;510.93;511.75;TACHYCARDIA;TACHY
6622000;510.70;511.53;TACHYCARDIA;TACHY
6624000;511.94;512.77;TACHYCARDIA;TACHY
6626000;511.53;512.36;TACHYCARDIA;TACHY
6628000;511.92;512.75;TACHYCARDIA;TACHY
6630000;511.00;511.83;TACHYCARDIA;TACHY
6632000;511.65;512.49;TACHYCARDIA;TACHY
6634000;510.92;511.75;TACHYCARDIA;TACHY
6636000;511.65;512.49;TACHYCARDIA;TACHY
6638000;510.82;511.66;TACHYCARDIA;TACHY
6640000;510.14;510.98;TACHYCARDIA;TACHY
6642000;512.82;513.66;TACHYCARDIA;TACHY
6644000;509.25;510.10;TACHYCARDIA;TACHY
6646000;511.67;512.52;TACHYCARDIA;TACHY
6648000;511.16;512.01;TACHYCARDIA;TACHY
6650000;510.31;511.16;TACHYCARDIA;TACHY
6652000;511.68;512.53;TACHYCARDIA;TACHY
6654000;509.96;510.82;TACHYCARDIA;TACHY
6656000;510.67;511.53;TACHYCARDIA;TACHY
6658000;510.82;511.68;TACHYCARDIA;TACHY
6660000;510.19;511.05;TACHYCARDIA;TACHY
6662000;510.80;511.67;TACHYCARDIA;TACHY
6664000;512.60;513.47;TACHYCARDIA;TACHY
6666000;510.69;511.56;TACHYCARDIA;TACHY
6668000;510.96;511.82;TACHYCARDIA;TACHY
6670000;509.96;510.83;TACHYCARDIA;TACHY
6672000;511.48;512.35;TACHYCARDIA;TACHY
6674000;511.22;512.09;TACHYCARDIA;TACHY
6676000;510.83;511.70;TACHYCARDIA;TACHY
6678000;510.34;511.22;TACHYCARDIA;TACHY
6680000;510.67;511.55;TACHYCARDIA;TACHY
6682000;511.45;512.33;TACHYCARDIA;TACHY
6684000;511.85;512.73;TACHYCARDIA;TACHY
6686000;510.92;511.80;TACHYCARDIA;TACHY
6688000;509.71;510.59;TACHYCARDIA;TACHY
6690000;510.31;511.20;TACHYCARDIA;TACHY
6692000;512.02;512.91;TACHYCARDIA;TACHY
6694000;511.76;512.65;TACHYCARDIA;TACHY
6696000;510.86;511.75;TACHYCARDIA;TACHY
6698000;511.54;512.43;TACHYCARDIA;TACHY
6700000;511.82;512.71;TACHYCARDIA;TACHY
6702000;510.51;511.40;TACHYCARDIA;TACHY
6704000;511.80;512.69;TACHYCARDIA;TACHY
6706000;512.25;513.15;TACHYCARDIA;TACHY
6708000;512.08;512.97;TACHYCARDIA;TACHY
6710000;511.02;511.91;TACHYCARDIA;TACHY
6712000;510.69;511.59;TACHYCARDIA;TACHY
6714000;512.03;512.93;TACHYCARDIA;TACHY
6716000;510.17;511.07;TACHYCARDIA;TACHY
6718000;511.51;512.41;TACHYCARDIA;TACHY
6720000;511.26;512.17;TACHYCARDIA;TACHY
6722000;511.55;512.46;TACHYCARDIA;TACHY
6724000;510.92;511.83;TACHYCARDIA;TACHY
6726000;511.86;512.77;TACHYCARDIA;TACHY
6728000;511.16;512.07;TACHYCARDIA;TACHY
6730000;510.57;511.48;TACHYCARDIA;TACHY
6732000;511.56;512.47;TACHYCARDIA;TACHY
6734000;511.59;512.50;TACHYCARDIA;TACHY
6736000;512.99;513.91;TACHYCARDIA;TACHY
6738000;511.87;512.79;TACHYCARDIA;TACHY
6740000;510.86;511.78;TACHYCARDIA;TACHY
6742000;510.96;511.88;TACHYCARDIA;TACHY
6744000;511.12;512.04;TACHYCARDIA;TACHY
6746000;511.22;512.14;TACHYCARDIA;TACHY
6748000;511.99;512.91;TACHYCARDIA;TACHY
6750000;511.36;512.28;TACHYCARDIA;TACHY
6752000;510.43;511.35;TACHYCARDIA;TACHY
6754000;511.53;512.46;TACHYCARDIA;TACHY
6756000;511.16;512.09;TACHYCARDIA;TACHY
6758000;509.50;510.43;TACHYCARDIA;TACHY
6760000;511.83;512.76;TACHYCARDIA;TACHY
6762000;510.80;511.74;TACHYCARDIA;TACHY
6764000;511.01;511.94;TACHYCARDIA;TACHY
6766000;511.71;512.65;TACHYCARDIA;TACHY
6768000;510.91;511.84;TACHYCARDIA;TACHY
6770000;511.22;512.15;TACHYCARDIA;TACHY
6772000;512.32;513.26;TACHYCARDIA;TACHY
6774000;509.93;510.87;TACHYCARDIA;TACHY
6776000;509.79;510.72;TACHYCARDIA;TACHY
6778000;510.97;511.91;TACHYCARDIA;TACHY
6780000;511.21;512.15;TACHYCARDIA;TACHY
6782000;511.49;512.43;TACHYCARDIA;TACHY
6784000;511.03;511.98;TACHYCARDIA;TACHY
6786000;512.11;513.05;TACHYCARDIA;TACHY
6788000;510.48;511.43;TACHYCARDIA;TACHY
6790000;510.53;511.48;TACHYCARDIA;TACHY
6792000;510.84;511.79;TACHYCARDIA;TACHY
6794000;510.16;511.10;TACHYCARDIA;TACHY
6796000;510.77;511.72;TACHYCARDIA;TACHY
6798000;512.13;513.08;TACHYCARDIA;TACHY
6800000;511.53;512.48;TACHYCARDIA;TACHY
6802000;511.39;512.34;TACHYCARDIA;TACHY
6804000;512.40;513.35;TACHYCARDIA;TACHY
6806000;510.61;511.56;TACHYCARDIA;TACHY
6808000;512.02;512.98;TACHYCARDIA;TACHY
6810000;511.37;512.32;TACHYCARDIA;TACHY
6812000;511.56;512.51;TACHYCARDIA;TACHY
6814000;510.81;511.77;TACHYCARDIA;TACHY
6816000;511.10;512.06;TACHYCARDIA;TACHY
6818000;510.10;511.06;TACHYCARDIA;TACHY
6820000;512.04;513.00;TACHYCARDIA;TACHY
6822000;511.13;512.09;TACHYCARDIA;TACHY
6824000;512.34;513.30;TACHYCARDIA;TACHY
6826000;511.78;512.74;TACHYCARDIA;TACHY
6828000;511.37;512.34;TACHYCARDIA;TACHY
6830000;510.84;511.81;TACHYCARDIA;TACHY
6832000;511.41;512.37;TACHYCARDIA;TACHY
6834000;510.20;511.16;TACHYCARDIA;TACHY
6836000;510.69;511.66;TACHYCARDIA;TACHY
6838000;511.66;512.63;TACHYCARDIA;TACHY
6840000;510.69;511.66;TACHYCARDIA;TACHY
6842000;510.96;511.93;TACHYCARDIA;TACHY
6844000;511.78;512.75;TACHYCARDIA;TACHY
6846000;510.83;511.80;TACHYCARDIA;TACHY
6848000;509.60;510.57;TACHYCARDIA;TACHY
6850000;511.65;512.62;TACHYCARDIA;TACHY
6852000;510.27;511.24;TACHYCARDIA;TACHY
6854000;510.84;511.81;TACHYCARDIA;TACHY
6856000;511.95;512.92;TACHYCARDIA;TACHY
6858000;511.39;512.37;TACHYCARDIA;TACHY
6860000;511.16;512.14;TACHYCARDIA;TACHY
6862000;510.47;511.45;TACHYCARDIA;TACHY
6864000;509.50;510.48;TACHYCARDIA;TACHY
6866000;510.43;511.41;TACHYCARDIA;TACHY
6868000;512.25;513.23;TACHYCARDIA;TACHY
6870000;510.60;511.58;TACHYCARDIA;TACHY
6872000;509.97;510.95;TACHYCARDIA;TACHY
6874000;510.23;511.21;TACHYCARDIA;TACHY
6876000;511.17;512.15;TACHYCARDIA;TACHY
6878000;511.39;512.37;TACHYCARDIA;TACHY
6880000;510.88;511.86;TACHYCARDIA;TACHY
6882000;511.36;512.34;TACHYCARDIA;TACHY
6884000;510.74;511.72;TACHYCARDIA;TACHY
6886000;510.75;511.73;TACHYCARDIA;TACHY
6888000;511.47;512.46;TACHYCARDIA;TACHY
6890000;509.42;510.41;TACHYCARDIA;TACHY
6892000;510.48;511.46;TACHYCARDIA;TACHY
6894000;510.79;511.78;TACHYCARDIA;TACHY
6896000;509.81;510.80;TACHYCARDIA;TACHY
6898000;512.21;513.20;TACHYCARDIA;TACHY
6900000;510.52;511.51;TACHYCARDIA;TACHY
6902000;510.68;511.66;TACHYCARDIA;TACHY
6904000;510.83;511.82;TACHYCARDIA;TACHY
6906000;511.51;512.50;TACHYCARDIA;TACHY
6908000;510.45;511.44;TACHYCARDIA;TACHY
6910000;510.42;511.41;TACHYCARDIA;TACHY
6912000;510.59;511.58;TACHYCARDIA;TACHY
6914000;511.36;512.35;TACHYCARDIA;TACHY
6916000;512.02;513.01;TACHYCARDIA;TACHY
6918000;510.90;511.89;TACHYCARDIA;TACHY
6920000;511.61;512.61;TACHYCARDIA;TACHY
6922000;511.44;512.43;TACHYCARDIA;TACHY
6924000;510.83;511.82;TACHYCARDIA;TACHY
6926000;510.43;511.43;TACHYCARDIA;TACHY
6928000;511.04;512.03;TACHYCARDIA;TACHY
6930000;510.20;511.20;TACHYCARDIA;TACHY
6932000;510.02;511.01;TACHYCARDIA;TACHY
6934000;509.32;510.31;TACHYCARDIA;TACHY
6936000;511.94;512.94;TACHYCARDIA;TACHY
6938000;509.63;510.62;TACHYCARDIA;TACHY
6940000;511.17;512.16;TACHYCARDIA;TACHY
6942000;508.27;509.26;TACHYCARDIA;TACHY
6944000;512.05;513.04;TACHYCARDIA;TACHY
6946000;511.91;512.91;TACHYCARDIA;TACHY
6948000;511.02;512.01;TACHYCARDIA;TACHY
6950000;510.56;511.56;TACHYCARDIA;TACHY
6952000;512.38;513.37;TACHYCARDIA;TACHY
6954000;510.01;511.01;TACHYCARDIA;TACHY
6956000;510.99;511.99;TACHYCARDIA;TACHY
6958000;511.85;512.85;TACHYCARDIA;TACHY
6960000;511.06;512.06;TACHYCARDIA;TACHY
6962000;511.72;512.71;TACHYCARDIA;TACHY
6964000;512.39;513.39;TACHYCARDIA;TACHY
6966000;511.25;512.25;TACHYCARDIA;TACHY
6968000;509.91;510.91;TACHYCARDIA;TACHY
6970000;511.34;512.34;TACHYCARDIA;TACHY
6972000;510.97;511.97;TACHYCARDIA;TACHY
6974000;510.56;511.56;TACHYCARDIA;TACHY
6976000;512.31;513.31;TACHYCARDIA;TACHY
6978000;510.07;511.07;TACHYCARDIA;TACHY
6980000;511.48;512.48;TACHYCARDIA;TACHY
6982000;511.26;512.26;TACHYCARDIA;TACHY
6984000;510.64;511.64;TACHYCARDIA;TACHY
6986000;510.84;511.84;TACHYCARDIA;TACHY
6988000;511.21;512.21;TACHYCARDIA;TACHY
6990000;510.87;511.87;TACHYCARDIA;TACHY
6992000;511.54;512.54;TACHYCARDIA;TACHY
6994000;510.77;511.77;TACHYCARDIA;TACHY
6996000;510.44;511.44;TACHYCARDIA;TACHY
6998000;511.41;512.41;TACHYCARDIA;TACHY
7000000;510.88;511.88;TACHYCARDIA;TACHY
7002000;511.56;512.56;TACHYCARDIA;TACHY
7004000;510.17;511.17;TACHYCARDIA;TACHY
7006000;512.06;513.06;TACHYCARDIA;TACHY
7008000;511.50;512.50;TACHYCARDIA;TACHY
7010000;511.08;512.08;TACHYCARDIA;TACHY
7012000;510.68;511.68;TACHYCARDIA;TACHY
7014000;510.88;511.88;TACHYCARDIA;TACHY
7016000;511.10;512.10;TACHYCARDIA;TACHY
7018000;509.96;510.96;TACHYCARDIA;TACHY
7020000;511.63;512.63;TACHYCARDIA;TACHY
7022000;511.35;512.35;TACHYCARDIA;TACHY
7024000;510.80;511.80;TACHYCARDIA;TACHY
7026000;510.98;511.98;TACHYCARDIA;TACHY
7028000;510.58;511.58;TACHYCARDIA;TACHY
7030000;511.38;512.38;TACHYCARDIA;TACHY
7032000;510.91;511.91;TACHYCARDIA;TACHY
7034000;510.46;511.46;TACHYCARDIA;TACHY
7036000;513.16;514.16;TACHYCARDIA;TACHY
7038000;512.20;513.20;TACHYCARDIA;TACHY
7040000;510.34;511.34;TACHYCARDIA;TACHY
7042000;511.18;512.18;TACHYCARDIA;TACHY
7044000;510.18;511.17;TACHYCARDIA;TACHY
7046000;510.25;511.25;TACHYCARDIA;TACHY
7048000;511.46;512.46;TACHYCARDIA;TACHY
7050000;512.07;513.07;TACHYCARDIA;TACHY
7052000;510.86;511.86;TACHYCARDIA;TACHY
7054000;511.40;512.40;TACHYCARDIA;TACHY
7056000;510.77;511.76;TACHYCARDIA;TACHY
7058000;510.44;511.44;TACHYCARDIA;TACHY
7060000;510.95;511.94;TACHYCARDIA;TACHY
7062000;510.89;511.88;TACHYCARDIA;TACHY
7064000;510.70;511.69;TACHYCARDIA;TACHY
7066000;510.86;511.85;TACHYCARDIA;TACHY
7068000;510.58;511.57;TACHYCARDIA;TACHY
7070000;511.02;512.01;TACHYCARDIA;TACHY
7072000;511.00;512.00;TACHYCARDIA;TACHY
7074000;510.88;511.88;TACHYCARDIA;TACHY
7076000;510.20;511.19;TACHYCARDIA;TACHY
7078000;512.45;513.44;TACHYCARDIA;TACHY
7080000;511.18;512.17;TACHYCARDIA;TACHY
7082000;511.50;512.49;TACHYCARDIA;TACHY
7084000;510.80;511.79;TACHYCARDIA;TACHY
7086000;510.61;511.60;TACHYCARDIA;TACHY
7088000;511.51;512.50;TACHYCARDIA;TACHY
7090000;511.67;512.66;TACHYCARDIA;TACHY
7092000;510.70;511.69;TACHYCARDIA;TACHY
7094000;509.74;510.73;TACHYCARDIA;TACHY
7096000;510.25;511.23;TACHYCARDIA;TACHY
7098000;509.96;510.94;TACHYCARDIA;TACHY
7100000;510.13;511.12;TACHYCARDIA;TACHY
7102000;510.71;511.70;TACHYCARDIA;TACHY
7104000;511.44;512.43;TACHYCARDIA;TACHY
7106000;510.87;511.85;TACHYCARDIA;TACHY
7108000;509.62;510.61;TACHYCARDIA;TACHY
7110000;510.87;511.86;TACHYCARDIA;TACHY
7112000;511.83;512.82;TACHYCARDIA;TACHY
7114000;510.25;511.24;TACHYCARDIA;TACHY
7116000;510.67;511.65;TACHYCARDIA;TACHY
7118000;510.35;511.33;TACHYCARDIA;TACHY
7120000;511.33;512.31;TACHYCARDIA;TACHY
7122000;511.20;512.18;TACHYCARDIA;TACHY
7124000;510.67;511.65;TACHYCARDIA;TACHY
7126000;511.89;512.87;TACHYCARDIA;TACHY
7128000;511.83;512.81;TACHYCARDIA;TACHY
7130000;511.13;512.11;TACHYCARDIA;TACHY
7132000;510.93;511.91;TACHYCARDIA;TACHY
7134000;511.79;512.77;TACHYCARDIA;TACHY
7136000;509.80;510.77;TACHYCARDIA;TACHY
7138000;511.28;512.26;TACHYCARDIA;TACHY
7140000;509.81;510.79;TACHYCARDIA;TACHY
7142000;510.91;511.89;TACHYCARDIA;TACHY
7144000;510.24;511.21;TACHYCARDIA;TACHY
7146000;510.93;511.90;TACHYCARDIA;TACHY
7148000;510.60;511.57;TACHYCARDIA;TACHY
7150000;511.33;512.30;TACHYCARDIA;TACHY
7152000;509.65;510.62;TACHYCARDIA;TACHY
7154000;510.04;511.01;TACHYCARDIA;TACHY
7156000;509.95;510.92;TACHYCARDIA;TACHY
7158000;511.28;512.25;TACHYCARDIA;TACHY
7160000;509.90;510.87;TACHYCARDIA;TACHY
7162000;509.46;510.43;TACHYCARDIA;TACHY
7164000;509.85;510.81;TACHYCARDIA;TACHY
7166000;511.23;512.19;TACHYCARDIA;TACHY
7168000;511.21;512.18;TACHYCARDIA;TACHY
7170000;511.83;512.79;TACHYCARDIA;TACHY
7172000;511.42;512.39;TACHYCARDIA;TACHY
7174000;511.22;512.18;TACHYCARDIA;TACHY
7176000;509.65;510.61;TACHYCARDIA;TACHY
7178000;510.37;511.33;TACHYCARDIA;TACHY
7180000;509.85;510.81;TACHYCARDIA;TACHY
7182000;512.25;513.21;TACHYCARDIA;TACHY
7184000;510.63;511.59;TACHYCARDIA;TACHY
7186000;511.73;512.69;TACHYCARDIA;TACHY
7188000;512.13;513.09;TACHYCARDIA;TACHY
7190000;509.93;510.89;TACHYCARDIA;TACHY
7192000;510.64;511.59;TACHYCARDIA;TACHY
7194000;510.83;511.79;TACHYCARDIA;TACHY
7196000;512.65;513.60;TACHYCARDIA;TACHY
7198000;511.41;512.37;TACHYCARDIA;TACHY
7200000;510.77;511.73;TACHYCARDIA;TACHY
7202000;510.93;511.88;TACHYCARDIA;TACHY
7204000;511.64;512.58;TACHYCARDIA;TACHY
7206000;510.10;511.04;TACHYCARDIA;TACHY
7208000;512.12;513.07;TACHYCARDIA;TACHY
7210000;511.17;512.12;TACHYCARDIA;TACHY
7212000;511.00;511.95;TACHYCARDIA;TACHY
7214000;511.81;512.75;TACHYCARDIA;TACHY
7216000;510.55;511.49;TACHYCARDIA;TACHY
7218000;509.24;510.18;TACHYCARDIA;TACHY
7220000;509.60;510.54;TACHYCARDIA;TACHY
7222000;510.85;511.79;TACHYCARDIA;TACHY
7224000;512.59;513.53;TACHYCARDIA;TACHY
7226000;511.79;512.73;TACHYCARDIA;TACHY
7228000;509.79;510.72;TACHYCARDIA;TACHY
7230000;510.86;511.79;TACHYCARDIA;TACHY
7232000;511.59;512.52;TACHYCARDIA;TACHY
7234000;512.45;513.39;TACHYCARDIA;TACHY
7236000;510.53;511.46;TACHYCARDIA;TACHY
7238000;511.29;512.22;TACHYCARDIA;TACHY
7240000;510.38;511.31;TACHYCARDIA;TACHY
7242000;511.64;512.57;TACHYCARDIA;TACHY
7244000;511.13;512.06;TACHYCARDIA;TACHY
7246000;509.68;510.61;TACHYCARDIA;TACHY
7248000;511.42;512.34;TACHYCARDIA;TACHY
7250000;510.40;511.33;TACHYCARDIA;TACHY
7252000;511.93;512.86;TACHYCARDIA;TACHY
7254000;511.81;512.73;TACHYCARDIA;TACHY
7256000;510.30;511.22;TACHYCARDIA;TACHY
7258000;510.11;511.02;TACHYCARDIA;TACHY
7260000;509.78;510.70;TACHYCARDIA;TACHY
7262000;510.77;511.68;TACHYCARDIA;TACHY
7264000;511.09;512.00;TACHYCARDIA;TACHY
7266000;512.13;513.04;TACHYCARDIA;TACHY
7268000;512.56;513.48;TACHYCARDIA;TACHY
7270000;510.94;511.85;TACHYCARDIA;TACHY
7272000;510.64;511.55;TACHYCARDIA;TACHY
7274000;511.75;512.66;TACHYCARDIA;TACHY
7276000;511.99;512.90;TACHYCARDIA;TACHY
7278000;511.12;512.02;TACHYCARDIA;TACHY
7280000;511.31;512.21;TACHYCARDIA;TACHY
7282000;511.77;512.68;TACHYCARDIA;TACHY
7284000;511.54;512.44;TACHYCARDIA;TACHY
7286000;511.50;512.40;TACHYCARDIA;TACHY
7288000;510.06;510.96;TACHYCARDIA;TACHY
7290000;511.60;512.50;TACHYCARDIA;TACHY
7292000;510.77;511.67;TACHYCARDIA;TACHY
7294000;510.63;511.53;TACHYCARDIA;TACHY
7296000;511.79;512.69;TACHYCARDIA;TACHY
7298000;511.46;512.35;TACHYCARDIA;TACHY
7300000;512.19;513.08;TACHYCARDIA;TACHY
7302000;511.51;512.40;TACHYCARDIA;TACHY
7304000;509.56;510.45;TACHYCARDIA;TACHY
7306000;510.04;510.92;TACHYCARDIA;TACHY
7308000;510.68;511.56;TACHYCARDIA;TACHY
7310000;512.02;512.91;TACHYCARDIA;TACHY
7312000;511.55;512.44;TACHYCARDIA;TACHY
7314000;510.01;510.89;TACHYCARDIA;TACHY
7316000;510.55;511.43;TACHYCARDIA;TACHY
7318000;510.96;511.84;TACHYCARDIA;TACHY
7320000;511.45;512.32;TACHYCARDIA;TACHY
7322000;509.97;510.85;TACHYCARDIA;TACHY
7324000;511.59;512.47;TACHYCARDIA;TACHY
7326000;510.57;511.44;TACHYCARDIA;TACHY
7328000;510.08;510.95;TACHYCARDIA;TACHY
7330000;510.97;511.84;TACHYCARDIA;TACHY
7332000;512.02;512.89;TACHYCARDIA;TACHY
7334000;511.22;512.09;TACHYCARDIA;TACHY
7336000;511.26;512.12;TACHYCARDIA;TACHY
7338000;511.61;512.47;TACHYCARDIA;TACHY
7340000;511.63;512.50;TACHYCARDIA;TACHY
7342000;510.72;511.58;TACHYCARDIA;TACHY
7344000;510.88;511.73;TACHYCARDIA;TACHY
7346000;511.67;512.53;TACHYCARDIA;TACHY
7348000;512.16;513.02;TACHYCARDIA;TACHY
7350000;512.09;512.94;TACHYCARDIA;TACHY
7352000;509.53;510.38;TACHYCARDIA;TACHY
7354000;511.39;512.24;TACHYCARDIA;TACHY
7356000;511.27;512.12;TACHYCARDIA;TACHY
7358000;511.87;512.72;TACHYCARDIA;TACHY
7360000;511.85;512.70;TACHYCARDIA;TACHY
7362000;510.47;511.31;TACHYCARDIA;TACHY
7364000;511.02;511.86;TACHYCARDIA;TACHY
7366000;511.48;512.32;TACHYCARDIA;TACHY
7368000;510.81;511.65;TACHYCARDIA;TACHY
7370000;509.89;510.72;TACHYCARDIA;TACHY
7372000;509.89;510.72;TACHYCARDIA;TACHY
7374000;511.56;512.40;TACHYCARDIA;TACHY
7376000;511.43;512.26;TACHYCARDIA;TACHY
7378000;509.75;510.57;TACHYCARDIA;TACHY
7380000;511.62;512.45;TACHYCARDIA;TACHY
7382000;511.42;512.24;TACHYCARDIA;TACHY
7384000;511.81;512.63;TACHYCARDIA;TACHY
7386000;511.49;512.31;TACHYCARDIA;TACHY
7388000;512.31;513.13;TACHYCARDIA;TACHY
7390000;511.63;512.45;TACHYCARDIA;TACHY
7392000;512.02;512.84;TACHYCARDIA;TACHY
7394000;510.94;511.75;TACHYCARDIA;TACHY
7396000;511.31;512.12;TACHYCARDIA;TACHY
7398000;512.02;512.83;TACHYCARDIA;TACHY
7400000;510.41;511.22;TACHYCARDIA;TACHY
7402000;511.18;511.99;TACHYCARDIA;TACHY
7404000;512.03;512.84;TACHYCARDIA;TACHY
7406000;511.40;512.21;TACHYCARDIA;TACHY
7408000;511.46;512.26;TACHYCARDIA;TACHY
7410000;510.19;510.99;TACHYCARDIA;TACHY
7412000;511.87;512.67;TACHYCARDIA;TACHY
7414000;510.86;511.66;TACHYCARDIA;TACHY
7416000;512.48;513.27;TACHYCARDIA;TACHY
7418000;511.14;511.93;TACHYCARDIA;TACHY
7420000;511.00;511.79;TACHYCARDIA;TACHY
7422000;510.97;511.75;TACHYCARDIA;TACHY
7424000;511.56;512.35;TACHYCARDIA;TACHY
7426000;509.93;510.71;TACHYCARDIA;TACHY
7428000;511.62;512.40;TACHYCARDIA;TACHY
7430000;512.19;512.97;TACHYCARDIA;TACHY
7432000;510.59;511.37;TACHYCARDIA;TACHY
7434000;511.45;512.23;TACHYCARDIA;TACHY
7436000;512.55;513.32;TACHYCARDIA;TACHY
7438000;511.82;512.59;TACHYCARDIA;TACHY
7440000;512.67;513.44;TACHYCARDIA;TACHY
7442000;511.47;512.23;TACHYCARDIA;TACHY
7444000;511.06;511.82;TACHYCARDIA;TACHY
7446000;511.97;512.73;TACHYCARDIA;TACHY
7448000;511.22;511.98;TACHYCARDIA;TACHY
7450000;511.10;511.86;TACHYCARDIA;TACHY
7452000;510.26;511.01;TACHYCARDIA;TACHY
7454000;511.30;512.06;TACHYCARDIA;TACHY
7456000;510.88;511.64;TACHYCARDIA;TACHY
7458000;510.71;511.46;TACHYCARDIA;TACHY
7460000;511.75;512.50;TACHYCARDIA;TACHY
7462000;510.52;511.27;TACHYCARDIA;TACHY
7464000;512.11;512.86;TACHYCARDIA;TACHY
7466000;511.56;512.30;TACHYCARDIA;TACHY
7468000;511.88;512.63;TACHYCARDIA;TACHY
7470000;510.53;511.27;TACHYCARDIA;TACHY
7472000;510.58;511.32;TACHYCARDIA;TACHY
7474000;511.86;512.60;TACHYCARDIA;TACHY
7476000;510.93;511.67;TACHYCARDIA;TACHY
7478000;510.90;511.63;TACHYCARDIA;TACHY
7480000;510.12;510.85;TACHYCARDIA;TACHY
7482000;510.34;511.07;TACHYCARDIA;TACHY
7484000;511.91;512.63;TACHYCARDIA;TACHY
7486000;510.79;511.51;TACHYCARDIA;TACHY
7488000;512.05;512.77;TACHYCARDIA;TACHY
7490000;511.89;512.61;TACHYCARDIA;TACHY
7492000;511.07;511.79;TACHYCARDIA;TACHY
7494000;511.66;512.38;TACHYCARDIA;TACHY
7496000;511.74;512.45;TACHYCARDIA;TACHY
7498000;511.57;512.28;TACHYCARDIA;TACHY
7500000;509.99;510.70;TACHYCARDIA;TACHY
7502000;511.52;512.23;TACHYCARDIA;TACHY
7504000;513.85;514.55;TACHYCARDIA;TACHY
7506000;511.20;511.90;TACHYCARDIA;TACHY
7508000;510.11;510.81;TACHYCARDIA;TACHY
7510000;511.96;512.66;TACHYCARDIA;TACHY
7512000;511.62;512.32;TACHYCARDIA;TACHY
7514000;511.90;512.59;TACHYCARDIA;TACHY
7516000;511.44;512.13;TACHYCARDIA;TACHY
7518000;511.92;512.60;TACHYCARDIA;TACHY
7520000;510.55;511.23;TACHYCARDIA;TACHY
7522000;511.47;512.15;TACHYCARDIA;TACHY
7524000;511.85;512.53;TACHYCARDIA;TACHY
7526000;511.50;512.18;TACHYCARDIA;TACHY
7528000;509.96;510.64;TACHYCARDIA;TACHY
7530000;510.30;510.97;TACHYCARDIA;TACHY
7532000;509.47;510.14;TACHYCARDIA;TACHY
7534000;510.63;511.30;TACHYCARDIA;TACHY
7536000;510.95;511.62;TACHYCARDIA;TACHY
7538000;511.84;512.50;TACHYCARDIA;TACHY
7540000;511.81;512.47;TACHYCARDIA;TACHY
7542000;510.48;511.14;TACHYCARDIA;TACHY
7544000;512.76;513.42;TACHYCARDIA;TACHY
7546000;512.96;513.62;TACHYCARDIA;TACHY
7548000;511.20;511.85;TACHYCARDIA;TACHY
7550000;510.95;511.60;TACHYCARDIA;TACHY
7552000;510.05;510.69;TACHYCARDIA;TACHY
7554000;512.10;512.74;TACHYCARDIA;TACHY
7556000;511.90;512.54;TACHYCARDIA;TACHY
7558000;512.53;513.17;TACHYCARDIA;TACHY
7560000;511.89;512.53;TACHYCARDIA;TACHY
7562000;510.34;510.97;TACHYCARDIA;TACHY
7564000;512.84;513.47;TACHYCARDIA;TACHY
7566000;511.75;512.38;TACHYCARDIA;TACHY
7568000;511.37;512.00;TACHYCARDIA;TACHY
7570000;511.31;511.94;TACHYCARDIA;TACHY
7572000;511.54;512.16;TACHYCARDIA;TACHY
7574000;511.63;512.25;TACHYCARDIA;TACHY
7576000;511.88;512.49;TACHYCARDIA;TACHY
7578000;511.83;512.44;TACHYCARDIA;TACHY
7580000;508.87;509.48;TACHYCARDIA;TACHY
7582000;511.69;512.30;TACHYCARDIA;TACHY
7584000;510.62;511.23;TACHYCARDIA;TACHY
7586000;510.86;511.46;TACHYCARDIA;TACHY
7588000;512.47;513.07;TACHYCARDIA;TACHY
7590000;512.04;512.64;TACHYCARDIA;TACHY
7592000;510.98;511.58;TACHYCARDIA;TACHY
7594000;511.66;512.26;TACHYCARDIA;TACHY
7596000;511.64;512.24;TACHYCARDIA;TACHY
7598000;511.13;511.72;TACHYCARDIA;TACHY
7600000;510.58;511.17;TACHYCARDIA;TACHY
7602000;511.73;512.32;TACHYCARDIA;TACHY
7604000;511.01;511.60;TACHYCARDIA;TACHY
7606000;509.75;510.33;TACHYCARDIA;TACHY
7608000;511.84;512.42;TACHYCARDIA;TACHY
7610000;510.19;510.77;TACHYCARDIA;TACHY
7612000;510.83;511.40;TACHYCARDIA;TACHY
7614000;511.35;511.92;TACHYCARDIA;TACHY
7616000;510.26;510.83;TACHYCARDIA;TACHY
7618000;510.22;510.79;TACHYCARDIA;TACHY
7620000;512.44;513.00;TACHYCARDIA;TACHY
7622000;510.17;510.73;TACHYCARDIA;TACHY
7624000;512.31;512.86;TACHYCARDIA;TACHY
7626000;510.60;511.15;TACHYCARDIA;TACHY
7628000;512.70;513.25;TACHYCARDIA;TACHY
7630000;512.97;513.52;TACHYCARDIA;TACHY
7632000;511.98;512.53;TACHYCARDIA;TACHY
7634000;511.53;512.07;TACHYCARDIA;TACHY
7636000;510.25;510.79;TACHYCARDIA;TACHY
7638000;511.77;512.30;TACHYCARDIA;TACHY
7640000;510.89;511.42;TACHYCARDIA;TACHY
7642000;511.69;512.22;TACHYCARDIA;TACHY
7644000;513.33;513.86;TACHYCARDIA;TACHY
7646000;511.66;512.19;TACHYCARDIA;TACHY
7648000;512.32;512.85;TACHYCARDIA;TACHY
7650000;510.62;511.15;TACHYCARDIA;TACHY
7652000;510.69;511.21;TACHYCARDIA;TACHY
7654000;511.25;511.77;TACHYCARDIA;TACHY
7656000;512.30;512.81;TACHYCARDIA;TACHY
7658000;510.08;510.59;TACHYCARDIA;TACHY
7660000;511.88;512.39;TACHYCARDIA;TACHY
7662000;511.02;511.53;TACHYCARDIA;TACHY
7664000;511.29;511.79;TACHYCARDIA;TACHY
7666000;511.90;512.40;TACHYCARDIA;TACHY
7668000;511.94;512.44;TACHYCARDIA;TACHY
7670000;511.45;511.95;TACHYCARDIA;TACHY
7672000;511.49;511.99;TACHYCARDIA;TACHY
7674000;512.28;512.77;TACHYCARDIA;TACHY
7676000;513.68;514.17;TACHYCARDIA;TACHY
7678000;512.06;512.55;TACHYCARDIA;TACHY
7680000;511.51;511.99;TACHYCARDIA;TACHY
7682000;512.04;512.51;TACHYCARDIA;TACHY
7684000;511.46;511.93;TACHYCARDIA;TACHY
7686000;512.54;513.02;TACHYCARDIA;TACHY
7688000;512.71;513.18;TACHYCARDIA;TACHY
7690000;512.20;512.66;TACHYCARDIA;TACHY
7692000;511.20;511.66;TACHYCARDIA;TACHY
7694000;512.08;512.54;TACHYCARDIA;TACHY
7696000;510.34;510.79;TACHYCARDIA;TACHY
7698000;510.75;511.20;TACHYCARDIA;TACHY
7700000;511.92;512.37;TACHYCARDIA;TACHY
7702000;510.45;510.90;TACHYCARDIA;TACHY
7704000;510.62;511.07;TACHYCARDIA;TACHY
7706000;510.71;511.16;TACHYCARDIA;TACHY
7708000;511.83;512.28;TACHYCARDIA;TACHY
7710000;511.72;512.16;TACHYCARDIA;TACHY
7712000;512.07;512.50;TACHYCARDIA;TACHY
7714000;511.71;512.15;TACHYCARDIA;TACHY
7716000;512.54;512.97;TACHYCARDIA;TACHY
7718000;512.96;513.39;TACHYCARDIA;TACHY
7720000;510.15;510.57;TACHYCARDIA;TACHY
7722000;512.15;512.57;TACHYCARDIA;TACHY
7724000;512.04;512.46;TACHYCARDIA;TACHY
7726000;511.90;512.31;TACHYCARDIA;TACHY
7728000;511.37;511.78;TACHYCARDIA;TACHY
7730000;510.19;510.60;TACHYCARDIA;TACHY
7732000;512.20;512.61;TACHYCARDIA;TACHY
7734000;510.91;511.31;TACHYCARDIA;TACHY
7736000;511.29;511.69;TACHYCARDIA;TACHY
7738000;511.95;512.35;TACHYCARDIA;TACHY
7740000;511.48;511.87;TACHYCARDIA;TACHY
7742000;512.25;512.65;TACHYCARDIA;TACHY
7744000;511.75;512.14;TACHYCARDIA;TACHY
7746000;511.30;511.69;TACHYCARDIA;TACHY
7748000;511.28;511.66;TACHYCARDIA;TACHY
7750000;511.10;511.48;TACHYCARDIA;TACHY
7752000;512.75;513.13;TACHYCARDIA;TACHY
7754000;511.94;512.31;TACHYCARDIA;TACHY
7756000;510.55;510.92;TACHYCARDIA;TACHY
7758000;512.19;512.56;TACHYCARDIA;TACHY
7760000;511.18;511.55;TACHYCARDIA;TACHY
7762000;511.57;511.94;TACHYCARDIA;TACHY
7764000;511.42;511.78;TACHYCARDIA;TACHY
7766000;511.43;511.79;TACHYCARDIA;TACHY
7768000;510.91;511.27;TACHYCARDIA;TACHY
7770000;510.84;511.19;TACHYCARDIA;TACHY
7772000;511.63;511.98;TACHYCARDIA;TACHY
7774000;510.78;511.13;TACHYCARDIA;TACHY
7776000;512.76;513.11;TACHYCARDIA;TACHY
7778000;513.03;513.38;TACHYCARDIA;TACHY
7780000;511.12;511.46;TACHYCARDIA;TACHY
7782000;510.14;510.48;TACHYCARDIA;TACHY
7784000;510.88;511.21;TACHYCARDIA;TACHY
7786000;511.81;512.14;TACHYCARDIA;TACHY
7788000;512.87;513.19;TACHYCARDIA;TACHY
7790000;511.28;511.61;TACHYCARDIA;TACHY
7792000;511.29;511.61;TACHYCARDIA;TACHY
7794000;512.48;512.80;TACHYCARDIA;TACHY
7796000;512.15;512.46;TACHYCARDIA;TACHY
7798000;509.84;510.15;TACHYCARDIA;TACHY
7800000;511.95;512.26;TACHYCARDIA;TACHY
7802000;512.05;512.36;TACHYCARDIA;TACHY
7804000;511.97;512.27;TACHYCARDIA;TACHY
7806000;510.67;510.97;TACHYCARDIA;TACHY
7808000;512.25;512.55;TACHYCARDIA;TACHY
7810000;511.30;511.60;TACHYCARDIA;TACHY
7812000;511.53;511.82;TACHYCARDIA;TACHY
7814000;511.15;511.44;TACHYCARDIA;TACHY
7816000;510.84;511.13;TACHYCARDIA;TACHY
7818000;510.74;511.02;TACHYCARDIA;TACHY
7820000;512.34;512.62;TACHYCARDIA;TACHY
7822000;512.55;512.82;TACHYCARDIA;TACHY
7824000;511.21;511.48;TACHYCARDIA;TACHY
7826000;513.21;513.48;TACHYCARDIA;TACHY
7828000;511.62;511.89;TACHYCARDIA;TACHY
7830000;510.70;510.96;TACHYCARDIA;TACHY
7832000;511.62;511.88;TACHYCARDIA;TACHY
7834000;512.27;512.53;TACHYCARDIA;TACHY
7836000;510.63;510.89;TACHYCARDIA;TACHY
7838000;510.78;511.03;TACHYCARDIA;TACHY
7840000;512.03;512.28;TACHYCARDIA;TACHY
7842000;511.70;511.94;TACHYCARDIA;TACHY
7844000;513.17;513.41;TACHYCARDIA;TACHY
7846000;511.73;511.97;TACHYCARDIA;TACHY
7848000;511.99;512.23;TACHYCARDIA;TACHY
7850000;512.62;512.86;TACHYCARDIA;TACHY
7852000;512.19;512.42;TACHYCARDIA;TACHY
7854000;511.00;511.23;TACHYCARDIA;TACHY
7856000;510.00;510.22;TACHYCARDIA;TACHY
7858000;513.00;513.22;TACHYCARDIA;TACHY
7860000;511.14;511.36;TACHYCARDIA;TACHY
7862000;510.29;510.50;TACHYCARDIA;TACHY
7864000;514.11;514.32;TACHYCARDIA;TACHY
7866000;510.35;510.56;TACHYCARDIA;TACHY
7868000;510.45;510.66;TACHYCARDIA;TACHY
7870000;512.93;513.13;TACHYCARDIA;TACHY
7872000;511.96;512.16;TACHYCARDIA;TACHY
7874000;511.36;511.55;TACHYCARDIA;TACHY
7876000;511.56;511.76;TACHYCARDIA;TACHY
7878000;511.88;512.07;TACHYCARDIA;TACHY
7880000;512.02;512.21;TACHYCARDIA;TACHY
7882000;511.14;511.32;TACHYCARDIA;TACHY
7884000;512.69;512.87;TACHYCARDIA;TACHY
7886000;512.38;512.56;TACHYCARDIA;TACHY
7888000;510.94;511.11;TACHYCARDIA;TACHY
7890000;512.76;512.93;TACHYCARDIA;TACHY
7892000;511.98;512.15;TACHYCARDIA;TACHY
7894000;510.90;511.07;TACHYCARDIA;TACHY
7896000;511.29;511.45;TACHYCARDIA;TACHY
7898000;511.07;511.23;TACHYCARDIA;TACHY
7900000;510.75;510.91;TACHYCARDIA;TACHY
7902000;513.15;513.30;TACHYCARDIA;TACHY
7904000;510.97;511.12;TACHYCARDIA;TACHY
7906000;513.69;513.83;TACHYCARDIA;TACHY
7908000;511.78;511.92;TACHYCARDIA;TACHY
7910000;511.21;511.35;TACHYCARDIA;TACHY
7912000;511.08;511.22;TACHYCARDIA;TACHY
7914000;511.96;512.09;TACHYCARDIA;TACHY
7916000;512.35;512.49;TACHYCARDIA;TACHY
7918000;510.91;511.04;TACHYCARDIA;TACHY
7920000;512.49;512.61;TACHYCARDIA;TACHY
7922000;512.67;512.80;TACHYCARDIA;TACHY
7924000;511.98;512.10;TACHYCARDIA;TACHY
7926000;512.46;512.57;TACHYCARDIA;TACHY
7928000;512.51;512.62;TACHYCARDIA;TACHY
7930000;511.85;511.96;TACHYCARDIA;TACHY
7932000;511.97;512.08;TACHYCARDIA;TACHY
7934000;511.69;511.80;TACHYCARDIA;TACHY
7936000;511.37;511.47;TACHYCARDIA;TACHY
7938000;511.21;511.31;TACHYCARDIA;TACHY
7940000;511.96;512.05;TACHYCARDIA;TACHY
7942000;512.38;512.47;TACHYCARDIA;TACHY
7944000;512.60;512.69;TACHYCARDIA;TACHY
7946000;510.35;510.44;TACHYCARDIA;TACHY
7948000;512.00;512.08;TACHYCARDIA;TACHY
7950000;510.88;510.96;TACHYCARDIA;TACHY
7952000;512.77;512.85;TACHYCARDIA;TACHY
7954000;511.04;511.11;TACHYCARDIA;TACHY
7956000;512.04;512.11;TACHYCARDIA;TACHY
7958000;510.54;510.60;TACHYCARDIA;TACHY
7960000;510.24;510.31;TACHYCARDIA;TACHY
7962000;511.23;511.29;TACHYCARDIA;TACHY
7964000;511.98;512.04;TACHYCARDIA;TACHY
7966000;513.48;513.53;TACHYCARDIA;TACHY
7968000;513.05;513.10;TACHYCARDIA;TACHY
7970000;512.64;512.69;TACHYCARDIA;TACHY
7972000;512.55;512.60;TACHYCARDIA;TACHY
7974000;511.99;512.03;TACHYCARDIA;TACHY
7976000;511.65;511.69;TACHYCARDIA;TACHY
7978000;511.77;511.80;TACHYCARDIA;TACHY
7980000;511.62;511.65;TACHYCARDIA;TACHY
7982000;513.13;513.16;TACHYCARDIA;TACHY
7984000;512.21;512.24;TACHYCARDIA;TACHY
7986000;510.95;510.97;TACHYCARDIA;TACHY
7988000;512.33;512.35;TACHYCARDIA;TACHY
7990000;511.16;511.18;TACHYCARDIA;TACHY
7992000;512.10;512.11;TACHYCARDIA;TACHY
7994000;511.53;511.54;TACHYCARDIA;TACHY
7996000;511.96;511.97;TACHYCARDIA;TACHY
7998000;512.46;512.46;TACHYCARDIA;TACHY
8000000;513.13;513.13;TACHYCARDIA;TACHY
8002000;513.70;513.70;TACHYCARDIA;TACHY
8004000;511.20;511.19;TACHYCARDIA;TACHY
8006000;511.56;511.55;TACHYCARDIA;TACHY
8008000;511.54;511.53;TACHYCARDIA;TACHY
8010000;513.09;513.07;TACHYCARDIA;TACHY
8012000;511.57;511.55;TACHYCARDIA;TACHY
8014000;513.10;513.08;TACHYCARDIA;TACHY
8016000;512.58;512.56;TACHYCARDIA;TACHY
8018000;512.12;512.09;TACHYCARDIA;TACHY
8020000;510.90;510.87;TACHYCARDIA;TACHY
8022000;511.68;511.64;TACHYCARDIA;TACHY
8024000;511.94;511.91;TACHYCARDIA;TACHY
8026000;513.05;513.01;TACHYCARDIA;TACHY
8028000;511.75;511.71;TACHYCARDIA;TACHY
8030000;511.25;511.21;TACHYCARDIA;TACHY
8032000;511.81;511.76;TACHYCARDIA;TACHY
8034000;512.56;512.51;TACHYCARDIA;TACHY
8036000;512.45;512.39;TACHYCARDIA;TACHY
8038000;511.31;511.25;TACHYCARDIA;TACHY
8040000;512.32;512.26;TACHYCARDIA;TACHY
8042000;513.13;513.07;TACHYCARDIA;TACHY
8044000;512.38;512.31;TACHYCARDIA;TACHY
8046000;512.48;512.41;TACHYCARDIA;TACHY
8048000;512.11;512.03;TACHYCARDIA;TACHY
8050000;513.31;513.23;TACHYCARDIA;TACHY
8052000;512.98;512.90;TACHYCARDIA;TACHY
8054000;511.26;511.17;TACHYCARDIA;TACHY
8056000;513.03;512.94;TACHYCARDIA;TACHY
8058000;511.25;511.16;TACHYCARDIA;TACHY
8060000;510.93;510.84;TACHYCARDIA;TACHY
8062000;511.24;511.14;TACHYCARDIA;TACHY
8064000;512.34;512.24;TACHYCARDIA;TACHY
8066000;512.09;511.99;TACHYCARDIA;TACHY
8068000;511.40;511.30;TACHYCARDIA;TACHY
8070000;511.72;511.61;TACHYCARDIA;TACHY
8072000;513.34;513.22;TACHYCARDIA;TACHY
8074000;512.66;512.54;TACHYCARDIA;TACHY
8076000;511.90;511.79;TACHYCARDIA;TACHY
8078000;511.44;511.31;TACHYCARDIA;TACHY
8080000;512.27;512.14;TACHYCARDIA;TACHY
8082000;511.29;511.16;TACHYCARDIA;TACHY
8084000;512.64;512.51;TACHYCARDIA;TACHY
8086000;513.43;513.29;TACHYCARDIA;TACHY
8088000;510.73;510.59;TACHYCARDIA;TACHY
8090000;513.08;512.93;TACHYCARDIA;TACHY
8092000;513.51;513.36;TACHYCARDIA;TACHY
8094000;513.07;512.93;TACHYCARDIA;TACHY
8096000;512.98;512.83;TACHYCARDIA;TACHY
8098000;512.95;512.79;TACHYCARDIA;TACHY
8100000;510.93;510.78;TACHYCARDIA;TACHY
8102000;511.47;511.31;TACHYCARDIA;TACHY
8104000;512.47;512.30;TACHYCARDIA;TACHY
8106000;512.08;511.91;TACHYCARDIA;TACHY
8108000;511.47;511.30;TACHYCARDIA;TACHY
8110000;512.83;512.66;TACHYCARDIA;TACHY
8112000;511.09;510.91;TACHYCARDIA;TACHY
8114000;512.25;512.07;TACHYCARDIA;TACHY
8116000;510.10;509.92;TACHYCARDIA;TACHY
8118000;511.49;511.30;TACHYCARDIA;TACHY
8120000;511.74;511.56;TACHYCARDIA;TACHY
8122000;511.86;511.67;TACHYCARDIA;TACHY
8124000;512.41;512.21;TACHYCARDIA;TACHY
8126000;511.66;511.46;TACHYCARDIA;TACHY
8128000;512.78;512.58;TACHYCARDIA;TACHY
8130000;512.27;512.07;TACHYCARDIA;TACHY
8132000;512.23;512.02;TACHYCARDIA;TACHY
8134000;512.21;512.00;TACHYCARDIA;TACHY
8136000;513.75;513.53;TACHYCARDIA;TACHY
8138000;511.67;511.46;TACHYCARDIA;TACHY
8140000;512.50;512.29;TACHYCARDIA;TACHY
8142000;511.80;511.58;TACHYCARDIA;TACHY
8144000;511.71;511.48;TACHYCARDIA;TACHY
8146000;511.07;510.84;TACHYCARDIA;TACHY
8148000;511.83;511.60;TACHYCARDIA;TACHY
8150000;511.83;511.60;TACHYCARDIA;TACHY
8152000;511.22;510.99;TACHYCARDIA;TACHY
8154000;512.05;511.81;TACHYCARDIA;TACHY
8156000;512.67;512.42;TACHYCARDIA;TACHY
8158000;511.86;511.61;TACHYCARDIA;TACHY
8160000;513.09;512.84;TACHYCARDIA;TACHY
8162000;511.90;511.64;TACHYCARDIA;TACHY
8164000;513.17;512.92;TACHYCARDIA;TACHY
8166000;512.61;512.35;TACHYCARDIA;TACHY
8168000;513.89;513.63;TACHYCARDIA;TACHY
8170000;513.12;512.86;TACHYCARDIA;TACHY
8172000;512.13;511.86;TACHYCARDIA;TACHY
8174000;511.89;511.62;TACHYCARDIA;TACHY
8176000;512.02;511.75;TACHYCARDIA;TACHY
8178000;513.04;512.77;TACHYCARDIA;TACHY
8180000;513.44;513.16;TACHYCARDIA;TACHY
8182000;510.65;510.37;TACHYCARDIA;TACHY
8184000;513.22;512.93;TACHYCARDIA;TACHY
8186000;511.34;511.05;TACHYCARDIA;TACHY
8188000;512.89;512.60;TACHYCARDIA;TACHY
8190000;511.68;511.38;TACHYCARDIA;TACHY
8192000;512.82;512.52;TACHYCARDIA;TACHY
8194000;511.67;511.37;TACHYCARDIA;TACHY
8196000;512.59;512.29;TACHYCARDIA;TACHY
8198000;512.52;512.21;TACHYCARDIA;TACHY
8200000;513.40;513.09;TACHYCARDIA;TACHY
8202000;513.49;513.18;TACHYCARDIA;TACHY
8204000;511.72;511.41;TACHYCARDIA;TACHY
8206000;512.07;511.75;TACHYCARDIA;TACHY
8208000;512.86;512.54;TACHYCARDIA;TACHY
8210000;512.82;512.49;TACHYCARDIA;TACHY
8212000;510.92;510.59;TACHYCARDIA;TACHY
8214000;512.28;511.95;TACHYCARDIA;TACHY
8216000;511.13;510.80;TACHYCARDIA;TACHY
8218000;512.94;512.60;TACHYCARDIA;TACHY
8220000;514.07;513.73;TACHYCARDIA;TACHY
8222000;512.84;512.50;TACHYCARDIA;TACHY
8224000;512.97;512.62;TACHYCARDIA;TACHY
8226000;512.02;511.68;TACHYCARDIA;TACHY
8228000;512.83;512.48;TACHYCARDIA;TACHY
8230000;512.10;511.75;TACHYCARDIA;TACHY
8232000;512.36;512.01;TACHYCARDIA;TACHY
8234000;511.65;511.29;TACHYCARDIA;TACHY
8236000;511.74;511.38;TACHYCARDIA;TACHY
8238000;512.60;512.23;TACHYCARDIA;TACHY
8240000;510.87;510.50;TACHYCARDIA;TACHY
8242000;511.84;511.47;TACHYCARDIA;TACHY
8244000;512.31;511.93;TACHYCARDIA;TACHY
8246000;510.74;510.37;TACHYCARDIA;TACHY
8248000;513.56;513.18;TACHYCARDIA;TACHY
8250000;511.65;511.27;TACHYCARDIA;TACHY
8252000;511.62;511.24;TACHYCARDIA;TACHY
8254000;511.74;511.35;TACHYCARDIA;TACHY
8256000;511.93;511.54;TACHYCARDIA;TACHY
8258000;511.45;511.06;TACHYCARDIA;TACHY
8260000;512.46;512.07;TACHYCARDIA;TACHY
8262000;511.15;510.75;TACHYCARDIA;TACHY
8264000;512.36;511.96;TACHYCARDIA;TACHY
8266000;513.14;512.74;TACHYCARDIA;TACHY
8268000;511.83;511.42;TACHYCARDIA;TACHY
8270000;513.72;513.31;TACHYCARDIA;TACHY
8272000;512.62;512.21;TACHYCARDIA;TACHY
8274000;514.14;513.73;TACHYCARDIA;TACHY
8276000;512.99;512.57;TACHYCARDIA;TACHY
8278000;513.81;513.39;TACHYCARDIA;TACHY
8280000;513.01;512.59;TACHYCARDIA;TACHY
8282000;513.11;512.68;TACHYCARDIA;TACHY
8284000;512.85;512.41;TACHYCARDIA;TACHY
8286000;512.65;512.22;TACHYCARDIA;TACHY
8288000;512.49;512.06;TACHYCARDIA;TACHY
8290000;512.31;511.87;TACHYCARDIA;TACHY
8292000;512.61;512.17;TACHYCARDIA;TACHY
8294000;512.10;511.65;TACHYCARDIA;TACHY
8296000;512.35;511.91;TACHYCARDIA;TACHY
8298000;513.08;512.63;TACHYCARDIA;TACHY
8300000;512.41;511.96;TACHYCARDIA;TACHY
8302000;513.26;512.80;TACHYCARDIA;TACHY
8304000;512.29;511.84;TACHYCARDIA;TACHY
8306000;513.29;512.83;TACHYCARDIA;TACHY
8308000;512.42;511.96;TACHYCARDIA;TACHY
8310000;513.61;513.14;TACHYCARDIA;TACHY
8312000;511.38;510.91;TACHYCARDIA;TACHY
8314000;512.62;512.14;TACHYCARDIA;TACHY
8316000;511.80;511.32;TACHYCARDIA;TACHY
8318000;511.80;511.32;TACHYCARDIA;TACHY
8320000;512.53;512.05;TACHYCARDIA;TACHY
8322000;512.16;511.67;TACHYCARDIA;TACHY
8324000;511.69;511.21;TACHYCARDIA;TACHY
8326000;512.98;512.49;TACHYCARDIA;TACHY
8328000;511.55;511.06;TACHYCARDIA;TACHY
8330000;512.67;512.17;TACHYCARDIA;TACHY
8332000;512.51;512.01;TACHYCARDIA;TACHY
8334000;511.10;510.60;TACHYCARDIA;TACHY
8336000;513.71;513.20;TACHYCARDIA;TACHY
8338000;513.36;512.86;TACHYCARDIA;TACHY
8340000;513.32;512.82;TACHYCARDIA;TACHY
8342000;512.62;512.11;TACHYCARDIA;TACHY
8344000;513.19;512.68;TACHYCARDIA;TACHY
8346000;512.58;512.07;TACHYCARDIA;TACHY
8348000;512.66;512.14;TACHYCARDIA;TACHY
8350000;511.84;511.31;TACHYCARDIA;TACHY
8352000;514.26;513.73;TACHYCARDIA;TACHY
8354000;512.52;512.00;TACHYCARDIA;TACHY
8356000;512.42;511.89;TACHYCARDIA;TACHY
8358000;511.60;511.07;TACHYCARDIA;TACHY
8360000;512.80;512.27;TACHYCARDIA;TACHY
8362000;512.97;512.43;TACHYCARDIA;TACHY
8364000;513.34;512.80;TACHYCARDIA;TACHY
8366000;512.11;511.56;TACHYCARDIA;TACHY
8368000;512.07;511.52;TACHYCARDIA;TACHY
8370000;512.47;511.92;TACHYCARDIA;TACHY
8372000;512.14;511.59;TACHYCARDIA;TACHY
8374000;513.32;512.76;TACHYCARDIA;TACHY
8376000;512.05;511.50;TACHYCARDIA;TACHY
8378000;512.92;512.36;TACHYCARDIA;TACHY
8380000;513.31;512.75;TACHYCARDIA;TACHY
8382000;512.48;511.92;TACHYCARDIA;TACHY
8384000;514.46;513.89;TACHYCARDIA;TACHY
8386000;512.95;512.38;TACHYCARDIA;TACHY
8388000;512.22;511.65;TACHYCARDIA;TACHY
8390000;511.70;511.12;TACHYCARDIA;TACHY
8392000;511.81;511.24;TACHYCARDIA;TACHY
8394000;511.43;510.85;TACHYCARDIA;TACHY
8396000;513.10;512.52;TACHYCARDIA;TACHY
8398000;512.46;511.87;TACHYCARDIA;TACHY
8400000;511.69;511.11;TACHYCARDIA;TACHY
8402000;512.90;512.31;TACHYCARDIA;TACHY
8404000;514.22;513.62;TACHYCARDIA;TACHY
8406000;512.70;512.11;TACHYCARDIA;TACHY
8408000;511.56;510.96;TACHYCARDIA;TACHY
8410000;514.28;513.68;TACHYCARDIA;TACHY
8412000;513.52;512.92;TACHYCARDIA;TACHY
8414000;512.05;511.45;TACHYCARDIA;TACHY
8416000;512.27;511.66;TACHYCARDIA;TACHY
8418000;513.73;513.12;TACHYCARDIA;TACHY
8420000;511.18;510.57;TACHYCARDIA;TACHY
8422000;512.79;512.17;TACHYCARDIA;TACHY
8424000;511.85;511.23;TACHYCARDIA;TACHY
8426000;512.17;511.55;TACHYCARDIA;TACHY
8428000;512.79;512.17;TACHYCARDIA;TACHY
8430000;511.02;510.39;TACHYCARDIA;TACHY
8432000;513.64;513.01;TACHYCARDIA;TACHY
8434000;513.42;512.78;TACHYCARDIA;TACHY
8436000;512.36;511.73;TACHYCARDIA;TACHY
8438000;511.74;511.10;TACHYCARDIA;TACHY
8440000;511.68;511.04;TACHYCARDIA;TACHY
8442000;512.40;511.76;TACHYCARDIA;TACHY
8444000;512.45;511.81;TACHYCARDIA;TACHY
8446000;512.63;511.99;TACHYCARDIA;TACHY
8448000;511.85;511.20;TACHYCARDIA;TACHY
8450000;511.57;510.92;TACHYCARDIA;TACHY
8452000;513.25;512.60;TACHYCARDIA;TACHY
8454000;512.83;512.17;TACHYCARDIA;TACHY
8456000;512.57;511.91;TACHYCARDIA;TACHY
8458000;511.25;510.59;TACHYCARDIA;TACHY
8460000;512.89;512.23;TACHYCARDIA;TACHY
8462000;511.90;511.23;TACHYCARDIA;TACHY
8464000;512.77;512.11;TACHYCARDIA;TACHY
8466000;512.07;511.40;TACHYCARDIA;TACHY
8468000;512.23;511.56;TACHYCARDIA;TACHY
8470000;512.52;511.85;TACHYCARDIA;TACHY
8472000;513.59;512.91;TACHYCARDIA;TACHY
8474000;513.29;512.62;TACHYCARDIA;TACHY
8476000;512.36;511.68;TACHYCARDIA;TACHY
8478000;512.81;512.13;TACHYCARDIA;TACHY
8480000;513.14;512.45;TACHYCARDIA;TACHY
8482000;512.18;511.50;TACHYCARDIA;TACHY
8484000;513.95;513.26;TACHYCARDIA;TACHY
8486000;512.62;511.93;TACHYCARDIA;TACHY
8488000;513.28;512.59;TACHYCARDIA;TACHY
8490000;511.65;510.95;TACHYCARDIA;TACHY
8492000;511.93;511.23;TACHYCARDIA;TACHY
8494000;512.21;511.51;TACHYCARDIA;TACHY
8496000;513.45;512.75;TACHYCARDIA;TACHY
8498000;513.88;513.18;TACHYCARDIA;TACHY
8500000;513.21;512.50;TACHYCARDIA;TACHY
8502000;512.27;511.56;TACHYCARDIA;TACHY
8504000;512.04;511.33;TACHYCARDIA;TACHY
8506000;512.62;511.91;TACHYCARDIA;TACHY
8508000;513.17;512.46;TACHYCARDIA;TACHY
8510000;511.38;510.66;TACHYCARDIA;TACHY
8512000;512.99;512.27;TACHYCARDIA;TACHY
8514000;513.61;512.89;TACHYCARDIA;TACHY
8516000;513.33;512.61;TACHYCARDIA;TACHY
8518000;512.40;511.68;TACHYCARDIA;TACHY
8520000;513.09;512.36;TACHYCARDIA;TACHY
8522000;512.09;511.36;TACHYCARDIA;TACHY
8524000;513.23;512.50;TACHYCARDIA;TACHY
8526000;513.02;512.28;TACHYCARDIA;TACHY
8528000;512.82;512.09;TACHYCARDIA;TACHY
8530000;512.22;511.49;TACHYCARDIA;TACHY
8532000;512.42;511.68;TACHYCARDIA;TACHY
8534000;514.04;513.29;TACHYCARDIA;TACHY
8536000;512.54;511.79;TACHYCARDIA;TACHY
8538000;513.47;512.72;TACHYCARDIA;TACHY
8540000;513.44;512.69;TACHYCARDIA;TACHY
8542000;512.64;511.89;TACHYCARDIA;TACHY
8544000;512.72;511.97;TACHYCARDIA;TACHY
8546000;512.53;511.77;TACHYCARDIA;TACHY
8548000;511.11;510.35;TACHYCARDIA;TACHY
8550000;512.76;512.00;TACHYCARDIA;TACHY
8552000;512.04;511.28;TACHYCARDIA;TACHY
8554000;511.61;510.84;TACHYCARDIA;TACHY
8556000;513.84;513.07;TACHYCARDIA;TACHY
8558000;511.98;511.22;TACHYCARDIA;TACHY
8560000;513.15;512.38;TACHYCARDIA;TACHY
8562000;513.67;512.90;TACHYCARDIA;TACHY
8564000;511.74;510.97;TACHYCARDIA;TACHY
8566000;513.46;512.68;TACHYCARDIA;TACHY
8568000;511.62;510.84;TACHYCARDIA;TACHY
8570000;512.95;512.17;TACHYCARDIA;TACHY
8572000;513.03;512.25;TACHYCARDIA;TACHY
8574000;511.50;510.71;TACHYCARDIA;TACHY
8576000;514.12;513.34;TACHYCARDIA;TACHY
8578000;512.03;511.24;TACHYCARDIA;TACHY
8580000;514.37;513.58;TACHYCARDIA;TACHY
8582000;513.64;512.85;TACHYCARDIA;TACHY
8584000;514.46;513.67;TACHYCARDIA;TACHY
8586000;512.95;512.15;TACHYCARDIA;TACHY
8588000;512.36;511.56;TACHYCARDIA;TACHY
8590000;512.74;511.94;TACHYCARDIA;TACHY
8592000;514.10;513.29;TACHYCARDIA;TACHY
8594000;512.38;511.57;TACHYCARDIA;TACHY
8596000;511.59;510.79;TACHYCARDIA;TACHY
8598000;513.50;512.69;TACHYCARDIA;TACHY
8600000;512.44;511.63;TACHYCARDIA;TACHY
8602000;512.65;511.84;TACHYCARDIA;TACHY
8604000;512.24;511.43;TACHYCARDIA;TACHY
8606000;513.45;512.63;TACHYCARDIA;TACHY
8608000;513.54;512.72;TACHYCARDIA;TACHY
8610000;512.13;511.31;TACHYCARDIA;TACHY
8612000;513.78;512.96;TACHYCARDIA;TACHY
8614000;512.86;512.04;TACHYCARDIA;TACHY
8616000;514.63;513.81;TACHYCARDIA;TACHY
8618000;513.89;513.06;TACHYCARDIA;TACHY
8620000;512.77;511.94;TACHYCARDIA;TACHY
8622000;513.07;512.24;TACHYCARDIA;TACHY
8624000;512.27;511.44;TACHYCARDIA;TACHY
8626000;512.70;511.87;TACHYCARDIA;TACHY
8628000;514.00;513.17;TACHYCARDIA;TACHY
8630000;512.71;511.87;TACHYCARDIA;TACHY
8632000;513.43;512.59;TACHYCARDIA;TACHY
8634000;511.75;510.91;TACHYCARDIA;TACHY
8636000;512.27;511.43;TACHYCARDIA;TACHY
8638000;512.35;511.51;TACHYCARDIA;TACHY
8640000;512.58;511.74;TACHYCARDIA;TACHY
8642000;512.59;511.74;TACHYCARDIA;TACHY
8644000;512.02;511.18;TACHYCARDIA;TACHY
8646000;511.28;510.43;TACHYCARDIA;TACHY
8648000;512.94;512.09;TACHYCARDIA;TACHY
8650000;513.11;512.26;TACHYCARDIA;TACHY
8652000;510.67;509.82;TACHYCARDIA;TACHY
8654000;511.45;510.59;TACHYCARDIA;TACHY
8656000;514.21;513.35;TACHYCARDIA;TACHY
8658000;513.86;513.00;TACHYCARDIA;TACHY
8660000;514.05;513.19;TACHYCARDIA;TACHY
8662000;511.89;511.03;TACHYCARDIA;TACHY
8664000;512.07;511.21;TACHYCARDIA;TACHY
8666000;512.95;512.08;TACHYCARDIA;TACHY
8668000;513.87;513.01;TACHYCARDIA;TACHY
8670000;513.11;512.24;TACHYCARDIA;TACHY
8672000;510.80;509.93;TACHYCARDIA;TACHY
8674000;512.07;511.20;TACHYCARDIA;TACHY
8676000;512.77;511.90;TACHYCARDIA;TACHY
8678000;513.40;512.53;TACHYCARDIA;TACHY
8680000;512.93;512.05;TACHYCARDIA;TACHY
8682000;512.48;511.60;TACHYCARDIA;TACHY
8684000;513.00;512.12;TACHYCARDIA;TACHY
8686000;514.39;513.51;TACHYCARDIA;TACHY
8688000;513.09;512.21;TACHYCARDIA;TACHY
8690000;513.54;512.65;TACHYCARDIA;TACHY
8692000;513.34;512.46;TACHYCARDIA;TACHY
8694000;513.17;512.28;TACHYCARDIA;TACHY
8696000;513.02;512.13;TACHYCARDIA;TACHY
8698000;513.41;512.52;TACHYCARDIA;TACHY
8700000;513.77;512.88;TACHYCARDIA;TACHY
8702000;513.21;512.32;TACHYCARDIA;TACHY
8704000;512.18;511.29;TACHYCARDIA;TACHY
8706000;513.52;512.62;TACHYCARDIA;TACHY
8708000;513.96;513.06;TACHYCARDIA;TACHY
8710000;512.18;511.28;TACHYCARDIA;TACHY
8712000;512.80;511.90;TACHYCARDIA;TACHY
8714000;513.52;512.61;TACHYCARDIA;TACHY
8716000;513.41;512.51;TACHYCARDIA;TACHY
8718000;513.31;512.40;TACHYCARDIA;TACHY
8720000;513.66;512.76;TACHYCARDIA;TACHY
8722000;513.69;512.78;TACHYCARDIA;TACHY
8724000;513.42;512.51;TACHYCARDIA;TACHY
8726000;514.08;513.17;TACHYCARDIA;TACHY
8728000;514.47;513.56;TACHYCARDIA;TACHY
8730000;512.80;511.88;TACHYCARDIA;TACHY
8732000;512.32;511.41;TACHYCARDIA;TACHY
8734000;513.07;512.16;TACHYCARDIA;TACHY
8736000;512.73;511.81;TACHYCARDIA;TACHY
8738000;512.76;511.84;TACHYCARDIA;TACHY
8740000;513.42;512.50;TACHYCARDIA;TACHY
8742000;513.27;512.35;TACHYCARDIA;TACHY
8744000;512.97;512.05;TACHYCARDIA;TACHY
8746000;512.93;512.01;TACHYCARDIA;TACHY
8748000;512.89;511.96;TACHYCARDIA;TACHY
8750000;513.63;512.70;TACHYCARDIA;TACHY
8752000;512.73;511.80;TACHYCARDIA;TACHY
8754000;512.83;511.90;TACHYCARDIA;TACHY
8756000;512.97;512.04;TACHYCARDIA;TACHY
8758000;512.61;511.68;TACHYCARDIA;TACHY
8760000;513.83;512.90;TACHYCARDIA;TACHY
8762000;513.23;512.30;TACHYCARDIA;TACHY
8764000;512.51;511.58;TACHYCARDIA;TACHY
8766000;514.10;513.16;TACHYCARDIA;TACHY
8768000;512.43;511.49;TACHYCARDIA;TACHY
8770000;512.15;511.22;TACHYCARDIA;TACHY
8772000;513.27;512.33;TACHYCARDIA;TACHY
8774000;511.28;510.34;TACHYCARDIA;TACHY
8776000;512.89;511.95;TACHYCARDIA;TACHY
8778000;513.73;512.79;TACHYCARDIA;TACHY
8780000;513.08;512.14;TACHYCARDIA;TACHY
8782000;513.56;512.62;TACHYCARDIA;TACHY
8784000;512.21;511.26;TACHYCARDIA;TACHY
8786000;513.53;512.58;TACHYCARDIA;TACHY
8788000;511.39;510.44;TACHYCARDIA;TACHY
8790000;513.18;512.23;TACHYCARDIA;TACHY
8792000;513.41;512.47;TACHYCARDIA;TACHY
8794000;511.23;510.28;TACHYCARDIA;TACHY
8796000;514.63;513.68;TACHYCARDIA;TACHY
8798000;514.12;513.17;TACHYCARDIA;TACHY
8800000;511.58;510.63;TACHYCARDIA;TACHY
8802000;513.69;512.74;TACHYCARDIA;TACHY
8804000;513.50;512.55;TACHYCARDIA;TACHY
8806000;513.30;512.34;TACHYCARDIA;TACHY
8808000;512.27;511.32;TACHYCARDIA;TACHY
8810000;512.34;511.39;TACHYCARDIA;TACHY
8812000;513.85;512.89;TACHYCARDIA;TACHY
8814000;513.89;512.93;TACHYCARDIA;TACHY
8816000;512.45;511.49;TACHYCARDIA;TACHY
8818000;513.70;512.74;TACHYCARDIA;TACHY
8820000;513.85;512.89;TACHYCARDIA;TACHY
8822000;512.51;511.55;TACHYCARDIA;TACHY
8824000;512.50;511.54;TACHYCARDIA;TACHY
8826000;514.01;513.04;TACHYCARDIA;TACHY
8828000;512.45;511.48;TACHYCARDIA;TACHY
8830000;512.72;511.76;TACHYCARDIA;TACHY
8832000;511.79;510.83;TACHYCARDIA;TACHY
8834000;513.40;512.44;TACHYCARDIA;TACHY
8836000;511.95;510.98;TACHYCARDIA;TACHY
8838000;513.41;512.44;TACHYCARDIA;TACHY
8840000;513.91;512.94;TACHYCARDIA;TACHY
8842000;512.27;511.30;TACHYCARDIA;TACHY
8844000;513.28;512.31;TACHYCARDIA;TACHY
8846000;512.27;511.30;TACHYCARDIA;TACHY
8848000;511.87;510.90;TACHYCARDIA;TACHY
8850000;514.60;513.63;TACHYCARDIA;TACHY
8852000;511.67;510.70;TACHYCARDIA;TACHY
8854000;512.41;511.43;TACHYCARDIA;TACHY
8856000;511.37;510.40;TACHYCARDIA;TACHY
8858000;511.65;510.67;TACHYCARDIA;TACHY
8860000;512.25;511.28;TACHYCARDIA;TACHY
8862000;512.20;511.23;TACHYCARDIA;TACHY
8864000;513.08;512.11;TACHYCARDIA;TACHY
8866000;514.86;513.88;TACHYCARDIA;TACHY
8868000;513.31;512.33;TACHYCARDIA;TACHY
8870000;512.35;511.37;TACHYCARDIA;TACHY
8872000;513.23;512.25;TACHYCARDIA;TACHY
8874000;512.33;511.35;TACHYCARDIA;TACHY
8876000;513.27;512.29;TACHYCARDIA;TACHY
8878000;512.13;511.15;TACHYCARDIA;TACHY
8880000;513.69;512.71;TACHYCARDIA;TACHY
8882000;513.42;512.44;TACHYCARDIA;TACHY
8884000;512.48;511.50;TACHYCARDIA;TACHY
8886000;512.29;511.31;TACHYCARDIA;TACHY
8888000;513.29;512.31;TACHYCARDIA;TACHY
8890000;512.82;511.83;TACHYCARDIA;TACHY
8892000;513.54;512.55;TACHYCARDIA;TACHY
8894000;511.66;510.68;TACHYCARDIA;TACHY
8896000;513.83;512.85;TACHYCARDIA;TACHY
8898000;513.74;512.75;TACHYCARDIA;TACHY
8900000;513.70;512.71;TACHYCARDIA;TACHY
8902000;513.57;512.58;TACHYCARDIA;TACHY
8904000;512.90;511.91;TACHYCARDIA;TACHY
8906000;513.71;512.72;TACHYCARDIA;TACHY
8908000;514.26;513.27;TACHYCARDIA;TACHY
8910000;511.85;510.86;TACHYCARDIA;TACHY
8912000;512.64;511.65;TACHYCARDIA;TACHY
8914000;512.35;511.36;TACHYCARDIA;TACHY
8916000;512.03;511.04;TACHYCARDIA;TACHY
8918000;511.86;510.87;TACHYCARDIA;TACHY
8920000;513.10;512.11;TACHYCARDIA;TACHY
8922000;513.17;512.17;TACHYCARDIA;TACHY
8924000;513.33;512.34;TACHYCARDIA;TACHY
8926000;512.48;511.49;TACHYCARDIA;TACHY
8928000;512.95;511.96;TACHYCARDIA;TACHY
8930000;512.20;511.20;TACHYCARDIA;TACHY
8932000;511.76;510.77;TACHYCARDIA;TACHY
8934000;512.81;511.81;TACHYCARDIA;TACHY
8936000;513.91;512.92;TACHYCARDIA;TACHY
8938000;513.17;512.18;TACHYCARDIA;TACHY
8940000;512.69;511.70;TACHYCARDIA;TACHY
8942000;513.12;512.12;TACHYCARDIA;TACHY
8944000;512.62;511.62;TACHYCARDIA;TACHY
8946000;511.97;510.97;TACHYCARDIA;TACHY
8948000;512.44;511.44;TACHYCARDIA;TACHY
8950000;513.33;512.33;TACHYCARDIA;TACHY
8952000;513.41;512.41;TACHYCARDIA;TACHY
8954000;513.08;512.08;TACHYCARDIA;TACHY
8956000;512.89;511.90;TACHYCARDIA;TACHY
8958000;514.01;513.02;TACHYCARDIA;TACHY
8960000;513.14;512.14;TACHYCARDIA;TACHY
8962000;513.14;512.14;TACHYCARDIA;TACHY
8964000;513.02;512.02;TACHYCARDIA;TACHY
8966000;511.84;510.84;TACHYCARDIA;TACHY
8968000;514.48;513.49;TACHYCARDIA;TACHY
8970000;513.57;512.57;TACHYCARDIA;TACHY
8972000;512.86;511.87;TACHYCARDIA;TACHY
8974000;512.42;511.42;TACHYCARDIA;TACHY
8976000;513.56;512.56;TACHYCARDIA;TACHY
8978000;513.69;512.69;TACHYCARDIA;TACHY
8980000;513.22;512.22;TACHYCARDIA;TACHY
8982000;513.02;512.02;TACHYCARDIA;TACHY
8984000;512.51;511.51;TACHYCARDIA;TACHY
8986000;514.00;513.00;TACHYCARDIA;TACHY
8988000;513.55;512.55;TACHYCARDIA;TACHY
8990000;512.44;511.44;TACHYCARDIA;TACHY
8992000;512.73;511.73;TACHYCARDIA;TACHY
8994000;512.03;511.03;TACHYCARDIA;TACHY
8996000;512.24;511.24;TACHYCARDIA;TACHY
8998000;512.76;511.76;TACHYCARDIA;TACHY
9000000;513.41;512.41;TACHYCARDIA;TACHY
9002000;513.17;512.17;TACHYCARDIA;TACHY
9004000;512.50;511.50;TACHYCARDIA;TACHY
9006000;512.06;511.06;TACHYCARDIA;TACHY
9008000;512.85;511.85;TACHYCARDIA;TACHY
9010000;512.99;511.99;TACHYCARDIA;TACHY
9012000;512.75;511.75;TACHYCARDIA;TACHY
9014000;512.07;511.07;TACHYCARDIA;TACHY
9016000;513.10;512.10;TACHYCARDIA;TACHY
9018000;512.73;511.73;TACHYCARDIA;TACHY
9020000;513.69;512.69;TACHYCARDIA;TACHY
9022000;513.00;512.00;TACHYCARDIA;TACHY
9024000;513.48;512.48;TACHYCARDIA;TACHY
9026000;512.92;511.92;TACHYCARDIA;TACHY
9028000;512.89;511.89;TACHYCARDIA;TACHY
9030000;511.93;510.93;TACHYCARDIA;TACHY
9032000;513.76;512.76;TACHYCARDIA;TACHY
9034000;512.59;511.59;TACHYCARDIA;TACHY
9036000;512.86;511.87;TACHYCARDIA;TACHY
9038000;513.66;512.66;TACHYCARDIA;TACHY
9040000;513.66;512.66;TACHYCARDIA;TACHY
9042000;512.60;511.60;TACHYCARDIA;TACHY
9044000;512.71;511.71;TACHYCARDIA;TACHY
9046000;512.39;511.40;TACHYCARDIA;TACHY
9048000;510.59;509.60;TACHYCARDIA;TACHY
9050000;514.63;513.63;TACHYCARDIA;TACHY
9052000;513.20;512.20;TACHYCARDIA;TACHY
9054000;514.11;513.11;TACHYCARDIA;TACHY
9056000;513.07;512.07;TACHYCARDIA;TACHY
9058000;513.05;512.05;TACHYCARDIA;TACHY
9060000;513.20;512.20;TACHYCARDIA;TACHY
9062000;513.35;512.36;TACHYCARDIA;TACHY
9064000;512.90;511.90;TACHYCARDIA;TACHY
9066000;514.26;513.26;TACHYCARDIA;TACHY
9068000;512.59;511.60;TACHYCARDIA;TACHY
9070000;512.65;511.66;TACHYCARDIA;TACHY
9072000;512.61;511.61;TACHYCARDIA;TACHY
9074000;514.11;513.12;TACHYCARDIA;TACHY
9076000;511.98;510.98;TACHYCARDIA;TACHY
9078000;515.20;514.21;TACHYCARDIA;TACHY
9080000;512.49;511.49;TACHYCARDIA;TACHY
9082000;513.68;512.69;TACHYCARDIA;TACHY
9084000;513.91;512.92;TACHYCARDIA;TACHY
9086000;514.40;513.41;TACHYCARDIA;TACHY
9088000;514.83;513.84;TACHYCARDIA;TACHY
9090000;513.52;512.53;TACHYCARDIA;TACHY
9092000;513.08;512.09;TACHYCARDIA;TACHY
9094000;514.04;513.05;TACHYCARDIA;TACHY
9096000;512.52;511.53;TACHYCARDIA;TACHY
9098000;512.07;511.08;TACHYCARDIA;TACHY
9100000;513.58;512.60;TACHYCARDIA;TACHY
9102000;512.72;511.73;TACHYCARDIA;TACHY
9104000;513.32;512.33;TACHYCARDIA;TACHY
9106000;513.12;512.13;TACHYCARDIA;TACHY
9108000;514.69;513.70;TACHYCARDIA;TACHY
9110000;513.81;512.82;TACHYCARDIA;TACHY
9112000;512.93;511.95;TACHYCARDIA;TACHY
9114000;512.02;511.04;TACHYCARDIA;TACHY
9116000;512.42;511.44;TACHYCARDIA;TACHY
9118000;512.57;511.58;TACHYCARDIA;TACHY
9120000;512.80;511.82;TACHYCARDIA;TACHY
9122000;512.02;511.04;TACHYCARDIA;TACHY
9124000;511.84;510.86;TACHYCARDIA;TACHY
9126000;512.65;511.67;TACHYCARDIA;TACHY
9128000;513.39;512.41;TACHYCARDIA;TACHY
9130000;513.29;512.31;TACHYCARDIA;TACHY
9132000;513.48;512.51;TACHYCARDIA;TACHY
9134000;512.70;511.73;TACHYCARDIA;TACHY
9136000;512.20;511.22;TACHYCARDIA;TACHY
9138000;512.42;511.44;TACHYCARDIA;TACHY
9140000;513.06;512.08;TACHYCARDIA;TACHY
9142000;512.20;511.22;TACHYCARDIA;TACHY
9144000;512.79;511.81;TACHYCARDIA;TACHY
9146000;513.75;512.78;TACHYCARDIA;TACHY
9148000;513.26;512.29;TACHYCARDIA;TACHY
9150000;512.82;511.85;TACHYCARDIA;TACHY
9152000;512.49;511.52;TACHYCARDIA;TACHY
9154000;512.46;511.49;TACHYCARDIA;TACHY
9156000;512.96;511.99;TACHYCARDIA;TACHY
9158000;514.05;513.08;TACHYCARDIA;TACHY
9160000;513.86;512.89;TACHYCARDIA;TACHY
9162000;513.22;512.26;TACHYCARDIA;TACHY
9164000;512.36;511.39;TACHYCARDIA;TACHY
9166000;513.11;512.15;TACHYCARDIA;TACHY
9168000;512.38;511.41;TACHYCARDIA;TACHY
9170000;513.75;512.79;TACHYCARDIA;TACHY
9172000;512.80;511.84;TACHYCARDIA;TACHY
9174000;514.19;513.23;TACHYCARDIA;TACHY
9176000;511.00;510.03;TACHYCARDIA;TACHY
9178000;514.03;513.07;TACHYCARDIA;TACHY
9180000;513.38;512.42;TACHYCARDIA;TACHY
9182000;513.34;512.38;TACHYCARDIA;TACHY
9184000;513.37;512.42;TACHYCARDIA;TACHY
9186000;512.67;511.71;TACHYCARDIA;TACHY
9188000;513.22;512.26;TACHYCARDIA;TACHY
9190000;513.87;512.92;TACHYCARDIA;TACHY
9192000;513.62;512.67;TACHYCARDIA;TACHY
9194000;511.94;510.99;TACHYCARDIA;TACHY
9196000;512.86;511.91;TACHYCARDIA;TACHY
9198000;513.33;512.38;TACHYCARDIA;TACHY
9200000;513.08;512.13;TACHYCARDIA;TACHY
9202000;512.17;511.22;TACHYCARDIA;TACHY
9204000;512.20;511.25;TACHYCARDIA;TACHY
9206000;513.88;512.93;TACHYCARDIA;TACHY
9208000;512.21;511.26;TACHYCARDIA;TACHY
9210000;512.04;511.10;TACHYCARDIA;TACHY
9212000;514.14;513.19;TACHYCARDIA;TACHY
9214000;513.04;512.09;TACHYCARDIA;TACHY
9216000;513.29;512.35;TACHYCARDIA;TACHY
9218000;514.05;513.11;TACHYCARDIA;TACHY
9220000;512.46;511.52;TACHYCARDIA;TACHY
9222000;512.32;511.38;TACHYCARDIA;TACHY
9224000;514.21;513.27;TACHYCARDIA;TACHY
9226000;512.04;511.10;TACHYCARDIA;TACHY
9228000;513.01;512.08;TACHYCARDIA;TACHY
9230000;513.48;512.54;TACHYCARDIA;TACHY
9232000;513.91;512.97;TACHYCARDIA;TACHY
9234000;514.55;513.62;TACHYCARDIA;TACHY
9236000;513.25;512.32;TACHYCARDIA;TACHY
9238000;514.21;513.28;TACHYCARDIA;TACHY
9240000;512.99;512.06;TACHYCARDIA;TACHY
9242000;514.01;513.08;TACHYCARDIA;TACHY
9244000;513.46;512.53;TACHYCARDIA;TACHY
9246000;513.17;512.24;TACHYCARDIA;TACHY
9248000;513.25;512.33;TACHYCARDIA;TACHY
9250000;513.56;512.64;TACHYCARDIA;TACHY
9252000;512.06;511.14;TACHYCARDIA;TACHY
9254000;514.97;514.05;TACHYCARDIA;TACHY
9256000;512.32;511.40;TACHYCARDIA;TACHY
9258000;513.82;512.90;TACHYCARDIA;TACHY
9260000;512.83;511.91;TACHYCARDIA;TACHY
9262000;513.31;512.39;TACHYCARDIA;TACHY
9264000;512.75;511.84;TACHYCARDIA;TACHY
9266000;512.96;512.05;TACHYCARDIA;TACHY
9268000;512.75;511.84;TACHYCARDIA;TACHY
9270000;513.42;512.51;TACHYCARDIA;TACHY
9272000;512.42;511.51;TACHYCARDIA;TACHY
9274000;512.91;512.00;TACHYCARDIA;TACHY
9276000;513.90;512.99;TACHYCARDIA;TACHY
9278000;514.47;513.57;TACHYCARDIA;TACHY
9280000;513.04;512.13;TACHYCARDIA;TACHY
9282000;514.18;513.27;TACHYCARDIA;TACHY
9284000;512.37;511.47;TACHYCARDIA;TACHY
9286000;513.43;512.53;TACHYCARDIA;TACHY
9288000;512.45;511.55;TACHYCARDIA;TACHY
9290000;513.11;512.21;TACHYCARDIA;TACHY
9292000;513.07;512.17;TACHYCARDIA;TACHY
9294000;513.31;512.42;TACHYCARDIA;TACHY
9296000;513.77;512.88;TACHYCARDIA;TACHY
9298000;512.31;511.42;TACHYCARDIA;TACHY
9300000;513.82;512.93;TACHYCARDIA;TACHY
9302000;513.62;512.73;TACHYCARDIA;TACHY
9304000;513.35;512.46;TACHYCARDIA;TACHY
9306000;511.56;510.67;TACHYCARDIA;TACHY
9308000;512.37;511.48;TACHYCARDIA;TACHY
9310000;512.25;511.37;TACHYCARDIA;TACHY
9312000;513.23;512.35;TACHYCARDIA;TACHY
9314000;512.86;511.98;TACHYCARDIA;TACHY
9316000;513.51;512.63;TACHYCARDIA;TACHY
9318000;513.23;512.35;TACHYCARDIA;TACHY
9320000;512.70;511.82;TACHYCARDIA;TACHY
9322000;513.59;512.72;TACHYCARDIA;TACHY
9324000;512.78;511.91;TACHYCARDIA;TACHY
9326000;514.52;513.65;TACHYCARDIA;TACHY
9328000;513.88;513.00;TACHYCARDIA;TACHY
9330000;514.03;513.16;TACHYCARDIA;TACHY
9332000;513.90;513.03;TACHYCARDIA;TACHY
9334000;512.64;511.77;TACHYCARDIA;TACHY
9336000;513.83;512.96;TACHYCARDIA;TACHY
9338000;513.80;512.94;TACHYCARDIA;TACHY
9340000;513.24;512.38;TACHYCARDIA;TACHY
9342000;512.42;511.56;TACHYCARDIA;TACHY
9344000;513.93;513.07;TACHYCARDIA;TACHY
9346000;512.28;511.43;TACHYCARDIA;TACHY
9348000;511.95;511.10;TACHYCARDIA;TACHY
9350000;513.87;513.02;TACHYCARDIA;TACHY
9352000;512.92;512.07;TACHYCARDIA;TACHY
9354000;511.86;511.01;TACHYCARDIA;TACHY
9356000;511.85;511.00;TACHYCARDIA;TACHY
9358000;513.42;512.57;TACHYCARDIA;TACHY
9360000;512.83;511.98;TACHYCARDIA;TACHY
9362000;514.16;513.32;TACHYCARDIA;TACHY
9364000;512.21;511.37;TACHYCARDIA;TACHY
9366000;510.54;509.70;TACHYCARDIA;TACHY
9368000;511.23;510.39;TACHYCARDIA;TACHY
9370000;512.19;511.36;TACHYCARDIA;TACHY
9372000;512.76;511.93;TACHYCARDIA;TACHY
9374000;514.28;513.45;TACHYCARDIA;TACHY
9376000;511.60;510.77;TACHYCARDIA;TACHY
9378000;514.43;513.60;TACHYCARDIA;TACHY
9380000;512.21;511.38;TACHYCARDIA;TACHY
9382000;512.15;511.33;TACHYCARDIA;TACHY
9384000;512.42;511.60;TACHYCARDIA;TACHY
9386000;513.51;512.69;TACHYCARDIA;TACHY
9388000;512.50;511.68;TACHYCARDIA;TACHY
9390000;512.53;511.71;TACHYCARDIA;TACHY
9392000;514.56;513.75;TACHYCARDIA;TACHY
9394000;514.73;513.91;TACHYCARDIA;TACHY
9396000;513.29;512.47;TACHYCARDIA;TACHY
9398000;512.10;511.29;TACHYCARDIA;TACHY
9400000;511.52;510.71;TACHYCARDIA;TACHY
9402000;513.98;513.17;TACHYCARDIA;TACHY
9404000;510.48;509.68;TACHYCARDIA;TACHY
9406000;513.51;512.71;TACHYCARDIA;TACHY
9408000;512.10;511.30;TACHYCARDIA;TACHY
9410000;511.45;510.65;TACHYCARDIA;TACHY
9412000;513.67;512.88;TACHYCARDIA;TACHY
9414000;511.95;511.15;TACHYCARDIA;TACHY
9416000;512.32;511.53;TACHYCARDIA;TACHY
9418000;513.68;512.89;TACHYCARDIA;TACHY
9420000;513.37;512.58;TACHYCARDIA;TACHY
9422000;513.53;512.74;TACHYCARDIA;TACHY
9424000;513.17;512.39;TACHYCARDIA;TACHY
9426000;513.20;512.41;TACHYCARDIA;TACHY
9428000;512.79;512.01;TACHYCARDIA;TACHY
9430000;513.01;512.23;TACHYCARDIA;TACHY
9432000;513.74;512.97;TACHYCARDIA;TACHY
9434000;513.38;512.61;TACHYCARDIA;TACHY
9436000;512.59;511.82;TACHYCARDIA;TACHY
9438000;511.83;511.06;TACHYCARDIA;TACHY
9440000;514.23;513.46;TACHYCARDIA;TACHY
9442000;512.52;511.75;TACHYCARDIA;TACHY
9444000;512.55;511.78;TACHYCARDIA;TACHY
9446000;512.44;511.67;TACHYCARDIA;TACHY
9448000;513.33;512.57;TACHYCARDIA;TACHY
9450000;514.11;513.35;TACHYCARDIA;TACHY
9452000;511.17;510.41;TACHYCARDIA;TACHY
9454000;513.51;512.75;TACHYCARDIA;TACHY
9456000;513.29;512.53;TACHYCARDIA;TACHY
9458000;513.36;512.61;TACHYCARDIA;TACHY
9460000;512.67;511.92;TACHYCARDIA;TACHY
9462000;513.20;512.46;TACHYCARDIA;TACHY
9464000;511.91;511.16;TACHYCARDIA;TACHY
9466000;512.56;511.81;TACHYCARDIA;TACHY
9468000;511.89;511.15;TACHYCARDIA;TACHY
9470000;512.38;511.64;TACHYCARDIA;TACHY
9472000;512.27;511.53;TACHYCARDIA;TACHY
9474000;513.59;512.86;TACHYCARDIA;TACHY
9476000;512.58;511.85;TACHYCARDIA;TACHY
9478000;512.21;511.48;TACHYCARDIA;TACHY
9480000;512.95;512.22;TACHYCARDIA;TACHY
9482000;513.49;512.77;TACHYCARDIA;TACHY
9484000;513.04;512.32;TACHYCARDIA;TACHY
9486000;512.58;511.86;TACHYCARDIA;TACHY
9488000;512.56;511.84;TACHYCARDIA;TACHY
9490000;512.21;511.50;TACHYCARDIA;TACHY
9492000;512.28;511.57;TACHYCARDIA;TACHY
9494000;513.74;513.02;TACHYCARDIA;TACHY
9496000;512.42;511.71;TACHYCARDIA;TACHY
9498000;512.16;511.45;TACHYCARDIA;TACHY
9500000;512.55;511.84;TACHYCARDIA;TACHY
9502000;513.99;513.28;TACHYCARDIA;TACHY
9504000;513.78;513.07;TACHYCARDIA;TACHY
9506000;513.59;512.89;TACHYCARDIA;TACHY
9508000;512.59;511.90;TACHYCARDIA;TACHY
9510000;513.50;512.81;TACHYCARDIA;TACHY
9512000;511.88;511.19;TACHYCARDIA;TACHY
9514000;513.56;512.86;TACHYCARDIA;TACHY
9516000;513.73;513.04;TACHYCARDIA;TACHY
9518000;513.13;512.44;TACHYCARDIA;TACHY
9520000;512.32;511.64;TACHYCARDIA;TACHY
9522000;512.86;512.17;TACHYCARDIA;TACHY
9524000;512.16;511.48;TACHYCARDIA;TACHY
9526000;513.34;512.66;TACHYCARDIA;TACHY
9528000;512.12;511.45;TACHYCARDIA;TACHY
9530000;512.51;511.83;TACHYCARDIA;TACHY
9532000;513.65;512.98;TACHYCARDIA;TACHY
9534000;512.24;511.58;TACHYCARDIA;TACHY
9536000;514.42;513.75;TACHYCARDIA;TACHY
9538000;512.70;512.04;TACHYCARDIA;TACHY
9540000;513.16;512.50;TACHYCARDIA;TACHY
9542000;513.03;512.37;TACHYCARDIA;TACHY
9544000;512.40;511.74;TACHYCARDIA;TACHY
9546000;511.64;510.98;TACHYCARDIA;TACHY
9548000;512.63;511.98;TACHYCARDIA;TACHY
9550000;512.54;511.89;TACHYCARDIA;TACHY
9552000;512.08;511.43;TACHYCARDIA;TACHY
9554000;513.57;512.92;TACHYCARDIA;TACHY
9556000;513.24;512.59;TACHYCARDIA;TACHY
9558000;512.63;511.99;TACHYCARDIA;TACHY
9560000;513.25;512.61;TACHYCARDIA;TACHY
9562000;512.18;511.55;TACHYCARDIA;TACHY
9564000;511.58;510.95;TACHYCARDIA;TACHY
9566000;512.30;511.67;TACHYCARDIA;TACHY
9568000;513.04;512.41;TACHYCARDIA;TACHY
9570000;511.64;511.02;TACHYCARDIA;TACHY
9572000;512.95;512.33;TACHYCARDIA;TACHY
9574000;511.60;510.98;TACHYCARDIA;TACHY
9576000;513.69;513.07;TACHYCARDIA;TACHY
9578000;514.02;513.40;TACHYCARDIA;TACHY
9580000;513.16;512.55;TACHYCARDIA;TACHY
9582000;511.99;511.38;TACHYCARDIA;TACHY
9584000;513.50;512.90;TACHYCARDIA;TACHY
9586000;513.37;512.76;TACHYCARDIA;TACHY
9588000;513.52;512.92;TACHYCARDIA;TACHY
9590000;512.93;512.33;TACHYCARDIA;TACHY
9592000;512.29;511.69;TACHYCARDIA;TACHY
9594000;513.21;512.62;TACHYCARDIA;TACHY
9596000;511.65;511.05;TACHYCARDIA;TACHY
9598000;511.79;511.20;TACHYCARDIA;TACHY
9600000;514.35;513.76;TACHYCARDIA;TACHY
9602000;511.61;511.03;TACHYCARDIA;TACHY
9604000;513.26;512.68;TACHYCARDIA;TACHY
9606000;513.38;512.80;TACHYCARDIA;TACHY
9608000;511.80;511.23;TACHYCARDIA;TACHY
9610000;512.47;511.89;TACHYCARDIA;TACHY
9612000;511.80;511.23;TACHYCARDIA;TACHY
9614000;513.10;512.53;TACHYCARDIA;TACHY
9616000;512.60;512.03;TACHYCARDIA;TACHY
9618000;512.36;511.80;TACHYCARDIA;TACHY
9620000;512.01;511.44;TACHYCARDIA;TACHY
9622000;512.32;511.76;TACHYCARDIA;TACHY
9624000;512.26;511.71;TACHYCARDIA;TACHY
9626000;513.17;512.62;TACHYCARDIA;TACHY
9628000;512.82;512.27;TACHYCARDIA;TACHY
9630000;513.07;512.52;TACHYCARDIA;TACHY
9632000;511.76;511.21;TACHYCARDIA;TACHY
9634000;511.10;510.55;TACHYCARDIA;TACHY
9636000;513.13;512.59;TACHYCARDIA;TACHY
9638000;512.84;512.30;TACHYCARDIA;TACHY
9640000;512.83;512.29;TACHYCARDIA;TACHY
9642000;511.79;511.26;TACHYCARDIA;TACHY
9644000;514.67;514.14;TACHYCARDIA;TACHY
9646000;512.40;511.87;TACHYCARDIA;TACHY
9648000;513.69;513.17;TACHYCARDIA;TACHY
9650000;513.11;512.59;TACHYCARDIA;TACHY
9652000;513.15;512.63;TACHYCARDIA;TACHY
9654000;514.04;513.52;TACHYCARDIA;TACHY
9656000;510.66;510.15;TACHYCARDIA;TACHY
9658000;512.92;512.41;TACHYCARDIA;TACHY
9660000;513.81;513.30;TACHYCARDIA;TACHY
9662000;511.47;510.97;TACHYCARDIA;TACHY
9664000;510.63;510.12;TACHYCARDIA;TACHY
9666000;512.67;512.17;TACHYCARDIA;TACHY
9668000;512.60;512.10;TACHYCARDIA;TACHY
9670000;513.41;512.91;TACHYCARDIA;TACHY
9672000;511.34;510.85;TACHYCARDIA;TACHY
9674000;512.23;511.74;TACHYCARDIA;TACHY
9676000;512.27;511.78;TACHYCARDIA;TACHY
9678000;512.66;512.17;TACHYCARDIA;TACHY
9680000;511.99;511.51;TACHYCARDIA;TACHY
9682000;512.50;512.02;TACHYCARDIA;TACHY
9684000;511.23;510.76;TACHYCARDIA;TACHY
9686000;513.05;512.58;TACHYCARDIA;TACHY
9688000;513.09;512.62;TACHYCARDIA;TACHY
9690000;513.26;512.80;TACHYCARDIA;TACHY
9692000;511.68;511.22;TACHYCARDIA;TACHY
9694000;513.20;512.74;TACHYCARDIA;TACHY
9696000;512.58;512.12;TACHYCARDIA;TACHY
9698000;512.24;511.78;TACHYCARDIA;TACHY
9700000;512.68;512.22;TACHYCARDIA;TACHY
9702000;513.84;513.39;TACHYCARDIA;TACHY
9704000;511.55;511.11;TACHYCARDIA;TACHY
9706000;513.46;513.01;TACHYCARDIA;TACHY
9708000;513.10;512.65;TACHYCARDIA;TACHY
9710000;512.46;512.02;TACHYCARDIA;TACHY
9712000;511.80;511.36;TACHYCARDIA;TACHY
9714000;511.50;511.07;TACHYCARDIA;TACHY
9716000;513.40;512.97;TACHYCARDIA;TACHY
9718000;514.48;514.05;TACHYCARDIA;TACHY
9720000;511.90;511.48;TACHYCARDIA;TACHY
9722000;512.40;511.98;TACHYCARDIA;TACHY
9724000;511.56;511.14;TACHYCARDIA;TACHY
9726000;513.23;512.81;TACHYCARDIA;TACHY
9728000;512.10;511.68;TACHYCARDIA;TACHY
9730000;511.53;511.12;TACHYCARDIA;TACHY
9732000;511.34;510.93;TACHYCARDIA;TACHY
9734000;512.89;512.48;TACHYCARDIA;TACHY
9736000;511.89;511.49;TACHYCARDIA;TACHY
9738000;513.15;512.75;TACHYCARDIA;TACHY
9740000;512.29;511.89;TACHYCARDIA;TACHY
9742000;513.21;512.82;TACHYCARDIA;TACHY
9744000;511.60;511.21;TACHYCARDIA;TACHY
9746000;511.58;511.19;TACHYCARDIA;TACHY
9748000;511.86;511.48;TACHYCARDIA;TACHY
9750000;513.05;512.67;TACHYCARDIA;TACHY
9752000;512.50;512.12;TACHYCARDIA;TACHY
9754000;512.89;512.51;TACHYCARDIA;TACHY
9756000;513.46;513.08;TACHYCARDIA;TACHY
9758000;513.02;512.65;TACHYCARDIA;TACHY
9760000;511.69;511.32;TACHYCARDIA;TACHY
9762000;512.07;511.71;TACHYCARDIA;TACHY
9764000;513.26;512.90;TACHYCARDIA;TACHY
9766000;512.41;512.05;TACHYCARDIA;TACHY
9768000;512.08;511.72;TACHYCARDIA;TACHY
9770000;512.98;512.62;TACHYCARDIA;TACHY
9772000;513.87;513.51;TACHYCARDIA;TACHY
9774000;513.54;513.20;TACHYCARDIA;TACHY
9776000;513.93;513.58;TACHYCARDIA;TACHY
9778000;511.12;510.78;TACHYCARDIA;TACHY
9780000;512.66;512.32;TACHYCARDIA;TACHY
9782000;513.81;513.47;TACHYCARDIA;TACHY
9784000;512.40;512.07;TACHYCARDIA;TACHY
9786000;512.77;512.44;TACHYCARDIA;TACHY
9788000;513.15;512.83;TACHYCARDIA;TACHY
9790000;514.06;513.73;TACHYCARDIA;TACHY
9792000;512.16;511.84;TACHYCARDIA;TACHY
9794000;512.25;511.94;TACHYCARDIA;TACHY
9796000;511.40;511.08;TACHYCARDIA;TACHY
9798000;511.04;510.72;TACHYCARDIA;TACHY
9800000;512.43;512.12;TACHYCARDIA;TACHY
9802000;510.92;510.61;TACHYCARDIA;TACHY
9804000;511.57;511.27;TACHYCARDIA;TACHY
9806000;510.76;510.46;TACHYCARDIA;TACHY
9808000;513.40;513.10;TACHYCARDIA;TACHY
9810000;512.21;511.91;TACHYCARDIA;TACHY
9812000;513.74;513.44;TACHYCARDIA;TACHY
9814000;511.31;511.02;TACHYCARDIA;TACHY
9816000;512.88;512.59;TACHYCARDIA;TACHY
9818000;511.58;511.30;TACHYCARDIA;TACHY
9820000;512.47;512.19;TACHYCARDIA;TACHY
9822000;513.74;513.47;TACHYCARDIA;TACHY
9824000;511.46;511.19;TACHYCARDIA;TACHY
9826000;513.79;513.52;TACHYCARDIA;TACHY
9828000;512.26;511.99;TACHYCARDIA;TACHY
9830000;512.53;512.27;TACHYCARDIA;TACHY
9832000;512.61;512.35;TACHYCARDIA;TACHY
9834000;511.69;511.43;TACHYCARDIA;TACHY
9836000;513.64;513.38;TACHYCARDIA;TACHY
9838000;511.98;511.73;TACHYCARDIA;TACHY
9840000;512.93;512.68;TACHYCARDIA;TACHY
9842000;511.71;511.46;TACHYCARDIA;TACHY
9844000;512.39;512.15;TACHYCARDIA;TACHY
9846000;512.91;512.67;TACHYCARDIA;TACHY
9848000;511.40;511.16;TACHYCARDIA;TACHY
9850000;512.87;512.64;TACHYCARDIA;TACHY
9852000;512.05;511.82;TACHYCARDIA;TACHY
9854000;512.59;512.36;TACHYCARDIA;TACHY
9856000;512.89;512.67;TACHYCARDIA;TACHY
9858000;511.22;511.00;TACHYCARDIA;TACHY
9860000;513.23;513.01;TACHYCARDIA;TACHY
9862000;511.67;511.46;TACHYCARDIA;TACHY
9864000;510.01;509.80;TACHYCARDIA;TACHY
9866000;512.24;512.03;TACHYCARDIA;TACHY
9868000;512.38;512.17;TACHYCARDIA;TACHY
9870000;512.86;512.66;TACHYCARDIA;TACHY
9872000;510.57;510.37;TACHYCARDIA;TACHY
9874000;511.27;511.07;TACHYCARDIA;TACHY
9876000;511.33;511.14;TACHYCARDIA;TACHY
9878000;512.90;512.70;TACHYCARDIA;TACHY
9880000;512.56;512.37;TACHYCARDIA;TACHY
9882000;512.06;511.87;TACHYCARDIA;TACHY
9884000;511.33;511.15;TACHYCARDIA;TACHY
9886000;512.39;512.21;TACHYCARDIA;TACHY
9888000;513.82;513.65;TACHYCARDIA;TACHY
9890000;511.37;511.20;TACHYCARDIA;TACHY
9892000;511.62;511.45;TACHYCARDIA;TACHY
9894000;512.80;512.63;TACHYCARDIA;TACHY
9896000;511.03;510.86;TACHYCARDIA;TACHY
9898000;511.11;510.95;TACHYCARDIA;TACHY
9900000;511.82;511.66;TACHYCARDIA;TACHY
9902000;513.70;513.54;TACHYCARDIA;TACHY
9904000;512.45;512.30;TACHYCARDIA;TACHY
9906000;512.52;512.37;TACHYCARDIA;TACHY
9908000;511.35;511.21;TACHYCARDIA;TACHY
9910000;512.25;512.11;TACHYCARDIA;TACHY
9912000;512.39;512.25;TACHYCARDIA;TACHY
9914000;512.03;511.90;TACHYCARDIA;TACHY
9916000;511.29;511.16;TACHYCARDIA;TACHY
9918000;512.87;512.74;TACHYCARDIA;TACHY
9920000;512.26;512.14;TACHYCARDIA;TACHY
9922000;512.63;512.51;TACHYCARDIA;TACHY
9924000;511.09;510.97;TACHYCARDIA;TACHY
9926000;511.47;511.36;TACHYCARDIA;TACHY
9928000;511.66;511.55;TACHYCARDIA;TACHY
9930000;512.62;512.51;TACHYCARDIA;TACHY
9932000;511.98;511.88;TACHYCARDIA;TACHY
9934000;511.96;511.86;TACHYCARDIA;TACHY
9936000;512.47;512.37;TACHYCARDIA;TACHY
9938000;514.56;514.46;TACHYCARDIA;TACHY
9940000;510.85;510.76;TACHYCARDIA;TACHY
9942000;512.59;512.50;TACHYCARDIA;TACHY
9944000;511.36;511.27;TACHYCARDIA;TACHY
9946000;512.20;512.12;TACHYCARDIA;TACHY
9948000;512.67;512.59;TACHYCARDIA;TACHY
9950000;511.83;511.75;TACHYCARDIA;TACHY
9952000;512.72;512.64;TACHYCARDIA;TACHY
9954000;511.61;511.53;TACHYCARDIA;TACHY
9956000;513.26;513.20;TACHYCARDIA;TACHY
9958000;512.68;512.61;TACHYCARDIA;TACHY
9960000;512.28;512.21;TACHYCARDIA;TACHY
9962000;512.51;512.45;TACHYCARDIA;TACHY
9964000;511.39;511.34;TACHYCARDIA;TACHY
9966000;511.95;511.89;TACHYCARDIA;TACHY
9968000;511.76;511.71;TACHYCARDIA;TACHY
9970000;510.87;510.83;TACHYCARDIA;TACHY
9972000;510.67;510.62;TACHYCARDIA;TACHY
9974000;512.12;512.08;TACHYCARDIA;TACHY
9976000;512.20;512.16;TACHYCARDIA;TACHY
9978000;512.87;512.83;TACHYCARDIA;TACHY
9980000;512.50;512.47;TACHYCARDIA;TACHY
9982000;511.31;511.28;TACHYCARDIA;TACHY
9984000;513.89;513.87;TACHYCARDIA;TACHY
9986000;512.43;512.41;TACHYCARDIA;TACHY
9988000;511.25;511.23;TACHYCARDIA;TACHY
9990000;511.26;511.25;TACHYCARDIA;TACHY
9992000;512.45;512.44;TACHYCARDIA;TACHY
9994000;511.54;511.53;TACHYCARDIA;TACHY
9996000;511.41;511.41;TACHYCARDIA;TACHY
9998000;512.36;512.35;TACHYCARDIA;TACHY
